=== STAGE s3: dist<=12 steps=200 timesteps=150000 ===
Wrapping the env with a `Monitor` wrapper
Wrapping the env in a DummyVecEnv.
resumed from /workspace/curriculum_p2.zip
---------------------------------
| rollout/           |          |
|    ep_len_mean     | 107      |
|    ep_rew_mean     | 1.54     |
| time/              |          |
|    fps             | 99       |
|    iterations      | 1        |
|    time_elapsed    | 2        |
|    total_timesteps | 120576   |
---------------------------------
------------------------------------------
| rollout/                |              |
|    ep_len_mean          | 108          |
|    ep_rew_mean          | 1.53         |
| time/                   |              |
|    fps                  | 103          |
|    iterations           | 2            |
|    time_elapsed         | 4            |
|    total_timesteps      | 120832       |
| train/                  |              |
|    approx_kl            | 0.0061984826 |
|    clip_fraction        | 0.0766       |
|    clip_range           | 0.2          |
|    entropy_loss         | -2.6         |
|    explained_variance   | 0.00262      |
|    learning_rate        | 0.0003       |
|    loss                 | -0.0214      |
|    n_updates            | 4710         |
|    policy_gradient_loss | -0.00534     |
|    std                  | 0.89         |
|    value_loss           | 0.0133       |
------------------------------------------
------------------------------------------
| rollout/                |              |
|    ep_len_mean          | 108          |
|    ep_rew_mean          | 1.53         |
| time/                   |              |
|    fps                  | 103          |
|    iterations           | 3            |
|    time_elapsed         | 7            |
|    total_timesteps      | 121088       |
| train/                  |              |
|    approx_kl            | 0.0038587116 |
|    clip_fraction        | 0.0555       |
|    clip_range           | 0.2          |
|    entropy_loss         | -2.61        |
|    explained_variance   | -0.0011      |
|    learning_rate        | 0.0003       |
|    loss                 | -0.0303      |
|    n_updates            | 4720         |
|    policy_gradient_loss | -0.00724     |
|    std                  | 0.896        |
|    value_loss           | 0.0112       |
------------------------------------------
-----------------------------------------
| rollout/                |             |
|    ep_len_mean          | 110         |
|    ep_rew_mean          | 1.51        |
| time/                   |             |
|    fps                  | 102         |
|    iterations           | 4           |
|    time_elapsed         | 10          |
|    total_timesteps      | 121344      |
| train/                  |             |
|    approx_kl            | 0.007721839 |
|    clip_fraction        | 0.0527      |
|    clip_range           | 0.2         |
|    entropy_loss         | -2.63       |
|    explained_variance   | -0.0041     |
|    learning_rate        | 0.0003      |
|    loss                 | -0.0303     |
|    n_updates            | 4730        |
|    policy_gradient_loss | -0.00367    |
|    std                  | 0.904       |
|    value_loss           | 0.00911     |
-----------------------------------------
-----------------------------------------
| rollout/                |             |
|    ep_len_mean          | 112         |
|    ep_rew_mean          | 1.29        |
| time/                   |             |
|    fps                  | 103         |
|    iterations           | 5           |
|    time_elapsed         | 12          |
|    total_timesteps      | 121600      |
| train/                  |             |
|    approx_kl            | 0.008996081 |
|    clip_fraction        | 0.0559      |
|    clip_range           | 0.2         |
|    entropy_loss         | -2.64       |
|    explained_variance   | -0.00281    |
|    learning_rate        | 0.0003      |
|    loss                 | -0.0386     |
|    n_updates            | 4740        |
|    policy_gradient_loss | -0.00481    |
|    std                  | 0.907       |
|    value_loss           | 0.00257     |
-----------------------------------------
-----------------------------------------
| rollout/                |             |
|    ep_len_mean          | 113         |
|    ep_rew_mean          | 1.28        |
| time/                   |             |
|    fps                  | 103         |
|    iterations           | 6           |
|    time_elapsed         | 14          |
|    total_timesteps      | 121856      |
| train/                  |             |
|    approx_kl            | 0.008761438 |
|    clip_fraction        | 0.0848      |
|    clip_range           | 0.2         |
|    entropy_loss         | -2.64       |
|    explained_variance   | 0.00128     |
|    learning_rate        | 0.0003      |
|    loss                 | -0.0274     |
|    n_updates            | 4750        |
|    policy_gradient_loss | -0.007      |
|    std                  | 0.905       |
|    value_loss           | 0.0113      |
-----------------------------------------
------------------------------------------
| rollout/                |              |
|    ep_len_mean          | 114          |
|    ep_rew_mean          | 1.27         |
| time/                   |              |
|    fps                  | 103          |
|    iterations           | 7            |
|    time_elapsed         | 17           |
|    total_timesteps      | 122112       |
| train/                  |              |
|    approx_kl            | 0.0013187234 |
|    clip_fraction        | 0.0309       |
|    clip_range           | 0.2          |
|    entropy_loss         | -2.63        |
|    explained_variance   | -0.000438    |
|    learning_rate        | 0.0003       |
|    loss                 | -0.0277      |
|    n_updates            | 4760         |
|    policy_gradient_loss | -0.00187     |
|    std                  | 0.901        |
|    value_loss           | 0.00704      |
------------------------------------------
-----------------------------------------
| rollout/                |             |
|    ep_len_mean          | 116         |
|    ep_rew_mean          | 1.04        |
| time/                   |             |
|    fps                  | 102         |
|    iterations           | 8           |
|    time_elapsed         | 19          |
|    total_timesteps      | 122368      |
| train/                  |             |
|    approx_kl            | 0.007858681 |
|    clip_fraction        | 0.0609      |
|    clip_range           | 0.2         |
|    entropy_loss         | -2.63       |
|    explained_variance   | -0.000612   |
|    learning_rate        | 0.0003      |
|    loss                 | -0.0346     |
|    n_updates            | 4770        |
|    policy_gradient_loss | -0.00356    |
|    std                  | 0.898       |
|    value_loss           | 0.00685     |
-----------------------------------------
------------------------------------------
| rollout/                |              |
|    ep_len_mean          | 117          |
|    ep_rew_mean          | 1.03         |
| time/                   |              |
|    fps                  | 103          |
|    iterations           | 9            |
|    time_elapsed         | 22           |
|    total_timesteps      | 122624       |
| train/                  |              |
|    approx_kl            | 0.0044948324 |
|    clip_fraction        | 0.0715       |
|    clip_range           | 0.2          |
|    entropy_loss         | -2.62        |
|    explained_variance   | -0.000583    |
|    learning_rate        | 0.0003       |
|    loss                 | -0.0317      |
|    n_updates            | 4780         |
|    policy_gradient_loss | -0.0061      |
|    std                  | 0.896        |
|    value_loss           | 0.00538      |
------------------------------------------
-----------------------------------------
| rollout/                |             |
|    ep_len_mean          | 118         |
|    ep_rew_mean          | 1.03        |
| time/                   |             |
|    fps                  | 104         |
|    iterations           | 10          |
|    time_elapsed         | 24          |
|    total_timesteps      | 122880      |
| train/                  |             |
|    approx_kl            | 0.004205158 |
|    clip_fraction        | 0.0434      |
|    clip_range           | 0.2         |
|    entropy_loss         | -2.62       |
|    explained_variance   | -0.000882   |
|    learning_rate        | 0.0003      |
|    loss                 | -0.0284     |
|    n_updates            | 4790        |
|    policy_gradient_loss | -0.00461    |
|    std                  | 0.895       |
|    value_loss           | 0.00682     |
-----------------------------------------
-----------------------------------------
| rollout/                |             |
|    ep_len_mean          | 120         |
|    ep_rew_mean          | 1.01        |
| time/                   |             |
|    fps                  | 103         |
|    iterations           | 11          |
|    time_elapsed         | 27          |
|    total_timesteps      | 123136      |
| train/                  |             |
|    approx_kl            | 0.008129362 |
|    clip_fraction        | 0.133       |
|    clip_range           | 0.2         |
|    entropy_loss         | -2.62       |
|    explained_variance   | -0.000204   |
|    learning_rate        | 0.0003      |
|    loss                 | -0.0487     |
|    n_updates            | 4800        |
|    policy_gradient_loss | -0.0148     |
|    std                  | 0.898       |
|    value_loss           | 0.0063      |
-----------------------------------------
-----------------------------------------
| rollout/                |             |
|    ep_len_mean          | 121         |
|    ep_rew_mean          | 0.792       |
| time/                   |             |
|    fps                  | 103         |
|    iterations           | 12          |
|    time_elapsed         | 29          |
|    total_timesteps      | 123392      |
| train/                  |             |
|    approx_kl            | 0.004529659 |
|    clip_fraction        | 0.0414      |
|    clip_range           | 0.2         |
|    entropy_loss         | -2.62       |
|    explained_variance   | 6.02e-05    |
|    learning_rate        | 0.0003      |
|    loss                 | -0.0417     |
|    n_updates            | 4810        |
|    policy_gradient_loss | -0.00342    |
|    std                  | 0.897       |
|    value_loss           | 0.00652     |
-----------------------------------------
------------------------------------------
| rollout/                |              |
|    ep_len_mean          | 122          |
|    ep_rew_mean          | 0.788        |
| time/                   |              |
|    fps                  | 104          |
|    iterations           | 13           |
|    time_elapsed         | 31           |
|    total_timesteps      | 123648       |
| train/                  |              |
|    approx_kl            | 0.0054244343 |
|    clip_fraction        | 0.0254       |
|    clip_range           | 0.2          |
|    entropy_loss         | -2.61        |
|    explained_variance   | 0.00277      |
|    learning_rate        | 0.0003       |
|    loss                 | -0.0442      |
|    n_updates            | 4820         |
|    policy_gradient_loss | -0.002       |
|    std                  | 0.892        |
|    value_loss           | 0.00702      |
------------------------------------------
-----------------------------------------
| rollout/                |             |
|    ep_len_mean          | 123         |
|    ep_rew_mean          | 0.785       |
| time/                   |             |
|    fps                  | 104         |
|    iterations           | 14          |
|    time_elapsed         | 34          |
|    total_timesteps      | 123904      |
| train/                  |             |
|    approx_kl            | 0.004716737 |
|    clip_fraction        | 0.0672      |
|    clip_range           | 0.2         |
|    entropy_loss         | -2.61       |
|    explained_variance   | -8.92e-05   |
|    learning_rate        | 0.0003      |
|    loss                 | -0.0223     |
|    n_updates            | 4830        |
|    policy_gradient_loss | -0.00692    |
|    std                  | 0.892       |
|    value_loss           | 0.00706     |
-----------------------------------------
------------------------------------------
| rollout/                |              |
|    ep_len_mean          | 124          |
|    ep_rew_mean          | 0.771        |
| time/                   |              |
|    fps                  | 103          |
|    iterations           | 15           |
|    time_elapsed         | 36           |
|    total_timesteps      | 124160       |
| train/                  |              |
|    approx_kl            | 0.0054476107 |
|    clip_fraction        | 0.0633       |
|    clip_range           | 0.2          |
|    entropy_loss         | -2.61        |
|    explained_variance   | 0.00263      |
|    learning_rate        | 0.0003       |
|    loss                 | -0.0258      |
|    n_updates            | 4840         |
|    policy_gradient_loss | -0.00545     |
|    std                  | 0.889        |
|    value_loss           | 0.00672      |
------------------------------------------
-----------------------------------------
| rollout/                |             |
|    ep_len_mean          | 125         |
|    ep_rew_mean          | 0.766       |
| time/                   |             |
|    fps                  | 104         |
|    iterations           | 16          |
|    time_elapsed         | 39          |
|    total_timesteps      | 124416      |
| train/                  |             |
|    approx_kl            | 0.006759572 |
|    clip_fraction        | 0.0609      |
|    clip_range           | 0.2         |
|    entropy_loss         | -2.6        |
|    explained_variance   | 0.000189    |
|    learning_rate        | 0.0003      |
|    loss                 | -0.075      |
|    n_updates            | 4850        |
|    policy_gradient_loss | -0.00797    |
|    std                  | 0.884       |
|    value_loss           | 0.00566     |
-----------------------------------------
------------------------------------------
| rollout/                |              |
|    ep_len_mean          | 126          |
|    ep_rew_mean          | 0.75         |
| time/                   |              |
|    fps                  | 104          |
|    iterations           | 17           |
|    time_elapsed         | 41           |
|    total_timesteps      | 124672       |
| train/                  |              |
|    approx_kl            | 0.0031417792 |
|    clip_fraction        | 0.0199       |
|    clip_range           | 0.2          |
|    entropy_loss         | -2.59        |
|    explained_variance   | 0.00105      |
|    learning_rate        | 0.0003       |
|    loss                 | -0.0287      |
|    n_updates            | 4860         |
|    policy_gradient_loss | -0.00155     |
|    std                  | 0.885        |
|    value_loss           | 0.0071       |
------------------------------------------
------------------------------------------
| rollout/                |              |
|    ep_len_mean          | 127          |
|    ep_rew_mean          | 0.732        |
| time/                   |              |
|    fps                  | 103          |
|    iterations           | 18           |
|    time_elapsed         | 44           |
|    total_timesteps      | 124928       |
| train/                  |              |
|    approx_kl            | 0.0060397624 |
|    clip_fraction        | 0.0656       |
|    clip_range           | 0.2          |
|    entropy_loss         | -2.59        |
|    explained_variance   | -0.00277     |
|    learning_rate        | 0.0003       |
|    loss                 | -0.0367      |
|    n_updates            | 4870         |
|    policy_gradient_loss | -0.00603     |
|    std                  | 0.88         |
|    value_loss           | 0.00651      |
------------------------------------------
------------------------------------------
| rollout/                |              |
|    ep_len_mean          | 128          |
|    ep_rew_mean          | 0.727        |
| time/                   |              |
|    fps                  | 104          |
|    iterations           | 19           |
|    time_elapsed         | 46           |
|    total_timesteps      | 125184       |
| train/                  |              |
|    approx_kl            | 0.0058738673 |
|    clip_fraction        | 0.073        |
|    clip_range           | 0.2          |
|    entropy_loss         | -2.58        |
|    explained_variance   | -0.000105    |
|    learning_rate        | 0.0003       |
|    loss                 | -0.0247      |
|    n_updates            | 4880         |
|    policy_gradient_loss | -0.00898     |
|    std                  | 0.879        |
|    value_loss           | 0.00535      |
------------------------------------------
------------------------------------------
| rollout/                |              |
|    ep_len_mean          | 129          |
|    ep_rew_mean          | 0.722        |
| time/                   |              |
|    fps                  | 104          |
|    iterations           | 20           |
|    time_elapsed         | 49           |
|    total_timesteps      | 125440       |
| train/                  |              |
|    approx_kl            | 0.0038781457 |
|    clip_fraction        | 0.0348       |
|    clip_range           | 0.2          |
|    entropy_loss         | -2.58        |
|    explained_variance   | 0.000224     |
|    learning_rate        | 0.0003       |
|    loss                 | -0.0336      |
|    n_updates            | 4890         |
|    policy_gradient_loss | -0.0031      |
|    std                  | 0.883        |
|    value_loss           | 0.00777      |
------------------------------------------
------------------------------------------
| rollout/                |              |
|    ep_len_mean          | 130          |
|    ep_rew_mean          | 0.707        |
| time/                   |              |
|    fps                  | 104          |
|    iterations           | 21           |
|    time_elapsed         | 51           |
|    total_timesteps      | 125696       |
| train/                  |              |
|    approx_kl            | 0.0040704506 |
|    clip_fraction        | 0.0688       |
|    clip_range           | 0.2          |
|    entropy_loss         | -2.59        |
|    explained_variance   | -0.000225    |
|    learning_rate        | 0.0003       |
|    loss                 | -0.0221      |
|    n_updates            | 4900         |
|    policy_gradient_loss | -0.00892     |
|    std                  | 0.886        |
|    value_loss           | 0.00697      |
------------------------------------------
-----------------------------------------
| rollout/                |             |
|    ep_len_mean          | 133         |
|    ep_rew_mean          | 0.478       |
| time/                   |             |
|    fps                  | 104         |
|    iterations           | 22          |
|    time_elapsed         | 54          |
|    total_timesteps      | 125952      |
| train/                  |             |
|    approx_kl            | 0.005915963 |
|    clip_fraction        | 0.0805      |
|    clip_range           | 0.2         |
|    entropy_loss         | -2.59       |
|    explained_variance   | -7.96e-05   |
|    learning_rate        | 0.0003      |
|    loss                 | -0.0324     |
|    n_updates            | 4910        |
|    policy_gradient_loss | -0.00949    |
|    std                  | 0.883       |
|    value_loss           | 0.00624     |
-----------------------------------------
------------------------------------------
| rollout/                |              |
|    ep_len_mean          | 133          |
|    ep_rew_mean          | 0.463        |
| time/                   |              |
|    fps                  | 104          |
|    iterations           | 23           |
|    time_elapsed         | 56           |
|    total_timesteps      | 126208       |
| train/                  |              |
|    approx_kl            | 0.0036105136 |
|    clip_fraction        | 0.0266       |
|    clip_range           | 0.2          |
|    entropy_loss         | -2.58        |
|    explained_variance   | -0.000358    |
|    learning_rate        | 0.0003       |
|    loss                 | -0.0349      |
|    n_updates            | 4920         |
|    policy_gradient_loss | -0.00248     |
|    std                  | 0.881        |
|    value_loss           | 0.0051       |
------------------------------------------
------------------------------------------
| rollout/                |              |
|    ep_len_mean          | 134          |
|    ep_rew_mean          | 0.46         |
| time/                   |              |
|    fps                  | 104          |
|    iterations           | 24           |
|    time_elapsed         | 58           |
|    total_timesteps      | 126464       |
| train/                  |              |
|    approx_kl            | 0.0055464483 |
|    clip_fraction        | 0.0605       |
|    clip_range           | 0.2          |
|    entropy_loss         | -2.59        |
|    explained_variance   | 0.00174      |
|    learning_rate        | 0.0003       |
|    loss                 | -0.0243      |
|    n_updates            | 4930         |
|    policy_gradient_loss | -0.00554     |
|    std                  | 0.881        |
|    value_loss           | 0.00652      |
------------------------------------------
-----------------------------------------
| rollout/                |             |
|    ep_len_mean          | 137         |
|    ep_rew_mean          | 0.226       |
| time/                   |             |
|    fps                  | 104         |
|    iterations           | 25          |
|    time_elapsed         | 61          |
|    total_timesteps      | 126720      |
| train/                  |             |
|    approx_kl            | 0.006890991 |
|    clip_fraction        | 0.0813      |
|    clip_range           | 0.2         |
|    entropy_loss         | -2.59       |
|    explained_variance   | 0.000403    |
|    learning_rate        | 0.0003      |
|    loss                 | -0.0389     |
|    n_updates            | 4940        |
|    policy_gradient_loss | -0.00851    |
|    std                  | 0.882       |
|    value_loss           | 0.00676     |
-----------------------------------------
-----------------------------------------
| rollout/                |             |
|    ep_len_mean          | 138         |
|    ep_rew_mean          | 0.218       |
| time/                   |             |
|    fps                  | 104         |
|    iterations           | 26          |
|    time_elapsed         | 63          |
|    total_timesteps      | 126976      |
| train/                  |             |
|    approx_kl            | 0.009575788 |
|    clip_fraction        | 0.134       |
|    clip_range           | 0.2         |
|    entropy_loss         | -2.59       |
|    explained_variance   | -0.000756   |
|    learning_rate        | 0.0003      |
|    loss                 | -0.0383     |
|    n_updates            | 4950        |
|    policy_gradient_loss | -0.0156     |
|    std                  | 0.882       |
|    value_loss           | 0.00504     |
-----------------------------------------
------------------------------------------
| rollout/                |              |
|    ep_len_mean          | 138          |
|    ep_rew_mean          | 0.21         |
| time/                   |              |
|    fps                  | 104          |
|    iterations           | 27           |
|    time_elapsed         | 66           |
|    total_timesteps      | 127232       |
| train/                  |              |
|    approx_kl            | 0.0031721466 |
|    clip_fraction        | 0.00664      |
|    clip_range           | 0.2          |
|    entropy_loss         | -2.59        |
|    explained_variance   | 0.00396      |
|    learning_rate        | 0.0003       |
|    loss                 | -0.0185      |
|    n_updates            | 4960         |
|    policy_gradient_loss | -0.000556    |
|    std                  | 0.885        |
|    value_loss           | 0.00502      |
------------------------------------------
------------------------------------------
| rollout/                |              |
|    ep_len_mean          | 139          |
|    ep_rew_mean          | 0.196        |
| time/                   |              |
|    fps                  | 104          |
|    iterations           | 28           |
|    time_elapsed         | 68           |
|    total_timesteps      | 127488       |
| train/                  |              |
|    approx_kl            | 0.0038580769 |
|    clip_fraction        | 0.0504       |
|    clip_range           | 0.2          |
|    entropy_loss         | -2.6         |
|    explained_variance   | -0.000139    |
|    learning_rate        | 0.0003       |
|    loss                 | -0.0328      |
|    n_updates            | 4970         |
|    policy_gradient_loss | -0.00439     |
|    std                  | 0.887        |
|    value_loss           | 0.0048       |
------------------------------------------
-----------------------------------------
| rollout/                |             |
|    ep_len_mean          | 142         |
|    ep_rew_mean          | -0.0398     |
| time/                   |             |
|    fps                  | 104         |
|    iterations           | 29          |
|    time_elapsed         | 71          |
|    total_timesteps      | 127744      |
| train/                  |             |
|    approx_kl            | 0.008234521 |
|    clip_fraction        | 0.105       |
|    clip_range           | 0.2         |
|    entropy_loss         | -2.6        |
|    explained_variance   | -0.000779   |
|    learning_rate        | 0.0003      |
|    loss                 | -0.0228     |
|    n_updates            | 4980        |
|    policy_gradient_loss | -0.00656    |
|    std                  | 0.889       |
|    value_loss           | 0.00532     |
-----------------------------------------
-----------------------------------------
| rollout/                |             |
|    ep_len_mean          | 143         |
|    ep_rew_mean          | -0.0517     |
| time/                   |             |
|    fps                  | 104         |
|    iterations           | 30          |
|    time_elapsed         | 73          |
|    total_timesteps      | 128000      |
| train/                  |             |
|    approx_kl            | 0.007123378 |
|    clip_fraction        | 0.0352      |
|    clip_range           | 0.2         |
|    entropy_loss         | -2.6        |
|    explained_variance   | 0.00036     |
|    learning_rate        | 0.0003      |
|    loss                 | -0.0318     |
|    n_updates            | 4990        |
|    policy_gradient_loss | -0.00347    |
|    std                  | 0.891       |
|    value_loss           | 0.00451     |
-----------------------------------------
----------------------------------------
| rollout/                |            |
|    ep_len_mean          | 144        |
|    ep_rew_mean          | -0.062     |
| time/                   |            |
|    fps                  | 104        |
|    iterations           | 31         |
|    time_elapsed         | 75         |
|    total_timesteps      | 128256     |
| train/                  |            |
|    approx_kl            | 0.00822505 |
|    clip_fraction        | 0.154      |
|    clip_range           | 0.2        |
|    entropy_loss         | -2.61      |
|    explained_variance   | -0.00212   |
|    learning_rate        | 0.0003     |
|    loss                 | -0.0452    |
|    n_updates            | 5000       |
|    policy_gradient_loss | -0.0117    |
|    std                  | 0.892      |
|    value_loss           | 0.00493    |
----------------------------------------
------------------------------------------
| rollout/                |              |
|    ep_len_mean          | 143          |
|    ep_rew_mean          | 0.141        |
| time/                   |              |
|    fps                  | 104          |
|    iterations           | 32           |
|    time_elapsed         | 78           |
|    total_timesteps      | 128512       |
| train/                  |              |
|    approx_kl            | 0.0040496504 |
|    clip_fraction        | 0.0301       |
|    clip_range           | 0.2          |
|    entropy_loss         | -2.61        |
|    explained_variance   | 0.000101     |
|    learning_rate        | 0.0003       |
|    loss                 | -0.0403      |
|    n_updates            | 5010         |
|    policy_gradient_loss | -0.00169     |
|    std                  | 0.895        |
|    value_loss           | 0.00439      |
------------------------------------------
-----------------------------------------
| rollout/                |             |
|    ep_len_mean          | 146         |
|    ep_rew_mean          | -0.0839     |
| time/                   |             |
|    fps                  | 104         |
|    iterations           | 33          |
|    time_elapsed         | 80          |
|    total_timesteps      | 128768      |
| train/                  |             |
|    approx_kl            | 0.005435537 |
|    clip_fraction        | 0.105       |
|    clip_range           | 0.2         |
|    entropy_loss         | -2.61       |
|    explained_variance   | 1.76e-05    |
|    learning_rate        | 0.0003      |
|    loss                 | -0.0461     |
|    n_updates            | 5020        |
|    policy_gradient_loss | -0.00863    |
|    std                  | 0.892       |
|    value_loss           | 1.73        |
-----------------------------------------
------------------------------------------
| rollout/                |              |
|    ep_len_mean          | 147          |
|    ep_rew_mean          | -0.0897      |
| time/                   |              |
|    fps                  | 104          |
|    iterations           | 34           |
|    time_elapsed         | 83           |
|    total_timesteps      | 129024       |
| train/                  |              |
|    approx_kl            | 0.0058705388 |
|    clip_fraction        | 0.101        |
|    clip_range           | 0.2          |
|    entropy_loss         | -2.61        |
|    explained_variance   | -0.00493     |
|    learning_rate        | 0.0003       |
|    loss                 | -0.0398      |
|    n_updates            | 5030         |
|    policy_gradient_loss | -0.0102      |
|    std                  | 0.89         |
|    value_loss           | 0.00436      |
------------------------------------------
-----------------------------------------
| rollout/                |             |
|    ep_len_mean          | 148         |
|    ep_rew_mean          | -0.0986     |
| time/                   |             |
|    fps                  | 104         |
|    iterations           | 35          |
|    time_elapsed         | 85          |
|    total_timesteps      | 129280      |
| train/                  |             |
|    approx_kl            | 0.004588236 |
|    clip_fraction        | 0.0141      |
|    clip_range           | 0.2         |
|    entropy_loss         | -2.6        |
|    explained_variance   | 0.000189    |
|    learning_rate        | 0.0003      |
|    loss                 | -0.0221     |
|    n_updates            | 5040        |
|    policy_gradient_loss | -0.00169    |
|    std                  | 0.888       |
|    value_loss           | 0.00413     |
-----------------------------------------
-----------------------------------------
| rollout/                |             |
|    ep_len_mean          | 149         |
|    ep_rew_mean          | -0.113      |
| time/                   |             |
|    fps                  | 104         |
|    iterations           | 36          |
|    time_elapsed         | 88          |
|    total_timesteps      | 129536      |
| train/                  |             |
|    approx_kl            | 0.007134966 |
|    clip_fraction        | 0.0918      |
|    clip_range           | 0.2         |
|    entropy_loss         | -2.6        |
|    explained_variance   | -0.000325   |
|    learning_rate        | 0.0003      |
|    loss                 | -0.0303     |
|    n_updates            | 5050        |
|    policy_gradient_loss | -0.00574    |
|    std                  | 0.888       |
|    value_loss           | 0.00428     |
-----------------------------------------
-----------------------------------------
| rollout/                |             |
|    ep_len_mean          | 150         |
|    ep_rew_mean          | -0.119      |
| time/                   |             |
|    fps                  | 104         |
|    iterations           | 37          |
|    time_elapsed         | 90          |
|    total_timesteps      | 129792      |
| train/                  |             |
|    approx_kl            | 0.005020285 |
|    clip_fraction        | 0.041       |
|    clip_range           | 0.2         |
|    entropy_loss         | -2.6        |
|    explained_variance   | -0.00316    |
|    learning_rate        | 0.0003      |
|    loss                 | -0.0189     |
|    n_updates            | 5060        |
|    policy_gradient_loss | -0.00248    |
|    std                  | 0.889       |
|    value_loss           | 0.00502     |
-----------------------------------------
-----------------------------------------
| rollout/                |             |
|    ep_len_mean          | 151         |
|    ep_rew_mean          | -0.125      |
| time/                   |             |
|    fps                  | 104         |
|    iterations           | 38          |
|    time_elapsed         | 92          |
|    total_timesteps      | 130048      |
| train/                  |             |
|    approx_kl            | 0.009873347 |
|    clip_fraction        | 0.117       |
|    clip_range           | 0.2         |
|    entropy_loss         | -2.61       |
|    explained_variance   | 0.000883    |
|    learning_rate        | 0.0003      |
|    loss                 | -0.028      |
|    n_updates            | 5070        |
|    policy_gradient_loss | -0.00929    |
|    std                  | 0.892       |
|    value_loss           | 0.00409     |
-----------------------------------------
-----------------------------------------
| rollout/                |             |
|    ep_len_mean          | 153         |
|    ep_rew_mean          | -0.343      |
| time/                   |             |
|    fps                  | 104         |
|    iterations           | 39          |
|    time_elapsed         | 95          |
|    total_timesteps      | 130304      |
| train/                  |             |
|    approx_kl            | 0.005756882 |
|    clip_fraction        | 0.0699      |
|    clip_range           | 0.2         |
|    entropy_loss         | -2.61       |
|    explained_variance   | 0.0011      |
|    learning_rate        | 0.0003      |
|    loss                 | -0.0297     |
|    n_updates            | 5080        |
|    policy_gradient_loss | -0.00628    |
|    std                  | 0.893       |
|    value_loss           | 0.00528     |
-----------------------------------------
-----------------------------------------
| rollout/                |             |
|    ep_len_mean          | 154         |
|    ep_rew_mean          | -0.358      |
| time/                   |             |
|    fps                  | 104         |
|    iterations           | 40          |
|    time_elapsed         | 97          |
|    total_timesteps      | 130560      |
| train/                  |             |
|    approx_kl            | 0.010991357 |
|    clip_fraction        | 0.125       |
|    clip_range           | 0.2         |
|    entropy_loss         | -2.61       |
|    explained_variance   | -0.00178    |
|    learning_rate        | 0.0003      |
|    loss                 | -0.0381     |
|    n_updates            | 5090        |
|    policy_gradient_loss | -0.0138     |
|    std                  | 0.893       |
|    value_loss           | 0.00426     |
-----------------------------------------
-----------------------------------------
| rollout/                |             |
|    ep_len_mean          | 155         |
|    ep_rew_mean          | -0.369      |
| time/                   |             |
|    fps                  | 104         |
|    iterations           | 41          |
|    time_elapsed         | 100         |
|    total_timesteps      | 130816      |
| train/                  |             |
|    approx_kl            | 0.005673337 |
|    clip_fraction        | 0.00977     |
|    clip_range           | 0.2         |
|    entropy_loss         | -2.61       |
|    explained_variance   | 0.000285    |
|    learning_rate        | 0.0003      |
|    loss                 | -0.0219     |
|    n_updates            | 5100        |
|    policy_gradient_loss | -0.000542   |
|    std                  | 0.892       |
|    value_loss           | 0.00461     |
-----------------------------------------
-----------------------------------------
| rollout/                |             |
|    ep_len_mean          | 156         |
|    ep_rew_mean          | -0.378      |
| time/                   |             |
|    fps                  | 104         |
|    iterations           | 42          |
|    time_elapsed         | 102         |
|    total_timesteps      | 131072      |
| train/                  |             |
|    approx_kl            | 0.006422253 |
|    clip_fraction        | 0.0516      |
|    clip_range           | 0.2         |
|    entropy_loss         | -2.61       |
|    explained_variance   | -9.55e-05   |
|    learning_rate        | 0.0003      |
|    loss                 | -0.0403     |
|    n_updates            | 5110        |
|    policy_gradient_loss | -0.00495    |
|    std                  | 0.891       |
|    value_loss           | 0.00581     |
-----------------------------------------
------------------------------------------
| rollout/                |              |
|    ep_len_mean          | 158          |
|    ep_rew_mean          | -0.601       |
| time/                   |              |
|    fps                  | 104          |
|    iterations           | 43           |
|    time_elapsed         | 105          |
|    total_timesteps      | 131328       |
| train/                  |              |
|    approx_kl            | 0.0044458117 |
|    clip_fraction        | 0.0699       |
|    clip_range           | 0.2          |
|    entropy_loss         | -2.61        |
|    explained_variance   | -1.16e-05    |
|    learning_rate        | 0.0003       |
|    loss                 | -0.027       |
|    n_updates            | 5120         |
|    policy_gradient_loss | -0.00365     |
|    std                  | 0.89         |
|    value_loss           | 0.00599      |
------------------------------------------
------------------------------------------
| rollout/                |              |
|    ep_len_mean          | 159          |
|    ep_rew_mean          | -0.612       |
| time/                   |              |
|    fps                  | 104          |
|    iterations           | 44           |
|    time_elapsed         | 107          |
|    total_timesteps      | 131584       |
| train/                  |              |
|    approx_kl            | 0.0063950103 |
|    clip_fraction        | 0.107        |
|    clip_range           | 0.2          |
|    entropy_loss         | -2.61        |
|    explained_variance   | 0.000105     |
|    learning_rate        | 0.0003       |
|    loss                 | -0.0505      |
|    n_updates            | 5130         |
|    policy_gradient_loss | -0.00884     |
|    std                  | 0.89         |
|    value_loss           | 0.00471      |
------------------------------------------
------------------------------------------
| rollout/                |              |
|    ep_len_mean          | 160          |
|    ep_rew_mean          | -0.617       |
| time/                   |              |
|    fps                  | 104          |
|    iterations           | 45           |
|    time_elapsed         | 110          |
|    total_timesteps      | 131840       |
| train/                  |              |
|    approx_kl            | 0.0049475133 |
|    clip_fraction        | 0.0398       |
|    clip_range           | 0.2          |
|    entropy_loss         | -2.61        |
|    explained_variance   | 0.000491     |
|    learning_rate        | 0.0003       |
|    loss                 | -0.00913     |
|    n_updates            | 5140         |
|    policy_gradient_loss | -0.0037      |
|    std                  | 0.89         |
|    value_loss           | 0.00715      |
------------------------------------------
-----------------------------------------
| rollout/                |             |
|    ep_len_mean          | 161         |
|    ep_rew_mean          | -0.628      |
| time/                   |             |
|    fps                  | 104         |
|    iterations           | 46          |
|    time_elapsed         | 112         |
|    total_timesteps      | 132096      |
| train/                  |             |
|    approx_kl            | 0.004099446 |
|    clip_fraction        | 0.00547     |
|    clip_range           | 0.2         |
|    entropy_loss         | -2.6        |
|    explained_variance   | -0.000771   |
|    learning_rate        | 0.0003      |
|    loss                 | -0.0353     |
|    n_updates            | 5150        |
|    policy_gradient_loss | -0.00042    |
|    std                  | 0.889       |
|    value_loss           | 0.00628     |
-----------------------------------------
-----------------------------------------
| rollout/                |             |
|    ep_len_mean          | 162         |
|    ep_rew_mean          | -0.642      |
| time/                   |             |
|    fps                  | 104         |
|    iterations           | 47          |
|    time_elapsed         | 115         |
|    total_timesteps      | 132352      |
| train/                  |             |
|    approx_kl            | 0.007214784 |
|    clip_fraction        | 0.103       |
|    clip_range           | 0.2         |
|    entropy_loss         | -2.6        |
|    explained_variance   | 0.00163     |
|    learning_rate        | 0.0003      |
|    loss                 | -0.0267     |
|    n_updates            | 5160        |
|    policy_gradient_loss | -0.00788    |
|    std                  | 0.891       |
|    value_loss           | 0.00675     |
-----------------------------------------
------------------------------------------
| rollout/                |              |
|    ep_len_mean          | 163          |
|    ep_rew_mean          | -0.651       |
| time/                   |              |
|    fps                  | 104          |
|    iterations           | 48           |
|    time_elapsed         | 117          |
|    total_timesteps      | 132608       |
| train/                  |              |
|    approx_kl            | 0.0053341696 |
|    clip_fraction        | 0.059        |
|    clip_range           | 0.2          |
|    entropy_loss         | -2.6         |
|    explained_variance   | -0.00124     |
|    learning_rate        | 0.0003       |
|    loss                 | -0.013       |
|    n_updates            | 5170         |
|    policy_gradient_loss | -0.00694     |
|    std                  | 0.889        |
|    value_loss           | 0.00525      |
------------------------------------------
------------------------------------------
| rollout/                |              |
|    ep_len_mean          | 164          |
|    ep_rew_mean          | -0.661       |
| time/                   |              |
|    fps                  | 104          |
|    iterations           | 49           |
|    time_elapsed         | 119          |
|    total_timesteps      | 132864       |
| train/                  |              |
|    approx_kl            | 0.0033572437 |
|    clip_fraction        | 0.0582       |
|    clip_range           | 0.2          |
|    entropy_loss         | -2.6         |
|    explained_variance   | 0.000237     |
|    learning_rate        | 0.0003       |
|    loss                 | -0.0231      |
|    n_updates            | 5180         |
|    policy_gradient_loss | -0.00488     |
|    std                  | 0.888        |
|    value_loss           | 0.00553      |
------------------------------------------
-----------------------------------------
| rollout/                |             |
|    ep_len_mean          | 165         |
|    ep_rew_mean          | -0.668      |
| time/                   |             |
|    fps                  | 104         |
|    iterations           | 50          |
|    time_elapsed         | 122         |
|    total_timesteps      | 133120      |
| train/                  |             |
|    approx_kl            | 0.006712231 |
|    clip_fraction        | 0.0266      |
|    clip_range           | 0.2         |
|    entropy_loss         | -2.6        |
|    explained_variance   | 0.00307     |
|    learning_rate        | 0.0003      |
|    loss                 | -0.0312     |
|    n_updates            | 5190        |
|    policy_gradient_loss | -0.00189    |
|    std                  | 0.886       |
|    value_loss           | 0.006       |
-----------------------------------------
-----------------------------------------
| rollout/                |             |
|    ep_len_mean          | 166         |
|    ep_rew_mean          | -0.687      |
| time/                   |             |
|    fps                  | 104         |
|    iterations           | 51          |
|    time_elapsed         | 124         |
|    total_timesteps      | 133376      |
| train/                  |             |
|    approx_kl            | 0.007477124 |
|    clip_fraction        | 0.0535      |
|    clip_range           | 0.2         |
|    entropy_loss         | -2.6        |
|    explained_variance   | -0.00395    |
|    learning_rate        | 0.0003      |
|    loss                 | -0.0313     |
|    n_updates            | 5200        |
|    policy_gradient_loss | -0.00224    |
|    std                  | 0.888       |
|    value_loss           | 0.00369     |
-----------------------------------------
------------------------------------------
| rollout/                |              |
|    ep_len_mean          | 167          |
|    ep_rew_mean          | -0.692       |
| time/                   |              |
|    fps                  | 104          |
|    iterations           | 52           |
|    time_elapsed         | 127          |
|    total_timesteps      | 133632       |
| train/                  |              |
|    approx_kl            | 0.0043581515 |
|    clip_fraction        | 0.0559       |
|    clip_range           | 0.2          |
|    entropy_loss         | -2.6         |
|    explained_variance   | -0.000406    |
|    learning_rate        | 0.0003       |
|    loss                 | -0.0234      |
|    n_updates            | 5210         |
|    policy_gradient_loss | -0.00386     |
|    std                  | 0.888        |
|    value_loss           | 0.0052       |
------------------------------------------
-----------------------------------------
| rollout/                |             |
|    ep_len_mean          | 168         |
|    ep_rew_mean          | -0.697      |
| time/                   |             |
|    fps                  | 104         |
|    iterations           | 53          |
|    time_elapsed         | 129         |
|    total_timesteps      | 133888      |
| train/                  |             |
|    approx_kl            | 0.004139872 |
|    clip_fraction        | 0.0543      |
|    clip_range           | 0.2         |
|    entropy_loss         | -2.6        |
|    explained_variance   | -0.000107   |
|    learning_rate        | 0.0003      |
|    loss                 | -0.025      |
|    n_updates            | 5220        |
|    policy_gradient_loss | -0.00392    |
|    std                  | 0.886       |
|    value_loss           | 0.00498     |
-----------------------------------------
-----------------------------------------
| rollout/                |             |
|    ep_len_mean          | 170         |
|    ep_rew_mean          | -0.731      |
| time/                   |             |
|    fps                  | 104         |
|    iterations           | 54          |
|    time_elapsed         | 132         |
|    total_timesteps      | 134144      |
| train/                  |             |
|    approx_kl            | 0.005487877 |
|    clip_fraction        | 0.0734      |
|    clip_range           | 0.2         |
|    entropy_loss         | -2.59       |
|    explained_variance   | 0.00181     |
|    learning_rate        | 0.0003      |
|    loss                 | -0.0298     |
|    n_updates            | 5230        |
|    policy_gradient_loss | -0.00611    |
|    std                  | 0.884       |
|    value_loss           | 0.00628     |
-----------------------------------------
------------------------------------------
| rollout/                |              |
|    ep_len_mean          | 170          |
|    ep_rew_mean          | -0.734       |
| time/                   |              |
|    fps                  | 104          |
|    iterations           | 55           |
|    time_elapsed         | 134          |
|    total_timesteps      | 134400       |
| train/                  |              |
|    approx_kl            | 0.0067400266 |
|    clip_fraction        | 0.114        |
|    clip_range           | 0.2          |
|    entropy_loss         | -2.59        |
|    explained_variance   | 0.00381      |
|    learning_rate        | 0.0003       |
|    loss                 | -0.0245      |
|    n_updates            | 5240         |
|    policy_gradient_loss | -0.0065      |
|    std                  | 0.884        |
|    value_loss           | 0.00448      |
------------------------------------------
------------------------------------------
| rollout/                |              |
|    ep_len_mean          | 171          |
|    ep_rew_mean          | -0.737       |
| time/                   |              |
|    fps                  | 104          |
|    iterations           | 56           |
|    time_elapsed         | 137          |
|    total_timesteps      | 134656       |
| train/                  |              |
|    approx_kl            | 0.0042291014 |
|    clip_fraction        | 0.025        |
|    clip_range           | 0.2          |
|    entropy_loss         | -2.59        |
|    explained_variance   | 0.00164      |
|    learning_rate        | 0.0003       |
|    loss                 | -0.00726     |
|    n_updates            | 5250         |
|    policy_gradient_loss | -0.00176     |
|    std                  | 0.883        |
|    value_loss           | 0.00557      |
------------------------------------------
------------------------------------------
| rollout/                |              |
|    ep_len_mean          | 172          |
|    ep_rew_mean          | -0.743       |
| time/                   |              |
|    fps                  | 104          |
|    iterations           | 57           |
|    time_elapsed         | 139          |
|    total_timesteps      | 134912       |
| train/                  |              |
|    approx_kl            | 0.0068176584 |
|    clip_fraction        | 0.0566       |
|    clip_range           | 0.2          |
|    entropy_loss         | -2.59        |
|    explained_variance   | -0.00134     |
|    learning_rate        | 0.0003       |
|    loss                 | -0.0187      |
|    n_updates            | 5260         |
|    policy_gradient_loss | -0.00542     |
|    std                  | 0.884        |
|    value_loss           | 0.00541      |
------------------------------------------
------------------------------------------
| rollout/                |              |
|    ep_len_mean          | 175          |
|    ep_rew_mean          | -0.972       |
| time/                   |              |
|    fps                  | 104          |
|    iterations           | 58           |
|    time_elapsed         | 142          |
|    total_timesteps      | 135168       |
| train/                  |              |
|    approx_kl            | 0.0037197566 |
|    clip_fraction        | 0.0516       |
|    clip_range           | 0.2          |
|    entropy_loss         | -2.59        |
|    explained_variance   | 0.00765      |
|    learning_rate        | 0.0003       |
|    loss                 | -0.022       |
|    n_updates            | 5270         |
|    policy_gradient_loss | -0.00374     |
|    std                  | 0.888        |
|    value_loss           | 0.00515      |
------------------------------------------
------------------------------------------
| rollout/                |              |
|    ep_len_mean          | 176          |
|    ep_rew_mean          | -0.977       |
| time/                   |              |
|    fps                  | 104          |
|    iterations           | 59           |
|    time_elapsed         | 144          |
|    total_timesteps      | 135424       |
| train/                  |              |
|    approx_kl            | 0.0032381483 |
|    clip_fraction        | 0.0715       |
|    clip_range           | 0.2          |
|    entropy_loss         | -2.6         |
|    explained_variance   | 0.00937      |
|    learning_rate        | 0.0003       |
|    loss                 | -0.0403      |
|    n_updates            | 5280         |
|    policy_gradient_loss | -0.00348     |
|    std                  | 0.887        |
|    value_loss           | 0.00462      |
------------------------------------------
------------------------------------------
| rollout/                |              |
|    ep_len_mean          | 176          |
|    ep_rew_mean          | -0.991       |
| time/                   |              |
|    fps                  | 104          |
|    iterations           | 60           |
|    time_elapsed         | 146          |
|    total_timesteps      | 135680       |
| train/                  |              |
|    approx_kl            | 0.0067864982 |
|    clip_fraction        | 0.0824       |
|    clip_range           | 0.2          |
|    entropy_loss         | -2.6         |
|    explained_variance   | -0.000165    |
|    learning_rate        | 0.0003       |
|    loss                 | -0.0275      |
|    n_updates            | 5290         |
|    policy_gradient_loss | -0.00405     |
|    std                  | 0.886        |
|    value_loss           | 0.00388      |
------------------------------------------
------------------------------------------
| rollout/                |              |
|    ep_len_mean          | 178          |
|    ep_rew_mean          | -1.01        |
| time/                   |              |
|    fps                  | 104          |
|    iterations           | 61           |
|    time_elapsed         | 149          |
|    total_timesteps      | 135936       |
| train/                  |              |
|    approx_kl            | 0.0045187753 |
|    clip_fraction        | 0.0898       |
|    clip_range           | 0.2          |
|    entropy_loss         | -2.59        |
|    explained_variance   | 0.000543     |
|    learning_rate        | 0.0003       |
|    loss                 | -0.0283      |
|    n_updates            | 5300         |
|    policy_gradient_loss | -0.00761     |
|    std                  | 0.885        |
|    value_loss           | 0.00407      |
------------------------------------------
-----------------------------------------
| rollout/                |             |
|    ep_len_mean          | 179         |
|    ep_rew_mean          | -1.03       |
| time/                   |             |
|    fps                  | 104         |
|    iterations           | 62          |
|    time_elapsed         | 151         |
|    total_timesteps      | 136192      |
| train/                  |             |
|    approx_kl            | 0.008413378 |
|    clip_fraction        | 0.113       |
|    clip_range           | 0.2         |
|    entropy_loss         | -2.59       |
|    explained_variance   | 0.002       |
|    learning_rate        | 0.0003      |
|    loss                 | -0.043      |
|    n_updates            | 5310        |
|    policy_gradient_loss | -0.00857    |
|    std                  | 0.884       |
|    value_loss           | 0.00359     |
-----------------------------------------
------------------------------------------
| rollout/                |              |
|    ep_len_mean          | 180          |
|    ep_rew_mean          | -1.04        |
| time/                   |              |
|    fps                  | 104          |
|    iterations           | 63           |
|    time_elapsed         | 154          |
|    total_timesteps      | 136448       |
| train/                  |              |
|    approx_kl            | 0.0039759832 |
|    clip_fraction        | 0.052        |
|    clip_range           | 0.2          |
|    entropy_loss         | -2.59        |
|    explained_variance   | 0.0077       |
|    learning_rate        | 0.0003       |
|    loss                 | -0.0317      |
|    n_updates            | 5320         |
|    policy_gradient_loss | -0.00632     |
|    std                  | 0.884        |
|    value_loss           | 0.00389      |
------------------------------------------
------------------------------------------
| rollout/                |              |
|    ep_len_mean          | 180          |
|    ep_rew_mean          | -1.05        |
| time/                   |              |
|    fps                  | 104          |
|    iterations           | 64           |
|    time_elapsed         | 156          |
|    total_timesteps      | 136704       |
| train/                  |              |
|    approx_kl            | 0.0036899385 |
|    clip_fraction        | 0.023        |
|    clip_range           | 0.2          |
|    entropy_loss         | -2.59        |
|    explained_variance   | 0.00376      |
|    learning_rate        | 0.0003       |
|    loss                 | -0.0284      |
|    n_updates            | 5330         |
|    policy_gradient_loss | -0.00375     |
|    std                  | 0.886        |
|    value_loss           | 0.00385      |
------------------------------------------
-----------------------------------------
| rollout/                |             |
|    ep_len_mean          | 183         |
|    ep_rew_mean          | -1.29       |
| time/                   |             |
|    fps                  | 104         |
|    iterations           | 65          |
|    time_elapsed         | 159         |
|    total_timesteps      | 136960      |
| train/                  |             |
|    approx_kl            | 0.006422903 |
|    clip_fraction        | 0.0348      |
|    clip_range           | 0.2         |
|    entropy_loss         | -2.59       |
|    explained_variance   | 0.00139     |
|    learning_rate        | 0.0003      |
|    loss                 | -0.0201     |
|    n_updates            | 5340        |
|    policy_gradient_loss | -0.00292    |
|    std                  | 0.885       |
|    value_loss           | 0.00384     |
-----------------------------------------
------------------------------------------
| rollout/                |              |
|    ep_len_mean          | 184          |
|    ep_rew_mean          | -1.3         |
| time/                   |              |
|    fps                  | 104          |
|    iterations           | 66           |
|    time_elapsed         | 161          |
|    total_timesteps      | 137216       |
| train/                  |              |
|    approx_kl            | 0.0051494967 |
|    clip_fraction        | 0.0734       |
|    clip_range           | 0.2          |
|    entropy_loss         | -2.59        |
|    explained_variance   | -0.00681     |
|    learning_rate        | 0.0003       |
|    loss                 | -0.0498      |
|    n_updates            | 5350         |
|    policy_gradient_loss | -0.00497     |
|    std                  | 0.883        |
|    value_loss           | 0.00471      |
------------------------------------------
------------------------------------------
| rollout/                |              |
|    ep_len_mean          | 185          |
|    ep_rew_mean          | -1.31        |
| time/                   |              |
|    fps                  | 104          |
|    iterations           | 67           |
|    time_elapsed         | 163          |
|    total_timesteps      | 137472       |
| train/                  |              |
|    approx_kl            | 0.0073892847 |
|    clip_fraction        | 0.126        |
|    clip_range           | 0.2          |
|    entropy_loss         | -2.59        |
|    explained_variance   | -0.00324     |
|    learning_rate        | 0.0003       |
|    loss                 | -0.0362      |
|    n_updates            | 5360         |
|    policy_gradient_loss | -0.0109      |
|    std                  | 0.886        |
|    value_loss           | 0.0049       |
------------------------------------------
-----------------------------------------
| rollout/                |             |
|    ep_len_mean          | 186         |
|    ep_rew_mean          | -1.32       |
| time/                   |             |
|    fps                  | 104         |
|    iterations           | 68          |
|    time_elapsed         | 166         |
|    total_timesteps      | 137728      |
| train/                  |             |
|    approx_kl            | 0.005946399 |
|    clip_fraction        | 0.0375      |
|    clip_range           | 0.2         |
|    entropy_loss         | -2.59       |
|    explained_variance   | -0.00018    |
|    learning_rate        | 0.0003      |
|    loss                 | -0.0346     |
|    n_updates            | 5370        |
|    policy_gradient_loss | -0.00462    |
|    std                  | 0.878       |
|    value_loss           | 0.00385     |
-----------------------------------------
------------------------------------------
| rollout/                |              |
|    ep_len_mean          | 187          |
|    ep_rew_mean          | -1.32        |
| time/                   |              |
|    fps                  | 104          |
|    iterations           | 69           |
|    time_elapsed         | 168          |
|    total_timesteps      | 137984       |
| train/                  |              |
|    approx_kl            | 0.0051862868 |
|    clip_fraction        | 0.066        |
|    clip_range           | 0.2          |
|    entropy_loss         | -2.58        |
|    explained_variance   | 0.00308      |
|    learning_rate        | 0.0003       |
|    loss                 | -0.0139      |
|    n_updates            | 5380         |
|    policy_gradient_loss | -0.00599     |
|    std                  | 0.881        |
|    value_loss           | 0.00442      |
------------------------------------------
------------------------------------------
| rollout/                |              |
|    ep_len_mean          | 188          |
|    ep_rew_mean          | -1.32        |
| time/                   |              |
|    fps                  | 104          |
|    iterations           | 70           |
|    time_elapsed         | 171          |
|    total_timesteps      | 138240       |
| train/                  |              |
|    approx_kl            | 0.0064988085 |
|    clip_fraction        | 0.0484       |
|    clip_range           | 0.2          |
|    entropy_loss         | -2.58        |
|    explained_variance   | 0.00277      |
|    learning_rate        | 0.0003       |
|    loss                 | -0.00897     |
|    n_updates            | 5390         |
|    policy_gradient_loss | -0.00368     |
|    std                  | 0.88         |
|    value_loss           | 0.00354      |
------------------------------------------
------------------------------------------
| rollout/                |              |
|    ep_len_mean          | 188          |
|    ep_rew_mean          | -1.11        |
| time/                   |              |
|    fps                  | 104          |
|    iterations           | 71           |
|    time_elapsed         | 174          |
|    total_timesteps      | 138496       |
| train/                  |              |
|    approx_kl            | 0.0056966227 |
|    clip_fraction        | 0.0281       |
|    clip_range           | 0.2          |
|    entropy_loss         | -2.58        |
|    explained_variance   | 0.00516      |
|    learning_rate        | 0.0003       |
|    loss                 | -0.0145      |
|    n_updates            | 5400         |
|    policy_gradient_loss | -0.004       |
|    std                  | 0.878        |
|    value_loss           | 0.0044       |
------------------------------------------
-----------------------------------------
| rollout/                |             |
|    ep_len_mean          | 190         |
|    ep_rew_mean          | -1.35       |
| time/                   |             |
|    fps                  | 104         |
|    iterations           | 72          |
|    time_elapsed         | 176         |
|    total_timesteps      | 138752      |
| train/                  |             |
|    approx_kl            | 0.006489669 |
|    clip_fraction        | 0.0172      |
|    clip_range           | 0.2         |
|    entropy_loss         | -2.58       |
|    explained_variance   | 4.33e-05    |
|    learning_rate        | 0.0003      |
|    loss                 | -0.015      |
|    n_updates            | 5410        |
|    policy_gradient_loss | -0.00131    |
|    std                  | 0.877       |
|    value_loss           | 1.72        |
-----------------------------------------
-----------------------------------------
| rollout/                |             |
|    ep_len_mean          | 191         |
|    ep_rew_mean          | -1.37       |
| time/                   |             |
|    fps                  | 104         |
|    iterations           | 73          |
|    time_elapsed         | 179         |
|    total_timesteps      | 139008      |
| train/                  |             |
|    approx_kl            | 0.004482519 |
|    clip_fraction        | 0.00508     |
|    clip_range           | 0.2         |
|    entropy_loss         | -2.57       |
|    explained_variance   | 0.00365     |
|    learning_rate        | 0.0003      |
|    loss                 | -0.0442     |
|    n_updates            | 5420        |
|    policy_gradient_loss | -0.000991   |
|    std                  | 0.875       |
|    value_loss           | 0.00404     |
-----------------------------------------
------------------------------------------
| rollout/                |              |
|    ep_len_mean          | 192          |
|    ep_rew_mean          | -1.38        |
| time/                   |              |
|    fps                  | 104          |
|    iterations           | 74           |
|    time_elapsed         | 181          |
|    total_timesteps      | 139264       |
| train/                  |              |
|    approx_kl            | 0.0037467421 |
|    clip_fraction        | 0.0082       |
|    clip_range           | 0.2          |
|    entropy_loss         | -2.57        |
|    explained_variance   | 0.000828     |
|    learning_rate        | 0.0003       |
|    loss                 | -0.0195      |
|    n_updates            | 5430         |
|    policy_gradient_loss | -0.00184     |
|    std                  | 0.871        |
|    value_loss           | 0.0042       |
------------------------------------------
----------------------------------------
| rollout/                |            |
|    ep_len_mean          | 192        |
|    ep_rew_mean          | -1.39      |
| time/                   |            |
|    fps                  | 104        |
|    iterations           | 75         |
|    time_elapsed         | 183        |
|    total_timesteps      | 139520     |
| train/                  |            |
|    approx_kl            | 0.00865061 |
|    clip_fraction        | 0.091      |
|    clip_range           | 0.2        |
|    entropy_loss         | -2.56      |
|    explained_variance   | 0.00421    |
|    learning_rate        | 0.0003     |
|    loss                 | -0.0488    |
|    n_updates            | 5440       |
|    policy_gradient_loss | -0.00445   |
|    std                  | 0.874      |
|    value_loss           | 0.00392    |
----------------------------------------
------------------------------------------
| rollout/                |              |
|    ep_len_mean          | 195          |
|    ep_rew_mean          | -1.61        |
| time/                   |              |
|    fps                  | 104          |
|    iterations           | 76           |
|    time_elapsed         | 186          |
|    total_timesteps      | 139776       |
| train/                  |              |
|    approx_kl            | 0.0073182667 |
|    clip_fraction        | 0.0836       |
|    clip_range           | 0.2          |
|    entropy_loss         | -2.57        |
|    explained_variance   | 0.00043      |
|    learning_rate        | 0.0003       |
|    loss                 | -0.011       |
|    n_updates            | 5450         |
|    policy_gradient_loss | -0.00545     |
|    std                  | 0.872        |
|    value_loss           | 0.00377      |
------------------------------------------
-----------------------------------------
| rollout/                |             |
|    ep_len_mean          | 196         |
|    ep_rew_mean          | -1.61       |
| time/                   |             |
|    fps                  | 104         |
|    iterations           | 77          |
|    time_elapsed         | 188         |
|    total_timesteps      | 140032      |
| train/                  |             |
|    approx_kl            | 0.006208798 |
|    clip_fraction        | 0.0691      |
|    clip_range           | 0.2         |
|    entropy_loss         | -2.56       |
|    explained_variance   | 0.0155      |
|    learning_rate        | 0.0003      |
|    loss                 | -0.0315     |
|    n_updates            | 5460        |
|    policy_gradient_loss | -0.00467    |
|    std                  | 0.87        |
|    value_loss           | 0.00449     |
-----------------------------------------
------------------------------------------
| rollout/                |              |
|    ep_len_mean          | 196          |
|    ep_rew_mean          | -1.61        |
| time/                   |              |
|    fps                  | 104          |
|    iterations           | 78           |
|    time_elapsed         | 191          |
|    total_timesteps      | 140288       |
| train/                  |              |
|    approx_kl            | 0.0028543882 |
|    clip_fraction        | 0.0488       |
|    clip_range           | 0.2          |
|    entropy_loss         | -2.56        |
|    explained_variance   | -0.00488     |
|    learning_rate        | 0.0003       |
|    loss                 | -0.0567      |
|    n_updates            | 5470         |
|    policy_gradient_loss | -0.00462     |
|    std                  | 0.868        |
|    value_loss           | 0.00414      |
------------------------------------------
-----------------------------------------
| rollout/                |             |
|    ep_len_mean          | 196         |
|    ep_rew_mean          | -1.61       |
| time/                   |             |
|    fps                  | 104         |
|    iterations           | 79          |
|    time_elapsed         | 193         |
|    total_timesteps      | 140544      |
| train/                  |             |
|    approx_kl            | 0.008802084 |
|    clip_fraction        | 0.0945      |
|    clip_range           | 0.2         |
|    entropy_loss         | -2.56       |
|    explained_variance   | -0.00106    |
|    learning_rate        | 0.0003      |
|    loss                 | -0.019      |
|    n_updates            | 5480        |
|    policy_gradient_loss | -0.00879    |
|    std                  | 0.876       |
|    value_loss           | 0.00362     |
-----------------------------------------
------------------------------------------
| rollout/                |              |
|    ep_len_mean          | 196          |
|    ep_rew_mean          | -1.6         |
| time/                   |              |
|    fps                  | 104          |
|    iterations           | 80           |
|    time_elapsed         | 196          |
|    total_timesteps      | 140800       |
| train/                  |              |
|    approx_kl            | 0.0045321914 |
|    clip_fraction        | 0.0742       |
|    clip_range           | 0.2          |
|    entropy_loss         | -2.57        |
|    explained_variance   | -8.45e-05    |
|    learning_rate        | 0.0003       |
|    loss                 | -0.0429      |
|    n_updates            | 5490         |
|    policy_gradient_loss | -0.00544     |
|    std                  | 0.875        |
|    value_loss           | 0.003        |
------------------------------------------
------------------------------------------
| rollout/                |              |
|    ep_len_mean          | 196          |
|    ep_rew_mean          | -1.61        |
| time/                   |              |
|    fps                  | 104          |
|    iterations           | 81           |
|    time_elapsed         | 198          |
|    total_timesteps      | 141056       |
| train/                  |              |
|    approx_kl            | 0.0028518653 |
|    clip_fraction        | 0.00664      |
|    clip_range           | 0.2          |
|    entropy_loss         | -2.57        |
|    explained_variance   | -6.15e-05    |
|    learning_rate        | 0.0003       |
|    loss                 | -0.0258      |
|    n_updates            | 5500         |
|    policy_gradient_loss | 3.95e-05     |
|    std                  | 0.876        |
|    value_loss           | 0.00423      |
------------------------------------------
----------------------------------------
| rollout/                |            |
|    ep_len_mean          | 196        |
|    ep_rew_mean          | -1.61      |
| time/                   |            |
|    fps                  | 104        |
|    iterations           | 82         |
|    time_elapsed         | 200        |
|    total_timesteps      | 141312     |
| train/                  |            |
|    approx_kl            | 0.00700457 |
|    clip_fraction        | 0.0566     |
|    clip_range           | 0.2        |
|    entropy_loss         | -2.58      |
|    explained_variance   | 0.0178     |
|    learning_rate        | 0.0003     |
|    loss                 | -0.0297    |
|    n_updates            | 5510       |
|    policy_gradient_loss | -0.0066    |
|    std                  | 0.879      |
|    value_loss           | 0.00372    |
----------------------------------------
------------------------------------------
| rollout/                |              |
|    ep_len_mean          | 194          |
|    ep_rew_mean          | -1.39        |
| time/                   |              |
|    fps                  | 104          |
|    iterations           | 83           |
|    time_elapsed         | 203          |
|    total_timesteps      | 141568       |
| train/                  |              |
|    approx_kl            | 0.0010533459 |
|    clip_fraction        | 0            |
|    clip_range           | 0.2          |
|    entropy_loss         | -2.58        |
|    explained_variance   | -0.00221     |
|    learning_rate        | 0.0003       |
|    loss                 | -0.023       |
|    n_updates            | 5520         |
|    policy_gradient_loss | 0.000351     |
|    std                  | 0.879        |
|    value_loss           | 0.00333      |
------------------------------------------
-----------------------------------------
| rollout/                |             |
|    ep_len_mean          | 194         |
|    ep_rew_mean          | -1.39       |
| time/                   |             |
|    fps                  | 104         |
|    iterations           | 84          |
|    time_elapsed         | 206         |
|    total_timesteps      | 141824      |
| train/                  |             |
|    approx_kl            | 0.006749387 |
|    clip_fraction        | 0.023       |
|    clip_range           | 0.2         |
|    entropy_loss         | -2.58       |
|    explained_variance   | -2.34e-05   |
|    learning_rate        | 0.0003      |
|    loss                 | -0.0248     |
|    n_updates            | 5530        |
|    policy_gradient_loss | -0.00149    |
|    std                  | 0.881       |
|    value_loss           | 1.72        |
-----------------------------------------
-----------------------------------------
| rollout/                |             |
|    ep_len_mean          | 194         |
|    ep_rew_mean          | -1.39       |
| time/                   |             |
|    fps                  | 104         |
|    iterations           | 85          |
|    time_elapsed         | 208         |
|    total_timesteps      | 142080      |
| train/                  |             |
|    approx_kl            | 0.006861922 |
|    clip_fraction        | 0.0645      |
|    clip_range           | 0.2         |
|    entropy_loss         | -2.58       |
|    explained_variance   | 0.00167     |
|    learning_rate        | 0.0003      |
|    loss                 | -0.0182     |
|    n_updates            | 5540        |
|    policy_gradient_loss | -0.00842    |
|    std                  | 0.876       |
|    value_loss           | 0.00401     |
-----------------------------------------
-----------------------------------------
| rollout/                |             |
|    ep_len_mean          | 194         |
|    ep_rew_mean          | -1.38       |
| time/                   |             |
|    fps                  | 104         |
|    iterations           | 86          |
|    time_elapsed         | 211         |
|    total_timesteps      | 142336      |
| train/                  |             |
|    approx_kl            | 0.003338099 |
|    clip_fraction        | 0.043       |
|    clip_range           | 0.2         |
|    entropy_loss         | -2.57       |
|    explained_variance   | 0.00031     |
|    learning_rate        | 0.0003      |
|    loss                 | -0.0343     |
|    n_updates            | 5550        |
|    policy_gradient_loss | -0.00239    |
|    std                  | 0.872       |
|    value_loss           | 0.00392     |
-----------------------------------------
-----------------------------------------
| rollout/                |             |
|    ep_len_mean          | 194         |
|    ep_rew_mean          | -1.38       |
| time/                   |             |
|    fps                  | 104         |
|    iterations           | 87          |
|    time_elapsed         | 213         |
|    total_timesteps      | 142592      |
| train/                  |             |
|    approx_kl            | 0.007452156 |
|    clip_fraction        | 0.109       |
|    clip_range           | 0.2         |
|    entropy_loss         | -2.56       |
|    explained_variance   | -0.0098     |
|    learning_rate        | 0.0003      |
|    loss                 | -0.0356     |
|    n_updates            | 5560        |
|    policy_gradient_loss | -0.011      |
|    std                  | 0.871       |
|    value_loss           | 0.00327     |
-----------------------------------------
------------------------------------------
| rollout/                |              |
|    ep_len_mean          | 194          |
|    ep_rew_mean          | -1.37        |
| time/                   |              |
|    fps                  | 104          |
|    iterations           | 88           |
|    time_elapsed         | 215          |
|    total_timesteps      | 142848       |
| train/                  |              |
|    approx_kl            | 0.0072913063 |
|    clip_fraction        | 0.0434       |
|    clip_range           | 0.2          |
|    entropy_loss         | -2.56        |
|    explained_variance   | 0.00186      |
|    learning_rate        | 0.0003       |
|    loss                 | -0.0127      |
|    n_updates            | 5570         |
|    policy_gradient_loss | -0.00415     |
|    std                  | 0.869        |
|    value_loss           | 0.00375      |
------------------------------------------
------------------------------------------
| rollout/                |              |
|    ep_len_mean          | 194          |
|    ep_rew_mean          | -1.37        |
| time/                   |              |
|    fps                  | 104          |
|    iterations           | 89           |
|    time_elapsed         | 218          |
|    total_timesteps      | 143104       |
| train/                  |              |
|    approx_kl            | 0.0062378678 |
|    clip_fraction        | 0.0453       |
|    clip_range           | 0.2          |
|    entropy_loss         | -2.56        |
|    explained_variance   | -0.00465     |
|    learning_rate        | 0.0003       |
|    loss                 | -0.0348      |
|    n_updates            | 5580         |
|    policy_gradient_loss | -0.00406     |
|    std                  | 0.868        |
|    value_loss           | 0.00328      |
------------------------------------------
-----------------------------------------
| rollout/                |             |
|    ep_len_mean          | 194         |
|    ep_rew_mean          | -1.37       |
| time/                   |             |
|    fps                  | 104         |
|    iterations           | 90          |
|    time_elapsed         | 220         |
|    total_timesteps      | 143360      |
| train/                  |             |
|    approx_kl            | 0.001997417 |
|    clip_fraction        | 0           |
|    clip_range           | 0.2         |
|    entropy_loss         | -2.55       |
|    explained_variance   | 0.00196     |
|    learning_rate        | 0.0003      |
|    loss                 | -0.0152     |
|    n_updates            | 5590        |
|    policy_gradient_loss | -0.000403   |
|    std                  | 0.865       |
|    value_loss           | 0.00436     |
-----------------------------------------
-----------------------------------------
| rollout/                |             |
|    ep_len_mean          | 194         |
|    ep_rew_mean          | -1.38       |
| time/                   |             |
|    fps                  | 104         |
|    iterations           | 91          |
|    time_elapsed         | 223         |
|    total_timesteps      | 143616      |
| train/                  |             |
|    approx_kl            | 0.005681207 |
|    clip_fraction        | 0.0863      |
|    clip_range           | 0.2         |
|    entropy_loss         | -2.55       |
|    explained_variance   | 0.00911     |
|    learning_rate        | 0.0003      |
|    loss                 | -0.0591     |
|    n_updates            | 5600        |
|    policy_gradient_loss | -0.00979    |
|    std                  | 0.865       |
|    value_loss           | 0.0037      |
-----------------------------------------
------------------------------------------
| rollout/                |              |
|    ep_len_mean          | 194          |
|    ep_rew_mean          | -1.38        |
| time/                   |              |
|    fps                  | 104          |
|    iterations           | 92           |
|    time_elapsed         | 225          |
|    total_timesteps      | 143872       |
| train/                  |              |
|    approx_kl            | 0.0032190345 |
|    clip_fraction        | 0.0473       |
|    clip_range           | 0.2          |
|    entropy_loss         | -2.55        |
|    explained_variance   | 0.00235      |
|    learning_rate        | 0.0003       |
|    loss                 | -0.0354      |
|    n_updates            | 5610         |
|    policy_gradient_loss | -0.00368     |
|    std                  | 0.866        |
|    value_loss           | 0.00392      |
------------------------------------------
-----------------------------------------
| rollout/                |             |
|    ep_len_mean          | 194         |
|    ep_rew_mean          | -1.37       |
| time/                   |             |
|    fps                  | 104         |
|    iterations           | 93          |
|    time_elapsed         | 228         |
|    total_timesteps      | 144128      |
| train/                  |             |
|    approx_kl            | 0.005547301 |
|    clip_fraction        | 0.106       |
|    clip_range           | 0.2         |
|    entropy_loss         | -2.55       |
|    explained_variance   | 0.00813     |
|    learning_rate        | 0.0003      |
|    loss                 | -0.0381     |
|    n_updates            | 5620        |
|    policy_gradient_loss | -0.00904    |
|    std                  | 0.868       |
|    value_loss           | 0.00388     |
-----------------------------------------
------------------------------------------
| rollout/                |              |
|    ep_len_mean          | 194          |
|    ep_rew_mean          | -1.37        |
| time/                   |              |
|    fps                  | 104          |
|    iterations           | 94           |
|    time_elapsed         | 230          |
|    total_timesteps      | 144384       |
| train/                  |              |
|    approx_kl            | 0.0005527977 |
|    clip_fraction        | 0            |
|    clip_range           | 0.2          |
|    entropy_loss         | -2.56        |
|    explained_variance   | -0.00953     |
|    learning_rate        | 0.0003       |
|    loss                 | -0.0243      |
|    n_updates            | 5630         |
|    policy_gradient_loss | 0.000254     |
|    std                  | 0.872        |
|    value_loss           | 0.00324      |
------------------------------------------
-----------------------------------------
| rollout/                |             |
|    ep_len_mean          | 194         |
|    ep_rew_mean          | -1.37       |
| time/                   |             |
|    fps                  | 104         |
|    iterations           | 95          |
|    time_elapsed         | 233         |
|    total_timesteps      | 144640      |
| train/                  |             |
|    approx_kl            | 0.004430604 |
|    clip_fraction        | 0.041       |
|    clip_range           | 0.2         |
|    entropy_loss         | -2.57       |
|    explained_variance   | 5.07e-06    |
|    learning_rate        | 0.0003      |
|    loss                 | -0.0204     |
|    n_updates            | 5640        |
|    policy_gradient_loss | -0.00382    |
|    std                  | 0.874       |
|    value_loss           | 0.00331     |
-----------------------------------------
-----------------------------------------
| rollout/                |             |
|    ep_len_mean          | 194         |
|    ep_rew_mean          | -1.37       |
| time/                   |             |
|    fps                  | 104         |
|    iterations           | 96          |
|    time_elapsed         | 235         |
|    total_timesteps      | 144896      |
| train/                  |             |
|    approx_kl            | 0.005804981 |
|    clip_fraction        | 0.0406      |
|    clip_range           | 0.2         |
|    entropy_loss         | -2.57       |
|    explained_variance   | -0.00201    |
|    learning_rate        | 0.0003      |
|    loss                 | -0.0157     |
|    n_updates            | 5650        |
|    policy_gradient_loss | -0.00401    |
|    std                  | 0.872       |
|    value_loss           | 0.00294     |
-----------------------------------------
-----------------------------------------
| rollout/                |             |
|    ep_len_mean          | 194         |
|    ep_rew_mean          | -1.37       |
| time/                   |             |
|    fps                  | 104         |
|    iterations           | 97          |
|    time_elapsed         | 238         |
|    total_timesteps      | 145152      |
| train/                  |             |
|    approx_kl            | 0.007768451 |
|    clip_fraction        | 0.117       |
|    clip_range           | 0.2         |
|    entropy_loss         | -2.56       |
|    explained_variance   | 0.00142     |
|    learning_rate        | 0.0003      |
|    loss                 | -0.0353     |
|    n_updates            | 5660        |
|    policy_gradient_loss | -0.0103     |
|    std                  | 0.873       |
|    value_loss           | 0.00313     |
-----------------------------------------
-----------------------------------------
| rollout/                |             |
|    ep_len_mean          | 194         |
|    ep_rew_mean          | -1.37       |
| time/                   |             |
|    fps                  | 104         |
|    iterations           | 98          |
|    time_elapsed         | 240         |
|    total_timesteps      | 145408      |
| train/                  |             |
|    approx_kl            | 0.007981574 |
|    clip_fraction        | 0.0711      |
|    clip_range           | 0.2         |
|    entropy_loss         | -2.57       |
|    explained_variance   | -0.00799    |
|    learning_rate        | 0.0003      |
|    loss                 | -0.0435     |
|    n_updates            | 5670        |
|    policy_gradient_loss | -0.00866    |
|    std                  | 0.88        |
|    value_loss           | 0.00274     |
-----------------------------------------
------------------------------------------
| rollout/                |              |
|    ep_len_mean          | 194          |
|    ep_rew_mean          | -1.36        |
| time/                   |              |
|    fps                  | 104          |
|    iterations           | 99           |
|    time_elapsed         | 243          |
|    total_timesteps      | 145664       |
| train/                  |              |
|    approx_kl            | 0.0060550068 |
|    clip_fraction        | 0.0559       |
|    clip_range           | 0.2          |
|    entropy_loss         | -2.59        |
|    explained_variance   | -0.000327    |
|    learning_rate        | 0.0003       |
|    loss                 | -0.0421      |
|    n_updates            | 5680         |
|    policy_gradient_loss | -0.00622     |
|    std                  | 0.883        |
|    value_loss           | 0.00373      |
------------------------------------------
-----------------------------------------
| rollout/                |             |
|    ep_len_mean          | 194         |
|    ep_rew_mean          | -1.37       |
| time/                   |             |
|    fps                  | 104         |
|    iterations           | 100         |
|    time_elapsed         | 245         |
|    total_timesteps      | 145920      |
| train/                  |             |
|    approx_kl            | 0.008358836 |
|    clip_fraction        | 0.118       |
|    clip_range           | 0.2         |
|    entropy_loss         | -2.59       |
|    explained_variance   | -0.00424    |
|    learning_rate        | 0.0003      |
|    loss                 | -0.0285     |
|    n_updates            | 5690        |
|    policy_gradient_loss | -0.0119     |
|    std                  | 0.88        |
|    value_loss           | 0.00339     |
-----------------------------------------
------------------------------------------
| rollout/                |              |
|    ep_len_mean          | 194          |
|    ep_rew_mean          | -1.36        |
| time/                   |              |
|    fps                  | 104          |
|    iterations           | 101          |
|    time_elapsed         | 248          |
|    total_timesteps      | 146176       |
| train/                  |              |
|    approx_kl            | 0.0038771832 |
|    clip_fraction        | 0.0762       |
|    clip_range           | 0.2          |
|    entropy_loss         | -2.58        |
|    explained_variance   | -0.000123    |
|    learning_rate        | 0.0003       |
|    loss                 | -0.0361      |
|    n_updates            | 5700         |
|    policy_gradient_loss | -0.00383     |
|    std                  | 0.878        |
|    value_loss           | 0.00305      |
------------------------------------------
-----------------------------------------
| rollout/                |             |
|    ep_len_mean          | 194         |
|    ep_rew_mean          | -1.36       |
| time/                   |             |
|    fps                  | 104         |
|    iterations           | 102         |
|    time_elapsed         | 250         |
|    total_timesteps      | 146432      |
| train/                  |             |
|    approx_kl            | 0.005422945 |
|    clip_fraction        | 0.0652      |
|    clip_range           | 0.2         |
|    entropy_loss         | -2.58       |
|    explained_variance   | -0.0123     |
|    learning_rate        | 0.0003      |
|    loss                 | -0.0419     |
|    n_updates            | 5710        |
|    policy_gradient_loss | -0.00703    |
|    std                  | 0.881       |
|    value_loss           | 0.00311     |
-----------------------------------------
------------------------------------------
| rollout/                |              |
|    ep_len_mean          | 194          |
|    ep_rew_mean          | -1.36        |
| time/                   |              |
|    fps                  | 104          |
|    iterations           | 103          |
|    time_elapsed         | 252          |
|    total_timesteps      | 146688       |
| train/                  |              |
|    approx_kl            | 0.0031310439 |
|    clip_fraction        | 0.0672       |
|    clip_range           | 0.2          |
|    entropy_loss         | -2.58        |
|    explained_variance   | 0.000129     |
|    learning_rate        | 0.0003       |
|    loss                 | -0.0436      |
|    n_updates            | 5720         |
|    policy_gradient_loss | -0.00689     |
|    std                  | 0.877        |
|    value_loss           | 0.00294      |
------------------------------------------
-----------------------------------------
| rollout/                |             |
|    ep_len_mean          | 194         |
|    ep_rew_mean          | -1.36       |
| time/                   |             |
|    fps                  | 104         |
|    iterations           | 104         |
|    time_elapsed         | 255         |
|    total_timesteps      | 146944      |
| train/                  |             |
|    approx_kl            | 0.004349961 |
|    clip_fraction        | 0.0309      |
|    clip_range           | 0.2         |
|    entropy_loss         | -2.58       |
|    explained_variance   | 0.00231     |
|    learning_rate        | 0.0003      |
|    loss                 | -0.0279     |
|    n_updates            | 5730        |
|    policy_gradient_loss | -0.0028     |
|    std                  | 0.878       |
|    value_loss           | 0.00316     |
-----------------------------------------
------------------------------------------
| rollout/                |              |
|    ep_len_mean          | 194          |
|    ep_rew_mean          | -1.36        |
| time/                   |              |
|    fps                  | 104          |
|    iterations           | 105          |
|    time_elapsed         | 257          |
|    total_timesteps      | 147200       |
| train/                  |              |
|    approx_kl            | 0.0056119794 |
|    clip_fraction        | 0.0328       |
|    clip_range           | 0.2          |
|    entropy_loss         | -2.58        |
|    explained_variance   | 0.00444      |
|    learning_rate        | 0.0003       |
|    loss                 | 0.00581      |
|    n_updates            | 5740         |
|    policy_gradient_loss | -0.00352     |
|    std                  | 0.876        |
|    value_loss           | 0.0028       |
------------------------------------------
------------------------------------------
| rollout/                |              |
|    ep_len_mean          | 194          |
|    ep_rew_mean          | -1.36        |
| time/                   |              |
|    fps                  | 104          |
|    iterations           | 106          |
|    time_elapsed         | 260          |
|    total_timesteps      | 147456       |
| train/                  |              |
|    approx_kl            | 0.0073274435 |
|    clip_fraction        | 0.0773       |
|    clip_range           | 0.2          |
|    entropy_loss         | -2.57        |
|    explained_variance   | -0.000109    |
|    learning_rate        | 0.0003       |
|    loss                 | -0.0168      |
|    n_updates            | 5750         |
|    policy_gradient_loss | -0.0057      |
|    std                  | 0.873        |
|    value_loss           | 0.00305      |
------------------------------------------
------------------------------------------
| rollout/                |              |
|    ep_len_mean          | 194          |
|    ep_rew_mean          | -1.35        |
| time/                   |              |
|    fps                  | 104          |
|    iterations           | 107          |
|    time_elapsed         | 262          |
|    total_timesteps      | 147712       |
| train/                  |              |
|    approx_kl            | 0.0031780212 |
|    clip_fraction        | 0.0617       |
|    clip_range           | 0.2          |
|    entropy_loss         | -2.57        |
|    explained_variance   | -7.53e-05    |
|    learning_rate        | 0.0003       |
|    loss                 | -0.0254      |
|    n_updates            | 5760         |
|    policy_gradient_loss | -0.0028      |
|    std                  | 0.875        |
|    value_loss           | 0.00313      |
------------------------------------------
------------------------------------------
| rollout/                |              |
|    ep_len_mean          | 196          |
|    ep_rew_mean          | -1.57        |
| time/                   |              |
|    fps                  | 104          |
|    iterations           | 108          |
|    time_elapsed         | 265          |
|    total_timesteps      | 147968       |
| train/                  |              |
|    approx_kl            | 0.0041981786 |
|    clip_fraction        | 0.0809       |
|    clip_range           | 0.2          |
|    entropy_loss         | -2.57        |
|    explained_variance   | -0.000452    |
|    learning_rate        | 0.0003       |
|    loss                 | -0.0326      |
|    n_updates            | 5770         |
|    policy_gradient_loss | -0.00335     |
|    std                  | 0.873        |
|    value_loss           | 0.0032       |
------------------------------------------
------------------------------------------
| rollout/                |              |
|    ep_len_mean          | 196          |
|    ep_rew_mean          | -1.57        |
| time/                   |              |
|    fps                  | 104          |
|    iterations           | 109          |
|    time_elapsed         | 267          |
|    total_timesteps      | 148224       |
| train/                  |              |
|    approx_kl            | 0.0070680734 |
|    clip_fraction        | 0.0437       |
|    clip_range           | 0.2          |
|    entropy_loss         | -2.57        |
|    explained_variance   | -0.0021      |
|    learning_rate        | 0.0003       |
|    loss                 | -0.0313      |
|    n_updates            | 5780         |
|    policy_gradient_loss | -0.00375     |
|    std                  | 0.874        |
|    value_loss           | 0.00322      |
------------------------------------------
------------------------------------------
| rollout/                |              |
|    ep_len_mean          | 196          |
|    ep_rew_mean          | -1.58        |
| time/                   |              |
|    fps                  | 104          |
|    iterations           | 110          |
|    time_elapsed         | 269          |
|    total_timesteps      | 148480       |
| train/                  |              |
|    approx_kl            | 0.0055428687 |
|    clip_fraction        | 0.117        |
|    clip_range           | 0.2          |
|    entropy_loss         | -2.57        |
|    explained_variance   | 0.00083      |
|    learning_rate        | 0.0003       |
|    loss                 | -0.0272      |
|    n_updates            | 5790         |
|    policy_gradient_loss | -0.00931     |
|    std                  | 0.873        |
|    value_loss           | 0.00359      |
------------------------------------------
-----------------------------------------
| rollout/                |             |
|    ep_len_mean          | 196         |
|    ep_rew_mean          | -1.57       |
| time/                   |             |
|    fps                  | 104         |
|    iterations           | 111         |
|    time_elapsed         | 272         |
|    total_timesteps      | 148736      |
| train/                  |             |
|    approx_kl            | 0.008404423 |
|    clip_fraction        | 0.119       |
|    clip_range           | 0.2         |
|    entropy_loss         | -2.57       |
|    explained_variance   | 0.00167     |
|    learning_rate        | 0.0003      |
|    loss                 | -0.00847    |
|    n_updates            | 5800        |
|    policy_gradient_loss | -0.00932    |
|    std                  | 0.876       |
|    value_loss           | 0.00395     |
-----------------------------------------
------------------------------------------
| rollout/                |              |
|    ep_len_mean          | 196          |
|    ep_rew_mean          | -1.58        |
| time/                   |              |
|    fps                  | 104          |
|    iterations           | 112          |
|    time_elapsed         | 274          |
|    total_timesteps      | 148992       |
| train/                  |              |
|    approx_kl            | 0.0066824947 |
|    clip_fraction        | 0.0539       |
|    clip_range           | 0.2          |
|    entropy_loss         | -2.57        |
|    explained_variance   | 0.016        |
|    learning_rate        | 0.0003       |
|    loss                 | -0.0302      |
|    n_updates            | 5810         |
|    policy_gradient_loss | -0.00294     |
|    std                  | 0.877        |
|    value_loss           | 0.00359      |
------------------------------------------
-----------------------------------------
| rollout/                |             |
|    ep_len_mean          | 194         |
|    ep_rew_mean          | -1.36       |
| time/                   |             |
|    fps                  | 104         |
|    iterations           | 113         |
|    time_elapsed         | 277         |
|    total_timesteps      | 149248      |
| train/                  |             |
|    approx_kl            | 0.004600335 |
|    clip_fraction        | 0.0727      |
|    clip_range           | 0.2         |
|    entropy_loss         | -2.57       |
|    explained_variance   | 0.000122    |
|    learning_rate        | 0.0003      |
|    loss                 | -0.0208     |
|    n_updates            | 5820        |
|    policy_gradient_loss | -0.00819    |
|    std                  | 0.872       |
|    value_loss           | 0.00327     |
-----------------------------------------
-------------------------------------------
| rollout/                |               |
|    ep_len_mean          | 194           |
|    ep_rew_mean          | -1.36         |
| time/                   |               |
|    fps                  | 104           |
|    iterations           | 114           |
|    time_elapsed         | 279           |
|    total_timesteps      | 149504        |
| train/                  |               |
|    approx_kl            | 0.00053435215 |
|    clip_fraction        | 0             |
|    clip_range           | 0.2           |
|    entropy_loss         | -2.56         |
|    explained_variance   | -0.000105     |
|    learning_rate        | 0.0003        |
|    loss                 | -0.0288       |
|    n_updates            | 5830          |
|    policy_gradient_loss | 6.87e-05      |
|    std                  | 0.87          |
|    value_loss           | 1.72          |
-------------------------------------------
------------------------------------------
| rollout/                |              |
|    ep_len_mean          | 194          |
|    ep_rew_mean          | -1.37        |
| time/                   |              |
|    fps                  | 104          |
|    iterations           | 115          |
|    time_elapsed         | 282          |
|    total_timesteps      | 149760       |
| train/                  |              |
|    approx_kl            | 0.0029206465 |
|    clip_fraction        | 0.00273      |
|    clip_range           | 0.2          |
|    entropy_loss         | -2.56        |
|    explained_variance   | 3.42e-05     |
|    learning_rate        | 0.0003       |
|    loss                 | -0.0231      |
|    n_updates            | 5840         |
|    policy_gradient_loss | 9.31e-06     |
|    std                  | 0.868        |
|    value_loss           | 0.00339      |
------------------------------------------
------------------------------------------
| rollout/                |              |
|    ep_len_mean          | 194          |
|    ep_rew_mean          | -1.37        |
| time/                   |              |
|    fps                  | 104          |
|    iterations           | 116          |
|    time_elapsed         | 284          |
|    total_timesteps      | 150016       |
| train/                  |              |
|    approx_kl            | 0.0030980934 |
|    clip_fraction        | 0.0578       |
|    clip_range           | 0.2          |
|    entropy_loss         | -2.56        |
|    explained_variance   | -0.000316    |
|    learning_rate        | 0.0003       |
|    loss                 | -0.0391      |
|    n_updates            | 5850         |
|    policy_gradient_loss | -0.00467     |
|    std                  | 0.869        |
|    value_loss           | 0.00281      |
------------------------------------------
------------------------------------------
| rollout/                |              |
|    ep_len_mean          | 194          |
|    ep_rew_mean          | -1.37        |
| time/                   |              |
|    fps                  | 104          |
|    iterations           | 117          |
|    time_elapsed         | 287          |
|    total_timesteps      | 150272       |
| train/                  |              |
|    approx_kl            | 0.0032352991 |
|    clip_fraction        | 0.0219       |
|    clip_range           | 0.2          |
|    entropy_loss         | -2.55        |
|    explained_variance   | 0.000272     |
|    learning_rate        | 0.0003       |
|    loss                 | -0.0295      |
|    n_updates            | 5860         |
|    policy_gradient_loss | -0.00379     |
|    std                  | 0.867        |
|    value_loss           | 0.00361      |
------------------------------------------
------------------------------------------
| rollout/                |              |
|    ep_len_mean          | 192          |
|    ep_rew_mean          | -1.15        |
| time/                   |              |
|    fps                  | 104          |
|    iterations           | 118          |
|    time_elapsed         | 290          |
|    total_timesteps      | 150528       |
| train/                  |              |
|    approx_kl            | 0.0058181304 |
|    clip_fraction        | 0.0578       |
|    clip_range           | 0.2          |
|    entropy_loss         | -2.55        |
|    explained_variance   | 0.000615     |
|    learning_rate        | 0.0003       |
|    loss                 | -0.0124      |
|    n_updates            | 5870         |
|    policy_gradient_loss | -0.00279     |
|    std                  | 0.866        |
|    value_loss           | 0.00366      |
------------------------------------------
-----------------------------------------
| rollout/                |             |
|    ep_len_mean          | 192         |
|    ep_rew_mean          | -1.15       |
| time/                   |             |
|    fps                  | 104         |
|    iterations           | 119         |
|    time_elapsed         | 292         |
|    total_timesteps      | 150784      |
| train/                  |             |
|    approx_kl            | 0.011516541 |
|    clip_fraction        | 0.0715      |
|    clip_range           | 0.2         |
|    entropy_loss         | -2.55       |
|    explained_variance   | -5.22e-05   |
|    learning_rate        | 0.0003      |
|    loss                 | -0.0416     |
|    n_updates            | 5880        |
|    policy_gradient_loss | -0.00212    |
|    std                  | 0.867       |
|    value_loss           | 1.72        |
-----------------------------------------
------------------------------------------
| rollout/                |              |
|    ep_len_mean          | 192          |
|    ep_rew_mean          | -1.15        |
| time/                   |              |
|    fps                  | 104          |
|    iterations           | 120          |
|    time_elapsed         | 294          |
|    total_timesteps      | 151040       |
| train/                  |              |
|    approx_kl            | 0.0035503244 |
|    clip_fraction        | 0.0312       |
|    clip_range           | 0.2          |
|    entropy_loss         | -2.55        |
|    explained_variance   | 0.00358      |
|    learning_rate        | 0.0003       |
|    loss                 | -0.0303      |
|    n_updates            | 5890         |
|    policy_gradient_loss | -0.00376     |
|    std                  | 0.868        |
|    value_loss           | 0.00386      |
------------------------------------------
------------------------------------------
| rollout/                |              |
|    ep_len_mean          | 192          |
|    ep_rew_mean          | -1.15        |
| time/                   |              |
|    fps                  | 104          |
|    iterations           | 121          |
|    time_elapsed         | 297          |
|    total_timesteps      | 151296       |
| train/                  |              |
|    approx_kl            | 0.0010765097 |
|    clip_fraction        | 0            |
|    clip_range           | 0.2          |
|    entropy_loss         | -2.55        |
|    explained_variance   | -0.00393     |
|    learning_rate        | 0.0003       |
|    loss                 | -0.0181      |
|    n_updates            | 5900         |
|    policy_gradient_loss | -0.000528    |
|    std                  | 0.867        |
|    value_loss           | 0.00346      |
------------------------------------------
------------------------------------------
| rollout/                |              |
|    ep_len_mean          | 192          |
|    ep_rew_mean          | -1.15        |
| time/                   |              |
|    fps                  | 104          |
|    iterations           | 122          |
|    time_elapsed         | 299          |
|    total_timesteps      | 151552       |
| train/                  |              |
|    approx_kl            | 0.0027067198 |
|    clip_fraction        | 0.0297       |
|    clip_range           | 0.2          |
|    entropy_loss         | -2.55        |
|    explained_variance   | -0.00238     |
|    learning_rate        | 0.0003       |
|    loss                 | -0.0308      |
|    n_updates            | 5910         |
|    policy_gradient_loss | -0.00287     |
|    std                  | 0.87         |
|    value_loss           | 0.00344      |
------------------------------------------
-----------------------------------------
| rollout/                |             |
|    ep_len_mean          | 192         |
|    ep_rew_mean          | -1.14       |
| time/                   |             |
|    fps                  | 104         |
|    iterations           | 123         |
|    time_elapsed         | 302         |
|    total_timesteps      | 151808      |
| train/                  |             |
|    approx_kl            | 0.010454434 |
|    clip_fraction        | 0.121       |
|    clip_range           | 0.2         |
|    entropy_loss         | -2.56       |
|    explained_variance   | -0.000908   |
|    learning_rate        | 0.0003      |
|    loss                 | -0.0473     |
|    n_updates            | 5920        |
|    policy_gradient_loss | -0.0112     |
|    std                  | 0.866       |
|    value_loss           | 0.00352     |
-----------------------------------------
------------------------------------------
| rollout/                |              |
|    ep_len_mean          | 192          |
|    ep_rew_mean          | -1.14        |
| time/                   |              |
|    fps                  | 104          |
|    iterations           | 124          |
|    time_elapsed         | 304          |
|    total_timesteps      | 152064       |
| train/                  |              |
|    approx_kl            | 0.0047491714 |
|    clip_fraction        | 0.0621       |
|    clip_range           | 0.2          |
|    entropy_loss         | -2.54        |
|    explained_variance   | 3.64e-06     |
|    learning_rate        | 0.0003       |
|    loss                 | -0.0334      |
|    n_updates            | 5930         |
|    policy_gradient_loss | -0.00459     |
|    std                  | 0.863        |
|    value_loss           | 0.00309      |
------------------------------------------
------------------------------------------
| rollout/                |              |
|    ep_len_mean          | 192          |
|    ep_rew_mean          | -1.13        |
| time/                   |              |
|    fps                  | 104          |
|    iterations           | 125          |
|    time_elapsed         | 307          |
|    total_timesteps      | 152320       |
| train/                  |              |
|    approx_kl            | 0.0054515703 |
|    clip_fraction        | 0.0586       |
|    clip_range           | 0.2          |
|    entropy_loss         | -2.54        |
|    explained_variance   | 0.00305      |
|    learning_rate        | 0.0003       |
|    loss                 | -0.0182      |
|    n_updates            | 5940         |
|    policy_gradient_loss | -0.00561     |
|    std                  | 0.861        |
|    value_loss           | 0.00352      |
------------------------------------------
-----------------------------------------
| rollout/                |             |
|    ep_len_mean          | 192         |
|    ep_rew_mean          | -1.13       |
| time/                   |             |
|    fps                  | 104         |
|    iterations           | 126         |
|    time_elapsed         | 309         |
|    total_timesteps      | 152576      |
| train/                  |             |
|    approx_kl            | 0.008356301 |
|    clip_fraction        | 0.125       |
|    clip_range           | 0.2         |
|    entropy_loss         | -2.54       |
|    explained_variance   | 0.00154     |
|    learning_rate        | 0.0003      |
|    loss                 | -0.0448     |
|    n_updates            | 5950        |
|    policy_gradient_loss | -0.0104     |
|    std                  | 0.864       |
|    value_loss           | 0.00346     |
-----------------------------------------
-----------------------------------------
| rollout/                |             |
|    ep_len_mean          | 192         |
|    ep_rew_mean          | -1.14       |
| time/                   |             |
|    fps                  | 104         |
|    iterations           | 127         |
|    time_elapsed         | 312         |
|    total_timesteps      | 152832      |
| train/                  |             |
|    approx_kl            | 0.002070872 |
|    clip_fraction        | 0.0844      |
|    clip_range           | 0.2         |
|    entropy_loss         | -2.55       |
|    explained_variance   | 0.000795    |
|    learning_rate        | 0.0003      |
|    loss                 | -0.044      |
|    n_updates            | 5960        |
|    policy_gradient_loss | -0.00581    |
|    std                  | 0.864       |
|    value_loss           | 0.0034      |
-----------------------------------------
------------------------------------------
| rollout/                |              |
|    ep_len_mean          | 192          |
|    ep_rew_mean          | -1.14        |
| time/                   |              |
|    fps                  | 104          |
|    iterations           | 128          |
|    time_elapsed         | 314          |
|    total_timesteps      | 153088       |
| train/                  |              |
|    approx_kl            | 0.0029306696 |
|    clip_fraction        | 0.0324       |
|    clip_range           | 0.2          |
|    entropy_loss         | -2.54        |
|    explained_variance   | 0.000982     |
|    learning_rate        | 0.0003       |
|    loss                 | -0.0248      |
|    n_updates            | 5970         |
|    policy_gradient_loss | -0.00291     |
|    std                  | 0.86         |
|    value_loss           | 0.00358      |
------------------------------------------
-----------------------------------------
| rollout/                |             |
|    ep_len_mean          | 192         |
|    ep_rew_mean          | -1.13       |
| time/                   |             |
|    fps                  | 104         |
|    iterations           | 129         |
|    time_elapsed         | 317         |
|    total_timesteps      | 153344      |
| train/                  |             |
|    approx_kl            | 0.003925968 |
|    clip_fraction        | 0.057       |
|    clip_range           | 0.2         |
|    entropy_loss         | -2.53       |
|    explained_variance   | 0.000109    |
|    learning_rate        | 0.0003      |
|    loss                 | -0.0307     |
|    n_updates            | 5980        |
|    policy_gradient_loss | -0.00762    |
|    std                  | 0.853       |
|    value_loss           | 0.00348     |
-----------------------------------------
------------------------------------------
| rollout/                |              |
|    ep_len_mean          | 192          |
|    ep_rew_mean          | -1.13        |
| time/                   |              |
|    fps                  | 104          |
|    iterations           | 130          |
|    time_elapsed         | 319          |
|    total_timesteps      | 153600       |
| train/                  |              |
|    approx_kl            | 0.0025349762 |
|    clip_fraction        | 0.0375       |
|    clip_range           | 0.2          |
|    entropy_loss         | -2.52        |
|    explained_variance   | -0.0018      |
|    learning_rate        | 0.0003       |
|    loss                 | -0.0347      |
|    n_updates            | 5990         |
|    policy_gradient_loss | -0.00367     |
|    std                  | 0.852        |
|    value_loss           | 0.00319      |
------------------------------------------
-----------------------------------------
| rollout/                |             |
|    ep_len_mean          | 192         |
|    ep_rew_mean          | -1.13       |
| time/                   |             |
|    fps                  | 104         |
|    iterations           | 131         |
|    time_elapsed         | 321         |
|    total_timesteps      | 153856      |
| train/                  |             |
|    approx_kl            | 0.003140427 |
|    clip_fraction        | 0.0227      |
|    clip_range           | 0.2         |
|    entropy_loss         | -2.52       |
|    explained_variance   | 0.000105    |
|    learning_rate        | 0.0003      |
|    loss                 | -0.0235     |
|    n_updates            | 6000        |
|    policy_gradient_loss | -0.00198    |
|    std                  | 0.85        |
|    value_loss           | 0.0033      |
-----------------------------------------
------------------------------------------
| rollout/                |              |
|    ep_len_mean          | 190          |
|    ep_rew_mean          | -0.909       |
| time/                   |              |
|    fps                  | 104          |
|    iterations           | 132          |
|    time_elapsed         | 324          |
|    total_timesteps      | 154112       |
| train/                  |              |
|    approx_kl            | 0.0071581816 |
|    clip_fraction        | 0.05         |
|    clip_range           | 0.2          |
|    entropy_loss         | -2.51        |
|    explained_variance   | 0.000843     |
|    learning_rate        | 0.0003       |
|    loss                 | -0.0167      |
|    n_updates            | 6010         |
|    policy_gradient_loss | -0.00346     |
|    std                  | 0.854        |
|    value_loss           | 0.00312      |
------------------------------------------
-----------------------------------------
| rollout/                |             |
|    ep_len_mean          | 190         |
|    ep_rew_mean          | -0.912      |
| time/                   |             |
|    fps                  | 104         |
|    iterations           | 133         |
|    time_elapsed         | 326         |
|    total_timesteps      | 154368      |
| train/                  |             |
|    approx_kl            | 0.009931663 |
|    clip_fraction        | 0.113       |
|    clip_range           | 0.2         |
|    entropy_loss         | -2.52       |
|    explained_variance   | 8.4e-06     |
|    learning_rate        | 0.0003      |
|    loss                 | 3.43        |
|    n_updates            | 6020        |
|    policy_gradient_loss | -0.00469    |
|    std                  | 0.851       |
|    value_loss           | 1.72        |
-----------------------------------------
------------------------------------------
| rollout/                |              |
|    ep_len_mean          | 190          |
|    ep_rew_mean          | -0.911       |
| time/                   |              |
|    fps                  | 104          |
|    iterations           | 134          |
|    time_elapsed         | 329          |
|    total_timesteps      | 154624       |
| train/                  |              |
|    approx_kl            | 0.0076894383 |
|    clip_fraction        | 0.0566       |
|    clip_range           | 0.2          |
|    entropy_loss         | -2.51        |
|    explained_variance   | 0.000129     |
|    learning_rate        | 0.0003       |
|    loss                 | -0.0373      |
|    n_updates            | 6030         |
|    policy_gradient_loss | -0.00511     |
|    std                  | 0.851        |
|    value_loss           | 0.00355      |
------------------------------------------
------------------------------------------
| rollout/                |              |
|    ep_len_mean          | 190          |
|    ep_rew_mean          | -0.909       |
| time/                   |              |
|    fps                  | 104          |
|    iterations           | 135          |
|    time_elapsed         | 331          |
|    total_timesteps      | 154880       |
| train/                  |              |
|    approx_kl            | 0.0031177644 |
|    clip_fraction        | 0.025        |
|    clip_range           | 0.2          |
|    entropy_loss         | -2.52        |
|    explained_variance   | 0.000977     |
|    learning_rate        | 0.0003       |
|    loss                 | -0.0245      |
|    n_updates            | 6040         |
|    policy_gradient_loss | -0.00125     |
|    std                  | 0.851        |
|    value_loss           | 0.00317      |
------------------------------------------
-----------------------------------------
| rollout/                |             |
|    ep_len_mean          | 190         |
|    ep_rew_mean          | -0.903      |
| time/                   |             |
|    fps                  | 104         |
|    iterations           | 136         |
|    time_elapsed         | 334         |
|    total_timesteps      | 155136      |
| train/                  |             |
|    approx_kl            | 0.006413134 |
|    clip_fraction        | 0.123       |
|    clip_range           | 0.2         |
|    entropy_loss         | -2.52       |
|    explained_variance   | 0.000418    |
|    learning_rate        | 0.0003      |
|    loss                 | -0.0416     |
|    n_updates            | 6050        |
|    policy_gradient_loss | -0.00716    |
|    std                  | 0.85        |
|    value_loss           | 0.00323     |
-----------------------------------------
------------------------------------------
| rollout/                |              |
|    ep_len_mean          | 190          |
|    ep_rew_mean          | -0.899       |
| time/                   |              |
|    fps                  | 104          |
|    iterations           | 137          |
|    time_elapsed         | 336          |
|    total_timesteps      | 155392       |
| train/                  |              |
|    approx_kl            | 0.0028177616 |
|    clip_fraction        | 0.0168       |
|    clip_range           | 0.2          |
|    entropy_loss         | -2.51        |
|    explained_variance   | 0.00205      |
|    learning_rate        | 0.0003       |
|    loss                 | -0.0224      |
|    n_updates            | 6060         |
|    policy_gradient_loss | -0.00162     |
|    std                  | 0.852        |
|    value_loss           | 0.00319      |
------------------------------------------
-----------------------------------------
| rollout/                |             |
|    ep_len_mean          | 190         |
|    ep_rew_mean          | -0.899      |
| time/                   |             |
|    fps                  | 104         |
|    iterations           | 138         |
|    time_elapsed         | 339         |
|    total_timesteps      | 155648      |
| train/                  |             |
|    approx_kl            | 0.004092143 |
|    clip_fraction        | 0.0426      |
|    clip_range           | 0.2         |
|    entropy_loss         | -2.52       |
|    explained_variance   | 0.0101      |
|    learning_rate        | 0.0003      |
|    loss                 | -0.0115     |
|    n_updates            | 6070        |
|    policy_gradient_loss | -0.00412    |
|    std                  | 0.852       |
|    value_loss           | 0.00361     |
-----------------------------------------
-----------------------------------------
| rollout/                |             |
|    ep_len_mean          | 190         |
|    ep_rew_mean          | -0.898      |
| time/                   |             |
|    fps                  | 104         |
|    iterations           | 139         |
|    time_elapsed         | 341         |
|    total_timesteps      | 155904      |
| train/                  |             |
|    approx_kl            | 0.002804306 |
|    clip_fraction        | 0.0523      |
|    clip_range           | 0.2         |
|    entropy_loss         | -2.52       |
|    explained_variance   | 0.00985     |
|    learning_rate        | 0.0003      |
|    loss                 | -0.0349     |
|    n_updates            | 6080        |
|    policy_gradient_loss | -0.00474    |
|    std                  | 0.852       |
|    value_loss           | 0.00347     |
-----------------------------------------
-----------------------------------------
| rollout/                |             |
|    ep_len_mean          | 190         |
|    ep_rew_mean          | -0.896      |
| time/                   |             |
|    fps                  | 104         |
|    iterations           | 140         |
|    time_elapsed         | 344         |
|    total_timesteps      | 156160      |
| train/                  |             |
|    approx_kl            | 0.006384844 |
|    clip_fraction        | 0.0609      |
|    clip_range           | 0.2         |
|    entropy_loss         | -2.52       |
|    explained_variance   | 0.000831    |
|    learning_rate        | 0.0003      |
|    loss                 | -0.0237     |
|    n_updates            | 6090        |
|    policy_gradient_loss | -0.00397    |
|    std                  | 0.855       |
|    value_loss           | 0.00303     |
-----------------------------------------
------------------------------------------
| rollout/                |              |
|    ep_len_mean          | 190          |
|    ep_rew_mean          | -0.897       |
| time/                   |              |
|    fps                  | 104          |
|    iterations           | 141          |
|    time_elapsed         | 346          |
|    total_timesteps      | 156416       |
| train/                  |              |
|    approx_kl            | 0.0056856396 |
|    clip_fraction        | 0.0121       |
|    clip_range           | 0.2          |
|    entropy_loss         | -2.53        |
|    explained_variance   | 0.00517      |
|    learning_rate        | 0.0003       |
|    loss                 | -0.0219      |
|    n_updates            | 6100         |
|    policy_gradient_loss | -0.000827    |
|    std                  | 0.855        |
|    value_loss           | 0.00345      |
------------------------------------------
-----------------------------------------
| rollout/                |             |
|    ep_len_mean          | 190         |
|    ep_rew_mean          | -0.901      |
| time/                   |             |
|    fps                  | 104         |
|    iterations           | 142         |
|    time_elapsed         | 348         |
|    total_timesteps      | 156672      |
| train/                  |             |
|    approx_kl            | 0.005283528 |
|    clip_fraction        | 0.0293      |
|    clip_range           | 0.2         |
|    entropy_loss         | -2.52       |
|    explained_variance   | 0.0017      |
|    learning_rate        | 0.0003      |
|    loss                 | -0.0325     |
|    n_updates            | 6110        |
|    policy_gradient_loss | -0.00229    |
|    std                  | 0.854       |
|    value_loss           | 0.00375     |
-----------------------------------------
-----------------------------------------
| rollout/                |             |
|    ep_len_mean          | 190         |
|    ep_rew_mean          | -0.902      |
| time/                   |             |
|    fps                  | 104         |
|    iterations           | 143         |
|    time_elapsed         | 351         |
|    total_timesteps      | 156928      |
| train/                  |             |
|    approx_kl            | 0.004845611 |
|    clip_fraction        | 0.052       |
|    clip_range           | 0.2         |
|    entropy_loss         | -2.52       |
|    explained_variance   | 0.000681    |
|    learning_rate        | 0.0003      |
|    loss                 | -0.0327     |
|    n_updates            | 6120        |
|    policy_gradient_loss | -0.00374    |
|    std                  | 0.85        |
|    value_loss           | 0.00364     |
-----------------------------------------
-----------------------------------------
| rollout/                |             |
|    ep_len_mean          | 190         |
|    ep_rew_mean          | -0.904      |
| time/                   |             |
|    fps                  | 104         |
|    iterations           | 144         |
|    time_elapsed         | 353         |
|    total_timesteps      | 157184      |
| train/                  |             |
|    approx_kl            | 0.004239253 |
|    clip_fraction        | 0.0273      |
|    clip_range           | 0.2         |
|    entropy_loss         | -2.51       |
|    explained_variance   | 0.00421     |
|    learning_rate        | 0.0003      |
|    loss                 | -0.0372     |
|    n_updates            | 6130        |
|    policy_gradient_loss | -0.00162    |
|    std                  | 0.853       |
|    value_loss           | 0.00342     |
-----------------------------------------
-----------------------------------------
| rollout/                |             |
|    ep_len_mean          | 190         |
|    ep_rew_mean          | -0.904      |
| time/                   |             |
|    fps                  | 104         |
|    iterations           | 145         |
|    time_elapsed         | 356         |
|    total_timesteps      | 157440      |
| train/                  |             |
|    approx_kl            | 0.008477656 |
|    clip_fraction        | 0.111       |
|    clip_range           | 0.2         |
|    entropy_loss         | -2.52       |
|    explained_variance   | 0.00711     |
|    learning_rate        | 0.0003      |
|    loss                 | -0.0479     |
|    n_updates            | 6140        |
|    policy_gradient_loss | -0.00755    |
|    std                  | 0.853       |
|    value_loss           | 0.0038      |
-----------------------------------------
------------------------------------------
| rollout/                |              |
|    ep_len_mean          | 192          |
|    ep_rew_mean          | -1.12        |
| time/                   |              |
|    fps                  | 104          |
|    iterations           | 146          |
|    time_elapsed         | 358          |
|    total_timesteps      | 157696       |
| train/                  |              |
|    approx_kl            | 0.0023885812 |
|    clip_fraction        | 0.0383       |
|    clip_range           | 0.2          |
|    entropy_loss         | -2.52        |
|    explained_variance   | 0.000953     |
|    learning_rate        | 0.0003       |
|    loss                 | -0.0346      |
|    n_updates            | 6150         |
|    policy_gradient_loss | -0.0036      |
|    std                  | 0.853        |
|    value_loss           | 0.00371      |
------------------------------------------
------------------------------------------
| rollout/                |              |
|    ep_len_mean          | 192          |
|    ep_rew_mean          | -1.12        |
| time/                   |              |
|    fps                  | 104          |
|    iterations           | 147          |
|    time_elapsed         | 361          |
|    total_timesteps      | 157952       |
| train/                  |              |
|    approx_kl            | 0.0033448632 |
|    clip_fraction        | 0.0043       |
|    clip_range           | 0.2          |
|    entropy_loss         | -2.52        |
|    explained_variance   | 0.00037      |
|    learning_rate        | 0.0003       |
|    loss                 | -0.0366      |
|    n_updates            | 6160         |
|    policy_gradient_loss | -0.000375    |
|    std                  | 0.854        |
|    value_loss           | 0.0037       |
------------------------------------------
------------------------------------------
| rollout/                |              |
|    ep_len_mean          | 192          |
|    ep_rew_mean          | -1.12        |
| time/                   |              |
|    fps                  | 104          |
|    iterations           | 148          |
|    time_elapsed         | 363          |
|    total_timesteps      | 158208       |
| train/                  |              |
|    approx_kl            | 0.0076026907 |
|    clip_fraction        | 0.0922       |
|    clip_range           | 0.2          |
|    entropy_loss         | -2.52        |
|    explained_variance   | 0.00988      |
|    learning_rate        | 0.0003       |
|    loss                 | -0.0372      |
|    n_updates            | 6170         |
|    policy_gradient_loss | -0.00676     |
|    std                  | 0.855        |
|    value_loss           | 0.00348      |
------------------------------------------
------------------------------------------
| rollout/                |              |
|    ep_len_mean          | 192          |
|    ep_rew_mean          | -1.11        |
| time/                   |              |
|    fps                  | 104          |
|    iterations           | 149          |
|    time_elapsed         | 365          |
|    total_timesteps      | 158464       |
| train/                  |              |
|    approx_kl            | 0.0066117244 |
|    clip_fraction        | 0.0914       |
|    clip_range           | 0.2          |
|    entropy_loss         | -2.52        |
|    explained_variance   | 0.000793     |
|    learning_rate        | 0.0003       |
|    loss                 | -0.0347      |
|    n_updates            | 6180         |
|    policy_gradient_loss | -0.00849     |
|    std                  | 0.852        |
|    value_loss           | 0.00395      |
------------------------------------------
-----------------------------------------
| rollout/                |             |
|    ep_len_mean          | 192         |
|    ep_rew_mean          | -1.11       |
| time/                   |             |
|    fps                  | 104         |
|    iterations           | 150         |
|    time_elapsed         | 368         |
|    total_timesteps      | 158720      |
| train/                  |             |
|    approx_kl            | 0.005118208 |
|    clip_fraction        | 0.0605      |
|    clip_range           | 0.2         |
|    entropy_loss         | -2.52       |
|    explained_variance   | 0.00878     |
|    learning_rate        | 0.0003      |
|    loss                 | -0.034      |
|    n_updates            | 6190        |
|    policy_gradient_loss | -0.0048     |
|    std                  | 0.85        |
|    value_loss           | 0.00435     |
-----------------------------------------
------------------------------------------
| rollout/                |              |
|    ep_len_mean          | 191          |
|    ep_rew_mean          | -0.902       |
| time/                   |              |
|    fps                  | 104          |
|    iterations           | 151          |
|    time_elapsed         | 371          |
|    total_timesteps      | 158976       |
| train/                  |              |
|    approx_kl            | 0.0038564021 |
|    clip_fraction        | 0.0391       |
|    clip_range           | 0.2          |
|    entropy_loss         | -2.51        |
|    explained_variance   | -0.0257      |
|    learning_rate        | 0.0003       |
|    loss                 | -0.032       |
|    n_updates            | 6200         |
|    policy_gradient_loss | -0.00348     |
|    std                  | 0.848        |
|    value_loss           | 0.00414      |
------------------------------------------
-----------------------------------------
| rollout/                |             |
|    ep_len_mean          | 191         |
|    ep_rew_mean          | -0.902      |
| time/                   |             |
|    fps                  | 104         |
|    iterations           | 152         |
|    time_elapsed         | 373         |
|    total_timesteps      | 159232      |
| train/                  |             |
|    approx_kl            | 0.006024074 |
|    clip_fraction        | 0.0328      |
|    clip_range           | 0.2         |
|    entropy_loss         | -2.51       |
|    explained_variance   | 0.000126    |
|    learning_rate        | 0.0003      |
|    loss                 | 8.01        |
|    n_updates            | 6210        |
|    policy_gradient_loss | -0.00633    |
|    std                  | 0.848       |
|    value_loss           | 13.5        |
-----------------------------------------
-----------------------------------------
| rollout/                |             |
|    ep_len_mean          | 191         |
|    ep_rew_mean          | -0.9        |
| time/                   |             |
|    fps                  | 104         |
|    iterations           | 153         |
|    time_elapsed         | 376         |
|    total_timesteps      | 159488      |
| train/                  |             |
|    approx_kl            | 0.008132463 |
|    clip_fraction        | 0.0223      |
|    clip_range           | 0.2         |
|    entropy_loss         | -2.51       |
|    explained_variance   | 0.000954    |
|    learning_rate        | 0.0003      |
|    loss                 | -0.0165     |
|    n_updates            | 6220        |
|    policy_gradient_loss | -0.00157    |
|    std                  | 0.853       |
|    value_loss           | 0.0116      |
-----------------------------------------
------------------------------------------
| rollout/                |              |
|    ep_len_mean          | 190          |
|    ep_rew_mean          | -0.686       |
| time/                   |              |
|    fps                  | 104          |
|    iterations           | 154          |
|    time_elapsed         | 378          |
|    total_timesteps      | 159744       |
| train/                  |              |
|    approx_kl            | 0.0060626036 |
|    clip_fraction        | 0.0676       |
|    clip_range           | 0.2          |
|    entropy_loss         | -2.52        |
|    explained_variance   | 0.00374      |
|    learning_rate        | 0.0003       |
|    loss                 | -0.033       |
|    n_updates            | 6230         |
|    policy_gradient_loss | -0.00663     |
|    std                  | 0.852        |
|    value_loss           | 0.0142       |
------------------------------------------
-----------------------------------------
| rollout/                |             |
|    ep_len_mean          | 190         |
|    ep_rew_mean          | -0.69       |
| time/                   |             |
|    fps                  | 104         |
|    iterations           | 155         |
|    time_elapsed         | 381         |
|    total_timesteps      | 160000      |
| train/                  |             |
|    approx_kl            | 0.009818606 |
|    clip_fraction        | 0.0344      |
|    clip_range           | 0.2         |
|    entropy_loss         | -2.52       |
|    explained_variance   | -0.00014    |
|    learning_rate        | 0.0003      |
|    loss                 | 2.75        |
|    n_updates            | 6240        |
|    policy_gradient_loss | -0.00218    |
|    std                  | 0.852       |
|    value_loss           | 12.6        |
-----------------------------------------
------------------------------------------
| rollout/                |              |
|    ep_len_mean          | 190          |
|    ep_rew_mean          | -0.689       |
| time/                   |              |
|    fps                  | 104          |
|    iterations           | 156          |
|    time_elapsed         | 383          |
|    total_timesteps      | 160256       |
| train/                  |              |
|    approx_kl            | 0.0098890895 |
|    clip_fraction        | 0.135        |
|    clip_range           | 0.2          |
|    entropy_loss         | -2.52        |
|    explained_variance   | -0.000239    |
|    learning_rate        | 0.0003       |
|    loss                 | -0.0305      |
|    n_updates            | 6250         |
|    policy_gradient_loss | -0.0101      |
|    std                  | 0.853        |
|    value_loss           | 0.0265       |
------------------------------------------
-----------------------------------------
| rollout/                |             |
|    ep_len_mean          | 192         |
|    ep_rew_mean          | -0.913      |
| time/                   |             |
|    fps                  | 104         |
|    iterations           | 157         |
|    time_elapsed         | 386         |
|    total_timesteps      | 160512      |
| train/                  |             |
|    approx_kl            | 0.005130548 |
|    clip_fraction        | 0.111       |
|    clip_range           | 0.2         |
|    entropy_loss         | -2.53       |
|    explained_variance   | 0.000674    |
|    learning_rate        | 0.0003      |
|    loss                 | -0.016      |
|    n_updates            | 6260        |
|    policy_gradient_loss | -0.00997    |
|    std                  | 0.858       |
|    value_loss           | 0.0236      |
-----------------------------------------
-----------------------------------------
| rollout/                |             |
|    ep_len_mean          | 192         |
|    ep_rew_mean          | -0.915      |
| time/                   |             |
|    fps                  | 104         |
|    iterations           | 158         |
|    time_elapsed         | 388         |
|    total_timesteps      | 160768      |
| train/                  |             |
|    approx_kl            | 0.007890699 |
|    clip_fraction        | 0.0797      |
|    clip_range           | 0.2         |
|    entropy_loss         | -2.53       |
|    explained_variance   | 0.00623     |
|    learning_rate        | 0.0003      |
|    loss                 | -0.0142     |
|    n_updates            | 6270        |
|    policy_gradient_loss | -0.00645    |
|    std                  | 0.859       |
|    value_loss           | 0.0154      |
-----------------------------------------
------------------------------------------
| rollout/                |              |
|    ep_len_mean          | 192          |
|    ep_rew_mean          | -0.918       |
| time/                   |              |
|    fps                  | 104          |
|    iterations           | 159          |
|    time_elapsed         | 391          |
|    total_timesteps      | 161024       |
| train/                  |              |
|    approx_kl            | 0.0037847247 |
|    clip_fraction        | 0.0719       |
|    clip_range           | 0.2          |
|    entropy_loss         | -2.54        |
|    explained_variance   | 0.000884     |
|    learning_rate        | 0.0003       |
|    loss                 | -0.0454      |
|    n_updates            | 6280         |
|    policy_gradient_loss | -0.00685     |
|    std                  | 0.862        |
|    value_loss           | 0.0155       |
------------------------------------------
-----------------------------------------
| rollout/                |             |
|    ep_len_mean          | 192         |
|    ep_rew_mean          | -0.92       |
| time/                   |             |
|    fps                  | 104         |
|    iterations           | 160         |
|    time_elapsed         | 393         |
|    total_timesteps      | 161280      |
| train/                  |             |
|    approx_kl            | 0.004849283 |
|    clip_fraction        | 0.018       |
|    clip_range           | 0.2         |
|    entropy_loss         | -2.54       |
|    explained_variance   | -0.00144    |
|    learning_rate        | 0.0003      |
|    loss                 | -0.0318     |
|    n_updates            | 6290        |
|    policy_gradient_loss | -0.00214    |
|    std                  | 0.863       |
|    value_loss           | 0.0119      |
-----------------------------------------
------------------------------------------
| rollout/                |              |
|    ep_len_mean          | 192          |
|    ep_rew_mean          | -0.917       |
| time/                   |              |
|    fps                  | 104          |
|    iterations           | 161          |
|    time_elapsed         | 396          |
|    total_timesteps      | 161536       |
| train/                  |              |
|    approx_kl            | 0.0040439973 |
|    clip_fraction        | 0.0727       |
|    clip_range           | 0.2          |
|    entropy_loss         | -2.55        |
|    explained_variance   | 0.00208      |
|    learning_rate        | 0.0003       |
|    loss                 | -0.0371      |
|    n_updates            | 6300         |
|    policy_gradient_loss | -0.00507     |
|    std                  | 0.865        |
|    value_loss           | 0.00959      |
------------------------------------------
---------------------------------------
| rollout/                |           |
|    ep_len_mean          | 192       |
|    ep_rew_mean          | -0.919    |
| time/                   |           |
|    fps                  | 104       |
|    iterations           | 162       |
|    time_elapsed         | 398       |
|    total_timesteps      | 161792    |
| train/                  |           |
|    approx_kl            | 0.0093546 |
|    clip_fraction        | 0.0977    |
|    clip_range           | 0.2       |
|    entropy_loss         | -2.55     |
|    explained_variance   | -0.00326  |
|    learning_rate        | 0.0003    |
|    loss                 | -0.00607  |
|    n_updates            | 6310      |
|    policy_gradient_loss | -0.00499  |
|    std                  | 0.864     |
|    value_loss           | 0.00526   |
---------------------------------------
------------------------------------------
| rollout/                |              |
|    ep_len_mean          | 192          |
|    ep_rew_mean          | -0.916       |
| time/                   |              |
|    fps                  | 104          |
|    iterations           | 163          |
|    time_elapsed         | 400          |
|    total_timesteps      | 162048       |
| train/                  |              |
|    approx_kl            | 0.0049918713 |
|    clip_fraction        | 0.0797       |
|    clip_range           | 0.2          |
|    entropy_loss         | -2.54        |
|    explained_variance   | -0.00242     |
|    learning_rate        | 0.0003       |
|    loss                 | -0.03        |
|    n_updates            | 6320         |
|    policy_gradient_loss | -0.00759     |
|    std                  | 0.859        |
|    value_loss           | 0.00636      |
------------------------------------------
------------------------------------------
| rollout/                |              |
|    ep_len_mean          | 192          |
|    ep_rew_mean          | -0.921       |
| time/                   |              |
|    fps                  | 104          |
|    iterations           | 164          |
|    time_elapsed         | 403          |
|    total_timesteps      | 162304       |
| train/                  |              |
|    approx_kl            | 0.0035236483 |
|    clip_fraction        | 0.0672       |
|    clip_range           | 0.2          |
|    entropy_loss         | -2.53        |
|    explained_variance   | -0.000209    |
|    learning_rate        | 0.0003       |
|    loss                 | -0.0281      |
|    n_updates            | 6330         |
|    policy_gradient_loss | -0.00395     |
|    std                  | 0.857        |
|    value_loss           | 0.00482      |
------------------------------------------
-----------------------------------------
| rollout/                |             |
|    ep_len_mean          | 192         |
|    ep_rew_mean          | -0.92       |
| time/                   |             |
|    fps                  | 104         |
|    iterations           | 165         |
|    time_elapsed         | 406         |
|    total_timesteps      | 162560      |
| train/                  |             |
|    approx_kl            | 0.006633944 |
|    clip_fraction        | 0.0836      |
|    clip_range           | 0.2         |
|    entropy_loss         | -2.53       |
|    explained_variance   | 0.00142     |
|    learning_rate        | 0.0003      |
|    loss                 | -0.036      |
|    n_updates            | 6340        |
|    policy_gradient_loss | -0.0069     |
|    std                  | 0.859       |
|    value_loss           | 0.00662     |
-----------------------------------------
------------------------------------------
| rollout/                |              |
|    ep_len_mean          | 192          |
|    ep_rew_mean          | -0.92        |
| time/                   |              |
|    fps                  | 104          |
|    iterations           | 166          |
|    time_elapsed         | 408          |
|    total_timesteps      | 162816       |
| train/                  |              |
|    approx_kl            | 0.0070837494 |
|    clip_fraction        | 0.0844       |
|    clip_range           | 0.2          |
|    entropy_loss         | -2.54        |
|    explained_variance   | 2.22e-05     |
|    learning_rate        | 0.0003       |
|    loss                 | -0.0237      |
|    n_updates            | 6350         |
|    policy_gradient_loss | -0.00639     |
|    std                  | 0.86         |
|    value_loss           | 0.00904      |
------------------------------------------
------------------------------------------
| rollout/                |              |
|    ep_len_mean          | 192          |
|    ep_rew_mean          | -0.915       |
| time/                   |              |
|    fps                  | 104          |
|    iterations           | 167          |
|    time_elapsed         | 410          |
|    total_timesteps      | 163072       |
| train/                  |              |
|    approx_kl            | 0.0020629622 |
|    clip_fraction        | 0.0137       |
|    clip_range           | 0.2          |
|    entropy_loss         | -2.54        |
|    explained_variance   | 0.000201     |
|    learning_rate        | 0.0003       |
|    loss                 | -0.0323      |
|    n_updates            | 6360         |
|    policy_gradient_loss | -0.00105     |
|    std                  | 0.86         |
|    value_loss           | 0.00642      |
------------------------------------------
-----------------------------------------
| rollout/                |             |
|    ep_len_mean          | 192         |
|    ep_rew_mean          | -0.92       |
| time/                   |             |
|    fps                  | 104         |
|    iterations           | 168         |
|    time_elapsed         | 413         |
|    total_timesteps      | 163328      |
| train/                  |             |
|    approx_kl            | 0.007909739 |
|    clip_fraction        | 0.0824      |
|    clip_range           | 0.2         |
|    entropy_loss         | -2.54       |
|    explained_variance   | 0.00081     |
|    learning_rate        | 0.0003      |
|    loss                 | -0.0296     |
|    n_updates            | 6370        |
|    policy_gradient_loss | -0.0086     |
|    std                  | 0.859       |
|    value_loss           | 0.00742     |
-----------------------------------------
----------------------------------------
| rollout/                |            |
|    ep_len_mean          | 192        |
|    ep_rew_mean          | -0.915     |
| time/                   |            |
|    fps                  | 104        |
|    iterations           | 169        |
|    time_elapsed         | 415        |
|    total_timesteps      | 163584     |
| train/                  |            |
|    approx_kl            | 0.00463506 |
|    clip_fraction        | 0.0242     |
|    clip_range           | 0.2        |
|    entropy_loss         | -2.53      |
|    explained_variance   | 0.000788   |
|    learning_rate        | 0.0003     |
|    loss                 | -0.0294    |
|    n_updates            | 6380       |
|    policy_gradient_loss | -0.00308   |
|    std                  | 0.857      |
|    value_loss           | 0.00574    |
----------------------------------------
------------------------------------------
| rollout/                |              |
|    ep_len_mean          | 192          |
|    ep_rew_mean          | -0.911       |
| time/                   |              |
|    fps                  | 104          |
|    iterations           | 170          |
|    time_elapsed         | 417          |
|    total_timesteps      | 163840       |
| train/                  |              |
|    approx_kl            | 0.0062816474 |
|    clip_fraction        | 0.0609       |
|    clip_range           | 0.2          |
|    entropy_loss         | -2.53        |
|    explained_variance   | -0.00278     |
|    learning_rate        | 0.0003       |
|    loss                 | 0.00141      |
|    n_updates            | 6390         |
|    policy_gradient_loss | -0.00616     |
|    std                  | 0.856        |
|    value_loss           | 0.00492      |
------------------------------------------
------------------------------------------
| rollout/                |              |
|    ep_len_mean          | 192          |
|    ep_rew_mean          | -0.913       |
| time/                   |              |
|    fps                  | 104          |
|    iterations           | 171          |
|    time_elapsed         | 420          |
|    total_timesteps      | 164096       |
| train/                  |              |
|    approx_kl            | 0.0057443967 |
|    clip_fraction        | 0.0703       |
|    clip_range           | 0.2          |
|    entropy_loss         | -2.53        |
|    explained_variance   | -0.0003      |
|    learning_rate        | 0.0003       |
|    loss                 | -0.0306      |
|    n_updates            | 6400         |
|    policy_gradient_loss | -0.0065      |
|    std                  | 0.857        |
|    value_loss           | 0.00691      |
------------------------------------------
------------------------------------------
| rollout/                |              |
|    ep_len_mean          | 192          |
|    ep_rew_mean          | -0.912       |
| time/                   |              |
|    fps                  | 104          |
|    iterations           | 172          |
|    time_elapsed         | 422          |
|    total_timesteps      | 164352       |
| train/                  |              |
|    approx_kl            | 0.0052792463 |
|    clip_fraction        | 0.0211       |
|    clip_range           | 0.2          |
|    entropy_loss         | -2.53        |
|    explained_variance   | -0.00268     |
|    learning_rate        | 0.0003       |
|    loss                 | -0.0171      |
|    n_updates            | 6410         |
|    policy_gradient_loss | -0.00141     |
|    std                  | 0.862        |
|    value_loss           | 0.00531      |
------------------------------------------
------------------------------------------
| rollout/                |              |
|    ep_len_mean          | 192          |
|    ep_rew_mean          | -0.909       |
| time/                   |              |
|    fps                  | 104          |
|    iterations           | 173          |
|    time_elapsed         | 425          |
|    total_timesteps      | 164608       |
| train/                  |              |
|    approx_kl            | 0.0037232686 |
|    clip_fraction        | 0.00273      |
|    clip_range           | 0.2          |
|    entropy_loss         | -2.54        |
|    explained_variance   | 0.00211      |
|    learning_rate        | 0.0003       |
|    loss                 | -0.0313      |
|    n_updates            | 6420         |
|    policy_gradient_loss | -0.00023     |
|    std                  | 0.864        |
|    value_loss           | 0.00918      |
------------------------------------------
-----------------------------------------
| rollout/                |             |
|    ep_len_mean          | 192         |
|    ep_rew_mean          | -0.919      |
| time/                   |             |
|    fps                  | 104         |
|    iterations           | 174         |
|    time_elapsed         | 427         |
|    total_timesteps      | 164864      |
| train/                  |             |
|    approx_kl            | 0.004773479 |
|    clip_fraction        | 0.118       |
|    clip_range           | 0.2         |
|    entropy_loss         | -2.54       |
|    explained_variance   | 0.00211     |
|    learning_rate        | 0.0003      |
|    loss                 | -0.0477     |
|    n_updates            | 6430        |
|    policy_gradient_loss | -0.0125     |
|    std                  | 0.861       |
|    value_loss           | 0.00526     |
-----------------------------------------
------------------------------------------
| rollout/                |              |
|    ep_len_mean          | 192          |
|    ep_rew_mean          | -0.925       |
| time/                   |              |
|    fps                  | 104          |
|    iterations           | 175          |
|    time_elapsed         | 430          |
|    total_timesteps      | 165120       |
| train/                  |              |
|    approx_kl            | 0.0060678837 |
|    clip_fraction        | 0.129        |
|    clip_range           | 0.2          |
|    entropy_loss         | -2.54        |
|    explained_variance   | -0.000939    |
|    learning_rate        | 0.0003       |
|    loss                 | -0.0381      |
|    n_updates            | 6440         |
|    policy_gradient_loss | -0.0089      |
|    std                  | 0.859        |
|    value_loss           | 0.00379      |
------------------------------------------
------------------------------------------
| rollout/                |              |
|    ep_len_mean          | 192          |
|    ep_rew_mean          | -0.934       |
| time/                   |              |
|    fps                  | 104          |
|    iterations           | 176          |
|    time_elapsed         | 432          |
|    total_timesteps      | 165376       |
| train/                  |              |
|    approx_kl            | 0.0065847784 |
|    clip_fraction        | 0.0691       |
|    clip_range           | 0.2          |
|    entropy_loss         | -2.53        |
|    explained_variance   | 0.00329      |
|    learning_rate        | 0.0003       |
|    loss                 | -0.0288      |
|    n_updates            | 6450         |
|    policy_gradient_loss | -0.00635     |
|    std                  | 0.856        |
|    value_loss           | 0.00612      |
------------------------------------------
------------------------------------------
| rollout/                |              |
|    ep_len_mean          | 192          |
|    ep_rew_mean          | -0.934       |
| time/                   |              |
|    fps                  | 104          |
|    iterations           | 177          |
|    time_elapsed         | 434          |
|    total_timesteps      | 165632       |
| train/                  |              |
|    approx_kl            | 0.0039453763 |
|    clip_fraction        | 0.0348       |
|    clip_range           | 0.2          |
|    entropy_loss         | -2.53        |
|    explained_variance   | 0.00409      |
|    learning_rate        | 0.0003       |
|    loss                 | -0.0203      |
|    n_updates            | 6460         |
|    policy_gradient_loss | -0.00477     |
|    std                  | 0.86         |
|    value_loss           | 0.0033       |
------------------------------------------
-----------------------------------------
| rollout/                |             |
|    ep_len_mean          | 192         |
|    ep_rew_mean          | -0.936      |
| time/                   |             |
|    fps                  | 104         |
|    iterations           | 178         |
|    time_elapsed         | 437         |
|    total_timesteps      | 165888      |
| train/                  |             |
|    approx_kl            | 0.004495162 |
|    clip_fraction        | 0.0414      |
|    clip_range           | 0.2         |
|    entropy_loss         | -2.54       |
|    explained_variance   | 0.00427     |
|    learning_rate        | 0.0003      |
|    loss                 | -0.0257     |
|    n_updates            | 6470        |
|    policy_gradient_loss | -0.00408    |
|    std                  | 0.863       |
|    value_loss           | 0.00672     |
-----------------------------------------
------------------------------------------
| rollout/                |              |
|    ep_len_mean          | 192          |
|    ep_rew_mean          | -0.947       |
| time/                   |              |
|    fps                  | 103          |
|    iterations           | 179          |
|    time_elapsed         | 441          |
|    total_timesteps      | 166144       |
| train/                  |              |
|    approx_kl            | 0.0042408146 |
|    clip_fraction        | 0.0449       |
|    clip_range           | 0.2          |
|    entropy_loss         | -2.54        |
|    explained_variance   | 0.00143      |
|    learning_rate        | 0.0003       |
|    loss                 | -0.0299      |
|    n_updates            | 6480         |
|    policy_gradient_loss | -0.00423     |
|    std                  | 0.862        |
|    value_loss           | 0.00307      |
------------------------------------------
------------------------------------------
| rollout/                |              |
|    ep_len_mean          | 192          |
|    ep_rew_mean          | -0.948       |
| time/                   |              |
|    fps                  | 103          |
|    iterations           | 180          |
|    time_elapsed         | 444          |
|    total_timesteps      | 166400       |
| train/                  |              |
|    approx_kl            | 0.0057153655 |
|    clip_fraction        | 0.0754       |
|    clip_range           | 0.2          |
|    entropy_loss         | -2.54        |
|    explained_variance   | -0.000612    |
|    learning_rate        | 0.0003       |
|    loss                 | -0.0365      |
|    n_updates            | 6490         |
|    policy_gradient_loss | -0.00861     |
|    std                  | 0.861        |
|    value_loss           | 0.00755      |
------------------------------------------
------------------------------------------
| rollout/                |              |
|    ep_len_mean          | 192          |
|    ep_rew_mean          | -0.958       |
| time/                   |              |
|    fps                  | 103          |
|    iterations           | 181          |
|    time_elapsed         | 446          |
|    total_timesteps      | 166656       |
| train/                  |              |
|    approx_kl            | 0.0037880656 |
|    clip_fraction        | 0.0422       |
|    clip_range           | 0.2          |
|    entropy_loss         | -2.54        |
|    explained_variance   | 0.000778     |
|    learning_rate        | 0.0003       |
|    loss                 | -0.0288      |
|    n_updates            | 6500         |
|    policy_gradient_loss | -0.00283     |
|    std                  | 0.864        |
|    value_loss           | 0.00342      |
------------------------------------------
-------------------------------------------
| rollout/                |               |
|    ep_len_mean          | 192           |
|    ep_rew_mean          | -0.953        |
| time/                   |               |
|    fps                  | 103           |
|    iterations           | 182           |
|    time_elapsed         | 449           |
|    total_timesteps      | 166912        |
| train/                  |               |
|    approx_kl            | 0.00092317746 |
|    clip_fraction        | 0.000391      |
|    clip_range           | 0.2           |
|    entropy_loss         | -2.55         |
|    explained_variance   | -0.000175     |
|    learning_rate        | 0.0003        |
|    loss                 | -0.0241       |
|    n_updates            | 6510          |
|    policy_gradient_loss | -0.00124      |
|    std                  | 0.87          |
|    value_loss           | 0.0103        |
-------------------------------------------
-----------------------------------------
| rollout/                |             |
|    ep_len_mean          | 192         |
|    ep_rew_mean          | -0.955      |
| time/                   |             |
|    fps                  | 103         |
|    iterations           | 183         |
|    time_elapsed         | 451         |
|    total_timesteps      | 167168      |
| train/                  |             |
|    approx_kl            | 0.005578881 |
|    clip_fraction        | 0.0883      |
|    clip_range           | 0.2         |
|    entropy_loss         | -2.56       |
|    explained_variance   | -0.00124    |
|    learning_rate        | 0.0003      |
|    loss                 | -0.0499     |
|    n_updates            | 6520        |
|    policy_gradient_loss | -0.0104     |
|    std                  | 0.871       |
|    value_loss           | 0.00946     |
-----------------------------------------
------------------------------------------
| rollout/                |              |
|    ep_len_mean          | 192          |
|    ep_rew_mean          | -0.959       |
| time/                   |              |
|    fps                  | 103          |
|    iterations           | 184          |
|    time_elapsed         | 453          |
|    total_timesteps      | 167424       |
| train/                  |              |
|    approx_kl            | 0.0065695113 |
|    clip_fraction        | 0.0477       |
|    clip_range           | 0.2          |
|    entropy_loss         | -2.56        |
|    explained_variance   | -0.000548    |
|    learning_rate        | 0.0003       |
|    loss                 | -0.0297      |
|    n_updates            | 6530         |
|    policy_gradient_loss | -0.00204     |
|    std                  | 0.869        |
|    value_loss           | 0.00178      |
------------------------------------------
-----------------------------------------
| rollout/                |             |
|    ep_len_mean          | 192         |
|    ep_rew_mean          | -0.958      |
| time/                   |             |
|    fps                  | 103         |
|    iterations           | 185         |
|    time_elapsed         | 456         |
|    total_timesteps      | 167680      |
| train/                  |             |
|    approx_kl            | 0.007907817 |
|    clip_fraction        | 0.111       |
|    clip_range           | 0.2         |
|    entropy_loss         | -2.56       |
|    explained_variance   | -0.00248    |
|    learning_rate        | 0.0003      |
|    loss                 | -0.0449     |
|    n_updates            | 6540        |
|    policy_gradient_loss | -0.00918    |
|    std                  | 0.869       |
|    value_loss           | 0.00579     |
-----------------------------------------
----------------------------------------
| rollout/                |            |
|    ep_len_mean          | 192        |
|    ep_rew_mean          | -0.983     |
| time/                   |            |
|    fps                  | 103        |
|    iterations           | 186        |
|    time_elapsed         | 458        |
|    total_timesteps      | 167936     |
| train/                  |            |
|    approx_kl            | 0.00580998 |
|    clip_fraction        | 0.0727     |
|    clip_range           | 0.2        |
|    entropy_loss         | -2.56      |
|    explained_variance   | 0.00803    |
|    learning_rate        | 0.0003     |
|    loss                 | -0.0444    |
|    n_updates            | 6550       |
|    policy_gradient_loss | -0.00612   |
|    std                  | 0.872      |
|    value_loss           | 0.0034     |
----------------------------------------
-----------------------------------------
| rollout/                |             |
|    ep_len_mean          | 192         |
|    ep_rew_mean          | -0.978      |
| time/                   |             |
|    fps                  | 103         |
|    iterations           | 187         |
|    time_elapsed         | 461         |
|    total_timesteps      | 168192      |
| train/                  |             |
|    approx_kl            | 0.004167217 |
|    clip_fraction        | 0.0273      |
|    clip_range           | 0.2         |
|    entropy_loss         | -2.56       |
|    explained_variance   | -0.00441    |
|    learning_rate        | 0.0003      |
|    loss                 | -0.03       |
|    n_updates            | 6560        |
|    policy_gradient_loss | -0.00383    |
|    std                  | 0.872       |
|    value_loss           | 0.00528     |
-----------------------------------------
-----------------------------------------
| rollout/                |             |
|    ep_len_mean          | 192         |
|    ep_rew_mean          | -0.993      |
| time/                   |             |
|    fps                  | 103         |
|    iterations           | 188         |
|    time_elapsed         | 463         |
|    total_timesteps      | 168448      |
| train/                  |             |
|    approx_kl            | 0.007468432 |
|    clip_fraction        | 0.0914      |
|    clip_range           | 0.2         |
|    entropy_loss         | -2.56       |
|    explained_variance   | 0.000857    |
|    learning_rate        | 0.0003      |
|    loss                 | -0.0102     |
|    n_updates            | 6570        |
|    policy_gradient_loss | -0.00667    |
|    std                  | 0.872       |
|    value_loss           | 0.00849     |
-----------------------------------------
------------------------------------------
| rollout/                |              |
|    ep_len_mean          | 194          |
|    ep_rew_mean          | -1.23        |
| time/                   |              |
|    fps                  | 103          |
|    iterations           | 189          |
|    time_elapsed         | 466          |
|    total_timesteps      | 168704       |
| train/                  |              |
|    approx_kl            | 0.0015791066 |
|    clip_fraction        | 0            |
|    clip_range           | 0.2          |
|    entropy_loss         | -2.56        |
|    explained_variance   | -0.00432     |
|    learning_rate        | 0.0003       |
|    loss                 | -0.0416      |
|    n_updates            | 6580         |
|    policy_gradient_loss | -0.00132     |
|    std                  | 0.866        |
|    value_loss           | 0.005        |
------------------------------------------
-----------------------------------------
| rollout/                |             |
|    ep_len_mean          | 194         |
|    ep_rew_mean          | -1.22       |
| time/                   |             |
|    fps                  | 103         |
|    iterations           | 190         |
|    time_elapsed         | 468         |
|    total_timesteps      | 168960      |
| train/                  |             |
|    approx_kl            | 0.004306608 |
|    clip_fraction        | 0.00586     |
|    clip_range           | 0.2         |
|    entropy_loss         | -2.54       |
|    explained_variance   | -0.00872    |
|    learning_rate        | 0.0003      |
|    loss                 | -0.0322     |
|    n_updates            | 6590        |
|    policy_gradient_loss | -0.000784   |
|    std                  | 0.863       |
|    value_loss           | 0.00225     |
-----------------------------------------
----------------------------------------
| rollout/                |            |
|    ep_len_mean          | 194        |
|    ep_rew_mean          | -1.23      |
| time/                   |            |
|    fps                  | 103        |
|    iterations           | 191        |
|    time_elapsed         | 470        |
|    total_timesteps      | 169216     |
| train/                  |            |
|    approx_kl            | 0.00866757 |
|    clip_fraction        | 0.156      |
|    clip_range           | 0.2        |
|    entropy_loss         | -2.54      |
|    explained_variance   | -0.00587   |
|    learning_rate        | 0.0003     |
|    loss                 | -0.0263    |
|    n_updates            | 6600       |
|    policy_gradient_loss | -0.00987   |
|    std                  | 0.866      |
|    value_loss           | 0.00845    |
----------------------------------------
------------------------------------------
| rollout/                |              |
|    ep_len_mean          | 194          |
|    ep_rew_mean          | -1.22        |
| time/                   |              |
|    fps                  | 103          |
|    iterations           | 192          |
|    time_elapsed         | 473          |
|    total_timesteps      | 169472       |
| train/                  |              |
|    approx_kl            | 0.0064912727 |
|    clip_fraction        | 0.084        |
|    clip_range           | 0.2          |
|    entropy_loss         | -2.55        |
|    explained_variance   | -0.00793     |
|    learning_rate        | 0.0003       |
|    loss                 | -0.0423      |
|    n_updates            | 6610         |
|    policy_gradient_loss | -0.00427     |
|    std                  | 0.868        |
|    value_loss           | 0.00342      |
------------------------------------------
-----------------------------------------
| rollout/                |             |
|    ep_len_mean          | 194         |
|    ep_rew_mean          | -1.21       |
| time/                   |             |
|    fps                  | 103         |
|    iterations           | 193         |
|    time_elapsed         | 476         |
|    total_timesteps      | 169728      |
| train/                  |             |
|    approx_kl            | 0.010575114 |
|    clip_fraction        | 0.158       |
|    clip_range           | 0.2         |
|    entropy_loss         | -2.55       |
|    explained_variance   | -0.000144   |
|    learning_rate        | 0.0003      |
|    loss                 | -0.0252     |
|    n_updates            | 6620        |
|    policy_gradient_loss | -0.0111     |
|    std                  | 0.869       |
|    value_loss           | 0.00496     |
-----------------------------------------
-----------------------------------------
| rollout/                |             |
|    ep_len_mean          | 194         |
|    ep_rew_mean          | -1.2        |
| time/                   |             |
|    fps                  | 103         |
|    iterations           | 194         |
|    time_elapsed         | 478         |
|    total_timesteps      | 169984      |
| train/                  |             |
|    approx_kl            | 0.004979385 |
|    clip_fraction        | 0.0383      |
|    clip_range           | 0.2         |
|    entropy_loss         | -2.56       |
|    explained_variance   | -0.00389    |
|    learning_rate        | 0.0003      |
|    loss                 | -0.0235     |
|    n_updates            | 6630        |
|    policy_gradient_loss | -0.00359    |
|    std                  | 0.871       |
|    value_loss           | 0.00336     |
-----------------------------------------
------------------------------------------
| rollout/                |              |
|    ep_len_mean          | 196          |
|    ep_rew_mean          | -1.41        |
| time/                   |              |
|    fps                  | 103          |
|    iterations           | 195          |
|    time_elapsed         | 480          |
|    total_timesteps      | 170240       |
| train/                  |              |
|    approx_kl            | 0.0067754565 |
|    clip_fraction        | 0.101        |
|    clip_range           | 0.2          |
|    entropy_loss         | -2.56        |
|    explained_variance   | -0.000223    |
|    learning_rate        | 0.0003       |
|    loss                 | -0.0509      |
|    n_updates            | 6640         |
|    policy_gradient_loss | -0.00813     |
|    std                  | 0.867        |
|    value_loss           | 0.00274      |
------------------------------------------
------------------------------------------
| rollout/                |              |
|    ep_len_mean          | 196          |
|    ep_rew_mean          | -1.41        |
| time/                   |              |
|    fps                  | 103          |
|    iterations           | 196          |
|    time_elapsed         | 483          |
|    total_timesteps      | 170496       |
| train/                  |              |
|    approx_kl            | 0.0059320796 |
|    clip_fraction        | 0.0727       |
|    clip_range           | 0.2          |
|    entropy_loss         | -2.55        |
|    explained_variance   | 0.00114      |
|    learning_rate        | 0.0003       |
|    loss                 | -0.0391      |
|    n_updates            | 6650         |
|    policy_gradient_loss | -0.00535     |
|    std                  | 0.864        |
|    value_loss           | 0.00507      |
------------------------------------------
------------------------------------------
| rollout/                |              |
|    ep_len_mean          | 196          |
|    ep_rew_mean          | -1.43        |
| time/                   |              |
|    fps                  | 103          |
|    iterations           | 197          |
|    time_elapsed         | 485          |
|    total_timesteps      | 170752       |
| train/                  |              |
|    approx_kl            | 0.0085980985 |
|    clip_fraction        | 0.13         |
|    clip_range           | 0.2          |
|    entropy_loss         | -2.54        |
|    explained_variance   | 0.00358      |
|    learning_rate        | 0.0003       |
|    loss                 | -0.0296      |
|    n_updates            | 6660         |
|    policy_gradient_loss | -0.0141      |
|    std                  | 0.862        |
|    value_loss           | 0.00727      |
------------------------------------------
-----------------------------------------
| rollout/                |             |
|    ep_len_mean          | 196         |
|    ep_rew_mean          | -1.44       |
| time/                   |             |
|    fps                  | 103         |
|    iterations           | 198         |
|    time_elapsed         | 487         |
|    total_timesteps      | 171008      |
| train/                  |             |
|    approx_kl            | 0.006521385 |
|    clip_fraction        | 0.0203      |
|    clip_range           | 0.2         |
|    entropy_loss         | -2.54       |
|    explained_variance   | -0.0028     |
|    learning_rate        | 0.0003      |
|    loss                 | -0.029      |
|    n_updates            | 6670        |
|    policy_gradient_loss | -0.000766   |
|    std                  | 0.864       |
|    value_loss           | 0.00273     |
-----------------------------------------
------------------------------------------
| rollout/                |              |
|    ep_len_mean          | 196          |
|    ep_rew_mean          | -1.45        |
| time/                   |              |
|    fps                  | 103          |
|    iterations           | 199          |
|    time_elapsed         | 490          |
|    total_timesteps      | 171264       |
| train/                  |              |
|    approx_kl            | 0.0073549356 |
|    clip_fraction        | 0.0422       |
|    clip_range           | 0.2          |
|    entropy_loss         | -2.55        |
|    explained_variance   | 0.00491      |
|    learning_rate        | 0.0003       |
|    loss                 | -0.0338      |
|    n_updates            | 6680         |
|    policy_gradient_loss | 0.000268     |
|    std                  | 0.865        |
|    value_loss           | 0.00216      |
------------------------------------------
------------------------------------------
| rollout/                |              |
|    ep_len_mean          | 196          |
|    ep_rew_mean          | -1.47        |
| time/                   |              |
|    fps                  | 103          |
|    iterations           | 200          |
|    time_elapsed         | 492          |
|    total_timesteps      | 171520       |
| train/                  |              |
|    approx_kl            | 0.0046295766 |
|    clip_fraction        | 0.0398       |
|    clip_range           | 0.2          |
|    entropy_loss         | -2.55        |
|    explained_variance   | 0.00634      |
|    learning_rate        | 0.0003       |
|    loss                 | -0.0312      |
|    n_updates            | 6690         |
|    policy_gradient_loss | -0.00179     |
|    std                  | 0.867        |
|    value_loss           | 0.00214      |
------------------------------------------
------------------------------------------
| rollout/                |              |
|    ep_len_mean          | 196          |
|    ep_rew_mean          | -1.48        |
| time/                   |              |
|    fps                  | 103          |
|    iterations           | 201          |
|    time_elapsed         | 495          |
|    total_timesteps      | 171776       |
| train/                  |              |
|    approx_kl            | 0.0077717183 |
|    clip_fraction        | 0.0992       |
|    clip_range           | 0.2          |
|    entropy_loss         | -2.55        |
|    explained_variance   | 0.000807     |
|    learning_rate        | 0.0003       |
|    loss                 | -0.0396      |
|    n_updates            | 6700         |
|    policy_gradient_loss | -0.00928     |
|    std                  | 0.864        |
|    value_loss           | 0.00269      |
------------------------------------------
------------------------------------------
| rollout/                |              |
|    ep_len_mean          | 196          |
|    ep_rew_mean          | -1.48        |
| time/                   |              |
|    fps                  | 103          |
|    iterations           | 202          |
|    time_elapsed         | 497          |
|    total_timesteps      | 172032       |
| train/                  |              |
|    approx_kl            | 0.0073358295 |
|    clip_fraction        | 0.0914       |
|    clip_range           | 0.2          |
|    entropy_loss         | -2.54        |
|    explained_variance   | -0.00722     |
|    learning_rate        | 0.0003       |
|    loss                 | -0.0285      |
|    n_updates            | 6710         |
|    policy_gradient_loss | -0.00875     |
|    std                  | 0.864        |
|    value_loss           | 0.00213      |
------------------------------------------
-----------------------------------------
| rollout/                |             |
|    ep_len_mean          | 196         |
|    ep_rew_mean          | -1.49       |
| time/                   |             |
|    fps                  | 103         |
|    iterations           | 203         |
|    time_elapsed         | 499         |
|    total_timesteps      | 172288      |
| train/                  |             |
|    approx_kl            | 0.002591197 |
|    clip_fraction        | 0.0488      |
|    clip_range           | 0.2         |
|    entropy_loss         | -2.54       |
|    explained_variance   | -0.0109     |
|    learning_rate        | 0.0003      |
|    loss                 | -0.019      |
|    n_updates            | 6720        |
|    policy_gradient_loss | -0.0049     |
|    std                  | 0.862       |
|    value_loss           | 0.0131      |
-----------------------------------------
-----------------------------------------
| rollout/                |             |
|    ep_len_mean          | 196         |
|    ep_rew_mean          | -1.5        |
| time/                   |             |
|    fps                  | 103         |
|    iterations           | 204         |
|    time_elapsed         | 502         |
|    total_timesteps      | 172544      |
| train/                  |             |
|    approx_kl            | 0.007110538 |
|    clip_fraction        | 0.0551      |
|    clip_range           | 0.2         |
|    entropy_loss         | -2.53       |
|    explained_variance   | -0.00692    |
|    learning_rate        | 0.0003      |
|    loss                 | -0.0236     |
|    n_updates            | 6730        |
|    policy_gradient_loss | -0.0059     |
|    std                  | 0.857       |
|    value_loss           | 0.00261     |
-----------------------------------------
-----------------------------------------
| rollout/                |             |
|    ep_len_mean          | 196         |
|    ep_rew_mean          | -1.5        |
| time/                   |             |
|    fps                  | 103         |
|    iterations           | 205         |
|    time_elapsed         | 504         |
|    total_timesteps      | 172800      |
| train/                  |             |
|    approx_kl            | 0.004220444 |
|    clip_fraction        | 0.0453      |
|    clip_range           | 0.2         |
|    entropy_loss         | -2.53       |
|    explained_variance   | 4.87e-05    |
|    learning_rate        | 0.0003      |
|    loss                 | -0.0147     |
|    n_updates            | 6740        |
|    policy_gradient_loss | -0.0042     |
|    std                  | 0.856       |
|    value_loss           | 0.00746     |
-----------------------------------------
-----------------------------------------
| rollout/                |             |
|    ep_len_mean          | 196         |
|    ep_rew_mean          | -1.5        |
| time/                   |             |
|    fps                  | 103         |
|    iterations           | 206         |
|    time_elapsed         | 507         |
|    total_timesteps      | 173056      |
| train/                  |             |
|    approx_kl            | 0.009415822 |
|    clip_fraction        | 0.0789      |
|    clip_range           | 0.2         |
|    entropy_loss         | -2.53       |
|    explained_variance   | 0.00161     |
|    learning_rate        | 0.0003      |
|    loss                 | -0.0443     |
|    n_updates            | 6750        |
|    policy_gradient_loss | -0.0104     |
|    std                  | 0.855       |
|    value_loss           | 0.00782     |
-----------------------------------------
-------------------------------------------
| rollout/                |               |
|    ep_len_mean          | 196           |
|    ep_rew_mean          | -1.5          |
| time/                   |               |
|    fps                  | 103           |
|    iterations           | 207           |
|    time_elapsed         | 509           |
|    total_timesteps      | 173312        |
| train/                  |               |
|    approx_kl            | 0.00055835885 |
|    clip_fraction        | 0             |
|    clip_range           | 0.2           |
|    entropy_loss         | -2.52         |
|    explained_variance   | -0.00217      |
|    learning_rate        | 0.0003        |
|    loss                 | -0.0265       |
|    n_updates            | 6760          |
|    policy_gradient_loss | -0.000471     |
|    std                  | 0.848         |
|    value_loss           | 0.00946       |
-------------------------------------------
------------------------------------------
| rollout/                |              |
|    ep_len_mean          | 196          |
|    ep_rew_mean          | -1.51        |
| time/                   |              |
|    fps                  | 103          |
|    iterations           | 208          |
|    time_elapsed         | 512          |
|    total_timesteps      | 173568       |
| train/                  |              |
|    approx_kl            | 0.0035177886 |
|    clip_fraction        | 0.00352      |
|    clip_range           | 0.2          |
|    entropy_loss         | -2.5         |
|    explained_variance   | 0.000512     |
|    learning_rate        | 0.0003       |
|    loss                 | -0.0128      |
|    n_updates            | 6770         |
|    policy_gradient_loss | -0.00023     |
|    std                  | 0.846        |
|    value_loss           | 0.00561      |
------------------------------------------
-----------------------------------------
| rollout/                |             |
|    ep_len_mean          | 198         |
|    ep_rew_mean          | -1.73       |
| time/                   |             |
|    fps                  | 103         |
|    iterations           | 209         |
|    time_elapsed         | 514         |
|    total_timesteps      | 173824      |
| train/                  |             |
|    approx_kl            | 0.003835012 |
|    clip_fraction        | 0.0281      |
|    clip_range           | 0.2         |
|    entropy_loss         | -2.5        |
|    explained_variance   | -0.000325   |
|    learning_rate        | 0.0003      |
|    loss                 | -0.0338     |
|    n_updates            | 6780        |
|    policy_gradient_loss | -0.00209    |
|    std                  | 0.845       |
|    value_loss           | 0.0083      |
-----------------------------------------
------------------------------------------
| rollout/                |              |
|    ep_len_mean          | 198          |
|    ep_rew_mean          | -1.73        |
| time/                   |              |
|    fps                  | 104          |
|    iterations           | 210          |
|    time_elapsed         | 516          |
|    total_timesteps      | 174080       |
| train/                  |              |
|    approx_kl            | 0.0059034964 |
|    clip_fraction        | 0.123        |
|    clip_range           | 0.2          |
|    entropy_loss         | -2.5         |
|    explained_variance   | 0.000184     |
|    learning_rate        | 0.0003       |
|    loss                 | -0.0185      |
|    n_updates            | 6790         |
|    policy_gradient_loss | -0.00879     |
|    std                  | 0.843        |
|    value_loss           | 0.00213      |
------------------------------------------
------------------------------------------
| rollout/                |              |
|    ep_len_mean          | 198          |
|    ep_rew_mean          | -1.74        |
| time/                   |              |
|    fps                  | 104          |
|    iterations           | 211          |
|    time_elapsed         | 519          |
|    total_timesteps      | 174336       |
| train/                  |              |
|    approx_kl            | 0.0040208893 |
|    clip_fraction        | 0.0504       |
|    clip_range           | 0.2          |
|    entropy_loss         | -2.5         |
|    explained_variance   | -0.000592    |
|    learning_rate        | 0.0003       |
|    loss                 | -0.0299      |
|    n_updates            | 6800         |
|    policy_gradient_loss | -0.00209     |
|    std                  | 0.844        |
|    value_loss           | 0.00435      |
------------------------------------------
------------------------------------------
| rollout/                |              |
|    ep_len_mean          | 198          |
|    ep_rew_mean          | -1.75        |
| time/                   |              |
|    fps                  | 104          |
|    iterations           | 212          |
|    time_elapsed         | 521          |
|    total_timesteps      | 174592       |
| train/                  |              |
|    approx_kl            | 0.0033570225 |
|    clip_fraction        | 0.0445       |
|    clip_range           | 0.2          |
|    entropy_loss         | -2.49        |
|    explained_variance   | 1.48e-05     |
|    learning_rate        | 0.0003       |
|    loss                 | -0.0191      |
|    n_updates            | 6810         |
|    policy_gradient_loss | -0.00226     |
|    std                  | 0.84         |
|    value_loss           | 0.00431      |
------------------------------------------
------------------------------------------
| rollout/                |              |
|    ep_len_mean          | 198          |
|    ep_rew_mean          | -1.75        |
| time/                   |              |
|    fps                  | 104          |
|    iterations           | 213          |
|    time_elapsed         | 524          |
|    total_timesteps      | 174848       |
| train/                  |              |
|    approx_kl            | 0.0056934515 |
|    clip_fraction        | 0.0621       |
|    clip_range           | 0.2          |
|    entropy_loss         | -2.48        |
|    explained_variance   | 0.000542     |
|    learning_rate        | 0.0003       |
|    loss                 | -0.0443      |
|    n_updates            | 6820         |
|    policy_gradient_loss | -0.00603     |
|    std                  | 0.835        |
|    value_loss           | 0.00798      |
------------------------------------------
-----------------------------------------
| rollout/                |             |
|    ep_len_mean          | 198         |
|    ep_rew_mean          | -1.75       |
| time/                   |             |
|    fps                  | 104         |
|    iterations           | 214         |
|    time_elapsed         | 526         |
|    total_timesteps      | 175104      |
| train/                  |             |
|    approx_kl            | 0.004825861 |
|    clip_fraction        | 0.0102      |
|    clip_range           | 0.2         |
|    entropy_loss         | -2.48       |
|    explained_variance   | 0.00118     |
|    learning_rate        | 0.0003      |
|    loss                 | -0.0116     |
|    n_updates            | 6830        |
|    policy_gradient_loss | -0.000817   |
|    std                  | 0.838       |
|    value_loss           | 0.00183     |
-----------------------------------------
-----------------------------------------
| rollout/                |             |
|    ep_len_mean          | 198         |
|    ep_rew_mean          | -1.76       |
| time/                   |             |
|    fps                  | 104         |
|    iterations           | 215         |
|    time_elapsed         | 528         |
|    total_timesteps      | 175360      |
| train/                  |             |
|    approx_kl            | 0.004701552 |
|    clip_fraction        | 0.052       |
|    clip_range           | 0.2         |
|    entropy_loss         | -2.48       |
|    explained_variance   | -0.000357   |
|    learning_rate        | 0.0003      |
|    loss                 | -0.0203     |
|    n_updates            | 6840        |
|    policy_gradient_loss | -0.00442    |
|    std                  | 0.837       |
|    value_loss           | 0.00713     |
-----------------------------------------
------------------------------------------
| rollout/                |              |
|    ep_len_mean          | 198          |
|    ep_rew_mean          | -1.77        |
| time/                   |              |
|    fps                  | 104          |
|    iterations           | 216          |
|    time_elapsed         | 531          |
|    total_timesteps      | 175616       |
| train/                  |              |
|    approx_kl            | 0.0068983613 |
|    clip_fraction        | 0.155        |
|    clip_range           | 0.2          |
|    entropy_loss         | -2.48        |
|    explained_variance   | -0.00169     |
|    learning_rate        | 0.0003       |
|    loss                 | -0.0319      |
|    n_updates            | 6850         |
|    policy_gradient_loss | -0.0153      |
|    std                  | 0.836        |
|    value_loss           | 0.00107      |
------------------------------------------
------------------------------------------
| rollout/                |              |
|    ep_len_mean          | 198          |
|    ep_rew_mean          | -1.77        |
| time/                   |              |
|    fps                  | 104          |
|    iterations           | 217          |
|    time_elapsed         | 533          |
|    total_timesteps      | 175872       |
| train/                  |              |
|    approx_kl            | 0.0074002156 |
|    clip_fraction        | 0.0723       |
|    clip_range           | 0.2          |
|    entropy_loss         | -2.47        |
|    explained_variance   | 0.00108      |
|    learning_rate        | 0.0003       |
|    loss                 | -0.0169      |
|    n_updates            | 6860         |
|    policy_gradient_loss | -0.00811     |
|    std                  | 0.832        |
|    value_loss           | 0.00705      |
------------------------------------------
-----------------------------------------
| rollout/                |             |
|    ep_len_mean          | 198         |
|    ep_rew_mean          | -1.77       |
| time/                   |             |
|    fps                  | 104         |
|    iterations           | 218         |
|    time_elapsed         | 536         |
|    total_timesteps      | 176128      |
| train/                  |             |
|    approx_kl            | 0.010478131 |
|    clip_fraction        | 0.123       |
|    clip_range           | 0.2         |
|    entropy_loss         | -2.47       |
|    explained_variance   | -0.00051    |
|    learning_rate        | 0.0003      |
|    loss                 | -0.0481     |
|    n_updates            | 6870        |
|    policy_gradient_loss | -0.0111     |
|    std                  | 0.831       |
|    value_loss           | 0.0035      |
-----------------------------------------
------------------------------------------
| rollout/                |              |
|    ep_len_mean          | 198          |
|    ep_rew_mean          | -1.77        |
| time/                   |              |
|    fps                  | 104          |
|    iterations           | 219          |
|    time_elapsed         | 538          |
|    total_timesteps      | 176384       |
| train/                  |              |
|    approx_kl            | 0.0056113387 |
|    clip_fraction        | 0.0777       |
|    clip_range           | 0.2          |
|    entropy_loss         | -2.47        |
|    explained_variance   | 0.00119      |
|    learning_rate        | 0.0003       |
|    loss                 | -0.0272      |
|    n_updates            | 6880         |
|    policy_gradient_loss | -0.00786     |
|    std                  | 0.831        |
|    value_loss           | 0.00618      |
------------------------------------------
------------------------------------------
| rollout/                |              |
|    ep_len_mean          | 198          |
|    ep_rew_mean          | -1.77        |
| time/                   |              |
|    fps                  | 104          |
|    iterations           | 220          |
|    time_elapsed         | 540          |
|    total_timesteps      | 176640       |
| train/                  |              |
|    approx_kl            | 0.0026279322 |
|    clip_fraction        | 0.00391      |
|    clip_range           | 0.2          |
|    entropy_loss         | -2.47        |
|    explained_variance   | -0.00219     |
|    learning_rate        | 0.0003       |
|    loss                 | -0.0374      |
|    n_updates            | 6890         |
|    policy_gradient_loss | -0.00074     |
|    std                  | 0.832        |
|    value_loss           | 0.0026       |
------------------------------------------
-----------------------------------------
| rollout/                |             |
|    ep_len_mean          | 198         |
|    ep_rew_mean          | -1.77       |
| time/                   |             |
|    fps                  | 104         |
|    iterations           | 221         |
|    time_elapsed         | 543         |
|    total_timesteps      | 176896      |
| train/                  |             |
|    approx_kl            | 0.006730575 |
|    clip_fraction        | 0.105       |
|    clip_range           | 0.2         |
|    entropy_loss         | -2.47       |
|    explained_variance   | 0.000243    |
|    learning_rate        | 0.0003      |
|    loss                 | -0.0403     |
|    n_updates            | 6900        |
|    policy_gradient_loss | -0.01       |
|    std                  | 0.83        |
|    value_loss           | 0.0056      |
-----------------------------------------
-----------------------------------------
| rollout/                |             |
|    ep_len_mean          | 198         |
|    ep_rew_mean          | -1.77       |
| time/                   |             |
|    fps                  | 104         |
|    iterations           | 222         |
|    time_elapsed         | 545         |
|    total_timesteps      | 177152      |
| train/                  |             |
|    approx_kl            | 0.009066212 |
|    clip_fraction        | 0.132       |
|    clip_range           | 0.2         |
|    entropy_loss         | -2.46       |
|    explained_variance   | 0.00291     |
|    learning_rate        | 0.0003      |
|    loss                 | -0.0265     |
|    n_updates            | 6910        |
|    policy_gradient_loss | -0.0107     |
|    std                  | 0.83        |
|    value_loss           | 0.00698     |
-----------------------------------------
------------------------------------------
| rollout/                |              |
|    ep_len_mean          | 198          |
|    ep_rew_mean          | -1.77        |
| time/                   |              |
|    fps                  | 104          |
|    iterations           | 223          |
|    time_elapsed         | 547          |
|    total_timesteps      | 177408       |
| train/                  |              |
|    approx_kl            | 0.0057002706 |
|    clip_fraction        | 0.0539       |
|    clip_range           | 0.2          |
|    entropy_loss         | -2.46        |
|    explained_variance   | 0.00115      |
|    learning_rate        | 0.0003       |
|    loss                 | -0.0253      |
|    n_updates            | 6920         |
|    policy_gradient_loss | -0.00273     |
|    std                  | 0.83         |
|    value_loss           | 0.00802      |
------------------------------------------
------------------------------------------
| rollout/                |              |
|    ep_len_mean          | 198          |
|    ep_rew_mean          | -1.77        |
| time/                   |              |
|    fps                  | 104          |
|    iterations           | 224          |
|    time_elapsed         | 550          |
|    total_timesteps      | 177664       |
| train/                  |              |
|    approx_kl            | 0.0074083963 |
|    clip_fraction        | 0.104        |
|    clip_range           | 0.2          |
|    entropy_loss         | -2.46        |
|    explained_variance   | 0.00365      |
|    learning_rate        | 0.0003       |
|    loss                 | -0.00822     |
|    n_updates            | 6930         |
|    policy_gradient_loss | -0.0088      |
|    std                  | 0.828        |
|    value_loss           | 0.00674      |
------------------------------------------
------------------------------------------
| rollout/                |              |
|    ep_len_mean          | 198          |
|    ep_rew_mean          | -1.77        |
| time/                   |              |
|    fps                  | 104          |
|    iterations           | 225          |
|    time_elapsed         | 552          |
|    total_timesteps      | 177920       |
| train/                  |              |
|    approx_kl            | 0.0062943166 |
|    clip_fraction        | 0.104        |
|    clip_range           | 0.2          |
|    entropy_loss         | -2.46        |
|    explained_variance   | 0.00489      |
|    learning_rate        | 0.0003       |
|    loss                 | -0.0469      |
|    n_updates            | 6940         |
|    policy_gradient_loss | -0.0133      |
|    std                  | 0.825        |
|    value_loss           | 0.00852      |
------------------------------------------
-----------------------------------------
| rollout/                |             |
|    ep_len_mean          | 198         |
|    ep_rew_mean          | -1.77       |
| time/                   |             |
|    fps                  | 104         |
|    iterations           | 226         |
|    time_elapsed         | 555         |
|    total_timesteps      | 178176      |
| train/                  |             |
|    approx_kl            | 0.004366703 |
|    clip_fraction        | 0.00937     |
|    clip_range           | 0.2         |
|    entropy_loss         | -2.45       |
|    explained_variance   | -0.000733   |
|    learning_rate        | 0.0003      |
|    loss                 | -0.0285     |
|    n_updates            | 6950        |
|    policy_gradient_loss | -0.00133    |
|    std                  | 0.825       |
|    value_loss           | 0.00591     |
-----------------------------------------
------------------------------------------
| rollout/                |              |
|    ep_len_mean          | 198          |
|    ep_rew_mean          | -1.78        |
| time/                   |              |
|    fps                  | 104          |
|    iterations           | 227          |
|    time_elapsed         | 557          |
|    total_timesteps      | 178432       |
| train/                  |              |
|    approx_kl            | 0.0072071105 |
|    clip_fraction        | 0.114        |
|    clip_range           | 0.2          |
|    entropy_loss         | -2.45        |
|    explained_variance   | 0.00253      |
|    learning_rate        | 0.0003       |
|    loss                 | -0.036       |
|    n_updates            | 6960         |
|    policy_gradient_loss | -0.0101      |
|    std                  | 0.822        |
|    value_loss           | 0.00601      |
------------------------------------------
------------------------------------------
| rollout/                |              |
|    ep_len_mean          | 198          |
|    ep_rew_mean          | -1.78        |
| time/                   |              |
|    fps                  | 104          |
|    iterations           | 228          |
|    time_elapsed         | 559          |
|    total_timesteps      | 178688       |
| train/                  |              |
|    approx_kl            | 0.0078548975 |
|    clip_fraction        | 0.0676       |
|    clip_range           | 0.2          |
|    entropy_loss         | -2.45        |
|    explained_variance   | -0.0031      |
|    learning_rate        | 0.0003       |
|    loss                 | -0.0277      |
|    n_updates            | 6970         |
|    policy_gradient_loss | -0.00389     |
|    std                  | 0.826        |
|    value_loss           | 0.00511      |
------------------------------------------
----------------------------------------
| rollout/                |            |
|    ep_len_mean          | 198        |
|    ep_rew_mean          | -1.99      |
| time/                   |            |
|    fps                  | 104        |
|    iterations           | 229        |
|    time_elapsed         | 562        |
|    total_timesteps      | 178944     |
| train/                  |            |
|    approx_kl            | 0.00787341 |
|    clip_fraction        | 0.0965     |
|    clip_range           | 0.2        |
|    entropy_loss         | -2.46      |
|    explained_variance   | -0.00874   |
|    learning_rate        | 0.0003     |
|    loss                 | -0.043     |
|    n_updates            | 6980       |
|    policy_gradient_loss | -0.00633   |
|    std                  | 0.829      |
|    value_loss           | 0.00628    |
----------------------------------------
-----------------------------------------
| rollout/                |             |
|    ep_len_mean          | 198         |
|    ep_rew_mean          | -1.99       |
| time/                   |             |
|    fps                  | 104         |
|    iterations           | 230         |
|    time_elapsed         | 564         |
|    total_timesteps      | 179200      |
| train/                  |             |
|    approx_kl            | 0.007643277 |
|    clip_fraction        | 0.127       |
|    clip_range           | 0.2         |
|    entropy_loss         | -2.46       |
|    explained_variance   | -0.000423   |
|    learning_rate        | 0.0003      |
|    loss                 | -0.0252     |
|    n_updates            | 6990        |
|    policy_gradient_loss | -0.0112     |
|    std                  | 0.828       |
|    value_loss           | 0.00684     |
-----------------------------------------
------------------------------------------
| rollout/                |              |
|    ep_len_mean          | 198          |
|    ep_rew_mean          | -1.99        |
| time/                   |              |
|    fps                  | 104          |
|    iterations           | 231          |
|    time_elapsed         | 567          |
|    total_timesteps      | 179456       |
| train/                  |              |
|    approx_kl            | 0.0050027315 |
|    clip_fraction        | 0.0609       |
|    clip_range           | 0.2          |
|    entropy_loss         | -2.46        |
|    explained_variance   | 0.00164      |
|    learning_rate        | 0.0003       |
|    loss                 | -0.00959     |
|    n_updates            | 7000         |
|    policy_gradient_loss | -0.00569     |
|    std                  | 0.83         |
|    value_loss           | 0.0063       |
------------------------------------------
------------------------------------------
| rollout/                |              |
|    ep_len_mean          | 198          |
|    ep_rew_mean          | -1.98        |
| time/                   |              |
|    fps                  | 104          |
|    iterations           | 232          |
|    time_elapsed         | 569          |
|    total_timesteps      | 179712       |
| train/                  |              |
|    approx_kl            | 0.0071820617 |
|    clip_fraction        | 0.0375       |
|    clip_range           | 0.2          |
|    entropy_loss         | -2.47        |
|    explained_variance   | -0.00125     |
|    learning_rate        | 0.0003       |
|    loss                 | -0.0106      |
|    n_updates            | 7010         |
|    policy_gradient_loss | -0.00289     |
|    std                  | 0.831        |
|    value_loss           | 0.00541      |
------------------------------------------
------------------------------------------
| rollout/                |              |
|    ep_len_mean          | 198          |
|    ep_rew_mean          | -1.98        |
| time/                   |              |
|    fps                  | 104          |
|    iterations           | 233          |
|    time_elapsed         | 572          |
|    total_timesteps      | 179968       |
| train/                  |              |
|    approx_kl            | 0.0036644163 |
|    clip_fraction        | 0.114        |
|    clip_range           | 0.2          |
|    entropy_loss         | -2.47        |
|    explained_variance   | -8.69e-05    |
|    learning_rate        | 0.0003       |
|    loss                 | -0.0482      |
|    n_updates            | 7020         |
|    policy_gradient_loss | -0.00633     |
|    std                  | 0.833        |
|    value_loss           | 1.72         |
------------------------------------------
------------------------------------------
| rollout/                |              |
|    ep_len_mean          | 198          |
|    ep_rew_mean          | -1.97        |
| time/                   |              |
|    fps                  | 104          |
|    iterations           | 234          |
|    time_elapsed         | 574          |
|    total_timesteps      | 180224       |
| train/                  |              |
|    approx_kl            | 0.0034505217 |
|    clip_fraction        | 0.0813       |
|    clip_range           | 0.2          |
|    entropy_loss         | -2.47        |
|    explained_variance   | 0.000368     |
|    learning_rate        | 0.0003       |
|    loss                 | -0.0343      |
|    n_updates            | 7030         |
|    policy_gradient_loss | -0.00504     |
|    std                  | 0.832        |
|    value_loss           | 0.00455      |
------------------------------------------
-----------------------------------------
| rollout/                |             |
|    ep_len_mean          | 198         |
|    ep_rew_mean          | -1.97       |
| time/                   |             |
|    fps                  | 104         |
|    iterations           | 235         |
|    time_elapsed         | 577         |
|    total_timesteps      | 180480      |
| train/                  |             |
|    approx_kl            | 0.010087119 |
|    clip_fraction        | 0.0762      |
|    clip_range           | 0.2         |
|    entropy_loss         | -2.47       |
|    explained_variance   | -0.000161   |
|    learning_rate        | 0.0003      |
|    loss                 | -0.0249     |
|    n_updates            | 7040        |
|    policy_gradient_loss | -0.00258    |
|    std                  | 0.834       |
|    value_loss           | 0.00604     |
-----------------------------------------
-----------------------------------------
| rollout/                |             |
|    ep_len_mean          | 198         |
|    ep_rew_mean          | -1.97       |
| time/                   |             |
|    fps                  | 104         |
|    iterations           | 236         |
|    time_elapsed         | 579         |
|    total_timesteps      | 180736      |
| train/                  |             |
|    approx_kl            | 0.008175899 |
|    clip_fraction        | 0.0793      |
|    clip_range           | 0.2         |
|    entropy_loss         | -2.48       |
|    explained_variance   | -0.00146    |
|    learning_rate        | 0.0003      |
|    loss                 | -0.0392     |
|    n_updates            | 7050        |
|    policy_gradient_loss | -0.00563    |
|    std                  | 0.838       |
|    value_loss           | 0.00426     |
-----------------------------------------
-----------------------------------------
| rollout/                |             |
|    ep_len_mean          | 198         |
|    ep_rew_mean          | -1.97       |
| time/                   |             |
|    fps                  | 104         |
|    iterations           | 237         |
|    time_elapsed         | 581         |
|    total_timesteps      | 180992      |
| train/                  |             |
|    approx_kl            | 0.003887522 |
|    clip_fraction        | 0.0391      |
|    clip_range           | 0.2         |
|    entropy_loss         | -2.49       |
|    explained_variance   | 0.000221    |
|    learning_rate        | 0.0003      |
|    loss                 | -0.00548    |
|    n_updates            | 7060        |
|    policy_gradient_loss | -0.00459    |
|    std                  | 0.842       |
|    value_loss           | 0.0051      |
-----------------------------------------
------------------------------------------
| rollout/                |              |
|    ep_len_mean          | 196          |
|    ep_rew_mean          | -1.75        |
| time/                   |              |
|    fps                  | 104          |
|    iterations           | 238          |
|    time_elapsed         | 584          |
|    total_timesteps      | 181248       |
| train/                  |              |
|    approx_kl            | 0.0047053182 |
|    clip_fraction        | 0.00547      |
|    clip_range           | 0.2          |
|    entropy_loss         | -2.5         |
|    explained_variance   | 0.000249     |
|    learning_rate        | 0.0003       |
|    loss                 | -0.0324      |
|    n_updates            | 7070         |
|    policy_gradient_loss | -0.000569    |
|    std                  | 0.847        |
|    value_loss           | 0.00489      |
------------------------------------------
----------------------------------------
| rollout/                |            |
|    ep_len_mean          | 196        |
|    ep_rew_mean          | -1.75      |
| time/                   |            |
|    fps                  | 104        |
|    iterations           | 239        |
|    time_elapsed         | 587        |
|    total_timesteps      | 181504     |
| train/                  |            |
|    approx_kl            | 0.00623048 |
|    clip_fraction        | 0.0875     |
|    clip_range           | 0.2        |
|    entropy_loss         | -2.51      |
|    explained_variance   | 5.72e-06   |
|    learning_rate        | 0.0003     |
|    loss                 | -0.0483    |
|    n_updates            | 7080       |
|    policy_gradient_loss | -0.00747   |
|    std                  | 0.847      |
|    value_loss           | 1.71       |
----------------------------------------
------------------------------------------
| rollout/                |              |
|    ep_len_mean          | 196          |
|    ep_rew_mean          | -1.75        |
| time/                   |              |
|    fps                  | 104          |
|    iterations           | 240          |
|    time_elapsed         | 589          |
|    total_timesteps      | 181760       |
| train/                  |              |
|    approx_kl            | 0.0035068903 |
|    clip_fraction        | 0.0332       |
|    clip_range           | 0.2          |
|    entropy_loss         | -2.51        |
|    explained_variance   | -0.00015     |
|    learning_rate        | 0.0003       |
|    loss                 | -0.0173      |
|    n_updates            | 7090         |
|    policy_gradient_loss | -0.00344     |
|    std                  | 0.847        |
|    value_loss           | 0.00491      |
------------------------------------------
----------------------------------------
| rollout/                |            |
|    ep_len_mean          | 196        |
|    ep_rew_mean          | -1.75      |
| time/                   |            |
|    fps                  | 104        |
|    iterations           | 241        |
|    time_elapsed         | 591        |
|    total_timesteps      | 182016     |
| train/                  |            |
|    approx_kl            | 0.00461096 |
|    clip_fraction        | 0.0336     |
|    clip_range           | 0.2        |
|    entropy_loss         | -2.51      |
|    explained_variance   | 0.000555   |
|    learning_rate        | 0.0003     |
|    loss                 | -0.033     |
|    n_updates            | 7100       |
|    policy_gradient_loss | -0.00237   |
|    std                  | 0.852      |
|    value_loss           | 0.00453    |
----------------------------------------
------------------------------------------
| rollout/                |              |
|    ep_len_mean          | 196          |
|    ep_rew_mean          | -1.75        |
| time/                   |              |
|    fps                  | 104          |
|    iterations           | 242          |
|    time_elapsed         | 593          |
|    total_timesteps      | 182272       |
| train/                  |              |
|    approx_kl            | 0.0025672342 |
|    clip_fraction        | 0.00586      |
|    clip_range           | 0.2          |
|    entropy_loss         | -2.52        |
|    explained_variance   | -2.96e-05    |
|    learning_rate        | 0.0003       |
|    loss                 | -0.0281      |
|    n_updates            | 7110         |
|    policy_gradient_loss | -0.00127     |
|    std                  | 0.854        |
|    value_loss           | 0.00521      |
------------------------------------------
-----------------------------------------
| rollout/                |             |
|    ep_len_mean          | 196         |
|    ep_rew_mean          | -1.75       |
| time/                   |             |
|    fps                  | 104         |
|    iterations           | 243         |
|    time_elapsed         | 596         |
|    total_timesteps      | 182528      |
| train/                  |             |
|    approx_kl            | 0.005636314 |
|    clip_fraction        | 0.0723      |
|    clip_range           | 0.2         |
|    entropy_loss         | -2.52       |
|    explained_variance   | -0.00237    |
|    learning_rate        | 0.0003      |
|    loss                 | -0.0179     |
|    n_updates            | 7120        |
|    policy_gradient_loss | -0.00679    |
|    std                  | 0.851       |
|    value_loss           | 0.00501     |
-----------------------------------------
-----------------------------------------
| rollout/                |             |
|    ep_len_mean          | 196         |
|    ep_rew_mean          | -1.74       |
| time/                   |             |
|    fps                  | 104         |
|    iterations           | 244         |
|    time_elapsed         | 598         |
|    total_timesteps      | 182784      |
| train/                  |             |
|    approx_kl            | 0.010319602 |
|    clip_fraction        | 0.118       |
|    clip_range           | 0.2         |
|    entropy_loss         | -2.51       |
|    explained_variance   | 0.000682    |
|    learning_rate        | 0.0003      |
|    loss                 | -0.0404     |
|    n_updates            | 7130        |
|    policy_gradient_loss | -0.0119     |
|    std                  | 0.849       |
|    value_loss           | 0.00393     |
-----------------------------------------
-----------------------------------------
| rollout/                |             |
|    ep_len_mean          | 196         |
|    ep_rew_mean          | -1.74       |
| time/                   |             |
|    fps                  | 104         |
|    iterations           | 245         |
|    time_elapsed         | 601         |
|    total_timesteps      | 183040      |
| train/                  |             |
|    approx_kl            | 0.005666825 |
|    clip_fraction        | 0.057       |
|    clip_range           | 0.2         |
|    entropy_loss         | -2.51       |
|    explained_variance   | 0.000224    |
|    learning_rate        | 0.0003      |
|    loss                 | -0.0337     |
|    n_updates            | 7140        |
|    policy_gradient_loss | -0.00459    |
|    std                  | 0.849       |
|    value_loss           | 0.0068      |
-----------------------------------------
----------------------------------------
| rollout/                |            |
|    ep_len_mean          | 196        |
|    ep_rew_mean          | -1.75      |
| time/                   |            |
|    fps                  | 104        |
|    iterations           | 246        |
|    time_elapsed         | 603        |
|    total_timesteps      | 183296     |
| train/                  |            |
|    approx_kl            | 0.00541714 |
|    clip_fraction        | 0.0297     |
|    clip_range           | 0.2        |
|    entropy_loss         | -2.51      |
|    explained_variance   | 0.000769   |
|    learning_rate        | 0.0003     |
|    loss                 | -0.0395    |
|    n_updates            | 7150       |
|    policy_gradient_loss | -0.00211   |
|    std                  | 0.847      |
|    value_loss           | 0.00447    |
----------------------------------------
------------------------------------------
| rollout/                |              |
|    ep_len_mean          | 196          |
|    ep_rew_mean          | -1.76        |
| time/                   |              |
|    fps                  | 104          |
|    iterations           | 247          |
|    time_elapsed         | 606          |
|    total_timesteps      | 183552       |
| train/                  |              |
|    approx_kl            | 0.0027631072 |
|    clip_fraction        | 0.0164       |
|    clip_range           | 0.2          |
|    entropy_loss         | -2.5         |
|    explained_variance   | 0.00207      |
|    learning_rate        | 0.0003       |
|    loss                 | -0.017       |
|    n_updates            | 7160         |
|    policy_gradient_loss | -0.00122     |
|    std                  | 0.846        |
|    value_loss           | 0.00595      |
------------------------------------------
------------------------------------------
| rollout/                |              |
|    ep_len_mean          | 196          |
|    ep_rew_mean          | -1.76        |
| time/                   |              |
|    fps                  | 104          |
|    iterations           | 248          |
|    time_elapsed         | 608          |
|    total_timesteps      | 183808       |
| train/                  |              |
|    approx_kl            | 0.0045644958 |
|    clip_fraction        | 0.0262       |
|    clip_range           | 0.2          |
|    entropy_loss         | -2.5         |
|    explained_variance   | -0.000128    |
|    learning_rate        | 0.0003       |
|    loss                 | -0.0267      |
|    n_updates            | 7170         |
|    policy_gradient_loss | -0.00204     |
|    std                  | 0.846        |
|    value_loss           | 0.00509      |
------------------------------------------
------------------------------------------
| rollout/                |              |
|    ep_len_mean          | 196          |
|    ep_rew_mean          | -1.76        |
| time/                   |              |
|    fps                  | 104          |
|    iterations           | 249          |
|    time_elapsed         | 610          |
|    total_timesteps      | 184064       |
| train/                  |              |
|    approx_kl            | 0.0034401224 |
|    clip_fraction        | 0.0293       |
|    clip_range           | 0.2          |
|    entropy_loss         | -2.5         |
|    explained_variance   | -0.000297    |
|    learning_rate        | 0.0003       |
|    loss                 | -0.0247      |
|    n_updates            | 7180         |
|    policy_gradient_loss | -0.00114     |
|    std                  | 0.848        |
|    value_loss           | 0.00597      |
------------------------------------------
-----------------------------------------
| rollout/                |             |
|    ep_len_mean          | 196         |
|    ep_rew_mean          | -1.76       |
| time/                   |             |
|    fps                  | 104         |
|    iterations           | 250         |
|    time_elapsed         | 613         |
|    total_timesteps      | 184320      |
| train/                  |             |
|    approx_kl            | 0.003963021 |
|    clip_fraction        | 0.0414      |
|    clip_range           | 0.2         |
|    entropy_loss         | -2.51       |
|    explained_variance   | 0.000924    |
|    learning_rate        | 0.0003      |
|    loss                 | -0.0207     |
|    n_updates            | 7190        |
|    policy_gradient_loss | -0.00334    |
|    std                  | 0.849       |
|    value_loss           | 0.00494     |
-----------------------------------------
------------------------------------------
| rollout/                |              |
|    ep_len_mean          | 196          |
|    ep_rew_mean          | -1.75        |
| time/                   |              |
|    fps                  | 104          |
|    iterations           | 251          |
|    time_elapsed         | 615          |
|    total_timesteps      | 184576       |
| train/                  |              |
|    approx_kl            | 0.0039328914 |
|    clip_fraction        | 0.0789       |
|    clip_range           | 0.2          |
|    entropy_loss         | -2.5         |
|    explained_variance   | -5.23e-05    |
|    learning_rate        | 0.0003       |
|    loss                 | -0.0351      |
|    n_updates            | 7200         |
|    policy_gradient_loss | -0.00719     |
|    std                  | 0.844        |
|    value_loss           | 0.00424      |
------------------------------------------
------------------------------------------
| rollout/                |              |
|    ep_len_mean          | 196          |
|    ep_rew_mean          | -1.75        |
| time/                   |              |
|    fps                  | 104          |
|    iterations           | 252          |
|    time_elapsed         | 618          |
|    total_timesteps      | 184832       |
| train/                  |              |
|    approx_kl            | 0.0009118698 |
|    clip_fraction        | 0.00469      |
|    clip_range           | 0.2          |
|    entropy_loss         | -2.5         |
|    explained_variance   | -0.0034      |
|    learning_rate        | 0.0003       |
|    loss                 | -0.0252      |
|    n_updates            | 7210         |
|    policy_gradient_loss | 0.000525     |
|    std                  | 0.843        |
|    value_loss           | 0.0045       |
------------------------------------------
-----------------------------------------
| rollout/                |             |
|    ep_len_mean          | 196         |
|    ep_rew_mean          | -1.75       |
| time/                   |             |
|    fps                  | 104         |
|    iterations           | 253         |
|    time_elapsed         | 620         |
|    total_timesteps      | 185088      |
| train/                  |             |
|    approx_kl            | 0.006192494 |
|    clip_fraction        | 0.066       |
|    clip_range           | 0.2         |
|    entropy_loss         | -2.5        |
|    explained_variance   | 2.04e-05    |
|    learning_rate        | 0.0003      |
|    loss                 | -0.00339    |
|    n_updates            | 7220        |
|    policy_gradient_loss | -0.00702    |
|    std                  | 0.842       |
|    value_loss           | 0.00523     |
-----------------------------------------
------------------------------------------
| rollout/                |              |
|    ep_len_mean          | 196          |
|    ep_rew_mean          | -1.74        |
| time/                   |              |
|    fps                  | 104          |
|    iterations           | 254          |
|    time_elapsed         | 623          |
|    total_timesteps      | 185344       |
| train/                  |              |
|    approx_kl            | 0.0046563298 |
|    clip_fraction        | 0.025        |
|    clip_range           | 0.2          |
|    entropy_loss         | -2.49        |
|    explained_variance   | 0.00109      |
|    learning_rate        | 0.0003       |
|    loss                 | -0.0168      |
|    n_updates            | 7230         |
|    policy_gradient_loss | -0.00205     |
|    std                  | 0.838        |
|    value_loss           | 0.00555      |
------------------------------------------
------------------------------------------
| rollout/                |              |
|    ep_len_mean          | 196          |
|    ep_rew_mean          | -1.73        |
| time/                   |              |
|    fps                  | 104          |
|    iterations           | 255          |
|    time_elapsed         | 625          |
|    total_timesteps      | 185600       |
| train/                  |              |
|    approx_kl            | 0.0010056954 |
|    clip_fraction        | 0            |
|    clip_range           | 0.2          |
|    entropy_loss         | -2.48        |
|    explained_variance   | -0.000736    |
|    learning_rate        | 0.0003       |
|    loss                 | -0.0307      |
|    n_updates            | 7240         |
|    policy_gradient_loss | -0.000829    |
|    std                  | 0.835        |
|    value_loss           | 0.00512      |
------------------------------------------
-----------------------------------------
| rollout/                |             |
|    ep_len_mean          | 196         |
|    ep_rew_mean          | -1.73       |
| time/                   |             |
|    fps                  | 104         |
|    iterations           | 256         |
|    time_elapsed         | 627         |
|    total_timesteps      | 185856      |
| train/                  |             |
|    approx_kl            | 0.010097653 |
|    clip_fraction        | 0.154       |
|    clip_range           | 0.2         |
|    entropy_loss         | -2.48       |
|    explained_variance   | -0.000192   |
|    learning_rate        | 0.0003      |
|    loss                 | -0.044      |
|    n_updates            | 7250        |
|    policy_gradient_loss | -0.0136     |
|    std                  | 0.833       |
|    value_loss           | 0.0045      |
-----------------------------------------
------------------------------------------
| rollout/                |              |
|    ep_len_mean          | 196          |
|    ep_rew_mean          | -1.71        |
| time/                   |              |
|    fps                  | 104          |
|    iterations           | 257          |
|    time_elapsed         | 630          |
|    total_timesteps      | 186112       |
| train/                  |              |
|    approx_kl            | 0.0036981206 |
|    clip_fraction        | 0.032        |
|    clip_range           | 0.2          |
|    entropy_loss         | -2.47        |
|    explained_variance   | -0.000861    |
|    learning_rate        | 0.0003       |
|    loss                 | -0.0172      |
|    n_updates            | 7260         |
|    policy_gradient_loss | -0.00264     |
|    std                  | 0.831        |
|    value_loss           | 0.00483      |
------------------------------------------
-----------------------------------------
| rollout/                |             |
|    ep_len_mean          | 196         |
|    ep_rew_mean          | -1.72       |
| time/                   |             |
|    fps                  | 104         |
|    iterations           | 258         |
|    time_elapsed         | 632         |
|    total_timesteps      | 186368      |
| train/                  |             |
|    approx_kl            | 0.004069773 |
|    clip_fraction        | 0.0613      |
|    clip_range           | 0.2         |
|    entropy_loss         | -2.46       |
|    explained_variance   | 0.000326    |
|    learning_rate        | 0.0003      |
|    loss                 | -0.0451     |
|    n_updates            | 7270        |
|    policy_gradient_loss | -0.00529    |
|    std                  | 0.828       |
|    value_loss           | 0.006       |
-----------------------------------------
-----------------------------------------
| rollout/                |             |
|    ep_len_mean          | 196         |
|    ep_rew_mean          | -1.72       |
| time/                   |             |
|    fps                  | 104         |
|    iterations           | 259         |
|    time_elapsed         | 635         |
|    total_timesteps      | 186624      |
| train/                  |             |
|    approx_kl            | 0.009622173 |
|    clip_fraction        | 0.112       |
|    clip_range           | 0.2         |
|    entropy_loss         | -2.46       |
|    explained_variance   | 9.55e-05    |
|    learning_rate        | 0.0003      |
|    loss                 | -0.046      |
|    n_updates            | 7280        |
|    policy_gradient_loss | -0.01       |
|    std                  | 0.826       |
|    value_loss           | 0.00579     |
-----------------------------------------
-----------------------------------------
| rollout/                |             |
|    ep_len_mean          | 196         |
|    ep_rew_mean          | -1.72       |
| time/                   |             |
|    fps                  | 104         |
|    iterations           | 260         |
|    time_elapsed         | 637         |
|    total_timesteps      | 186880      |
| train/                  |             |
|    approx_kl            | 0.001828433 |
|    clip_fraction        | 0.0387      |
|    clip_range           | 0.2         |
|    entropy_loss         | -2.46       |
|    explained_variance   | 0.000308    |
|    learning_rate        | 0.0003      |
|    loss                 | -0.0208     |
|    n_updates            | 7290        |
|    policy_gradient_loss | -0.0026     |
|    std                  | 0.825       |
|    value_loss           | 0.00536     |
-----------------------------------------
------------------------------------------
| rollout/                |              |
|    ep_len_mean          | 196          |
|    ep_rew_mean          | -1.71        |
| time/                   |              |
|    fps                  | 104          |
|    iterations           | 261          |
|    time_elapsed         | 639          |
|    total_timesteps      | 187136       |
| train/                  |              |
|    approx_kl            | 0.0063437046 |
|    clip_fraction        | 0.0996       |
|    clip_range           | 0.2          |
|    entropy_loss         | -2.46        |
|    explained_variance   | 4.08e-05     |
|    learning_rate        | 0.0003       |
|    loss                 | -0.0366      |
|    n_updates            | 7300         |
|    policy_gradient_loss | -0.00795     |
|    std                  | 0.827        |
|    value_loss           | 0.00417      |
------------------------------------------
-----------------------------------------
| rollout/                |             |
|    ep_len_mean          | 196         |
|    ep_rew_mean          | -1.7        |
| time/                   |             |
|    fps                  | 104         |
|    iterations           | 262         |
|    time_elapsed         | 644         |
|    total_timesteps      | 187392      |
| train/                  |             |
|    approx_kl            | 0.008273954 |
|    clip_fraction        | 0.0719      |
|    clip_range           | 0.2         |
|    entropy_loss         | -2.46       |
|    explained_variance   | -0.000129   |
|    learning_rate        | 0.0003      |
|    loss                 | -0.0303     |
|    n_updates            | 7310        |
|    policy_gradient_loss | -0.00617    |
|    std                  | 0.828       |
|    value_loss           | 0.00597     |
-----------------------------------------
-----------------------------------------
| rollout/                |             |
|    ep_len_mean          | 196         |
|    ep_rew_mean          | -1.69       |
| time/                   |             |
|    fps                  | 104         |
|    iterations           | 263         |
|    time_elapsed         | 646         |
|    total_timesteps      | 187648      |
| train/                  |             |
|    approx_kl            | 0.005573786 |
|    clip_fraction        | 0.0574      |
|    clip_range           | 0.2         |
|    entropy_loss         | -2.46       |
|    explained_variance   | 2.92e-05    |
|    learning_rate        | 0.0003      |
|    loss                 | -0.0199     |
|    n_updates            | 7320        |
|    policy_gradient_loss | -0.00314    |
|    std                  | 0.824       |
|    value_loss           | 0.0089      |
-----------------------------------------
------------------------------------------
| rollout/                |              |
|    ep_len_mean          | 196          |
|    ep_rew_mean          | -1.68        |
| time/                   |              |
|    fps                  | 104          |
|    iterations           | 264          |
|    time_elapsed         | 648          |
|    total_timesteps      | 187904       |
| train/                  |              |
|    approx_kl            | 0.0035925894 |
|    clip_fraction        | 0.0203       |
|    clip_range           | 0.2          |
|    entropy_loss         | -2.45        |
|    explained_variance   | -3.56e-05    |
|    learning_rate        | 0.0003       |
|    loss                 | -0.0296      |
|    n_updates            | 7330         |
|    policy_gradient_loss | -0.000276    |
|    std                  | 0.826        |
|    value_loss           | 0.00409      |
------------------------------------------
----------------------------------------
| rollout/                |            |
|    ep_len_mean          | 196        |
|    ep_rew_mean          | -1.68      |
| time/                   |            |
|    fps                  | 104        |
|    iterations           | 265        |
|    time_elapsed         | 651        |
|    total_timesteps      | 188160     |
| train/                  |            |
|    approx_kl            | 0.00731361 |
|    clip_fraction        | 0.0965     |
|    clip_range           | 0.2        |
|    entropy_loss         | -2.46      |
|    explained_variance   | -0.000593  |
|    learning_rate        | 0.0003     |
|    loss                 | -0.0332    |
|    n_updates            | 7340       |
|    policy_gradient_loss | -0.00955   |
|    std                  | 0.83       |
|    value_loss           | 0.00654    |
----------------------------------------
-----------------------------------------
| rollout/                |             |
|    ep_len_mean          | 196         |
|    ep_rew_mean          | -1.66       |
| time/                   |             |
|    fps                  | 104         |
|    iterations           | 266         |
|    time_elapsed         | 653         |
|    total_timesteps      | 188416      |
| train/                  |             |
|    approx_kl            | 0.005760625 |
|    clip_fraction        | 0.0766      |
|    clip_range           | 0.2         |
|    entropy_loss         | -2.47       |
|    explained_variance   | 0.000834    |
|    learning_rate        | 0.0003      |
|    loss                 | -0.0375     |
|    n_updates            | 7350        |
|    policy_gradient_loss | -0.00419    |
|    std                  | 0.83        |
|    value_loss           | 0.00544     |
-----------------------------------------
------------------------------------------
| rollout/                |              |
|    ep_len_mean          | 196          |
|    ep_rew_mean          | -1.67        |
| time/                   |              |
|    fps                  | 104          |
|    iterations           | 267          |
|    time_elapsed         | 655          |
|    total_timesteps      | 188672       |
| train/                  |              |
|    approx_kl            | 0.0041895476 |
|    clip_fraction        | 0.0734       |
|    clip_range           | 0.2          |
|    entropy_loss         | -2.46        |
|    explained_variance   | -0.00076     |
|    learning_rate        | 0.0003       |
|    loss                 | -0.0287      |
|    n_updates            | 7360         |
|    policy_gradient_loss | -0.00436     |
|    std                  | 0.828        |
|    value_loss           | 0.0057       |
------------------------------------------
------------------------------------------
| rollout/                |              |
|    ep_len_mean          | 196          |
|    ep_rew_mean          | -1.67        |
| time/                   |              |
|    fps                  | 104          |
|    iterations           | 268          |
|    time_elapsed         | 658          |
|    total_timesteps      | 188928       |
| train/                  |              |
|    approx_kl            | 0.0044129808 |
|    clip_fraction        | 0.0488       |
|    clip_range           | 0.2          |
|    entropy_loss         | -2.46        |
|    explained_variance   | 0.000144     |
|    learning_rate        | 0.0003       |
|    loss                 | -0.0198      |
|    n_updates            | 7370         |
|    policy_gradient_loss | -0.00248     |
|    std                  | 0.828        |
|    value_loss           | 0.0043       |
------------------------------------------
-----------------------------------------
| rollout/                |             |
|    ep_len_mean          | 196         |
|    ep_rew_mean          | -1.68       |
| time/                   |             |
|    fps                  | 104         |
|    iterations           | 269         |
|    time_elapsed         | 660         |
|    total_timesteps      | 189184      |
| train/                  |             |
|    approx_kl            | 0.006088732 |
|    clip_fraction        | 0.0211      |
|    clip_range           | 0.2         |
|    entropy_loss         | -2.46       |
|    explained_variance   | -0.000254   |
|    learning_rate        | 0.0003      |
|    loss                 | -0.0177     |
|    n_updates            | 7380        |
|    policy_gradient_loss | -0.00239    |
|    std                  | 0.828       |
|    value_loss           | 0.00503     |
-----------------------------------------
-----------------------------------------
| rollout/                |             |
|    ep_len_mean          | 196         |
|    ep_rew_mean          | -1.68       |
| time/                   |             |
|    fps                  | 104         |
|    iterations           | 270         |
|    time_elapsed         | 663         |
|    total_timesteps      | 189440      |
| train/                  |             |
|    approx_kl            | 0.004233636 |
|    clip_fraction        | 0.0414      |
|    clip_range           | 0.2         |
|    entropy_loss         | -2.46       |
|    explained_variance   | 8.39e-05    |
|    learning_rate        | 0.0003      |
|    loss                 | -0.0169     |
|    n_updates            | 7390        |
|    policy_gradient_loss | -0.00391    |
|    std                  | 0.826       |
|    value_loss           | 0.00678     |
-----------------------------------------
-----------------------------------------
| rollout/                |             |
|    ep_len_mean          | 196         |
|    ep_rew_mean          | -1.7        |
| time/                   |             |
|    fps                  | 104         |
|    iterations           | 271         |
|    time_elapsed         | 665         |
|    total_timesteps      | 189696      |
| train/                  |             |
|    approx_kl            | 0.008111213 |
|    clip_fraction        | 0.0242      |
|    clip_range           | 0.2         |
|    entropy_loss         | -2.45       |
|    explained_variance   | 2.3e-05     |
|    learning_rate        | 0.0003      |
|    loss                 | -0.022      |
|    n_updates            | 7400        |
|    policy_gradient_loss | -0.00127    |
|    std                  | 0.823       |
|    value_loss           | 0.00616     |
-----------------------------------------
-----------------------------------------
| rollout/                |             |
|    ep_len_mean          | 196         |
|    ep_rew_mean          | -1.68       |
| time/                   |             |
|    fps                  | 104         |
|    iterations           | 272         |
|    time_elapsed         | 668         |
|    total_timesteps      | 189952      |
| train/                  |             |
|    approx_kl            | 0.004197768 |
|    clip_fraction        | 0.0496      |
|    clip_range           | 0.2         |
|    entropy_loss         | -2.45       |
|    explained_variance   | 0.00118     |
|    learning_rate        | 0.0003      |
|    loss                 | -0.0376     |
|    n_updates            | 7410        |
|    policy_gradient_loss | -0.00325    |
|    std                  | 0.823       |
|    value_loss           | 0.00521     |
-----------------------------------------
-----------------------------------------
| rollout/                |             |
|    ep_len_mean          | 196         |
|    ep_rew_mean          | -1.69       |
| time/                   |             |
|    fps                  | 104         |
|    iterations           | 273         |
|    time_elapsed         | 670         |
|    total_timesteps      | 190208      |
| train/                  |             |
|    approx_kl            | 0.004652133 |
|    clip_fraction        | 0.0117      |
|    clip_range           | 0.2         |
|    entropy_loss         | -2.44       |
|    explained_variance   | 0.000217    |
|    learning_rate        | 0.0003      |
|    loss                 | -0.00805    |
|    n_updates            | 7420        |
|    policy_gradient_loss | -0.000222   |
|    std                  | 0.82        |
|    value_loss           | 0.00466     |
-----------------------------------------
------------------------------------------
| rollout/                |              |
|    ep_len_mean          | 196          |
|    ep_rew_mean          | -1.68        |
| time/                   |              |
|    fps                  | 104          |
|    iterations           | 274          |
|    time_elapsed         | 672          |
|    total_timesteps      | 190464       |
| train/                  |              |
|    approx_kl            | 0.0066354414 |
|    clip_fraction        | 0.0637       |
|    clip_range           | 0.2          |
|    entropy_loss         | -2.44        |
|    explained_variance   | -0.00114     |
|    learning_rate        | 0.0003       |
|    loss                 | -0.0423      |
|    n_updates            | 7430         |
|    policy_gradient_loss | -0.0063      |
|    std                  | 0.817        |
|    value_loss           | 0.00652      |
------------------------------------------
-----------------------------------------
| rollout/                |             |
|    ep_len_mean          | 196         |
|    ep_rew_mean          | -1.66       |
| time/                   |             |
|    fps                  | 104         |
|    iterations           | 275         |
|    time_elapsed         | 675         |
|    total_timesteps      | 190720      |
| train/                  |             |
|    approx_kl            | 0.004288746 |
|    clip_fraction        | 0.0152      |
|    clip_range           | 0.2         |
|    entropy_loss         | -2.43       |
|    explained_variance   | -0.000384   |
|    learning_rate        | 0.0003      |
|    loss                 | -0.00829    |
|    n_updates            | 7440        |
|    policy_gradient_loss | -0.000901   |
|    std                  | 0.818       |
|    value_loss           | 0.00641     |
-----------------------------------------
-----------------------------------------
| rollout/                |             |
|    ep_len_mean          | 196         |
|    ep_rew_mean          | -1.64       |
| time/                   |             |
|    fps                  | 104         |
|    iterations           | 276         |
|    time_elapsed         | 677         |
|    total_timesteps      | 190976      |
| train/                  |             |
|    approx_kl            | 0.004301939 |
|    clip_fraction        | 0.0703      |
|    clip_range           | 0.2         |
|    entropy_loss         | -2.43       |
|    explained_variance   | -0.00046    |
|    learning_rate        | 0.0003      |
|    loss                 | -0.0291     |
|    n_updates            | 7450        |
|    policy_gradient_loss | -0.00867    |
|    std                  | 0.816       |
|    value_loss           | 0.00397     |
-----------------------------------------
-----------------------------------------
| rollout/                |             |
|    ep_len_mean          | 194         |
|    ep_rew_mean          | -1.41       |
| time/                   |             |
|    fps                  | 104         |
|    iterations           | 277         |
|    time_elapsed         | 680         |
|    total_timesteps      | 191232      |
| train/                  |             |
|    approx_kl            | 0.008294029 |
|    clip_fraction        | 0.136       |
|    clip_range           | 0.2         |
|    entropy_loss         | -2.43       |
|    explained_variance   | -6.65e-05   |
|    learning_rate        | 0.0003      |
|    loss                 | -0.0376     |
|    n_updates            | 7460        |
|    policy_gradient_loss | -0.0123     |
|    std                  | 0.815       |
|    value_loss           | 0.00664     |
-----------------------------------------
------------------------------------------
| rollout/                |              |
|    ep_len_mean          | 194          |
|    ep_rew_mean          | -1.41        |
| time/                   |              |
|    fps                  | 104          |
|    iterations           | 278          |
|    time_elapsed         | 682          |
|    total_timesteps      | 191488       |
| train/                  |              |
|    approx_kl            | 0.0028825882 |
|    clip_fraction        | 0.0301       |
|    clip_range           | 0.2          |
|    entropy_loss         | -2.43        |
|    explained_variance   | -3.93e-06    |
|    learning_rate        | 0.0003       |
|    loss                 | -0.0441      |
|    n_updates            | 7470         |
|    policy_gradient_loss | -0.0019      |
|    std                  | 0.816        |
|    value_loss           | 1.72         |
------------------------------------------
------------------------------------------
| rollout/                |              |
|    ep_len_mean          | 194          |
|    ep_rew_mean          | -1.39        |
| time/                   |              |
|    fps                  | 104          |
|    iterations           | 279          |
|    time_elapsed         | 685          |
|    total_timesteps      | 191744       |
| train/                  |              |
|    approx_kl            | 0.0030774248 |
|    clip_fraction        | 0.0449       |
|    clip_range           | 0.2          |
|    entropy_loss         | -2.43        |
|    explained_variance   | 0.0012       |
|    learning_rate        | 0.0003       |
|    loss                 | -0.0217      |
|    n_updates            | 7480         |
|    policy_gradient_loss | -0.00346     |
|    std                  | 0.814        |
|    value_loss           | 0.00595      |
------------------------------------------
-----------------------------------------
| rollout/                |             |
|    ep_len_mean          | 194         |
|    ep_rew_mean          | -1.39       |
| time/                   |             |
|    fps                  | 104         |
|    iterations           | 280         |
|    time_elapsed         | 687         |
|    total_timesteps      | 192000      |
| train/                  |             |
|    approx_kl            | 0.004947509 |
|    clip_fraction        | 0.0398      |
|    clip_range           | 0.2         |
|    entropy_loss         | -2.43       |
|    explained_variance   | 0.00187     |
|    learning_rate        | 0.0003      |
|    loss                 | -0.0186     |
|    n_updates            | 7490        |
|    policy_gradient_loss | -0.00247    |
|    std                  | 0.814       |
|    value_loss           | 0.00566     |
-----------------------------------------
------------------------------------------
| rollout/                |              |
|    ep_len_mean          | 194          |
|    ep_rew_mean          | -1.39        |
| time/                   |              |
|    fps                  | 104          |
|    iterations           | 281          |
|    time_elapsed         | 690          |
|    total_timesteps      | 192256       |
| train/                  |              |
|    approx_kl            | 0.0068064844 |
|    clip_fraction        | 0.0672       |
|    clip_range           | 0.2          |
|    entropy_loss         | -2.43        |
|    explained_variance   | 7.21e-05     |
|    learning_rate        | 0.0003       |
|    loss                 | -0.0432      |
|    n_updates            | 7500         |
|    policy_gradient_loss | -0.00815     |
|    std                  | 0.814        |
|    value_loss           | 0.00712      |
------------------------------------------
------------------------------------------
| rollout/                |              |
|    ep_len_mean          | 194          |
|    ep_rew_mean          | -1.39        |
| time/                   |              |
|    fps                  | 104          |
|    iterations           | 282          |
|    time_elapsed         | 692          |
|    total_timesteps      | 192512       |
| train/                  |              |
|    approx_kl            | 0.0053983033 |
|    clip_fraction        | 0.0801       |
|    clip_range           | 0.2          |
|    entropy_loss         | -2.43        |
|    explained_variance   | 0.00172      |
|    learning_rate        | 0.0003       |
|    loss                 | -0.0332      |
|    n_updates            | 7510         |
|    policy_gradient_loss | -0.00864     |
|    std                  | 0.814        |
|    value_loss           | 0.00534      |
------------------------------------------
-----------------------------------------
| rollout/                |             |
|    ep_len_mean          | 194         |
|    ep_rew_mean          | -1.39       |
| time/                   |             |
|    fps                  | 104         |
|    iterations           | 283         |
|    time_elapsed         | 695         |
|    total_timesteps      | 192768      |
| train/                  |             |
|    approx_kl            | 0.003988271 |
|    clip_fraction        | 0.0477      |
|    clip_range           | 0.2         |
|    entropy_loss         | -2.43       |
|    explained_variance   | 0.00179     |
|    learning_rate        | 0.0003      |
|    loss                 | -0.0172     |
|    n_updates            | 7520        |
|    policy_gradient_loss | -0.00462    |
|    std                  | 0.816       |
|    value_loss           | 0.00546     |
-----------------------------------------
-----------------------------------------
| rollout/                |             |
|    ep_len_mean          | 194         |
|    ep_rew_mean          | -1.39       |
| time/                   |             |
|    fps                  | 103         |
|    iterations           | 284         |
|    time_elapsed         | 699         |
|    total_timesteps      | 193024      |
| train/                  |             |
|    approx_kl            | 0.004203405 |
|    clip_fraction        | 0.0391      |
|    clip_range           | 0.2         |
|    entropy_loss         | -2.43       |
|    explained_variance   | -0.00317    |
|    learning_rate        | 0.0003      |
|    loss                 | -0.0447     |
|    n_updates            | 7530        |
|    policy_gradient_loss | -0.0033     |
|    std                  | 0.817       |
|    value_loss           | 0.00411     |
-----------------------------------------
------------------------------------------
| rollout/                |              |
|    ep_len_mean          | 194          |
|    ep_rew_mean          | -1.39        |
| time/                   |              |
|    fps                  | 103          |
|    iterations           | 285          |
|    time_elapsed         | 701          |
|    total_timesteps      | 193280       |
| train/                  |              |
|    approx_kl            | 0.0040343795 |
|    clip_fraction        | 0.023        |
|    clip_range           | 0.2          |
|    entropy_loss         | -2.43        |
|    explained_variance   | 0.000124     |
|    learning_rate        | 0.0003       |
|    loss                 | -0.0232      |
|    n_updates            | 7540         |
|    policy_gradient_loss | -0.00272     |
|    std                  | 0.815        |
|    value_loss           | 0.00518      |
------------------------------------------
------------------------------------------
| rollout/                |              |
|    ep_len_mean          | 194          |
|    ep_rew_mean          | -1.38        |
| time/                   |              |
|    fps                  | 103          |
|    iterations           | 286          |
|    time_elapsed         | 704          |
|    total_timesteps      | 193536       |
| train/                  |              |
|    approx_kl            | 0.0055151246 |
|    clip_fraction        | 0.066        |
|    clip_range           | 0.2          |
|    entropy_loss         | -2.43        |
|    explained_variance   | -0.000928    |
|    learning_rate        | 0.0003       |
|    loss                 | -0.0394      |
|    n_updates            | 7550         |
|    policy_gradient_loss | -0.00646     |
|    std                  | 0.816        |
|    value_loss           | 0.00466      |
------------------------------------------
------------------------------------------
| rollout/                |              |
|    ep_len_mean          | 194          |
|    ep_rew_mean          | -1.37        |
| time/                   |              |
|    fps                  | 103          |
|    iterations           | 287          |
|    time_elapsed         | 706          |
|    total_timesteps      | 193792       |
| train/                  |              |
|    approx_kl            | 0.0022917937 |
|    clip_fraction        | 0.00586      |
|    clip_range           | 0.2          |
|    entropy_loss         | -2.43        |
|    explained_variance   | -0.0013      |
|    learning_rate        | 0.0003       |
|    loss                 | -0.00679     |
|    n_updates            | 7560         |
|    policy_gradient_loss | -0.000239    |
|    std                  | 0.814        |
|    value_loss           | 0.00492      |
------------------------------------------
-----------------------------------------
| rollout/                |             |
|    ep_len_mean          | 194         |
|    ep_rew_mean          | -1.36       |
| time/                   |             |
|    fps                  | 103         |
|    iterations           | 288         |
|    time_elapsed         | 708         |
|    total_timesteps      | 194048      |
| train/                  |             |
|    approx_kl            | 0.007246799 |
|    clip_fraction        | 0.0953      |
|    clip_range           | 0.2         |
|    entropy_loss         | -2.43       |
|    explained_variance   | -0.000388   |
|    learning_rate        | 0.0003      |
|    loss                 | -0.0192     |
|    n_updates            | 7570        |
|    policy_gradient_loss | -0.00714    |
|    std                  | 0.813       |
|    value_loss           | 0.00427     |
-----------------------------------------
-----------------------------------------
| rollout/                |             |
|    ep_len_mean          | 194         |
|    ep_rew_mean          | -1.35       |
| time/                   |             |
|    fps                  | 103         |
|    iterations           | 289         |
|    time_elapsed         | 711         |
|    total_timesteps      | 194304      |
| train/                  |             |
|    approx_kl            | 0.004560396 |
|    clip_fraction        | 0.0336      |
|    clip_range           | 0.2         |
|    entropy_loss         | -2.42       |
|    explained_variance   | -0.000111   |
|    learning_rate        | 0.0003      |
|    loss                 | -0.0386     |
|    n_updates            | 7580        |
|    policy_gradient_loss | -0.00321    |
|    std                  | 0.812       |
|    value_loss           | 0.0047      |
-----------------------------------------
------------------------------------------
| rollout/                |              |
|    ep_len_mean          | 194          |
|    ep_rew_mean          | -1.36        |
| time/                   |              |
|    fps                  | 103          |
|    iterations           | 290          |
|    time_elapsed         | 714          |
|    total_timesteps      | 194560       |
| train/                  |              |
|    approx_kl            | 0.0027324194 |
|    clip_fraction        | 0.0605       |
|    clip_range           | 0.2          |
|    entropy_loss         | -2.42        |
|    explained_variance   | 8.92e-05     |
|    learning_rate        | 0.0003       |
|    loss                 | -0.0161      |
|    n_updates            | 7590         |
|    policy_gradient_loss | -0.00274     |
|    std                  | 0.812        |
|    value_loss           | 0.00433      |
------------------------------------------
------------------------------------------
| rollout/                |              |
|    ep_len_mean          | 194          |
|    ep_rew_mean          | -1.36        |
| time/                   |              |
|    fps                  | 103          |
|    iterations           | 291          |
|    time_elapsed         | 716          |
|    total_timesteps      | 194816       |
| train/                  |              |
|    approx_kl            | 0.0048704557 |
|    clip_fraction        | 0.0285       |
|    clip_range           | 0.2          |
|    entropy_loss         | -2.42        |
|    explained_variance   | 0.000534     |
|    learning_rate        | 0.0003       |
|    loss                 | -0.0126      |
|    n_updates            | 7600         |
|    policy_gradient_loss | -0.00324     |
|    std                  | 0.81         |
|    value_loss           | 0.00464      |
------------------------------------------
------------------------------------------
| rollout/                |              |
|    ep_len_mean          | 194          |
|    ep_rew_mean          | -1.34        |
| time/                   |              |
|    fps                  | 104          |
|    iterations           | 292          |
|    time_elapsed         | 718          |
|    total_timesteps      | 195072       |
| train/                  |              |
|    approx_kl            | 0.0070010303 |
|    clip_fraction        | 0.0813       |
|    clip_range           | 0.2          |
|    entropy_loss         | -2.41        |
|    explained_variance   | -0.000378    |
|    learning_rate        | 0.0003       |
|    loss                 | -0.0333      |
|    n_updates            | 7610         |
|    policy_gradient_loss | -0.00998     |
|    std                  | 0.808        |
|    value_loss           | 0.00486      |
------------------------------------------
------------------------------------------
| rollout/                |              |
|    ep_len_mean          | 194          |
|    ep_rew_mean          | -1.35        |
| time/                   |              |
|    fps                  | 103          |
|    iterations           | 293          |
|    time_elapsed         | 721          |
|    total_timesteps      | 195328       |
| train/                  |              |
|    approx_kl            | 0.0049574245 |
|    clip_fraction        | 0.0133       |
|    clip_range           | 0.2          |
|    entropy_loss         | -2.41        |
|    explained_variance   | -0.000113    |
|    learning_rate        | 0.0003       |
|    loss                 | -0.0185      |
|    n_updates            | 7620         |
|    policy_gradient_loss | -0.00153     |
|    std                  | 0.803        |
|    value_loss           | 0.00394      |
------------------------------------------
------------------------------------------
| rollout/                |              |
|    ep_len_mean          | 194          |
|    ep_rew_mean          | -1.35        |
| time/                   |              |
|    fps                  | 104          |
|    iterations           | 294          |
|    time_elapsed         | 723          |
|    total_timesteps      | 195584       |
| train/                  |              |
|    approx_kl            | 0.0057069063 |
|    clip_fraction        | 0.068        |
|    clip_range           | 0.2          |
|    entropy_loss         | -2.39        |
|    explained_variance   | 0.000139     |
|    learning_rate        | 0.0003       |
|    loss                 | -0.0327      |
|    n_updates            | 7630         |
|    policy_gradient_loss | -0.00431     |
|    std                  | 0.799        |
|    value_loss           | 0.00399      |
------------------------------------------
------------------------------------------
| rollout/                |              |
|    ep_len_mean          | 192          |
|    ep_rew_mean          | -1.12        |
| time/                   |              |
|    fps                  | 103          |
|    iterations           | 295          |
|    time_elapsed         | 726          |
|    total_timesteps      | 195840       |
| train/                  |              |
|    approx_kl            | 0.0043238522 |
|    clip_fraction        | 0.0551       |
|    clip_range           | 0.2          |
|    entropy_loss         | -2.39        |
|    explained_variance   | -0.000743    |
|    learning_rate        | 0.0003       |
|    loss                 | -0.0243      |
|    n_updates            | 7640         |
|    policy_gradient_loss | -0.00285     |
|    std                  | 0.803        |
|    value_loss           | 0.00434      |
------------------------------------------
------------------------------------------
| rollout/                |              |
|    ep_len_mean          | 192          |
|    ep_rew_mean          | -1.12        |
| time/                   |              |
|    fps                  | 104          |
|    iterations           | 296          |
|    time_elapsed         | 728          |
|    total_timesteps      | 196096       |
| train/                  |              |
|    approx_kl            | 0.0047315615 |
|    clip_fraction        | 0.0715       |
|    clip_range           | 0.2          |
|    entropy_loss         | -2.4         |
|    explained_variance   | 5.9e-06      |
|    learning_rate        | 0.0003       |
|    loss                 | -0.0171      |
|    n_updates            | 7650         |
|    policy_gradient_loss | -0.00502     |
|    std                  | 0.802        |
|    value_loss           | 1.73         |
------------------------------------------
-----------------------------------------
| rollout/                |             |
|    ep_len_mean          | 192         |
|    ep_rew_mean          | -1.12       |
| time/                   |             |
|    fps                  | 103         |
|    iterations           | 297         |
|    time_elapsed         | 731         |
|    total_timesteps      | 196352      |
| train/                  |             |
|    approx_kl            | 0.008346422 |
|    clip_fraction        | 0.0949      |
|    clip_range           | 0.2         |
|    entropy_loss         | -2.4        |
|    explained_variance   | -0.00107    |
|    learning_rate        | 0.0003      |
|    loss                 | -0.0435     |
|    n_updates            | 7660        |
|    policy_gradient_loss | -0.00978    |
|    std                  | 0.802       |
|    value_loss           | 0.00481     |
-----------------------------------------
-----------------------------------------
| rollout/                |             |
|    ep_len_mean          | 192         |
|    ep_rew_mean          | -1.11       |
| time/                   |             |
|    fps                  | 103         |
|    iterations           | 298         |
|    time_elapsed         | 733         |
|    total_timesteps      | 196608      |
| train/                  |             |
|    approx_kl            | 0.004141044 |
|    clip_fraction        | 0.0594      |
|    clip_range           | 0.2         |
|    entropy_loss         | -2.4        |
|    explained_variance   | -0.000687   |
|    learning_rate        | 0.0003      |
|    loss                 | -0.0144     |
|    n_updates            | 7670        |
|    policy_gradient_loss | -0.0052     |
|    std                  | 0.806       |
|    value_loss           | 0.00442     |
-----------------------------------------
-----------------------------------------
| rollout/                |             |
|    ep_len_mean          | 192         |
|    ep_rew_mean          | -1.11       |
| time/                   |             |
|    fps                  | 104         |
|    iterations           | 299         |
|    time_elapsed         | 735         |
|    total_timesteps      | 196864      |
| train/                  |             |
|    approx_kl            | 0.008372983 |
|    clip_fraction        | 0.105       |
|    clip_range           | 0.2         |
|    entropy_loss         | -2.41       |
|    explained_variance   | 0.000585    |
|    learning_rate        | 0.0003      |
|    loss                 | -0.0252     |
|    n_updates            | 7680        |
|    policy_gradient_loss | -0.0114     |
|    std                  | 0.805       |
|    value_loss           | 0.00572     |
-----------------------------------------
------------------------------------------
| rollout/                |              |
|    ep_len_mean          | 192          |
|    ep_rew_mean          | -1.11        |
| time/                   |              |
|    fps                  | 103          |
|    iterations           | 300          |
|    time_elapsed         | 738          |
|    total_timesteps      | 197120       |
| train/                  |              |
|    approx_kl            | 0.0030075202 |
|    clip_fraction        | 0.0434       |
|    clip_range           | 0.2          |
|    entropy_loss         | -2.4         |
|    explained_variance   | -0.000213    |
|    learning_rate        | 0.0003       |
|    loss                 | -0.0197      |
|    n_updates            | 7690         |
|    policy_gradient_loss | -0.00257     |
|    std                  | 0.806        |
|    value_loss           | 0.00629      |
------------------------------------------
-----------------------------------------
| rollout/                |             |
|    ep_len_mean          | 192         |
|    ep_rew_mean          | -1.11       |
| time/                   |             |
|    fps                  | 104         |
|    iterations           | 301         |
|    time_elapsed         | 740         |
|    total_timesteps      | 197376      |
| train/                  |             |
|    approx_kl            | 0.004752715 |
|    clip_fraction        | 0.0414      |
|    clip_range           | 0.2         |
|    entropy_loss         | -2.41       |
|    explained_variance   | -0.000402   |
|    learning_rate        | 0.0003      |
|    loss                 | -0.012      |
|    n_updates            | 7700        |
|    policy_gradient_loss | -0.00411    |
|    std                  | 0.808       |
|    value_loss           | 0.00567     |
-----------------------------------------
-----------------------------------------
| rollout/                |             |
|    ep_len_mean          | 192         |
|    ep_rew_mean          | -1.1        |
| time/                   |             |
|    fps                  | 104         |
|    iterations           | 302         |
|    time_elapsed         | 743         |
|    total_timesteps      | 197632      |
| train/                  |             |
|    approx_kl            | 0.003489422 |
|    clip_fraction        | 0.0246      |
|    clip_range           | 0.2         |
|    entropy_loss         | -2.41       |
|    explained_variance   | 0.000952    |
|    learning_rate        | 0.0003      |
|    loss                 | -0.0236     |
|    n_updates            | 7710        |
|    policy_gradient_loss | -0.00202    |
|    std                  | 0.809       |
|    value_loss           | 0.00635     |
-----------------------------------------
-----------------------------------------
| rollout/                |             |
|    ep_len_mean          | 192         |
|    ep_rew_mean          | -1.11       |
| time/                   |             |
|    fps                  | 104         |
|    iterations           | 303         |
|    time_elapsed         | 745         |
|    total_timesteps      | 197888      |
| train/                  |             |
|    approx_kl            | 0.002708823 |
|    clip_fraction        | 0.00586     |
|    clip_range           | 0.2         |
|    entropy_loss         | -2.42       |
|    explained_variance   | 0.000171    |
|    learning_rate        | 0.0003      |
|    loss                 | -0.0165     |
|    n_updates            | 7720        |
|    policy_gradient_loss | -0.00167    |
|    std                  | 0.811       |
|    value_loss           | 0.00607     |
-----------------------------------------
------------------------------------------
| rollout/                |              |
|    ep_len_mean          | 192          |
|    ep_rew_mean          | -1.11        |
| time/                   |              |
|    fps                  | 104          |
|    iterations           | 304          |
|    time_elapsed         | 748          |
|    total_timesteps      | 198144       |
| train/                  |              |
|    approx_kl            | 0.0032325818 |
|    clip_fraction        | 0.0234       |
|    clip_range           | 0.2          |
|    entropy_loss         | -2.42        |
|    explained_variance   | 0.00179      |
|    learning_rate        | 0.0003       |
|    loss                 | -0.0254      |
|    n_updates            | 7730         |
|    policy_gradient_loss | -0.0017      |
|    std                  | 0.809        |
|    value_loss           | 0.00574      |
------------------------------------------
------------------------------------------
| rollout/                |              |
|    ep_len_mean          | 192          |
|    ep_rew_mean          | -1.11        |
| time/                   |              |
|    fps                  | 104          |
|    iterations           | 305          |
|    time_elapsed         | 750          |
|    total_timesteps      | 198400       |
| train/                  |              |
|    approx_kl            | 0.0060837697 |
|    clip_fraction        | 0.0258       |
|    clip_range           | 0.2          |
|    entropy_loss         | -2.41        |
|    explained_variance   | -0.000391    |
|    learning_rate        | 0.0003       |
|    loss                 | -0.0246      |
|    n_updates            | 7740         |
|    policy_gradient_loss | -0.00193     |
|    std                  | 0.803        |
|    value_loss           | 0.00517      |
------------------------------------------
------------------------------------------
| rollout/                |              |
|    ep_len_mean          | 192          |
|    ep_rew_mean          | -1.1         |
| time/                   |              |
|    fps                  | 104          |
|    iterations           | 306          |
|    time_elapsed         | 752          |
|    total_timesteps      | 198656       |
| train/                  |              |
|    approx_kl            | 0.0057716803 |
|    clip_fraction        | 0.05         |
|    clip_range           | 0.2          |
|    entropy_loss         | -2.39        |
|    explained_variance   | -0.000433    |
|    learning_rate        | 0.0003       |
|    loss                 | -0.0187      |
|    n_updates            | 7750         |
|    policy_gradient_loss | -0.00342     |
|    std                  | 0.8          |
|    value_loss           | 0.00539      |
------------------------------------------
------------------------------------------
| rollout/                |              |
|    ep_len_mean          | 192          |
|    ep_rew_mean          | -1.11        |
| time/                   |              |
|    fps                  | 104          |
|    iterations           | 307          |
|    time_elapsed         | 755          |
|    total_timesteps      | 198912       |
| train/                  |              |
|    approx_kl            | 0.0049495236 |
|    clip_fraction        | 0.041        |
|    clip_range           | 0.2          |
|    entropy_loss         | -2.39        |
|    explained_variance   | 0.000776     |
|    learning_rate        | 0.0003       |
|    loss                 | -0.0382      |
|    n_updates            | 7760         |
|    policy_gradient_loss | -0.00229     |
|    std                  | 0.797        |
|    value_loss           | 0.00503      |
------------------------------------------
-----------------------------------------
| rollout/                |             |
|    ep_len_mean          | 194         |
|    ep_rew_mean          | -1.33       |
| time/                   |             |
|    fps                  | 104         |
|    iterations           | 308         |
|    time_elapsed         | 757         |
|    total_timesteps      | 199168      |
| train/                  |             |
|    approx_kl            | 0.009413893 |
|    clip_fraction        | 0.111       |
|    clip_range           | 0.2         |
|    entropy_loss         | -2.39       |
|    explained_variance   | -0.000307   |
|    learning_rate        | 0.0003      |
|    loss                 | -0.0308     |
|    n_updates            | 7770        |
|    policy_gradient_loss | -0.00959    |
|    std                  | 0.799       |
|    value_loss           | 0.00408     |
-----------------------------------------
------------------------------------------
| rollout/                |              |
|    ep_len_mean          | 194          |
|    ep_rew_mean          | -1.34        |
| time/                   |              |
|    fps                  | 104          |
|    iterations           | 309          |
|    time_elapsed         | 760          |
|    total_timesteps      | 199424       |
| train/                  |              |
|    approx_kl            | 0.0059110755 |
|    clip_fraction        | 0.0609       |
|    clip_range           | 0.2          |
|    entropy_loss         | -2.39        |
|    explained_variance   | 0.000732     |
|    learning_rate        | 0.0003       |
|    loss                 | -0.0251      |
|    n_updates            | 7780         |
|    policy_gradient_loss | -0.00668     |
|    std                  | 0.799        |
|    value_loss           | 0.00495      |
------------------------------------------
------------------------------------------
| rollout/                |              |
|    ep_len_mean          | 194          |
|    ep_rew_mean          | -1.34        |
| time/                   |              |
|    fps                  | 104          |
|    iterations           | 310          |
|    time_elapsed         | 762          |
|    total_timesteps      | 199680       |
| train/                  |              |
|    approx_kl            | 0.0069993148 |
|    clip_fraction        | 0.073        |
|    clip_range           | 0.2          |
|    entropy_loss         | -2.39        |
|    explained_variance   | 0.000487     |
|    learning_rate        | 0.0003       |
|    loss                 | -0.0366      |
|    n_updates            | 7790         |
|    policy_gradient_loss | -0.00887     |
|    std                  | 0.798        |
|    value_loss           | 0.0048       |
------------------------------------------
------------------------------------------
| rollout/                |              |
|    ep_len_mean          | 194          |
|    ep_rew_mean          | -1.34        |
| time/                   |              |
|    fps                  | 104          |
|    iterations           | 311          |
|    time_elapsed         | 765          |
|    total_timesteps      | 199936       |
| train/                  |              |
|    approx_kl            | 0.0058137802 |
|    clip_fraction        | 0.0805       |
|    clip_range           | 0.2          |
|    entropy_loss         | -2.38        |
|    explained_variance   | 0.00147      |
|    learning_rate        | 0.0003       |
|    loss                 | -0.0185      |
|    n_updates            | 7800         |
|    policy_gradient_loss | -0.00488     |
|    std                  | 0.794        |
|    value_loss           | 0.00428      |
------------------------------------------
-----------------------------------------
| rollout/                |             |
|    ep_len_mean          | 194         |
|    ep_rew_mean          | -1.34       |
| time/                   |             |
|    fps                  | 104         |
|    iterations           | 312         |
|    time_elapsed         | 767         |
|    total_timesteps      | 200192      |
| train/                  |             |
|    approx_kl            | 0.005309627 |
|    clip_fraction        | 0.0652      |
|    clip_range           | 0.2         |
|    entropy_loss         | -2.37       |
|    explained_variance   | 0.00325     |
|    learning_rate        | 0.0003      |
|    loss                 | -0.0288     |
|    n_updates            | 7810        |
|    policy_gradient_loss | -0.00805    |
|    std                  | 0.793       |
|    value_loss           | 0.00504     |
-----------------------------------------
------------------------------------------
| rollout/                |              |
|    ep_len_mean          | 194          |
|    ep_rew_mean          | -1.34        |
| time/                   |              |
|    fps                  | 104          |
|    iterations           | 313          |
|    time_elapsed         | 769          |
|    total_timesteps      | 200448       |
| train/                  |              |
|    approx_kl            | 0.0058543785 |
|    clip_fraction        | 0.0809       |
|    clip_range           | 0.2          |
|    entropy_loss         | -2.38        |
|    explained_variance   | 0.00367      |
|    learning_rate        | 0.0003       |
|    loss                 | -0.0102      |
|    n_updates            | 7820         |
|    policy_gradient_loss | -0.00512     |
|    std                  | 0.797        |
|    value_loss           | 0.00521      |
------------------------------------------
-----------------------------------------
| rollout/                |             |
|    ep_len_mean          | 196         |
|    ep_rew_mean          | -1.56       |
| time/                   |             |
|    fps                  | 104         |
|    iterations           | 314         |
|    time_elapsed         | 772         |
|    total_timesteps      | 200704      |
| train/                  |             |
|    approx_kl            | 0.007703281 |
|    clip_fraction        | 0.0766      |
|    clip_range           | 0.2         |
|    entropy_loss         | -2.38       |
|    explained_variance   | -0.000709   |
|    learning_rate        | 0.0003      |
|    loss                 | -0.0235     |
|    n_updates            | 7830        |
|    policy_gradient_loss | -0.00719    |
|    std                  | 0.794       |
|    value_loss           | 0.00397     |
-----------------------------------------
------------------------------------------
| rollout/                |              |
|    ep_len_mean          | 196          |
|    ep_rew_mean          | -1.56        |
| time/                   |              |
|    fps                  | 104          |
|    iterations           | 315          |
|    time_elapsed         | 774          |
|    total_timesteps      | 200960       |
| train/                  |              |
|    approx_kl            | 0.0054130256 |
|    clip_fraction        | 0.0352       |
|    clip_range           | 0.2          |
|    entropy_loss         | -2.38        |
|    explained_variance   | -0.000217    |
|    learning_rate        | 0.0003       |
|    loss                 | -0.0198      |
|    n_updates            | 7840         |
|    policy_gradient_loss | -0.0039      |
|    std                  | 0.796        |
|    value_loss           | 0.00509      |
------------------------------------------
------------------------------------------
| rollout/                |              |
|    ep_len_mean          | 196          |
|    ep_rew_mean          | -1.56        |
| time/                   |              |
|    fps                  | 104          |
|    iterations           | 316          |
|    time_elapsed         | 777          |
|    total_timesteps      | 201216       |
| train/                  |              |
|    approx_kl            | 0.0043112515 |
|    clip_fraction        | 0.0484       |
|    clip_range           | 0.2          |
|    entropy_loss         | -2.38        |
|    explained_variance   | -0.00486     |
|    learning_rate        | 0.0003       |
|    loss                 | -0.0165      |
|    n_updates            | 7850         |
|    policy_gradient_loss | -0.00326     |
|    std                  | 0.798        |
|    value_loss           | 0.00428      |
------------------------------------------
-----------------------------------------
| rollout/                |             |
|    ep_len_mean          | 196         |
|    ep_rew_mean          | -1.56       |
| time/                   |             |
|    fps                  | 104         |
|    iterations           | 317         |
|    time_elapsed         | 779         |
|    total_timesteps      | 201472      |
| train/                  |             |
|    approx_kl            | 0.007458318 |
|    clip_fraction        | 0.0613      |
|    clip_range           | 0.2         |
|    entropy_loss         | -2.39       |
|    explained_variance   | 0.000256    |
|    learning_rate        | 0.0003      |
|    loss                 | -0.0384     |
|    n_updates            | 7860        |
|    policy_gradient_loss | -0.00741    |
|    std                  | 0.802       |
|    value_loss           | 0.00446     |
-----------------------------------------
-----------------------------------------
| rollout/                |             |
|    ep_len_mean          | 196         |
|    ep_rew_mean          | -1.56       |
| time/                   |             |
|    fps                  | 104         |
|    iterations           | 318         |
|    time_elapsed         | 782         |
|    total_timesteps      | 201728      |
| train/                  |             |
|    approx_kl            | 0.004918703 |
|    clip_fraction        | 0.027       |
|    clip_range           | 0.2         |
|    entropy_loss         | -2.4        |
|    explained_variance   | 0.00287     |
|    learning_rate        | 0.0003      |
|    loss                 | -0.0367     |
|    n_updates            | 7870        |
|    policy_gradient_loss | -0.00244    |
|    std                  | 0.803       |
|    value_loss           | 0.00453     |
-----------------------------------------
-----------------------------------------
| rollout/                |             |
|    ep_len_mean          | 196         |
|    ep_rew_mean          | -1.56       |
| time/                   |             |
|    fps                  | 104         |
|    iterations           | 319         |
|    time_elapsed         | 784         |
|    total_timesteps      | 201984      |
| train/                  |             |
|    approx_kl            | 0.005418066 |
|    clip_fraction        | 0.0418      |
|    clip_range           | 0.2         |
|    entropy_loss         | -2.4        |
|    explained_variance   | -0.00205    |
|    learning_rate        | 0.0003      |
|    loss                 | -0.0115     |
|    n_updates            | 7880        |
|    policy_gradient_loss | -0.00292    |
|    std                  | 0.803       |
|    value_loss           | 0.00599     |
-----------------------------------------
----------------------------------------
| rollout/                |            |
|    ep_len_mean          | 196        |
|    ep_rew_mean          | -1.57      |
| time/                   |            |
|    fps                  | 104        |
|    iterations           | 320        |
|    time_elapsed         | 786        |
|    total_timesteps      | 202240     |
| train/                  |            |
|    approx_kl            | 0.00286345 |
|    clip_fraction        | 0.0285     |
|    clip_range           | 0.2        |
|    entropy_loss         | -2.4       |
|    explained_variance   | -0.000325  |
|    learning_rate        | 0.0003     |
|    loss                 | -0.0296    |
|    n_updates            | 7890       |
|    policy_gradient_loss | -0.00155   |
|    std                  | 0.803      |
|    value_loss           | 0.00433    |
----------------------------------------
------------------------------------------
| rollout/                |              |
|    ep_len_mean          | 196          |
|    ep_rew_mean          | -1.57        |
| time/                   |              |
|    fps                  | 104          |
|    iterations           | 321          |
|    time_elapsed         | 789          |
|    total_timesteps      | 202496       |
| train/                  |              |
|    approx_kl            | 0.0052976515 |
|    clip_fraction        | 0.0445       |
|    clip_range           | 0.2          |
|    entropy_loss         | -2.4         |
|    explained_variance   | -0.000833    |
|    learning_rate        | 0.0003       |
|    loss                 | -0.0421      |
|    n_updates            | 7900         |
|    policy_gradient_loss | -0.00452     |
|    std                  | 0.8          |
|    value_loss           | 0.00414      |
------------------------------------------
------------------------------------------
| rollout/                |              |
|    ep_len_mean          | 196          |
|    ep_rew_mean          | -1.57        |
| time/                   |              |
|    fps                  | 104          |
|    iterations           | 322          |
|    time_elapsed         | 791          |
|    total_timesteps      | 202752       |
| train/                  |              |
|    approx_kl            | 0.0046949075 |
|    clip_fraction        | 0.00664      |
|    clip_range           | 0.2          |
|    entropy_loss         | -2.39        |
|    explained_variance   | 0.00441      |
|    learning_rate        | 0.0003       |
|    loss                 | -0.0292      |
|    n_updates            | 7910         |
|    policy_gradient_loss | -3.7e-05     |
|    std                  | 0.798        |
|    value_loss           | 0.00465      |
------------------------------------------
------------------------------------------
| rollout/                |              |
|    ep_len_mean          | 196          |
|    ep_rew_mean          | -1.57        |
| time/                   |              |
|    fps                  | 104          |
|    iterations           | 323          |
|    time_elapsed         | 793          |
|    total_timesteps      | 203008       |
| train/                  |              |
|    approx_kl            | 0.0037223052 |
|    clip_fraction        | 0.0328       |
|    clip_range           | 0.2          |
|    entropy_loss         | -2.38        |
|    explained_variance   | -0.00111     |
|    learning_rate        | 0.0003       |
|    loss                 | -0.031       |
|    n_updates            | 7920         |
|    policy_gradient_loss | -0.00273     |
|    std                  | 0.794        |
|    value_loss           | 0.00405      |
------------------------------------------
------------------------------------------
| rollout/                |              |
|    ep_len_mean          | 196          |
|    ep_rew_mean          | -1.57        |
| time/                   |              |
|    fps                  | 104          |
|    iterations           | 324          |
|    time_elapsed         | 796          |
|    total_timesteps      | 203264       |
| train/                  |              |
|    approx_kl            | 0.0017778229 |
|    clip_fraction        | 0.000391     |
|    clip_range           | 0.2          |
|    entropy_loss         | -2.37        |
|    explained_variance   | -0.000407    |
|    learning_rate        | 0.0003       |
|    loss                 | -0.0173      |
|    n_updates            | 7930         |
|    policy_gradient_loss | -0.000489    |
|    std                  | 0.793        |
|    value_loss           | 0.00426      |
------------------------------------------
------------------------------------------
| rollout/                |              |
|    ep_len_mean          | 196          |
|    ep_rew_mean          | -1.56        |
| time/                   |              |
|    fps                  | 104          |
|    iterations           | 325          |
|    time_elapsed         | 798          |
|    total_timesteps      | 203520       |
| train/                  |              |
|    approx_kl            | 0.0063749645 |
|    clip_fraction        | 0.115        |
|    clip_range           | 0.2          |
|    entropy_loss         | -2.38        |
|    explained_variance   | 0.00248      |
|    learning_rate        | 0.0003       |
|    loss                 | -0.035       |
|    n_updates            | 7940         |
|    policy_gradient_loss | -0.0107      |
|    std                  | 0.795        |
|    value_loss           | 0.00376      |
------------------------------------------
-----------------------------------------
| rollout/                |             |
|    ep_len_mean          | 196         |
|    ep_rew_mean          | -1.56       |
| time/                   |             |
|    fps                  | 104         |
|    iterations           | 326         |
|    time_elapsed         | 801         |
|    total_timesteps      | 203776      |
| train/                  |             |
|    approx_kl            | 0.008621045 |
|    clip_fraction        | 0.0523      |
|    clip_range           | 0.2         |
|    entropy_loss         | -2.38       |
|    explained_variance   | -0.000898   |
|    learning_rate        | 0.0003      |
|    loss                 | -0.0353     |
|    n_updates            | 7950        |
|    policy_gradient_loss | -0.00266    |
|    std                  | 0.797       |
|    value_loss           | 0.00342     |
-----------------------------------------
-------------------------------------------
| rollout/                |               |
|    ep_len_mean          | 196           |
|    ep_rew_mean          | -1.56         |
| time/                   |               |
|    fps                  | 104           |
|    iterations           | 327           |
|    time_elapsed         | 803           |
|    total_timesteps      | 204032        |
| train/                  |               |
|    approx_kl            | 0.00019419263 |
|    clip_fraction        | 0             |
|    clip_range           | 0.2           |
|    entropy_loss         | -2.38         |
|    explained_variance   | -0.00569      |
|    learning_rate        | 0.0003        |
|    loss                 | -0.0198       |
|    n_updates            | 7960          |
|    policy_gradient_loss | -5.79e-05     |
|    std                  | 0.798         |
|    value_loss           | 0.00424       |
-------------------------------------------
------------------------------------------
| rollout/                |              |
|    ep_len_mean          | 196          |
|    ep_rew_mean          | -1.55        |
| time/                   |              |
|    fps                  | 104          |
|    iterations           | 328          |
|    time_elapsed         | 805          |
|    total_timesteps      | 204288       |
| train/                  |              |
|    approx_kl            | 0.0032392214 |
|    clip_fraction        | 0.0707       |
|    clip_range           | 0.2          |
|    entropy_loss         | -2.38        |
|    explained_variance   | 0.00177      |
|    learning_rate        | 0.0003       |
|    loss                 | -0.0339      |
|    n_updates            | 7970         |
|    policy_gradient_loss | -0.00774     |
|    std                  | 0.795        |
|    value_loss           | 0.00404      |
------------------------------------------
-------------------------------------------
| rollout/                |               |
|    ep_len_mean          | 196           |
|    ep_rew_mean          | -1.55         |
| time/                   |               |
|    fps                  | 104           |
|    iterations           | 329           |
|    time_elapsed         | 808           |
|    total_timesteps      | 204544        |
| train/                  |               |
|    approx_kl            | 0.00037392974 |
|    clip_fraction        | 0             |
|    clip_range           | 0.2           |
|    entropy_loss         | -2.38         |
|    explained_variance   | 0.00154       |
|    learning_rate        | 0.0003        |
|    loss                 | -0.0203       |
|    n_updates            | 7980          |
|    policy_gradient_loss | 0.0002        |
|    std                  | 0.797         |
|    value_loss           | 0.00398       |
-------------------------------------------
----------------------------------------
| rollout/                |            |
|    ep_len_mean          | 196        |
|    ep_rew_mean          | -1.55      |
| time/                   |            |
|    fps                  | 104        |
|    iterations           | 330        |
|    time_elapsed         | 810        |
|    total_timesteps      | 204800     |
| train/                  |            |
|    approx_kl            | 0.00657704 |
|    clip_fraction        | 0.0187     |
|    clip_range           | 0.2        |
|    entropy_loss         | -2.38      |
|    explained_variance   | -0.00363   |
|    learning_rate        | 0.0003     |
|    loss                 | 0.00215    |
|    n_updates            | 7990       |
|    policy_gradient_loss | -0.00109   |
|    std                  | 0.796      |
|    value_loss           | 0.0042     |
----------------------------------------
------------------------------------------
| rollout/                |              |
|    ep_len_mean          | 196          |
|    ep_rew_mean          | -1.55        |
| time/                   |              |
|    fps                  | 104          |
|    iterations           | 331          |
|    time_elapsed         | 813          |
|    total_timesteps      | 205056       |
| train/                  |              |
|    approx_kl            | 0.0072985925 |
|    clip_fraction        | 0.0758       |
|    clip_range           | 0.2          |
|    entropy_loss         | -2.38        |
|    explained_variance   | 9.12e-05     |
|    learning_rate        | 0.0003       |
|    loss                 | -0.0402      |
|    n_updates            | 8000         |
|    policy_gradient_loss | -0.00726     |
|    std                  | 0.797        |
|    value_loss           | 0.00457      |
------------------------------------------
-----------------------------------------
| rollout/                |             |
|    ep_len_mean          | 196         |
|    ep_rew_mean          | -1.55       |
| time/                   |             |
|    fps                  | 104         |
|    iterations           | 332         |
|    time_elapsed         | 815         |
|    total_timesteps      | 205312      |
| train/                  |             |
|    approx_kl            | 0.004925427 |
|    clip_fraction        | 0.0305      |
|    clip_range           | 0.2         |
|    entropy_loss         | -2.38       |
|    explained_variance   | -0.000348   |
|    learning_rate        | 0.0003      |
|    loss                 | -0.0223     |
|    n_updates            | 8010        |
|    policy_gradient_loss | -0.00353    |
|    std                  | 0.797       |
|    value_loss           | 0.00442     |
-----------------------------------------
------------------------------------------
| rollout/                |              |
|    ep_len_mean          | 196          |
|    ep_rew_mean          | -1.56        |
| time/                   |              |
|    fps                  | 104          |
|    iterations           | 333          |
|    time_elapsed         | 818          |
|    total_timesteps      | 205568       |
| train/                  |              |
|    approx_kl            | 0.0061095897 |
|    clip_fraction        | 0.0563       |
|    clip_range           | 0.2          |
|    entropy_loss         | -2.39        |
|    explained_variance   | 0.000127     |
|    learning_rate        | 0.0003       |
|    loss                 | -0.0297      |
|    n_updates            | 8020         |
|    policy_gradient_loss | -0.00503     |
|    std                  | 0.798        |
|    value_loss           | 0.00356      |
------------------------------------------
----------------------------------------
| rollout/                |            |
|    ep_len_mean          | 196        |
|    ep_rew_mean          | -1.56      |
| time/                   |            |
|    fps                  | 104        |
|    iterations           | 334        |
|    time_elapsed         | 820        |
|    total_timesteps      | 205824     |
| train/                  |            |
|    approx_kl            | 0.00641739 |
|    clip_fraction        | 0.0203     |
|    clip_range           | 0.2        |
|    entropy_loss         | -2.39      |
|    explained_variance   | -0.000806  |
|    learning_rate        | 0.0003     |
|    loss                 | -0.0127    |
|    n_updates            | 8030       |
|    policy_gradient_loss | -0.00162   |
|    std                  | 0.8        |
|    value_loss           | 0.00457    |
----------------------------------------
------------------------------------------
| rollout/                |              |
|    ep_len_mean          | 196          |
|    ep_rew_mean          | -1.56        |
| time/                   |              |
|    fps                  | 104          |
|    iterations           | 335          |
|    time_elapsed         | 824          |
|    total_timesteps      | 206080       |
| train/                  |              |
|    approx_kl            | 0.0043043876 |
|    clip_fraction        | 0.0441       |
|    clip_range           | 0.2          |
|    entropy_loss         | -2.39        |
|    explained_variance   | 0.000102     |
|    learning_rate        | 0.0003       |
|    loss                 | -0.0286      |
|    n_updates            | 8040         |
|    policy_gradient_loss | -0.00172     |
|    std                  | 0.8          |
|    value_loss           | 0.00358      |
------------------------------------------
------------------------------------------
| rollout/                |              |
|    ep_len_mean          | 196          |
|    ep_rew_mean          | -1.55        |
| time/                   |              |
|    fps                  | 104          |
|    iterations           | 336          |
|    time_elapsed         | 827          |
|    total_timesteps      | 206336       |
| train/                  |              |
|    approx_kl            | 0.0054086195 |
|    clip_fraction        | 0.0219       |
|    clip_range           | 0.2          |
|    entropy_loss         | -2.39        |
|    explained_variance   | -0.000336    |
|    learning_rate        | 0.0003       |
|    loss                 | -0.0239      |
|    n_updates            | 8050         |
|    policy_gradient_loss | -0.0023      |
|    std                  | 0.798        |
|    value_loss           | 0.00384      |
------------------------------------------
-----------------------------------------
| rollout/                |             |
|    ep_len_mean          | 196         |
|    ep_rew_mean          | -1.55       |
| time/                   |             |
|    fps                  | 104         |
|    iterations           | 337         |
|    time_elapsed         | 829         |
|    total_timesteps      | 206592      |
| train/                  |             |
|    approx_kl            | 0.010424357 |
|    clip_fraction        | 0.167       |
|    clip_range           | 0.2         |
|    entropy_loss         | -2.39       |
|    explained_variance   | 0.00178     |
|    learning_rate        | 0.0003      |
|    loss                 | -0.0415     |
|    n_updates            | 8060        |
|    policy_gradient_loss | -0.0187     |
|    std                  | 0.799       |
|    value_loss           | 0.00367     |
-----------------------------------------
-----------------------------------------
| rollout/                |             |
|    ep_len_mean          | 196         |
|    ep_rew_mean          | -1.55       |
| time/                   |             |
|    fps                  | 104         |
|    iterations           | 338         |
|    time_elapsed         | 831         |
|    total_timesteps      | 206848      |
| train/                  |             |
|    approx_kl            | 0.008045599 |
|    clip_fraction        | 0.0855      |
|    clip_range           | 0.2         |
|    entropy_loss         | -2.39       |
|    explained_variance   | -0.000999   |
|    learning_rate        | 0.0003      |
|    loss                 | -0.0184     |
|    n_updates            | 8070        |
|    policy_gradient_loss | -0.00675    |
|    std                  | 0.801       |
|    value_loss           | 0.00492     |
-----------------------------------------
