=== STAGE s1: dist<=4 steps=80 timesteps=80000 ===
Using cuda device
Wrapping the env with a `Monitor` wrapper
Wrapping the env in a DummyVecEnv.
---------------------------------
| rollout/           |          |
|    ep_len_mean     | 60.2     |
|    ep_rew_mean     | 4.52     |
| time/              |          |
|    episodes        | 4        |
|    fps             | 48       |
|    time_elapsed    | 4        |
|    total_timesteps | 241      |
---------------------------------
---------------------------------
| rollout/           |          |
|    ep_len_mean     | 70.1     |
|    ep_rew_mean     | 1.9      |
| time/              |          |
|    episodes        | 8        |
|    fps             | 55       |
|    time_elapsed    | 10       |
|    total_timesteps | 561      |
---------------------------------
---------------------------------
| rollout/           |          |
|    ep_len_mean     | 73.4     |
|    ep_rew_mean     | 1.06     |
| time/              |          |
|    episodes        | 12       |
|    fps             | 58       |
|    time_elapsed    | 15       |
|    total_timesteps | 881      |
---------------------------------
---------------------------------
| rollout/           |          |
|    ep_len_mean     | 75.1     |
|    ep_rew_mean     | 0.61     |
| time/              |          |
|    episodes        | 16       |
|    fps             | 57       |
|    time_elapsed    | 20       |
|    total_timesteps | 1201     |
| train/             |          |
|    actor_loss      | 0.00525  |
|    critic_loss     | 0.00023  |
|    ent_coef        | 0.02     |
|    learning_rate   | 0.0003   |
|    n_updates       | 200      |
---------------------------------
---------------------------------
| rollout/           |          |
|    ep_len_mean     | 76       |
|    ep_rew_mean     | 0.311    |
| time/              |          |
|    episodes        | 20       |
|    fps             | 58       |
|    time_elapsed    | 25       |
|    total_timesteps | 1521     |
| train/             |          |
|    actor_loss      | -0.065   |
|    critic_loss     | 0.000311 |
|    ent_coef        | 0.02     |
|    learning_rate   | 0.0003   |
|    n_updates       | 520      |
---------------------------------
---------------------------------
| rollout/           |          |
|    ep_len_mean     | 76.7     |
|    ep_rew_mean     | 0.13     |
| time/              |          |
|    episodes        | 24       |
|    fps             | 59       |
|    time_elapsed    | 31       |
|    total_timesteps | 1841     |
| train/             |          |
|    actor_loss      | -0.105   |
|    critic_loss     | 0.000185 |
|    ent_coef        | 0.02     |
|    learning_rate   | 0.0003   |
|    n_updates       | 840      |
---------------------------------
[success-rate] last 25 episodes: 4.0% reached goal
[actions] last 500 steps: linear mean=+0.07 std=0.58 | angular mean=-0.23 std=0.57 | spin-in-place frac=9.0%
---------------------------------
| rollout/           |          |
|    ep_len_mean     | 71.5     |
|    ep_rew_mean     | 1.47     |
| time/              |          |
|    episodes        | 28       |
|    fps             | 56       |
|    time_elapsed    | 35       |
|    total_timesteps | 2003     |
| train/             |          |
|    actor_loss      | -0.121   |
|    critic_loss     | 0.00013  |
|    ent_coef        | 0.02     |
|    learning_rate   | 0.0003   |
|    n_updates       | 1002     |
---------------------------------
---------------------------------
| rollout/           |          |
|    ep_len_mean     | 67.7     |
|    ep_rew_mean     | 2.49     |
| time/              |          |
|    episodes        | 32       |
|    fps             | 54       |
|    time_elapsed    | 39       |
|    total_timesteps | 2165     |
| train/             |          |
|    actor_loss      | -0.259   |
|    critic_loss     | 0.00924  |
|    ent_coef        | 0.02     |
|    learning_rate   | 0.0003   |
|    n_updates       | 1164     |
---------------------------------
---------------------------------
| rollout/           |          |
|    ep_len_mean     | 66.8     |
|    ep_rew_mean     | 2.7      |
| time/              |          |
|    episodes        | 36       |
|    fps             | 54       |
|    time_elapsed    | 43       |
|    total_timesteps | 2406     |
| train/             |          |
|    actor_loss      | -0.276   |
|    critic_loss     | 3.04     |
|    ent_coef        | 0.02     |
|    learning_rate   | 0.0003   |
|    n_updates       | 1405     |
---------------------------------
---------------------------------
| rollout/           |          |
|    ep_len_mean     | 68.2     |
|    ep_rew_mean     | 2.36     |
| time/              |          |
|    episodes        | 40       |
|    fps             | 55       |
|    time_elapsed    | 49       |
|    total_timesteps | 2726     |
| train/             |          |
|    actor_loss      | -0.409   |
|    critic_loss     | 1.5      |
|    ent_coef        | 0.02     |
|    learning_rate   | 0.0003   |
|    n_updates       | 1725     |
---------------------------------
---------------------------------
| rollout/           |          |
|    ep_len_mean     | 69.2     |
|    ep_rew_mean     | 2.06     |
| time/              |          |
|    episodes        | 44       |
|    fps             | 55       |
|    time_elapsed    | 54       |
|    total_timesteps | 3046     |
| train/             |          |
|    actor_loss      | -0.422   |
|    critic_loss     | 2.99     |
|    ent_coef        | 0.02     |
|    learning_rate   | 0.0003   |
|    n_updates       | 2045     |
---------------------------------
---------------------------------
| rollout/           |          |
|    ep_len_mean     | 69.4     |
|    ep_rew_mean     | 2.27     |
| time/              |          |
|    episodes        | 48       |
|    fps             | 55       |
|    time_elapsed    | 59       |
|    total_timesteps | 3331     |
| train/             |          |
|    actor_loss      | -0.483   |
|    critic_loss     | 0.00105  |
|    ent_coef        | 0.02     |
|    learning_rate   | 0.0003   |
|    n_updates       | 2330     |
---------------------------------
---------------------------------
| rollout/           |          |
|    ep_len_mean     | 68.7     |
|    ep_rew_mean     | 2.43     |
| time/              |          |
|    episodes        | 52       |
|    fps             | 55       |
|    time_elapsed    | 64       |
|    total_timesteps | 3572     |
| train/             |          |
|    actor_loss      | -0.571   |
|    critic_loss     | 0.00161  |
|    ent_coef        | 0.02     |
|    learning_rate   | 0.0003   |
|    n_updates       | 2571     |
---------------------------------
---------------------------------
| rollout/           |          |
|    ep_len_mean     | 68.1     |
|    ep_rew_mean     | 2.56     |
| time/              |          |
|    episodes        | 56       |
|    fps             | 55       |
|    time_elapsed    | 68       |
|    total_timesteps | 3813     |
| train/             |          |
|    actor_loss      | -0.66    |
|    critic_loss     | 0.00281  |
|    ent_coef        | 0.02     |
|    learning_rate   | 0.0003   |
|    n_updates       | 2812     |
---------------------------------
[success-rate] last 50 episodes: 18.0% reached goal
[actions] last 500 steps: linear mean=-0.62 std=0.38 | angular mean=-0.06 std=0.56 | spin-in-place frac=4.0%
---------------------------------
| rollout/           |          |
|    ep_len_mean     | 68.1     |
|    ep_rew_mean     | 2.71     |
| time/              |          |
|    episodes        | 60       |
|    fps             | 55       |
|    time_elapsed    | 73       |
|    total_timesteps | 4086     |
| train/             |          |
|    actor_loss      | -0.687   |
|    critic_loss     | 0.000859 |
|    ent_coef        | 0.02     |
|    learning_rate   | 0.0003   |
|    n_updates       | 3085     |
---------------------------------
---------------------------------
| rollout/           |          |
|    ep_len_mean     | 66.4     |
|    ep_rew_mean     | 3.13     |
| time/              |          |
|    episodes        | 64       |
|    fps             | 54       |
|    time_elapsed    | 77       |
|    total_timesteps | 4248     |
| train/             |          |
|    actor_loss      | -0.842   |
|    critic_loss     | 1.43     |
|    ent_coef        | 0.02     |
|    learning_rate   | 0.0003   |
|    n_updates       | 3247     |
---------------------------------
---------------------------------
| rollout/           |          |
|    ep_len_mean     | 67.2     |
|    ep_rew_mean     | 2.9      |
| time/              |          |
|    episodes        | 68       |
|    fps             | 54       |
|    time_elapsed    | 83       |
|    total_timesteps | 4568     |
| train/             |          |
|    actor_loss      | -0.874   |
|    critic_loss     | 1.42     |
|    ent_coef        | 0.02     |
|    learning_rate   | 0.0003   |
|    n_updates       | 3567     |
---------------------------------
---------------------------------
| rollout/           |          |
|    ep_len_mean     | 67.9     |
|    ep_rew_mean     | 2.7      |
| time/              |          |
|    episodes        | 72       |
|    fps             | 55       |
|    time_elapsed    | 88       |
|    total_timesteps | 4888     |
| train/             |          |
|    actor_loss      | -0.9     |
|    critic_loss     | 2.83     |
|    ent_coef        | 0.02     |
|    learning_rate   | 0.0003   |
|    n_updates       | 3887     |
---------------------------------
---------------------------------
| rollout/           |          |
|    ep_len_mean     | 66.4     |
|    ep_rew_mean     | 3.06     |
| time/              |          |
|    episodes        | 76       |
|    fps             | 54       |
|    time_elapsed    | 92       |
|    total_timesteps | 5050     |
| train/             |          |
|    actor_loss      | -0.995   |
|    critic_loss     | 1.39     |
|    ent_coef        | 0.02     |
|    learning_rate   | 0.0003   |
|    n_updates       | 4049     |
---------------------------------
---------------------------------
| rollout/           |          |
|    ep_len_mean     | 66.1     |
|    ep_rew_mean     | 3.12     |
| time/              |          |
|    episodes        | 80       |
|    fps             | 54       |
|    time_elapsed    | 96       |
|    total_timesteps | 5291     |
| train/             |          |
|    actor_loss      | -1.13    |
|    critic_loss     | 2.75     |
|    ent_coef        | 0.02     |
|    learning_rate   | 0.0003   |
|    n_updates       | 4290     |
---------------------------------
---------------------------------
| rollout/           |          |
|    ep_len_mean     | 65.9     |
|    ep_rew_mean     | 3.18     |
| time/              |          |
|    episodes        | 84       |
|    fps             | 54       |
|    time_elapsed    | 101      |
|    total_timesteps | 5532     |
| train/             |          |
|    actor_loss      | -1.11    |
|    critic_loss     | 1.36     |
|    ent_coef        | 0.02     |
|    learning_rate   | 0.0003   |
|    n_updates       | 4531     |
---------------------------------
---------------------------------
| rollout/           |          |
|    ep_len_mean     | 65.6     |
|    ep_rew_mean     | 3.24     |
| time/              |          |
|    episodes        | 88       |
|    fps             | 54       |
|    time_elapsed    | 105      |
|    total_timesteps | 5773     |
| train/             |          |
|    actor_loss      | -1.15    |
|    critic_loss     | 1.35     |
|    ent_coef        | 0.02     |
|    learning_rate   | 0.0003   |
|    n_updates       | 4772     |
---------------------------------
[success-rate] last 50 episodes: 22.0% reached goal
[actions] last 500 steps: linear mean=-0.62 std=0.40 | angular mean=+0.18 std=0.57 | spin-in-place frac=4.4%
---------------------------------
| rollout/           |          |
|    ep_len_mean     | 66.2     |
|    ep_rew_mean     | 3.07     |
| time/              |          |
|    episodes        | 92       |
|    fps             | 54       |
|    time_elapsed    | 111      |
|    total_timesteps | 6093     |
| train/             |          |
|    actor_loss      | -1.26    |
|    critic_loss     | 1.32     |
|    ent_coef        | 0.02     |
|    learning_rate   | 0.0003   |
|    n_updates       | 5092     |
---------------------------------
---------------------------------
| rollout/           |          |
|    ep_len_mean     | 66       |
|    ep_rew_mean     | 3.13     |
| time/              |          |
|    episodes        | 96       |
|    fps             | 54       |
|    time_elapsed    | 116      |
|    total_timesteps | 6334     |
| train/             |          |
|    actor_loss      | -1.25    |
|    critic_loss     | 0.00379  |
|    ent_coef        | 0.02     |
|    learning_rate   | 0.0003   |
|    n_updates       | 5333     |
---------------------------------
---------------------------------
| rollout/           |          |
|    ep_len_mean     | 65.8     |
|    ep_rew_mean     | 3.18     |
| time/              |          |
|    episodes        | 100      |
|    fps             | 54       |
|    time_elapsed    | 120      |
|    total_timesteps | 6575     |
| train/             |          |
|    actor_loss      | -1.25    |
|    critic_loss     | 1.34     |
|    ent_coef        | 0.02     |
|    learning_rate   | 0.0003   |
|    n_updates       | 5574     |
---------------------------------
---------------------------------
| rollout/           |          |
|    ep_len_mean     | 66.5     |
|    ep_rew_mean     | 2.96     |
| time/              |          |
|    episodes        | 104      |
|    fps             | 54       |
|    time_elapsed    | 125      |
|    total_timesteps | 6895     |
| train/             |          |
|    actor_loss      | -1.23    |
|    critic_loss     | 1.33     |
|    ent_coef        | 0.02     |
|    learning_rate   | 0.0003   |
|    n_updates       | 5894     |
---------------------------------
---------------------------------
| rollout/           |          |
|    ep_len_mean     | 65.8     |
|    ep_rew_mean     | 3.17     |
| time/              |          |
|    episodes        | 108      |
|    fps             | 54       |
|    time_elapsed    | 130      |
|    total_timesteps | 7136     |
| train/             |          |
|    actor_loss      | -1.32    |
|    critic_loss     | 0.0105   |
|    ent_coef        | 0.02     |
|    learning_rate   | 0.0003   |
|    n_updates       | 6135     |
---------------------------------
---------------------------------
| rollout/           |          |
|    ep_len_mean     | 65       |
|    ep_rew_mean     | 3.37     |
| time/              |          |
|    episodes        | 112      |
|    fps             | 54       |
|    time_elapsed    | 135      |
|    total_timesteps | 7377     |
| train/             |          |
|    actor_loss      | -1.34    |
|    critic_loss     | 1.33     |
|    ent_coef        | 0.02     |
|    learning_rate   | 0.0003   |
|    n_updates       | 6376     |
---------------------------------
---------------------------------
| rollout/           |          |
|    ep_len_mean     | 63.8     |
|    ep_rew_mean     | 3.78     |
| time/              |          |
|    episodes        | 116      |
|    fps             | 53       |
|    time_elapsed    | 140      |
|    total_timesteps | 7580     |
| train/             |          |
|    actor_loss      | -1.47    |
|    critic_loss     | 0.0324   |
|    ent_coef        | 0.02     |
|    learning_rate   | 0.0003   |
|    n_updates       | 6579     |
---------------------------------
---------------------------------
| rollout/           |          |
|    ep_len_mean     | 63       |
|    ep_rew_mean     | 3.99     |
| time/              |          |
|    episodes        | 120      |
|    fps             | 53       |
|    time_elapsed    | 145      |
|    total_timesteps | 7821     |
| train/             |          |
|    actor_loss      | -1.38    |
|    critic_loss     | 1.29     |
|    ent_coef        | 0.02     |
|    learning_rate   | 0.0003   |
|    n_updates       | 6820     |
---------------------------------
[success-rate] last 50 episodes: 24.0% reached goal
[actions] last 500 steps: linear mean=-0.14 std=0.65 | angular mean=+0.17 std=0.57 | spin-in-place frac=7.2%
---------------------------------
| rollout/           |          |
|    ep_len_mean     | 63       |
|    ep_rew_mean     | 3.99     |
| time/              |          |
|    episodes        | 124      |
|    fps             | 52       |
|    time_elapsed    | 154      |
|    total_timesteps | 8141     |
| train/             |          |
|    actor_loss      | -1.5     |
|    critic_loss     | 3.74     |
|    ent_coef        | 0.02     |
|    learning_rate   | 0.0003   |
|    n_updates       | 7140     |
---------------------------------
---------------------------------
| rollout/           |          |
|    ep_len_mean     | 63.4     |
|    ep_rew_mean     | 4.01     |
| time/              |          |
|    episodes        | 128      |
|    fps             | 52       |
|    time_elapsed    | 158      |
|    total_timesteps | 8342     |
| train/             |          |
|    actor_loss      | -1.4     |
|    critic_loss     | 0.00947  |
|    ent_coef        | 0.02     |
|    learning_rate   | 0.0003   |
|    n_updates       | 7341     |
---------------------------------
---------------------------------
| rollout/           |          |
|    ep_len_mean     | 64.5     |
|    ep_rew_mean     | 3.79     |
| time/              |          |
|    episodes        | 132      |
|    fps             | 52       |
|    time_elapsed    | 163      |
|    total_timesteps | 8616     |
| train/             |          |
|    actor_loss      | -1.31    |
|    critic_loss     | 1.22     |
|    ent_coef        | 0.02     |
|    learning_rate   | 0.0003   |
|    n_updates       | 7615     |
---------------------------------
---------------------------------
| rollout/           |          |
|    ep_len_mean     | 64.5     |
|    ep_rew_mean     | 3.8      |
| time/              |          |
|    episodes        | 136      |
|    fps             | 52       |
|    time_elapsed    | 168      |
|    total_timesteps | 8857     |
| train/             |          |
|    actor_loss      | -1.43    |
|    critic_loss     | 0.0108   |
|    ent_coef        | 0.02     |
|    learning_rate   | 0.0003   |
|    n_updates       | 7856     |
---------------------------------
---------------------------------
| rollout/           |          |
|    ep_len_mean     | 64.5     |
|    ep_rew_mean     | 3.79     |
| time/              |          |
|    episodes        | 140      |
|    fps             | 52       |
|    time_elapsed    | 174      |
|    total_timesteps | 9177     |
| train/             |          |
|    actor_loss      | -1.6     |
|    critic_loss     | 0.0241   |
|    ent_coef        | 0.02     |
|    learning_rate   | 0.0003   |
|    n_updates       | 8176     |
---------------------------------
---------------------------------
| rollout/           |          |
|    ep_len_mean     | 63.7     |
|    ep_rew_mean     | 4        |
| time/              |          |
|    episodes        | 144      |
|    fps             | 52       |
|    time_elapsed    | 178      |
|    total_timesteps | 9418     |
| train/             |          |
|    actor_loss      | -1.53    |
|    critic_loss     | 0.0174   |
|    ent_coef        | 0.02     |
|    learning_rate   | 0.0003   |
|    n_updates       | 8417     |
---------------------------------
---------------------------------
| rollout/           |          |
|    ep_len_mean     | 63.6     |
|    ep_rew_mean     | 4        |
| time/              |          |
|    episodes        | 148      |
|    fps             | 52       |
|    time_elapsed    | 185      |
|    total_timesteps | 9695     |
| train/             |          |
|    actor_loss      | -1.43    |
|    critic_loss     | 2.39     |
|    ent_coef        | 0.02     |
|    learning_rate   | 0.0003   |
|    n_updates       | 8694     |
---------------------------------
[success-rate] last 50 episodes: 22.0% reached goal
[actions] last 500 steps: linear mean=-0.41 std=0.57 | angular mean=+0.23 std=0.56 | spin-in-place frac=6.2%
---------------------------------
| rollout/           |          |
|    ep_len_mean     | 64.4     |
|    ep_rew_mean     | 3.79     |
| time/              |          |
|    episodes        | 152      |
|    fps             | 52       |
|    time_elapsed    | 191      |
|    total_timesteps | 10015    |
| train/             |          |
|    actor_loss      | -1.58    |
|    critic_loss     | 0.0372   |
|    ent_coef        | 0.02     |
|    learning_rate   | 0.0003   |
|    n_updates       | 9014     |
---------------------------------
---------------------------------
| rollout/           |          |
|    ep_len_mean     | 65.2     |
|    ep_rew_mean     | 3.58     |
| time/              |          |
|    episodes        | 156      |
|    fps             | 52       |
|    time_elapsed    | 198      |
|    total_timesteps | 10335    |
| train/             |          |
|    actor_loss      | -1.43    |
|    critic_loss     | 0.0118   |
|    ent_coef        | 0.02     |
|    learning_rate   | 0.0003   |
|    n_updates       | 9334     |
---------------------------------
---------------------------------
| rollout/           |          |
|    ep_len_mean     | 64.4     |
|    ep_rew_mean     | 3.77     |
| time/              |          |
|    episodes        | 160      |
|    fps             | 51       |
|    time_elapsed    | 202      |
|    total_timesteps | 10530    |
| train/             |          |
|    actor_loss      | -1.55    |
|    critic_loss     | 0.0135   |
|    ent_coef        | 0.02     |
|    learning_rate   | 0.0003   |
|    n_updates       | 9529     |
---------------------------------
---------------------------------
| rollout/           |          |
|    ep_len_mean     | 64.4     |
|    ep_rew_mean     | 3.77     |
| time/              |          |
|    episodes        | 164      |
|    fps             | 51       |
|    time_elapsed    | 206      |
|    total_timesteps | 10692    |
| train/             |          |
|    actor_loss      | -1.57    |
|    critic_loss     | 0.0203   |
|    ent_coef        | 0.02     |
|    learning_rate   | 0.0003   |
|    n_updates       | 9691     |
---------------------------------
---------------------------------
| rollout/           |          |
|    ep_len_mean     | 63.6     |
|    ep_rew_mean     | 3.98     |
| time/              |          |
|    episodes        | 168      |
|    fps             | 51       |
|    time_elapsed    | 211      |
|    total_timesteps | 10933    |
| train/             |          |
|    actor_loss      | -1.64    |
|    critic_loss     | 1.15     |
|    ent_coef        | 0.02     |
|    learning_rate   | 0.0003   |
|    n_updates       | 9932     |
---------------------------------
---------------------------------
| rollout/           |          |
|    ep_len_mean     | 63.6     |
|    ep_rew_mean     | 3.97     |
| time/              |          |
|    episodes        | 172      |
|    fps             | 51       |
|    time_elapsed    | 220      |
|    total_timesteps | 11253    |
| train/             |          |
|    actor_loss      | -1.57    |
|    critic_loss     | 2.31     |
|    ent_coef        | 0.02     |
|    learning_rate   | 0.0003   |
|    n_updates       | 10252    |
---------------------------------
---------------------------------
| rollout/           |          |
|    ep_len_mean     | 65.2     |
|    ep_rew_mean     | 3.56     |
| time/              |          |
|    episodes        | 176      |
|    fps             | 51       |
|    time_elapsed    | 225      |
|    total_timesteps | 11573    |
| train/             |          |
|    actor_loss      | -1.51    |
|    critic_loss     | 1.09     |
|    ent_coef        | 0.02     |
|    learning_rate   | 0.0003   |
|    n_updates       | 10572    |
---------------------------------
---------------------------------
| rollout/           |          |
|    ep_len_mean     | 66       |
|    ep_rew_mean     | 3.36     |
| time/              |          |
|    episodes        | 180      |
|    fps             | 51       |
|    time_elapsed    | 232      |
|    total_timesteps | 11893    |
| train/             |          |
|    actor_loss      | -1.55    |
|    critic_loss     | 1.14     |
|    ent_coef        | 0.02     |
|    learning_rate   | 0.0003   |
|    n_updates       | 10892    |
---------------------------------
[success-rate] last 50 episodes: 16.0% reached goal
[actions] last 500 steps: linear mean=-0.15 std=0.62 | angular mean=+0.11 std=0.58 | spin-in-place frac=8.6%
---------------------------------
| rollout/           |          |
|    ep_len_mean     | 66.8     |
|    ep_rew_mean     | 3.14     |
| time/              |          |
|    episodes        | 184      |
|    fps             | 50       |
|    time_elapsed    | 241      |
|    total_timesteps | 12213    |
| train/             |          |
|    actor_loss      | -1.54    |
|    critic_loss     | 0.0318   |
|    ent_coef        | 0.02     |
|    learning_rate   | 0.0003   |
|    n_updates       | 11212    |
---------------------------------
---------------------------------
| rollout/           |          |
|    ep_len_mean     | 67.6     |
|    ep_rew_mean     | 2.93     |
| time/              |          |
|    episodes        | 188      |
|    fps             | 50       |
|    time_elapsed    | 248      |
|    total_timesteps | 12533    |
| train/             |          |
|    actor_loss      | -1.53    |
|    critic_loss     | 1.11     |
|    ent_coef        | 0.02     |
|    learning_rate   | 0.0003   |
|    n_updates       | 11532    |
---------------------------------
---------------------------------
| rollout/           |          |
|    ep_len_mean     | 67.6     |
|    ep_rew_mean     | 2.92     |
| time/              |          |
|    episodes        | 192      |
|    fps             | 50       |
|    time_elapsed    | 254      |
|    total_timesteps | 12853    |
| train/             |          |
|    actor_loss      | -1.58    |
|    critic_loss     | 0.0155   |
|    ent_coef        | 0.02     |
|    learning_rate   | 0.0003   |
|    n_updates       | 11852    |
---------------------------------
---------------------------------
| rollout/           |          |
|    ep_len_mean     | 68.4     |
|    ep_rew_mean     | 2.7      |
| time/              |          |
|    episodes        | 196      |
|    fps             | 50       |
|    time_elapsed    | 259      |
|    total_timesteps | 13173    |
| train/             |          |
|    actor_loss      | -1.67    |
|    critic_loss     | 2.29     |
|    ent_coef        | 0.02     |
|    learning_rate   | 0.0003   |
|    n_updates       | 12172    |
---------------------------------
---------------------------------
| rollout/           |          |
|    ep_len_mean     | 69.2     |
|    ep_rew_mean     | 2.5      |
| time/              |          |
|    episodes        | 200      |
|    fps             | 51       |
|    time_elapsed    | 264      |
|    total_timesteps | 13493    |
| train/             |          |
|    actor_loss      | -1.57    |
|    critic_loss     | 0.992    |
|    ent_coef        | 0.02     |
|    learning_rate   | 0.0003   |
|    n_updates       | 12492    |
---------------------------------
---------------------------------
| rollout/           |          |
|    ep_len_mean     | 68.4     |
|    ep_rew_mean     | 2.71     |
| time/              |          |
|    episodes        | 204      |
|    fps             | 51       |
|    time_elapsed    | 268      |
|    total_timesteps | 13734    |
| train/             |          |
|    actor_loss      | -1.64    |
|    critic_loss     | 0.0248   |
|    ent_coef        | 0.02     |
|    learning_rate   | 0.0003   |
|    n_updates       | 12733    |
---------------------------------
[success-rate] last 50 episodes: 12.0% reached goal
[actions] last 500 steps: linear mean=-0.26 std=0.57 | angular mean=+0.12 std=0.59 | spin-in-place frac=8.8%
---------------------------------
| rollout/           |          |
|    ep_len_mean     | 69.2     |
|    ep_rew_mean     | 2.5      |
| time/              |          |
|    episodes        | 208      |
|    fps             | 50       |
|    time_elapsed    | 277      |
|    total_timesteps | 14054    |
| train/             |          |
|    actor_loss      | -1.54    |
|    critic_loss     | 0.0487   |
|    ent_coef        | 0.02     |
|    learning_rate   | 0.0003   |
|    n_updates       | 13053    |
---------------------------------
---------------------------------
| rollout/           |          |
|    ep_len_mean     | 70       |
|    ep_rew_mean     | 2.28     |
| time/              |          |
|    episodes        | 212      |
|    fps             | 50       |
|    time_elapsed    | 283      |
|    total_timesteps | 14374    |
| train/             |          |
|    actor_loss      | -1.49    |
|    critic_loss     | 0.0272   |
|    ent_coef        | 0.02     |
|    learning_rate   | 0.0003   |
|    n_updates       | 13373    |
---------------------------------
---------------------------------
| rollout/           |          |
|    ep_len_mean     | 70.3     |
|    ep_rew_mean     | 2.08     |
| time/              |          |
|    episodes        | 216      |
|    fps             | 50       |
|    time_elapsed    | 287      |
|    total_timesteps | 14615    |
| train/             |          |
|    actor_loss      | -1.46    |
|    critic_loss     | 1.03     |
|    ent_coef        | 0.02     |
|    learning_rate   | 0.0003   |
|    n_updates       | 13614    |
---------------------------------
---------------------------------
| rollout/           |          |
|    ep_len_mean     | 69.6     |
|    ep_rew_mean     | 2.29     |
| time/              |          |
|    episodes        | 220      |
|    fps             | 50       |
|    time_elapsed    | 291      |
|    total_timesteps | 14777    |
| train/             |          |
|    actor_loss      | -1.66    |
|    critic_loss     | 1.11     |
|    ent_coef        | 0.02     |
|    learning_rate   | 0.0003   |
|    n_updates       | 13776    |
---------------------------------
---------------------------------
| rollout/           |          |
|    ep_len_mean     | 68.4     |
|    ep_rew_mean     | 2.69     |
| time/              |          |
|    episodes        | 224      |
|    fps             | 50       |
|    time_elapsed    | 296      |
|    total_timesteps | 14981    |
| train/             |          |
|    actor_loss      | -1.45    |
|    critic_loss     | 0.0148   |
|    ent_coef        | 0.02     |
|    learning_rate   | 0.0003   |
|    n_updates       | 13980    |
---------------------------------
---------------------------------
| rollout/           |          |
|    ep_len_mean     | 69.6     |
|    ep_rew_mean     | 2.26     |
| time/              |          |
|    episodes        | 228      |
|    fps             | 50       |
|    time_elapsed    | 301      |
|    total_timesteps | 15301    |
| train/             |          |
|    actor_loss      | -1.5     |
|    critic_loss     | 0.0378   |
|    ent_coef        | 0.02     |
|    learning_rate   | 0.0003   |
|    n_updates       | 14300    |
---------------------------------
---------------------------------
| rollout/           |          |
|    ep_len_mean     | 70       |
|    ep_rew_mean     | 2.06     |
| time/              |          |
|    episodes        | 232      |
|    fps             | 50       |
|    time_elapsed    | 306      |
|    total_timesteps | 15621    |
| train/             |          |
|    actor_loss      | -1.4     |
|    critic_loss     | 0.0286   |
|    ent_coef        | 0.02     |
|    learning_rate   | 0.0003   |
|    n_updates       | 14620    |
---------------------------------
---------------------------------
| rollout/           |          |
|    ep_len_mean     | 70.8     |
|    ep_rew_mean     | 1.84     |
| time/              |          |
|    episodes        | 236      |
|    fps             | 50       |
|    time_elapsed    | 313      |
|    total_timesteps | 15941    |
| train/             |          |
|    actor_loss      | -1.45    |
|    critic_loss     | 0.0289   |
|    ent_coef        | 0.02     |
|    learning_rate   | 0.0003   |
|    n_updates       | 14940    |
---------------------------------
[success-rate] last 50 episodes: 12.0% reached goal
[actions] last 500 steps: linear mean=-0.22 std=0.53 | angular mean=+0.15 std=0.58 | spin-in-place frac=10.8%
---------------------------------
| rollout/           |          |
|    ep_len_mean     | 70       |
|    ep_rew_mean     | 2.05     |
| time/              |          |
|    episodes        | 240      |
|    fps             | 50       |
|    time_elapsed    | 318      |
|    total_timesteps | 16182    |
| train/             |          |
|    actor_loss      | -1.24    |
|    critic_loss     | 0.0182   |
|    ent_coef        | 0.02     |
|    learning_rate   | 0.0003   |
|    n_updates       | 15181    |
---------------------------------
---------------------------------
| rollout/           |          |
|    ep_len_mean     | 70       |
|    ep_rew_mean     | 2.05     |
| time/              |          |
|    episodes        | 244      |
|    fps             | 50       |
|    time_elapsed    | 322      |
|    total_timesteps | 16423    |
| train/             |          |
|    actor_loss      | -1.52    |
|    critic_loss     | 0.0382   |
|    ent_coef        | 0.02     |
|    learning_rate   | 0.0003   |
|    n_updates       | 15422    |
---------------------------------
---------------------------------
| rollout/           |          |
|    ep_len_mean     | 70.5     |
|    ep_rew_mean     | 1.84     |
| time/              |          |
|    episodes        | 248      |
|    fps             | 51       |
|    time_elapsed    | 328      |
|    total_timesteps | 16743    |
| train/             |          |
|    actor_loss      | -1.43    |
|    critic_loss     | 0.768    |
|    ent_coef        | 0.02     |
|    learning_rate   | 0.0003   |
|    n_updates       | 15742    |
---------------------------------
---------------------------------
| rollout/           |          |
|    ep_len_mean     | 69.4     |
|    ep_rew_mean     | 2.26     |
| time/              |          |
|    episodes        | 252      |
|    fps             | 51       |
|    time_elapsed    | 332      |
|    total_timesteps | 16959    |
| train/             |          |
|    actor_loss      | -1.41    |
|    critic_loss     | 0.0228   |
|    ent_coef        | 0.02     |
|    learning_rate   | 0.0003   |
|    n_updates       | 15958    |
---------------------------------
---------------------------------
| rollout/           |          |
|    ep_len_mean     | 67.9     |
|    ep_rew_mean     | 2.68     |
| time/              |          |
|    episodes        | 256      |
|    fps             | 50       |
|    time_elapsed    | 336      |
|    total_timesteps | 17121    |
| train/             |          |
|    actor_loss      | -1.06    |
|    critic_loss     | 0.0141   |
|    ent_coef        | 0.02     |
|    learning_rate   | 0.0003   |
|    n_updates       | 16120    |
---------------------------------
---------------------------------
| rollout/           |          |
|    ep_len_mean     | 69.1     |
|    ep_rew_mean     | 2.26     |
| time/              |          |
|    episodes        | 260      |
|    fps             | 51       |
|    time_elapsed    | 341      |
|    total_timesteps | 17441    |
| train/             |          |
|    actor_loss      | -1.3     |
|    critic_loss     | 0.0839   |
|    ent_coef        | 0.02     |
|    learning_rate   | 0.0003   |
|    n_updates       | 16440    |
---------------------------------
---------------------------------
| rollout/           |          |
|    ep_len_mean     | 69.9     |
|    ep_rew_mean     | 2.05     |
| time/              |          |
|    episodes        | 264      |
|    fps             | 51       |
|    time_elapsed    | 345      |
|    total_timesteps | 17682    |
| train/             |          |
|    actor_loss      | -1.26    |
|    critic_loss     | 0.994    |
|    ent_coef        | 0.02     |
|    learning_rate   | 0.0003   |
|    n_updates       | 16681    |
---------------------------------
[success-rate] last 50 episodes: 22.0% reached goal
[actions] last 500 steps: linear mean=-0.19 std=0.57 | angular mean=-0.07 std=0.59 | spin-in-place frac=8.8%
---------------------------------
| rollout/           |          |
|    ep_len_mean     | 70.7     |
|    ep_rew_mean     | 1.85     |
| time/              |          |
|    episodes        | 268      |
|    fps             | 51       |
|    time_elapsed    | 351      |
|    total_timesteps | 18002    |
| train/             |          |
|    actor_loss      | -1.33    |
|    critic_loss     | 0.882    |
|    ent_coef        | 0.02     |
|    learning_rate   | 0.0003   |
|    n_updates       | 17001    |
---------------------------------
---------------------------------
| rollout/           |          |
|    ep_len_mean     | 69.9     |
|    ep_rew_mean     | 2.06     |
| time/              |          |
|    episodes        | 272      |
|    fps             | 51       |
|    time_elapsed    | 357      |
|    total_timesteps | 18243    |
| train/             |          |
|    actor_loss      | -1.15    |
|    critic_loss     | 1.48     |
|    ent_coef        | 0.02     |
|    learning_rate   | 0.0003   |
|    n_updates       | 17242    |
---------------------------------
---------------------------------
| rollout/           |          |
|    ep_len_mean     | 69.9     |
|    ep_rew_mean     | 2.06     |
| time/              |          |
|    episodes        | 276      |
|    fps             | 50       |
|    time_elapsed    | 364      |
|    total_timesteps | 18563    |
| train/             |          |
|    actor_loss      | -1.07    |
|    critic_loss     | 0.657    |
|    ent_coef        | 0.02     |
|    learning_rate   | 0.0003   |
|    n_updates       | 17562    |
---------------------------------
---------------------------------
| rollout/           |          |
|    ep_len_mean     | 69.9     |
|    ep_rew_mean     | 2.06     |
| time/              |          |
|    episodes        | 280      |
|    fps             | 51       |
|    time_elapsed    | 369      |
|    total_timesteps | 18883    |
| train/             |          |
|    actor_loss      | -1.17    |
|    critic_loss     | 0.017    |
|    ent_coef        | 0.02     |
|    learning_rate   | 0.0003   |
|    n_updates       | 17882    |
---------------------------------
---------------------------------
| rollout/           |          |
|    ep_len_mean     | 69.9     |
|    ep_rew_mean     | 2.08     |
| time/              |          |
|    episodes        | 284      |
|    fps             | 51       |
|    time_elapsed    | 376      |
|    total_timesteps | 19203    |
| train/             |          |
|    actor_loss      | -1.03    |
|    critic_loss     | 0.901    |
|    ent_coef        | 0.02     |
|    learning_rate   | 0.0003   |
|    n_updates       | 18202    |
---------------------------------
---------------------------------
| rollout/           |          |
|    ep_len_mean     | 69.9     |
|    ep_rew_mean     | 2.07     |
| time/              |          |
|    episodes        | 288      |
|    fps             | 51       |
|    time_elapsed    | 381      |
|    total_timesteps | 19523    |
| train/             |          |
|    actor_loss      | -1.14    |
|    critic_loss     | 0.0293   |
|    ent_coef        | 0.02     |
|    learning_rate   | 0.0003   |
|    n_updates       | 18522    |
---------------------------------
---------------------------------
| rollout/           |          |
|    ep_len_mean     | 69.1     |
|    ep_rew_mean     | 2.27     |
| time/              |          |
|    episodes        | 292      |
|    fps             | 51       |
|    time_elapsed    | 386      |
|    total_timesteps | 19764    |
| train/             |          |
|    actor_loss      | -0.916   |
|    critic_loss     | 1.49     |
|    ent_coef        | 0.02     |
|    learning_rate   | 0.0003   |
|    n_updates       | 18763    |
---------------------------------
[success-rate] last 50 episodes: 16.0% reached goal
[actions] last 500 steps: linear mean=+0.01 std=0.57 | angular mean=+0.00 std=0.59 | spin-in-place frac=10.8%
---------------------------------
| rollout/           |          |
|    ep_len_mean     | 68.3     |
|    ep_rew_mean     | 2.48     |
| time/              |          |
|    episodes        | 296      |
|    fps             | 51       |
|    time_elapsed    | 390      |
|    total_timesteps | 20005    |
| train/             |          |
|    actor_loss      | -1.06    |
|    critic_loss     | 0.0292   |
|    ent_coef        | 0.02     |
|    learning_rate   | 0.0003   |
|    n_updates       | 19004    |
---------------------------------
---------------------------------
| rollout/           |          |
|    ep_len_mean     | 66.7     |
|    ep_rew_mean     | 2.89     |
| time/              |          |
|    episodes        | 300      |
|    fps             | 51       |
|    time_elapsed    | 394      |
|    total_timesteps | 20167    |
| train/             |          |
|    actor_loss      | -0.977   |
|    critic_loss     | 0.019    |
|    ent_coef        | 0.02     |
|    learning_rate   | 0.0003   |
|    n_updates       | 19166    |
---------------------------------
---------------------------------
| rollout/           |          |
|    ep_len_mean     | 67.5     |
|    ep_rew_mean     | 2.69     |
| time/              |          |
|    episodes        | 304      |
|    fps             | 51       |
|    time_elapsed    | 399      |
|    total_timesteps | 20487    |
| train/             |          |
|    actor_loss      | -0.969   |
|    critic_loss     | 0.035    |
|    ent_coef        | 0.02     |
|    learning_rate   | 0.0003   |
|    n_updates       | 19486    |
---------------------------------
---------------------------------
| rollout/           |          |
|    ep_len_mean     | 67.5     |
|    ep_rew_mean     | 2.69     |
| time/              |          |
|    episodes        | 308      |
|    fps             | 51       |
|    time_elapsed    | 404      |
|    total_timesteps | 20807    |
| train/             |          |
|    actor_loss      | -0.901   |
|    critic_loss     | 0.903    |
|    ent_coef        | 0.02     |
|    learning_rate   | 0.0003   |
|    n_updates       | 19806    |
---------------------------------
---------------------------------
| rollout/           |          |
|    ep_len_mean     | 66.7     |
|    ep_rew_mean     | 2.91     |
| time/              |          |
|    episodes        | 312      |
|    fps             | 51       |
|    time_elapsed    | 409      |
|    total_timesteps | 21048    |
| train/             |          |
|    actor_loss      | -0.658   |
|    critic_loss     | 0.0445   |
|    ent_coef        | 0.02     |
|    learning_rate   | 0.0003   |
|    n_updates       | 20047    |
---------------------------------
---------------------------------
| rollout/           |          |
|    ep_len_mean     | 66.7     |
|    ep_rew_mean     | 2.9      |
| time/              |          |
|    episodes        | 316      |
|    fps             | 51       |
|    time_elapsed    | 414      |
|    total_timesteps | 21289    |
| train/             |          |
|    actor_loss      | -0.738   |
|    critic_loss     | 0.671    |
|    ent_coef        | 0.02     |
|    learning_rate   | 0.0003   |
|    n_updates       | 20288    |
---------------------------------
---------------------------------
| rollout/           |          |
|    ep_len_mean     | 66.7     |
|    ep_rew_mean     | 2.9      |
| time/              |          |
|    episodes        | 320      |
|    fps             | 51       |
|    time_elapsed    | 418      |
|    total_timesteps | 21451    |
| train/             |          |
|    actor_loss      | -0.831   |
|    critic_loss     | 0.0443   |
|    ent_coef        | 0.02     |
|    learning_rate   | 0.0003   |
|    n_updates       | 20450    |
---------------------------------
---------------------------------
| rollout/           |          |
|    ep_len_mean     | 67.9     |
|    ep_rew_mean     | 2.48     |
| time/              |          |
|    episodes        | 324      |
|    fps             | 51       |
|    time_elapsed    | 423      |
|    total_timesteps | 21771    |
| train/             |          |
|    actor_loss      | -0.516   |
|    critic_loss     | 0.0265   |
|    ent_coef        | 0.02     |
|    learning_rate   | 0.0003   |
|    n_updates       | 20770    |
---------------------------------
---------------------------------
| rollout/           |          |
|    ep_len_mean     | 66.3     |
|    ep_rew_mean     | 2.9      |
| time/              |          |
|    episodes        | 328      |
|    fps             | 50       |
|    time_elapsed    | 430      |
|    total_timesteps | 21933    |
| train/             |          |
|    actor_loss      | -1.12    |
|    critic_loss     | 1.42     |
|    ent_coef        | 0.02     |
|    learning_rate   | 0.0003   |
|    n_updates       | 20932    |
---------------------------------
[success-rate] last 50 episodes: 20.0% reached goal
[actions] last 500 steps: linear mean=+0.05 std=0.62 | angular mean=+0.04 std=0.58 | spin-in-place frac=7.0%
---------------------------------
| rollout/           |          |
|    ep_len_mean     | 66.3     |
|    ep_rew_mean     | 2.9      |
| time/              |          |
|    episodes        | 332      |
|    fps             | 51       |
|    time_elapsed    | 435      |
|    total_timesteps | 22253    |
| train/             |          |
|    actor_loss      | -0.527   |
|    critic_loss     | 0.0311   |
|    ent_coef        | 0.02     |
|    learning_rate   | 0.0003   |
|    n_updates       | 21252    |
---------------------------------
---------------------------------
| rollout/           |          |
|    ep_len_mean     | 65.5     |
|    ep_rew_mean     | 3.11     |
| time/              |          |
|    episodes        | 336      |
|    fps             | 51       |
|    time_elapsed    | 440      |
|    total_timesteps | 22494    |
| train/             |          |
|    actor_loss      | -0.495   |
|    critic_loss     | 0.0224   |
|    ent_coef        | 0.02     |
|    learning_rate   | 0.0003   |
|    n_updates       | 21493    |
---------------------------------
---------------------------------
| rollout/           |          |
|    ep_len_mean     | 65.5     |
|    ep_rew_mean     | 3.12     |
| time/              |          |
|    episodes        | 340      |
|    fps             | 51       |
|    time_elapsed    | 445      |
|    total_timesteps | 22735    |
| train/             |          |
|    actor_loss      | -0.723   |
|    critic_loss     | 1.2      |
|    ent_coef        | 0.02     |
|    learning_rate   | 0.0003   |
|    n_updates       | 21734    |
---------------------------------
---------------------------------
| rollout/           |          |
|    ep_len_mean     | 66       |
|    ep_rew_mean     | 3.11     |
| time/              |          |
|    episodes        | 344      |
|    fps             | 50       |
|    time_elapsed    | 451      |
|    total_timesteps | 23027    |
| train/             |          |
|    actor_loss      | -0.612   |
|    critic_loss     | 1.62     |
|    ent_coef        | 0.02     |
|    learning_rate   | 0.0003   |
|    n_updates       | 22026    |
---------------------------------
---------------------------------
| rollout/           |          |
|    ep_len_mean     | 65.2     |
|    ep_rew_mean     | 3.31     |
| time/              |          |
|    episodes        | 348      |
|    fps             | 50       |
|    time_elapsed    | 456      |
|    total_timesteps | 23268    |
| train/             |          |
|    actor_loss      | -0.434   |
|    critic_loss     | 0.559    |
|    ent_coef        | 0.02     |
|    learning_rate   | 0.0003   |
|    n_updates       | 22267    |
---------------------------------
---------------------------------
| rollout/           |          |
|    ep_len_mean     | 64.7     |
|    ep_rew_mean     | 3.31     |
| time/              |          |
|    episodes        | 352      |
|    fps             | 50       |
|    time_elapsed    | 460      |
|    total_timesteps | 23430    |
| train/             |          |
|    actor_loss      | -0.376   |
|    critic_loss     | 0.0777   |
|    ent_coef        | 0.02     |
|    learning_rate   | 0.0003   |
|    n_updates       | 22429    |
---------------------------------
---------------------------------
| rollout/           |          |
|    ep_len_mean     | 66.3     |
|    ep_rew_mean     | 2.9      |
| time/              |          |
|    episodes        | 356      |
|    fps             | 51       |
|    time_elapsed    | 465      |
|    total_timesteps | 23750    |
| train/             |          |
|    actor_loss      | -0.578   |
|    critic_loss     | 0.562    |
|    ent_coef        | 0.02     |
|    learning_rate   | 0.0003   |
|    n_updates       | 22749    |
---------------------------------
[success-rate] last 50 episodes: 24.0% reached goal
[actions] last 500 steps: linear mean=+0.13 std=0.60 | angular mean=+0.04 std=0.59 | spin-in-place frac=9.2%
---------------------------------
| rollout/           |          |
|    ep_len_mean     | 66.3     |
|    ep_rew_mean     | 2.91     |
| time/              |          |
|    episodes        | 360      |
|    fps             | 51       |
|    time_elapsed    | 470      |
|    total_timesteps | 24070    |
| train/             |          |
|    actor_loss      | -0.351   |
|    critic_loss     | 0.0227   |
|    ent_coef        | 0.02     |
|    learning_rate   | 0.0003   |
|    n_updates       | 23069    |
---------------------------------
---------------------------------
| rollout/           |          |
|    ep_len_mean     | 66.3     |
|    ep_rew_mean     | 2.92     |
| time/              |          |
|    episodes        | 364      |
|    fps             | 51       |
|    time_elapsed    | 474      |
|    total_timesteps | 24311    |
| train/             |          |
|    actor_loss      | -0.379   |
|    critic_loss     | 0.869    |
|    ent_coef        | 0.02     |
|    learning_rate   | 0.0003   |
|    n_updates       | 23310    |
---------------------------------
---------------------------------
| rollout/           |          |
|    ep_len_mean     | 65.5     |
|    ep_rew_mean     | 3.12     |
| time/              |          |
|    episodes        | 368      |
|    fps             | 50       |
|    time_elapsed    | 483      |
|    total_timesteps | 24552    |
| train/             |          |
|    actor_loss      | -0.317   |
|    critic_loss     | 0.729    |
|    ent_coef        | 0.02     |
|    learning_rate   | 0.0003   |
|    n_updates       | 23551    |
---------------------------------
---------------------------------
| rollout/           |          |
|    ep_len_mean     | 65.5     |
|    ep_rew_mean     | 3.11     |
| time/              |          |
|    episodes        | 372      |
|    fps             | 50       |
|    time_elapsed    | 487      |
|    total_timesteps | 24793    |
| train/             |          |
|    actor_loss      | -0.38    |
|    critic_loss     | 1.12     |
|    ent_coef        | 0.02     |
|    learning_rate   | 0.0003   |
|    n_updates       | 23792    |
---------------------------------
---------------------------------
| rollout/           |          |
|    ep_len_mean     | 65.5     |
|    ep_rew_mean     | 3.11     |
| time/              |          |
|    episodes        | 376      |
|    fps             | 50       |
|    time_elapsed    | 494      |
|    total_timesteps | 25113    |
| train/             |          |
|    actor_loss      | -0.148   |
|    critic_loss     | 0.0296   |
|    ent_coef        | 0.02     |
|    learning_rate   | 0.0003   |
|    n_updates       | 24112    |
---------------------------------
---------------------------------
| rollout/           |          |
|    ep_len_mean     | 65.5     |
|    ep_rew_mean     | 3.09     |
| time/              |          |
|    episodes        | 380      |
|    fps             | 50       |
|    time_elapsed    | 503      |
|    total_timesteps | 25433    |
| train/             |          |
|    actor_loss      | -0.214   |
|    critic_loss     | 0.329    |
|    ent_coef        | 0.02     |
|    learning_rate   | 0.0003   |
|    n_updates       | 24432    |
---------------------------------
---------------------------------
| rollout/           |          |
|    ep_len_mean     | 63.9     |
|    ep_rew_mean     | 3.5      |
| time/              |          |
|    episodes        | 384      |
|    fps             | 50       |
|    time_elapsed    | 507      |
|    total_timesteps | 25595    |
| train/             |          |
|    actor_loss      | -0.513   |
|    critic_loss     | 0.0886   |
|    ent_coef        | 0.02     |
|    learning_rate   | 0.0003   |
|    n_updates       | 24594    |
---------------------------------
---------------------------------
| rollout/           |          |
|    ep_len_mean     | 63.9     |
|    ep_rew_mean     | 3.51     |
| time/              |          |
|    episodes        | 388      |
|    fps             | 50       |
|    time_elapsed    | 513      |
|    total_timesteps | 25915    |
| train/             |          |
|    actor_loss      | -0.154   |
|    critic_loss     | 0.502    |
|    ent_coef        | 0.02     |
|    learning_rate   | 0.0003   |
|    n_updates       | 24914    |
---------------------------------
[success-rate] last 50 episodes: 18.0% reached goal
[actions] last 500 steps: linear mean=+0.04 std=0.63 | angular mean=+0.01 std=0.60 | spin-in-place frac=10.8%
---------------------------------
| rollout/           |          |
|    ep_len_mean     | 63.9     |
|    ep_rew_mean     | 3.52     |
| time/              |          |
|    episodes        | 392      |
|    fps             | 50       |
|    time_elapsed    | 521      |
|    total_timesteps | 26156    |
| train/             |          |
|    actor_loss      | 0.0565   |
|    critic_loss     | 0.499    |
|    ent_coef        | 0.02     |
|    learning_rate   | 0.0003   |
|    n_updates       | 25155    |
---------------------------------
---------------------------------
| rollout/           |          |
|    ep_len_mean     | 64.7     |
|    ep_rew_mean     | 3.31     |
| time/              |          |
|    episodes        | 396      |
|    fps             | 49       |
|    time_elapsed    | 530      |
|    total_timesteps | 26476    |
| train/             |          |
|    actor_loss      | -0.324   |
|    critic_loss     | 0.667    |
|    ent_coef        | 0.02     |
|    learning_rate   | 0.0003   |
|    n_updates       | 25475    |
---------------------------------
---------------------------------
| rollout/           |          |
|    ep_len_mean     | 66.3     |
|    ep_rew_mean     | 3.1      |
| time/              |          |
|    episodes        | 400      |
|    fps             | 49       |
|    time_elapsed    | 537      |
|    total_timesteps | 26795    |
| train/             |          |
|    actor_loss      | 0.0742   |
|    critic_loss     | 0.0197   |
|    ent_coef        | 0.02     |
|    learning_rate   | 0.0003   |
|    n_updates       | 25794    |
---------------------------------
---------------------------------
| rollout/           |          |
|    ep_len_mean     | 66.3     |
|    ep_rew_mean     | 3.1      |
| time/              |          |
|    episodes        | 404      |
|    fps             | 49       |
|    time_elapsed    | 544      |
|    total_timesteps | 27115    |
| train/             |          |
|    actor_loss      | 0.107    |
|    critic_loss     | 1.15     |
|    ent_coef        | 0.02     |
|    learning_rate   | 0.0003   |
|    n_updates       | 26114    |
---------------------------------
---------------------------------
| rollout/           |          |
|    ep_len_mean     | 65.5     |
|    ep_rew_mean     | 3.31     |
| time/              |          |
|    episodes        | 408      |
|    fps             | 49       |
|    time_elapsed    | 551      |
|    total_timesteps | 27356    |
| train/             |          |
|    actor_loss      | 0.0558   |
|    critic_loss     | 0.0406   |
|    ent_coef        | 0.02     |
|    learning_rate   | 0.0003   |
|    n_updates       | 26355    |
---------------------------------
---------------------------------
| rollout/           |          |
|    ep_len_mean     | 66.3     |
|    ep_rew_mean     | 3.11     |
| time/              |          |
|    episodes        | 412      |
|    fps             | 49       |
|    time_elapsed    | 556      |
|    total_timesteps | 27676    |
| train/             |          |
|    actor_loss      | 0.404    |
|    critic_loss     | 0.553    |
|    ent_coef        | 0.02     |
|    learning_rate   | 0.0003   |
|    n_updates       | 26675    |
---------------------------------
---------------------------------
| rollout/           |          |
|    ep_len_mean     | 65.5     |
|    ep_rew_mean     | 3.32     |
| time/              |          |
|    episodes        | 416      |
|    fps             | 49       |
|    time_elapsed    | 560      |
|    total_timesteps | 27838    |
| train/             |          |
|    actor_loss      | 0.248    |
|    critic_loss     | 0.03     |
|    ent_coef        | 0.02     |
|    learning_rate   | 0.0003   |
|    n_updates       | 26837    |
---------------------------------
[success-rate] last 50 episodes: 16.0% reached goal
[actions] last 500 steps: linear mean=+0.09 std=0.61 | angular mean=-0.01 std=0.60 | spin-in-place frac=9.4%
---------------------------------
| rollout/           |          |
|    ep_len_mean     | 67.1     |
|    ep_rew_mean     | 2.9      |
| time/              |          |
|    episodes        | 420      |
|    fps             | 49       |
|    time_elapsed    | 565      |
|    total_timesteps | 28158    |
| train/             |          |
|    actor_loss      | -0.303   |
|    critic_loss     | 0.552    |
|    ent_coef        | 0.02     |
|    learning_rate   | 0.0003   |
|    n_updates       | 27157    |
---------------------------------
---------------------------------
| rollout/           |          |
|    ep_len_mean     | 67.1     |
|    ep_rew_mean     | 2.92     |
| time/              |          |
|    episodes        | 424      |
|    fps             | 49       |
|    time_elapsed    | 576      |
|    total_timesteps | 28478    |
| train/             |          |
|    actor_loss      | 0.192    |
|    critic_loss     | 0.7      |
|    ent_coef        | 0.02     |
|    learning_rate   | 0.0003   |
|    n_updates       | 27477    |
---------------------------------
---------------------------------
| rollout/           |          |
|    ep_len_mean     | 68.7     |
|    ep_rew_mean     | 2.5      |
| time/              |          |
|    episodes        | 428      |
|    fps             | 49       |
|    time_elapsed    | 581      |
|    total_timesteps | 28798    |
| train/             |          |
|    actor_loss      | 0.0733   |
|    critic_loss     | 0.41     |
|    ent_coef        | 0.02     |
|    learning_rate   | 0.0003   |
|    n_updates       | 27797    |
---------------------------------
---------------------------------
| rollout/           |          |
|    ep_len_mean     | 67.9     |
|    ep_rew_mean     | 2.71     |
| time/              |          |
|    episodes        | 432      |
|    fps             | 49       |
|    time_elapsed    | 587      |
|    total_timesteps | 29039    |
| train/             |          |
|    actor_loss      | 0.14     |
|    critic_loss     | 0.0641   |
|    ent_coef        | 0.02     |
|    learning_rate   | 0.0003   |
|    n_updates       | 28038    |
---------------------------------
---------------------------------
| rollout/           |          |
|    ep_len_mean     | 68.7     |
|    ep_rew_mean     | 2.51     |
| time/              |          |
|    episodes        | 436      |
|    fps             | 49       |
|    time_elapsed    | 594      |
|    total_timesteps | 29359    |
| train/             |          |
|    actor_loss      | 0.416    |
|    critic_loss     | 0.491    |
|    ent_coef        | 0.02     |
|    learning_rate   | 0.0003   |
|    n_updates       | 28358    |
---------------------------------
---------------------------------
| rollout/           |          |
|    ep_len_mean     | 68.7     |
|    ep_rew_mean     | 2.5      |
| time/              |          |
|    episodes        | 440      |
|    fps             | 49       |
|    time_elapsed    | 599      |
|    total_timesteps | 29600    |
| train/             |          |
|    actor_loss      | 0.498    |
|    critic_loss     | 0.0258   |
|    ent_coef        | 0.02     |
|    learning_rate   | 0.0003   |
|    n_updates       | 28599    |
---------------------------------
---------------------------------
| rollout/           |          |
|    ep_len_mean     | 68.1     |
|    ep_rew_mean     | 2.51     |
| time/              |          |
|    episodes        | 444      |
|    fps             | 49       |
|    time_elapsed    | 605      |
|    total_timesteps | 29841    |
| train/             |          |
|    actor_loss      | -0.163   |
|    critic_loss     | 0.699    |
|    ent_coef        | 0.02     |
|    learning_rate   | 0.0003   |
|    n_updates       | 28840    |
---------------------------------
[success-rate] last 50 episodes: 14.0% reached goal
[actions] last 500 steps: linear mean=-0.12 std=0.58 | angular mean=+0.07 std=0.59 | spin-in-place frac=11.2%
---------------------------------
| rollout/           |          |
|    ep_len_mean     | 68.1     |
|    ep_rew_mean     | 2.51     |
| time/              |          |
|    episodes        | 448      |
|    fps             | 49       |
|    time_elapsed    | 613      |
|    total_timesteps | 30082    |
| train/             |          |
|    actor_loss      | 0.165    |
|    critic_loss     | 0.597    |
|    ent_coef        | 0.02     |
|    learning_rate   | 0.0003   |
|    n_updates       | 29081    |
---------------------------------
---------------------------------
| rollout/           |          |
|    ep_len_mean     | 68.9     |
|    ep_rew_mean     | 2.3      |
| time/              |          |
|    episodes        | 452      |
|    fps             | 48       |
|    time_elapsed    | 620      |
|    total_timesteps | 30323    |
| train/             |          |
|    actor_loss      | 0.0912   |
|    critic_loss     | 0.0355   |
|    ent_coef        | 0.02     |
|    learning_rate   | 0.0003   |
|    n_updates       | 29322    |
---------------------------------
---------------------------------
| rollout/           |          |
|    ep_len_mean     | 68.1     |
|    ep_rew_mean     | 2.51     |
| time/              |          |
|    episodes        | 456      |
|    fps             | 48       |
|    time_elapsed    | 624      |
|    total_timesteps | 30564    |
| train/             |          |
|    actor_loss      | 0.338    |
|    critic_loss     | 0.568    |
|    ent_coef        | 0.02     |
|    learning_rate   | 0.0003   |
|    n_updates       | 29563    |
---------------------------------
---------------------------------
| rollout/           |          |
|    ep_len_mean     | 68.1     |
|    ep_rew_mean     | 2.49     |
| time/              |          |
|    episodes        | 460      |
|    fps             | 48       |
|    time_elapsed    | 632      |
|    total_timesteps | 30884    |
| train/             |          |
|    actor_loss      | 0.167    |
|    critic_loss     | 0.221    |
|    ent_coef        | 0.02     |
|    learning_rate   | 0.0003   |
|    n_updates       | 29883    |
---------------------------------
---------------------------------
| rollout/           |          |
|    ep_len_mean     | 68.1     |
|    ep_rew_mean     | 2.48     |
| time/              |          |
|    episodes        | 464      |
|    fps             | 48       |
|    time_elapsed    | 638      |
|    total_timesteps | 31125    |
| train/             |          |
|    actor_loss      | 0.635    |
|    critic_loss     | 0.028    |
|    ent_coef        | 0.02     |
|    learning_rate   | 0.0003   |
|    n_updates       | 30124    |
---------------------------------
---------------------------------
| rollout/           |          |
|    ep_len_mean     | 68.9     |
|    ep_rew_mean     | 2.28     |
| time/              |          |
|    episodes        | 468      |
|    fps             | 48       |
|    time_elapsed    | 645      |
|    total_timesteps | 31445    |
| train/             |          |
|    actor_loss      | 0.167    |
|    critic_loss     | 0.0327   |
|    ent_coef        | 0.02     |
|    learning_rate   | 0.0003   |
|    n_updates       | 30444    |
---------------------------------
---------------------------------
| rollout/           |          |
|    ep_len_mean     | 68.9     |
|    ep_rew_mean     | 2.29     |
| time/              |          |
|    episodes        | 472      |
|    fps             | 48       |
|    time_elapsed    | 649      |
|    total_timesteps | 31686    |
| train/             |          |
|    actor_loss      | 0.241    |
|    critic_loss     | 0.291    |
|    ent_coef        | 0.02     |
|    learning_rate   | 0.0003   |
|    n_updates       | 30685    |
---------------------------------
[success-rate] last 50 episodes: 16.0% reached goal
[actions] last 500 steps: linear mean=+0.09 std=0.57 | angular mean=+0.09 std=0.61 | spin-in-place frac=11.0%
---------------------------------
| rollout/           |          |
|    ep_len_mean     | 68.9     |
|    ep_rew_mean     | 2.28     |
| time/              |          |
|    episodes        | 476      |
|    fps             | 48       |
|    time_elapsed    | 659      |
|    total_timesteps | 32006    |
| train/             |          |
|    actor_loss      | 0.334    |
|    critic_loss     | 0.0141   |
|    ent_coef        | 0.02     |
|    learning_rate   | 0.0003   |
|    n_updates       | 31005    |
---------------------------------
---------------------------------
| rollout/           |          |
|    ep_len_mean     | 68.8     |
|    ep_rew_mean     | 2.49     |
| time/              |          |
|    episodes        | 480      |
|    fps             | 48       |
|    time_elapsed    | 669      |
|    total_timesteps | 32317    |
| train/             |          |
|    actor_loss      | 0.719    |
|    critic_loss     | 0.0384   |
|    ent_coef        | 0.02     |
|    learning_rate   | 0.0003   |
|    n_updates       | 31316    |
---------------------------------
---------------------------------
| rollout/           |          |
|    ep_len_mean     | 69.6     |
|    ep_rew_mean     | 2.28     |
| time/              |          |
|    episodes        | 484      |
|    fps             | 48       |
|    time_elapsed    | 674      |
|    total_timesteps | 32558    |
| train/             |          |
|    actor_loss      | 0.313    |
|    critic_loss     | 0.703    |
|    ent_coef        | 0.02     |
|    learning_rate   | 0.0003   |
|    n_updates       | 31557    |
---------------------------------
---------------------------------
| rollout/           |          |
|    ep_len_mean     | 68.8     |
|    ep_rew_mean     | 2.49     |
| time/              |          |
|    episodes        | 488      |
|    fps             | 48       |
|    time_elapsed    | 680      |
|    total_timesteps | 32799    |
| train/             |          |
|    actor_loss      | 0.707    |
|    critic_loss     | 0.0303   |
|    ent_coef        | 0.02     |
|    learning_rate   | 0.0003   |
|    n_updates       | 31798    |
---------------------------------
---------------------------------
| rollout/           |          |
|    ep_len_mean     | 69.6     |
|    ep_rew_mean     | 2.27     |
| time/              |          |
|    episodes        | 492      |
|    fps             | 48       |
|    time_elapsed    | 686      |
|    total_timesteps | 33119    |
| train/             |          |
|    actor_loss      | 1.06     |
|    critic_loss     | 0.191    |
|    ent_coef        | 0.02     |
|    learning_rate   | 0.0003   |
|    n_updates       | 32118    |
---------------------------------
---------------------------------
| rollout/           |          |
|    ep_len_mean     | 68.8     |
|    ep_rew_mean     | 2.49     |
| time/              |          |
|    episodes        | 496      |
|    fps             | 48       |
|    time_elapsed    | 690      |
|    total_timesteps | 33360    |
| train/             |          |
|    actor_loss      | 0.387    |
|    critic_loss     | 0.0355   |
|    ent_coef        | 0.02     |
|    learning_rate   | 0.0003   |
|    n_updates       | 32359    |
---------------------------------
---------------------------------
| rollout/           |          |
|    ep_len_mean     | 67.3     |
|    ep_rew_mean     | 2.7      |
| time/              |          |
|    episodes        | 500      |
|    fps             | 48       |
|    time_elapsed    | 696      |
|    total_timesteps | 33522    |
| train/             |          |
|    actor_loss      | 0.441    |
|    critic_loss     | 0.0321   |
|    ent_coef        | 0.02     |
|    learning_rate   | 0.0003   |
|    n_updates       | 32521    |
---------------------------------
---------------------------------
| rollout/           |          |
|    ep_len_mean     | 67.3     |
|    ep_rew_mean     | 2.7      |
| time/              |          |
|    episodes        | 504      |
|    fps             | 48       |
|    time_elapsed    | 703      |
|    total_timesteps | 33842    |
| train/             |          |
|    actor_loss      | 0.577    |
|    critic_loss     | 0.0158   |
|    ent_coef        | 0.02     |
|    learning_rate   | 0.0003   |
|    n_updates       | 32841    |
---------------------------------
[success-rate] last 50 episodes: 18.0% reached goal
[actions] last 500 steps: linear mean=-0.08 std=0.58 | angular mean=-0.00 std=0.60 | spin-in-place frac=9.2%
---------------------------------
| rollout/           |          |
|    ep_len_mean     | 67.3     |
|    ep_rew_mean     | 2.69     |
| time/              |          |
|    episodes        | 508      |
|    fps             | 48       |
|    time_elapsed    | 707      |
|    total_timesteps | 34083    |
| train/             |          |
|    actor_loss      | 0.767    |
|    critic_loss     | 0.0182   |
|    ent_coef        | 0.02     |
|    learning_rate   | 0.0003   |
|    n_updates       | 33082    |
---------------------------------
---------------------------------
| rollout/           |          |
|    ep_len_mean     | 67.3     |
|    ep_rew_mean     | 2.69     |
| time/              |          |
|    episodes        | 512      |
|    fps             | 47       |
|    time_elapsed    | 722      |
|    total_timesteps | 34403    |
| train/             |          |
|    actor_loss      | 0.642    |
|    critic_loss     | 0.046    |
|    ent_coef        | 0.02     |
|    learning_rate   | 0.0003   |
|    n_updates       | 33402    |
---------------------------------
---------------------------------
| rollout/           |          |
|    ep_len_mean     | 66.5     |
|    ep_rew_mean     | 2.9      |
| time/              |          |
|    episodes        | 516      |
|    fps             | 47       |
|    time_elapsed    | 731      |
|    total_timesteps | 34486    |
| train/             |          |
|    actor_loss      | 0.593    |
|    critic_loss     | 0.0417   |
|    ent_coef        | 0.02     |
|    learning_rate   | 0.0003   |
|    n_updates       | 33485    |
---------------------------------
---------------------------------
| rollout/           |          |
|    ep_len_mean     | 66.5     |
|    ep_rew_mean     | 2.9      |
| time/              |          |
|    episodes        | 520      |
|    fps             | 47       |
|    time_elapsed    | 737      |
|    total_timesteps | 34806    |
| train/             |          |
|    actor_loss      | 0.711    |
|    critic_loss     | 0.51     |
|    ent_coef        | 0.02     |
|    learning_rate   | 0.0003   |
|    n_updates       | 33805    |
---------------------------------
---------------------------------
| rollout/           |          |
|    ep_len_mean     | 65.7     |
|    ep_rew_mean     | 3.1      |
| time/              |          |
|    episodes        | 524      |
|    fps             | 47       |
|    time_elapsed    | 744      |
|    total_timesteps | 35047    |
| train/             |          |
|    actor_loss      | 0.857    |
|    critic_loss     | 0.917    |
|    ent_coef        | 0.02     |
|    learning_rate   | 0.0003   |
|    n_updates       | 34046    |
---------------------------------
---------------------------------
| rollout/           |          |
|    ep_len_mean     | 65.7     |
|    ep_rew_mean     | 3.11     |
| time/              |          |
|    episodes        | 528      |
|    fps             | 47       |
|    time_elapsed    | 751      |
|    total_timesteps | 35367    |
| train/             |          |
|    actor_loss      | 0.815    |
|    critic_loss     | 0.0357   |
|    ent_coef        | 0.02     |
|    learning_rate   | 0.0003   |
|    n_updates       | 34366    |
---------------------------------
---------------------------------
| rollout/           |          |
|    ep_len_mean     | 66.5     |
|    ep_rew_mean     | 2.91     |
| time/              |          |
|    episodes        | 532      |
|    fps             | 47       |
|    time_elapsed    | 756      |
|    total_timesteps | 35687    |
| train/             |          |
|    actor_loss      | 0.629    |
|    critic_loss     | 0.995    |
|    ent_coef        | 0.02     |
|    learning_rate   | 0.0003   |
|    n_updates       | 34686    |
---------------------------------
[success-rate] last 50 episodes: 18.0% reached goal
[actions] last 500 steps: linear mean=+0.00 std=0.61 | angular mean=+0.08 std=0.58 | spin-in-place frac=9.2%
---------------------------------
| rollout/           |          |
|    ep_len_mean     | 66.5     |
|    ep_rew_mean     | 2.89     |
| time/              |          |
|    episodes        | 536      |
|    fps             | 47       |
|    time_elapsed    | 763      |
|    total_timesteps | 36007    |
| train/             |          |
|    actor_loss      | 1.13     |
|    critic_loss     | 0.0905   |
|    ent_coef        | 0.02     |
|    learning_rate   | 0.0003   |
|    n_updates       | 35006    |
---------------------------------
---------------------------------
| rollout/           |          |
|    ep_len_mean     | 67.3     |
|    ep_rew_mean     | 2.69     |
| time/              |          |
|    episodes        | 540      |
|    fps             | 47       |
|    time_elapsed    | 772      |
|    total_timesteps | 36327    |
| train/             |          |
|    actor_loss      | 0.651    |
|    critic_loss     | 0.446    |
|    ent_coef        | 0.02     |
|    learning_rate   | 0.0003   |
|    n_updates       | 35326    |
---------------------------------
---------------------------------
| rollout/           |          |
|    ep_len_mean     | 67       |
|    ep_rew_mean     | 2.9      |
| time/              |          |
|    episodes        | 544      |
|    fps             | 46       |
|    time_elapsed    | 778      |
|    total_timesteps | 36546    |
| train/             |          |
|    actor_loss      | 0.378    |
|    critic_loss     | 1.28     |
|    ent_coef        | 0.02     |
|    learning_rate   | 0.0003   |
|    n_updates       | 35545    |
---------------------------------
---------------------------------
| rollout/           |          |
|    ep_len_mean     | 67.8     |
|    ep_rew_mean     | 2.7      |
| time/              |          |
|    episodes        | 548      |
|    fps             | 47       |
|    time_elapsed    | 784      |
|    total_timesteps | 36866    |
| train/             |          |
|    actor_loss      | 0.855    |
|    critic_loss     | 0.749    |
|    ent_coef        | 0.02     |
|    learning_rate   | 0.0003   |
|    n_updates       | 35865    |
---------------------------------
---------------------------------
| rollout/           |          |
|    ep_len_mean     | 68.6     |
|    ep_rew_mean     | 2.5      |
| time/              |          |
|    episodes        | 552      |
|    fps             | 47       |
|    time_elapsed    | 789      |
|    total_timesteps | 37186    |
| train/             |          |
|    actor_loss      | 1.09     |
|    critic_loss     | 0.0448   |
|    ent_coef        | 0.02     |
|    learning_rate   | 0.0003   |
|    n_updates       | 36185    |
---------------------------------
---------------------------------
| rollout/           |          |
|    ep_len_mean     | 68.6     |
|    ep_rew_mean     | 2.51     |
| time/              |          |
|    episodes        | 556      |
|    fps             | 46       |
|    time_elapsed    | 797      |
|    total_timesteps | 37427    |
| train/             |          |
|    actor_loss      | 0.635    |
|    critic_loss     | 1.63     |
|    ent_coef        | 0.02     |
|    learning_rate   | 0.0003   |
|    n_updates       | 36426    |
---------------------------------
---------------------------------
| rollout/           |          |
|    ep_len_mean     | 68.6     |
|    ep_rew_mean     | 2.51     |
| time/              |          |
|    episodes        | 560      |
|    fps             | 46       |
|    time_elapsed    | 806      |
|    total_timesteps | 37747    |
| train/             |          |
|    actor_loss      | 0.705    |
|    critic_loss     | 0.849    |
|    ent_coef        | 0.02     |
|    learning_rate   | 0.0003   |
|    n_updates       | 36746    |
---------------------------------
---------------------------------
| rollout/           |          |
|    ep_len_mean     | 67.8     |
|    ep_rew_mean     | 2.72     |
| time/              |          |
|    episodes        | 564      |
|    fps             | 46       |
|    time_elapsed    | 810      |
|    total_timesteps | 37909    |
| train/             |          |
|    actor_loss      | 0.931    |
|    critic_loss     | 0.0443   |
|    ent_coef        | 0.02     |
|    learning_rate   | 0.0003   |
|    n_updates       | 36908    |
---------------------------------
[success-rate] last 50 episodes: 16.0% reached goal
[actions] last 500 steps: linear mean=-0.05 std=0.58 | angular mean=+0.01 std=0.58 | spin-in-place frac=9.4%
---------------------------------
| rollout/           |          |
|    ep_len_mean     | 66.3     |
|    ep_rew_mean     | 3.14     |
| time/              |          |
|    episodes        | 568      |
|    fps             | 46       |
|    time_elapsed    | 815      |
|    total_timesteps | 38071    |
| train/             |          |
|    actor_loss      | 0.927    |
|    critic_loss     | 0.256    |
|    ent_coef        | 0.02     |
|    learning_rate   | 0.0003   |
|    n_updates       | 37070    |
---------------------------------
---------------------------------
| rollout/           |          |
|    ep_len_mean     | 67       |
|    ep_rew_mean     | 2.94     |
| time/              |          |
|    episodes        | 572      |
|    fps             | 46       |
|    time_elapsed    | 821      |
|    total_timesteps | 38391    |
| train/             |          |
|    actor_loss      | 1.03     |
|    critic_loss     | 0.0438   |
|    ent_coef        | 0.02     |
|    learning_rate   | 0.0003   |
|    n_updates       | 37390    |
---------------------------------
---------------------------------
| rollout/           |          |
|    ep_len_mean     | 66.9     |
|    ep_rew_mean     | 3.15     |
| time/              |          |
|    episodes        | 576      |
|    fps             | 46       |
|    time_elapsed    | 830      |
|    total_timesteps | 38693    |
| train/             |          |
|    actor_loss      | 1.07     |
|    critic_loss     | 0.56     |
|    ent_coef        | 0.02     |
|    learning_rate   | 0.0003   |
|    n_updates       | 37692    |
---------------------------------
---------------------------------
| rollout/           |          |
|    ep_len_mean     | 67       |
|    ep_rew_mean     | 2.95     |
| time/              |          |
|    episodes        | 580      |
|    fps             | 46       |
|    time_elapsed    | 835      |
|    total_timesteps | 39013    |
| train/             |          |
|    actor_loss      | 1.17     |
|    critic_loss     | 0.442    |
|    ent_coef        | 0.02     |
|    learning_rate   | 0.0003   |
|    n_updates       | 38012    |
---------------------------------
---------------------------------
| rollout/           |          |
|    ep_len_mean     | 66.2     |
|    ep_rew_mean     | 3.16     |
| time/              |          |
|    episodes        | 584      |
|    fps             | 46       |
|    time_elapsed    | 840      |
|    total_timesteps | 39175    |
| train/             |          |
|    actor_loss      | 1.01     |
|    critic_loss     | 0.021    |
|    ent_coef        | 0.02     |
|    learning_rate   | 0.0003   |
|    n_updates       | 38174    |
---------------------------------
---------------------------------
| rollout/           |          |
|    ep_len_mean     | 66.8     |
|    ep_rew_mean     | 3.16     |
| time/              |          |
|    episodes        | 588      |
|    fps             | 46       |
|    time_elapsed    | 848      |
|    total_timesteps | 39477    |
| train/             |          |
|    actor_loss      | 0.893    |
|    critic_loss     | 0.437    |
|    ent_coef        | 0.02     |
|    learning_rate   | 0.0003   |
|    n_updates       | 38476    |
---------------------------------
---------------------------------
| rollout/           |          |
|    ep_len_mean     | 66.8     |
|    ep_rew_mean     | 3.17     |
| time/              |          |
|    episodes        | 592      |
|    fps             | 46       |
|    time_elapsed    | 854      |
|    total_timesteps | 39797    |
| train/             |          |
|    actor_loss      | 1.46     |
|    critic_loss     | 0.0592   |
|    ent_coef        | 0.02     |
|    learning_rate   | 0.0003   |
|    n_updates       | 38796    |
---------------------------------
[success-rate] last 50 episodes: 20.0% reached goal
[actions] last 500 steps: linear mean=-0.05 std=0.59 | angular mean=-0.01 std=0.59 | spin-in-place frac=9.6%
---------------------------------
| rollout/           |          |
|    ep_len_mean     | 66.8     |
|    ep_rew_mean     | 3.18     |
| time/              |          |
|    episodes        | 596      |
|    fps             | 46       |
|    time_elapsed    | 859      |
|    total_timesteps | 40038    |
| train/             |          |
|    actor_loss      | 1.09     |
|    critic_loss     | 0.251    |
|    ent_coef        | 0.02     |
|    learning_rate   | 0.0003   |
|    n_updates       | 39037    |
---------------------------------
---------------------------------
| rollout/           |          |
|    ep_len_mean     | 68.4     |
|    ep_rew_mean     | 2.77     |
| time/              |          |
|    episodes        | 600      |
|    fps             | 46       |
|    time_elapsed    | 868      |
|    total_timesteps | 40358    |
| train/             |          |
|    actor_loss      | 1.11     |
|    critic_loss     | 0.153    |
|    ent_coef        | 0.02     |
|    learning_rate   | 0.0003   |
|    n_updates       | 39357    |
---------------------------------
---------------------------------
| rollout/           |          |
|    ep_len_mean     | 68.4     |
|    ep_rew_mean     | 2.76     |
| time/              |          |
|    episodes        | 604      |
|    fps             | 46       |
|    time_elapsed    | 877      |
|    total_timesteps | 40678    |
| train/             |          |
|    actor_loss      | 1.44     |
|    critic_loss     | 0.456    |
|    ent_coef        | 0.02     |
|    learning_rate   | 0.0003   |
|    n_updates       | 39677    |
---------------------------------
---------------------------------
| rollout/           |          |
|    ep_len_mean     | 69.2     |
|    ep_rew_mean     | 2.55     |
| time/              |          |
|    episodes        | 608      |
|    fps             | 46       |
|    time_elapsed    | 884      |
|    total_timesteps | 40998    |
| train/             |          |
|    actor_loss      | 1.15     |
|    critic_loss     | 0.0356   |
|    ent_coef        | 0.02     |
|    learning_rate   | 0.0003   |
|    n_updates       | 39997    |
---------------------------------
---------------------------------
| rollout/           |          |
|    ep_len_mean     | 69.2     |
|    ep_rew_mean     | 2.54     |
| time/              |          |
|    episodes        | 612      |
|    fps             | 46       |
|    time_elapsed    | 893      |
|    total_timesteps | 41318    |
| train/             |          |
|    actor_loss      | 1.1      |
|    critic_loss     | 0.543    |
|    ent_coef        | 0.02     |
|    learning_rate   | 0.0003   |
|    n_updates       | 40317    |
---------------------------------
---------------------------------
| rollout/           |          |
|    ep_len_mean     | 71.5     |
|    ep_rew_mean     | 1.92     |
| time/              |          |
|    episodes        | 616      |
|    fps             | 46       |
|    time_elapsed    | 900      |
|    total_timesteps | 41638    |
| train/             |          |
|    actor_loss      | 1.29     |
|    critic_loss     | 0.231    |
|    ent_coef        | 0.02     |
|    learning_rate   | 0.0003   |
|    n_updates       | 40637    |
---------------------------------
---------------------------------
| rollout/           |          |
|    ep_len_mean     | 71.5     |
|    ep_rew_mean     | 1.91     |
| time/              |          |
|    episodes        | 620      |
|    fps             | 46       |
|    time_elapsed    | 906      |
|    total_timesteps | 41958    |
| train/             |          |
|    actor_loss      | 1.74     |
|    critic_loss     | 0.0253   |
|    ent_coef        | 0.02     |
|    learning_rate   | 0.0003   |
|    n_updates       | 40957    |
---------------------------------
[success-rate] last 50 episodes: 12.0% reached goal
[actions] last 500 steps: linear mean=-0.03 std=0.58 | angular mean=+0.01 std=0.57 | spin-in-place frac=8.6%
---------------------------------
| rollout/           |          |
|    ep_len_mean     | 71.5     |
|    ep_rew_mean     | 1.92     |
| time/              |          |
|    episodes        | 624      |
|    fps             | 46       |
|    time_elapsed    | 915      |
|    total_timesteps | 42199    |
| train/             |          |
|    actor_loss      | 1.38     |
|    critic_loss     | 0.0232   |
|    ent_coef        | 0.02     |
|    learning_rate   | 0.0003   |
|    n_updates       | 41198    |
---------------------------------
---------------------------------
| rollout/           |          |
|    ep_len_mean     | 70.7     |
|    ep_rew_mean     | 2.11     |
| time/              |          |
|    episodes        | 628      |
|    fps             | 45       |
|    time_elapsed    | 923      |
|    total_timesteps | 42440    |
| train/             |          |
|    actor_loss      | 1.68     |
|    critic_loss     | 0.0243   |
|    ent_coef        | 0.02     |
|    learning_rate   | 0.0003   |
|    n_updates       | 41439    |
---------------------------------
---------------------------------
| rollout/           |          |
|    ep_len_mean     | 70.7     |
|    ep_rew_mean     | 2.11     |
| time/              |          |
|    episodes        | 632      |
|    fps             | 45       |
|    time_elapsed    | 933      |
|    total_timesteps | 42760    |
| train/             |          |
|    actor_loss      | 1.42     |
|    critic_loss     | 0.0484   |
|    ent_coef        | 0.02     |
|    learning_rate   | 0.0003   |
|    n_updates       | 41759    |
---------------------------------
---------------------------------
| rollout/           |          |
|    ep_len_mean     | 69.2     |
|    ep_rew_mean     | 2.53     |
| time/              |          |
|    episodes        | 636      |
|    fps             | 45       |
|    time_elapsed    | 941      |
|    total_timesteps | 42922    |
| train/             |          |
|    actor_loss      | 1.47     |
|    critic_loss     | 0.0383   |
|    ent_coef        | 0.02     |
|    learning_rate   | 0.0003   |
|    n_updates       | 41921    |
---------------------------------
---------------------------------
| rollout/           |          |
|    ep_len_mean     | 68.4     |
|    ep_rew_mean     | 2.73     |
| time/              |          |
|    episodes        | 640      |
|    fps             | 45       |
|    time_elapsed    | 950      |
|    total_timesteps | 43163    |
| train/             |          |
|    actor_loss      | 1.15     |
|    critic_loss     | 0.223    |
|    ent_coef        | 0.02     |
|    learning_rate   | 0.0003   |
|    n_updates       | 42162    |
---------------------------------
---------------------------------
| rollout/           |          |
|    ep_len_mean     | 67.8     |
|    ep_rew_mean     | 2.74     |
| time/              |          |
|    episodes        | 644      |
|    fps             | 45       |
|    time_elapsed    | 958      |
|    total_timesteps | 43325    |
| train/             |          |
|    actor_loss      | 1.68     |
|    critic_loss     | 0.445    |
|    ent_coef        | 0.02     |
|    learning_rate   | 0.0003   |
|    n_updates       | 42324    |
---------------------------------
---------------------------------
| rollout/           |          |
|    ep_len_mean     | 67       |
|    ep_rew_mean     | 2.94     |
| time/              |          |
|    episodes        | 648      |
|    fps             | 45       |
|    time_elapsed    | 966      |
|    total_timesteps | 43566    |
| train/             |          |
|    actor_loss      | 1.75     |
|    critic_loss     | 0.0637   |
|    ent_coef        | 0.02     |
|    learning_rate   | 0.0003   |
|    n_updates       | 42565    |
---------------------------------
---------------------------------
| rollout/           |          |
|    ep_len_mean     | 65.4     |
|    ep_rew_mean     | 3.35     |
| time/              |          |
|    episodes        | 652      |
|    fps             | 44       |
|    time_elapsed    | 972      |
|    total_timesteps | 43728    |
| train/             |          |
|    actor_loss      | 1.5      |
|    critic_loss     | 0.0718   |
|    ent_coef        | 0.02     |
|    learning_rate   | 0.0003   |
|    n_updates       | 42727    |
---------------------------------
---------------------------------
| rollout/           |          |
|    ep_len_mean     | 65.4     |
|    ep_rew_mean     | 3.35     |
| time/              |          |
|    episodes        | 656      |
|    fps             | 44       |
|    time_elapsed    | 982      |
|    total_timesteps | 43969    |
| train/             |          |
|    actor_loss      | 1.45     |
|    critic_loss     | 0.035    |
|    ent_coef        | 0.02     |
|    learning_rate   | 0.0003   |
|    n_updates       | 42968    |
---------------------------------
[success-rate] last 50 episodes: 24.0% reached goal
[actions] last 500 steps: linear mean=+0.02 std=0.58 | angular mean=+0.12 std=0.56 | spin-in-place frac=8.0%
---------------------------------
| rollout/           |          |
|    ep_len_mean     | 63.8     |
|    ep_rew_mean     | 3.77     |
| time/              |          |
|    episodes        | 660      |
|    fps             | 44       |
|    time_elapsed    | 985      |
|    total_timesteps | 44131    |
| train/             |          |
|    actor_loss      | 1.81     |
|    critic_loss     | 0.0309   |
|    ent_coef        | 0.02     |
|    learning_rate   | 0.0003   |
|    n_updates       | 43130    |
---------------------------------
---------------------------------
| rollout/           |          |
|    ep_len_mean     | 65.4     |
|    ep_rew_mean     | 3.35     |
| time/              |          |
|    episodes        | 664      |
|    fps             | 44       |
|    time_elapsed    | 992      |
|    total_timesteps | 44451    |
| train/             |          |
|    actor_loss      | 1.99     |
|    critic_loss     | 0.0731   |
|    ent_coef        | 0.02     |
|    learning_rate   | 0.0003   |
|    n_updates       | 43450    |
---------------------------------
---------------------------------
| rollout/           |          |
|    ep_len_mean     | 67       |
|    ep_rew_mean     | 2.93     |
| time/              |          |
|    episodes        | 668      |
|    fps             | 44       |
|    time_elapsed    | 998      |
|    total_timesteps | 44771    |
| train/             |          |
|    actor_loss      | 1.9      |
|    critic_loss     | 0.0582   |
|    ent_coef        | 0.02     |
|    learning_rate   | 0.0003   |
|    n_updates       | 43770    |
---------------------------------
---------------------------------
| rollout/           |          |
|    ep_len_mean     | 67       |
|    ep_rew_mean     | 2.92     |
| time/              |          |
|    episodes        | 672      |
|    fps             | 44       |
|    time_elapsed    | 1005     |
|    total_timesteps | 45091    |
| train/             |          |
|    actor_loss      | 1.38     |
|    critic_loss     | 0.06     |
|    ent_coef        | 0.02     |
|    learning_rate   | 0.0003   |
|    n_updates       | 44090    |
---------------------------------
---------------------------------
| rollout/           |          |
|    ep_len_mean     | 67.2     |
|    ep_rew_mean     | 2.71     |
| time/              |          |
|    episodes        | 676      |
|    fps             | 44       |
|    time_elapsed    | 1012     |
|    total_timesteps | 45411    |
| train/             |          |
|    actor_loss      | 1.88     |
|    critic_loss     | 0.0365   |
|    ent_coef        | 0.02     |
|    learning_rate   | 0.0003   |
|    n_updates       | 44410    |
---------------------------------
---------------------------------
| rollout/           |          |
|    ep_len_mean     | 67.2     |
|    ep_rew_mean     | 2.71     |
| time/              |          |
|    episodes        | 680      |
|    fps             | 44       |
|    time_elapsed    | 1017     |
|    total_timesteps | 45731    |
| train/             |          |
|    actor_loss      | 1.81     |
|    critic_loss     | 0.0269   |
|    ent_coef        | 0.02     |
|    learning_rate   | 0.0003   |
|    n_updates       | 44730    |
---------------------------------
[success-rate] last 50 episodes: 20.0% reached goal
[actions] last 500 steps: linear mean=+0.05 std=0.58 | angular mean=+0.04 std=0.59 | spin-in-place frac=9.8%
---------------------------------
| rollout/           |          |
|    ep_len_mean     | 68.8     |
|    ep_rew_mean     | 2.29     |
| time/              |          |
|    episodes        | 684      |
|    fps             | 44       |
|    time_elapsed    | 1024     |
|    total_timesteps | 46051    |
| train/             |          |
|    actor_loss      | 2        |
|    critic_loss     | 0.256    |
|    ent_coef        | 0.02     |
|    learning_rate   | 0.0003   |
|    n_updates       | 45050    |
---------------------------------
---------------------------------
| rollout/           |          |
|    ep_len_mean     | 68.9     |
|    ep_rew_mean     | 2.08     |
| time/              |          |
|    episodes        | 688      |
|    fps             | 44       |
|    time_elapsed    | 1031     |
|    total_timesteps | 46371    |
| train/             |          |
|    actor_loss      | 1.93     |
|    critic_loss     | 0.256    |
|    ent_coef        | 0.02     |
|    learning_rate   | 0.0003   |
|    n_updates       | 45370    |
---------------------------------
---------------------------------
| rollout/           |          |
|    ep_len_mean     | 68.2     |
|    ep_rew_mean     | 2.29     |
| time/              |          |
|    episodes        | 692      |
|    fps             | 44       |
|    time_elapsed    | 1041     |
|    total_timesteps | 46612    |
| train/             |          |
|    actor_loss      | 1.79     |
|    critic_loss     | 0.612    |
|    ent_coef        | 0.02     |
|    learning_rate   | 0.0003   |
|    n_updates       | 45611    |
---------------------------------
---------------------------------
| rollout/           |          |
|    ep_len_mean     | 68.9     |
|    ep_rew_mean     | 2.08     |
| time/              |          |
|    episodes        | 696      |
|    fps             | 44       |
|    time_elapsed    | 1052     |
|    total_timesteps | 46932    |
| train/             |          |
|    actor_loss      | 1.85     |
|    critic_loss     | 0.579    |
|    ent_coef        | 0.02     |
|    learning_rate   | 0.0003   |
|    n_updates       | 45931    |
---------------------------------
---------------------------------
| rollout/           |          |
|    ep_len_mean     | 68.2     |
|    ep_rew_mean     | 2.28     |
| time/              |          |
|    episodes        | 700      |
|    fps             | 44       |
|    time_elapsed    | 1056     |
|    total_timesteps | 47173    |
| train/             |          |
|    actor_loss      | 2        |
|    critic_loss     | 0.586    |
|    ent_coef        | 0.02     |
|    learning_rate   | 0.0003   |
|    n_updates       | 46172    |
---------------------------------
---------------------------------
| rollout/           |          |
|    ep_len_mean     | 67.4     |
|    ep_rew_mean     | 2.49     |
| time/              |          |
|    episodes        | 704      |
|    fps             | 44       |
|    time_elapsed    | 1066     |
|    total_timesteps | 47414    |
| train/             |          |
|    actor_loss      | 1.88     |
|    critic_loss     | 0.551    |
|    ent_coef        | 0.02     |
|    learning_rate   | 0.0003   |
|    n_updates       | 46413    |
---------------------------------
---------------------------------
| rollout/           |          |
|    ep_len_mean     | 67.4     |
|    ep_rew_mean     | 2.49     |
| time/              |          |
|    episodes        | 708      |
|    fps             | 44       |
|    time_elapsed    | 1077     |
|    total_timesteps | 47734    |
| train/             |          |
|    actor_loss      | 1.98     |
|    critic_loss     | 0.0423   |
|    ent_coef        | 0.02     |
|    learning_rate   | 0.0003   |
|    n_updates       | 46733    |
---------------------------------
---------------------------------
| rollout/           |          |
|    ep_len_mean     | 66.6     |
|    ep_rew_mean     | 2.7      |
| time/              |          |
|    episodes        | 712      |
|    fps             | 44       |
|    time_elapsed    | 1087     |
|    total_timesteps | 47975    |
| train/             |          |
|    actor_loss      | 1.68     |
|    critic_loss     | 0.366    |
|    ent_coef        | 0.02     |
|    learning_rate   | 0.0003   |
|    n_updates       | 46974    |
---------------------------------
[success-rate] last 50 episodes: 8.0% reached goal
[actions] last 500 steps: linear mean=+0.05 std=0.58 | angular mean=+0.09 std=0.58 | spin-in-place frac=8.4%
---------------------------------
| rollout/           |          |
|    ep_len_mean     | 65.8     |
|    ep_rew_mean     | 2.9      |
| time/              |          |
|    episodes        | 716      |
|    fps             | 44       |
|    time_elapsed    | 1093     |
|    total_timesteps | 48216    |
| train/             |          |
|    actor_loss      | 1.72     |
|    critic_loss     | 0.0393   |
|    ent_coef        | 0.02     |
|    learning_rate   | 0.0003   |
|    n_updates       | 47215    |
---------------------------------
---------------------------------
| rollout/           |          |
|    ep_len_mean     | 65.8     |
|    ep_rew_mean     | 2.9      |
| time/              |          |
|    episodes        | 720      |
|    fps             | 44       |
|    time_elapsed    | 1102     |
|    total_timesteps | 48536    |
| train/             |          |
|    actor_loss      | 1.54     |
|    critic_loss     | 0.371    |
|    ent_coef        | 0.02     |
|    learning_rate   | 0.0003   |
|    n_updates       | 47535    |
---------------------------------
---------------------------------
| rollout/           |          |
|    ep_len_mean     | 65.8     |
|    ep_rew_mean     | 2.89     |
| time/              |          |
|    episodes        | 724      |
|    fps             | 43       |
|    time_elapsed    | 1110     |
|    total_timesteps | 48777    |
| train/             |          |
|    actor_loss      | 2.37     |
|    critic_loss     | 0.0387   |
|    ent_coef        | 0.02     |
|    learning_rate   | 0.0003   |
|    n_updates       | 47776    |
---------------------------------
---------------------------------
| rollout/           |          |
|    ep_len_mean     | 66.6     |
|    ep_rew_mean     | 2.68     |
| time/              |          |
|    episodes        | 728      |
|    fps             | 43       |
|    time_elapsed    | 1117     |
|    total_timesteps | 49097    |
| train/             |          |
|    actor_loss      | 1.97     |
|    critic_loss     | 0.506    |
|    ent_coef        | 0.02     |
|    learning_rate   | 0.0003   |
|    n_updates       | 48096    |
---------------------------------
---------------------------------
| rollout/           |          |
|    ep_len_mean     | 66.6     |
|    ep_rew_mean     | 2.68     |
| time/              |          |
|    episodes        | 732      |
|    fps             | 43       |
|    time_elapsed    | 1125     |
|    total_timesteps | 49417    |
| train/             |          |
|    actor_loss      | 1.92     |
|    critic_loss     | 0.031    |
|    ent_coef        | 0.02     |
|    learning_rate   | 0.0003   |
|    n_updates       | 48416    |
---------------------------------
---------------------------------
| rollout/           |          |
|    ep_len_mean     | 68.2     |
|    ep_rew_mean     | 2.25     |
| time/              |          |
|    episodes        | 736      |
|    fps             | 43       |
|    time_elapsed    | 1133     |
|    total_timesteps | 49737    |
| train/             |          |
|    actor_loss      | 2.07     |
|    critic_loss     | 0.025    |
|    ent_coef        | 0.02     |
|    learning_rate   | 0.0003   |
|    n_updates       | 48736    |
---------------------------------
---------------------------------
| rollout/           |          |
|    ep_len_mean     | 68.2     |
|    ep_rew_mean     | 2.26     |
| time/              |          |
|    episodes        | 740      |
|    fps             | 43       |
|    time_elapsed    | 1141     |
|    total_timesteps | 49978    |
| train/             |          |
|    actor_loss      | 2.51     |
|    critic_loss     | 0.439    |
|    ent_coef        | 0.02     |
|    learning_rate   | 0.0003   |
|    n_updates       | 48977    |
---------------------------------
[success-rate] last 50 episodes: 14.0% reached goal
[actions] last 500 steps: linear mean=-0.08 std=0.57 | angular mean=-0.01 std=0.59 | spin-in-place frac=10.0%
---------------------------------
| rollout/           |          |
|    ep_len_mean     | 69.7     |
|    ep_rew_mean     | 1.85     |
| time/              |          |
|    episodes        | 744      |
|    fps             | 43       |
|    time_elapsed    | 1150     |
|    total_timesteps | 50298    |
| train/             |          |
|    actor_loss      | 2.14     |
|    critic_loss     | 0.0331   |
|    ent_coef        | 0.02     |
|    learning_rate   | 0.0003   |
|    n_updates       | 49297    |
---------------------------------
---------------------------------
| rollout/           |          |
|    ep_len_mean     | 69.5     |
|    ep_rew_mean     | 2.05     |
| time/              |          |
|    episodes        | 748      |
|    fps             | 43       |
|    time_elapsed    | 1160     |
|    total_timesteps | 50514    |
| train/             |          |
|    actor_loss      | 2.04     |
|    critic_loss     | 0.345    |
|    ent_coef        | 0.02     |
|    learning_rate   | 0.0003   |
|    n_updates       | 49513    |
---------------------------------
---------------------------------
| rollout/           |          |
|    ep_len_mean     | 70.3     |
|    ep_rew_mean     | 1.84     |
| time/              |          |
|    episodes        | 752      |
|    fps             | 43       |
|    time_elapsed    | 1168     |
|    total_timesteps | 50755    |
| train/             |          |
|    actor_loss      | 2.15     |
|    critic_loss     | 0.149    |
|    ent_coef        | 0.02     |
|    learning_rate   | 0.0003   |
|    n_updates       | 49754    |
---------------------------------
---------------------------------
| rollout/           |          |
|    ep_len_mean     | 70.3     |
|    ep_rew_mean     | 1.83     |
| time/              |          |
|    episodes        | 756      |
|    fps             | 43       |
|    time_elapsed    | 1174     |
|    total_timesteps | 50996    |
| train/             |          |
|    actor_loss      | 2.06     |
|    critic_loss     | 0.242    |
|    ent_coef        | 0.02     |
|    learning_rate   | 0.0003   |
|    n_updates       | 49995    |
---------------------------------
---------------------------------
| rollout/           |          |
|    ep_len_mean     | 71.8     |
|    ep_rew_mean     | 1.41     |
| time/              |          |
|    episodes        | 760      |
|    fps             | 43       |
|    time_elapsed    | 1183     |
|    total_timesteps | 51316    |
| train/             |          |
|    actor_loss      | 2.42     |
|    critic_loss     | 1.47     |
|    ent_coef        | 0.02     |
|    learning_rate   | 0.0003   |
|    n_updates       | 50315    |
---------------------------------
---------------------------------
| rollout/           |          |
|    ep_len_mean     | 71.1     |
|    ep_rew_mean     | 1.63     |
| time/              |          |
|    episodes        | 764      |
|    fps             | 43       |
|    time_elapsed    | 1190     |
|    total_timesteps | 51557    |
| train/             |          |
|    actor_loss      | 2.42     |
|    critic_loss     | 0.0556   |
|    ent_coef        | 0.02     |
|    learning_rate   | 0.0003   |
|    n_updates       | 50556    |
---------------------------------
---------------------------------
| rollout/           |          |
|    ep_len_mean     | 71.1     |
|    ep_rew_mean     | 1.63     |
| time/              |          |
|    episodes        | 768      |
|    fps             | 43       |
|    time_elapsed    | 1201     |
|    total_timesteps | 51877    |
| train/             |          |
|    actor_loss      | 2.57     |
|    critic_loss     | 0.0298   |
|    ent_coef        | 0.02     |
|    learning_rate   | 0.0003   |
|    n_updates       | 50876    |
---------------------------------
[success-rate] last 50 episodes: 14.0% reached goal
[actions] last 500 steps: linear mean=-0.03 std=0.58 | angular mean=+0.16 std=0.58 | spin-in-place frac=11.2%
---------------------------------
| rollout/           |          |
|    ep_len_mean     | 71.1     |
|    ep_rew_mean     | 1.63     |
| time/              |          |
|    episodes        | 772      |
|    fps             | 43       |
|    time_elapsed    | 1208     |
|    total_timesteps | 52197    |
| train/             |          |
|    actor_loss      | 1.99     |
|    critic_loss     | 0.287    |
|    ent_coef        | 0.02     |
|    learning_rate   | 0.0003   |
|    n_updates       | 51196    |
---------------------------------
---------------------------------
| rollout/           |          |
|    ep_len_mean     | 71.1     |
|    ep_rew_mean     | 1.63     |
| time/              |          |
|    episodes        | 776      |
|    fps             | 43       |
|    time_elapsed    | 1216     |
|    total_timesteps | 52517    |
| train/             |          |
|    actor_loss      | 2.31     |
|    critic_loss     | 0.0362   |
|    ent_coef        | 0.02     |
|    learning_rate   | 0.0003   |
|    n_updates       | 51516    |
---------------------------------
---------------------------------
| rollout/           |          |
|    ep_len_mean     | 70.3     |
|    ep_rew_mean     | 1.84     |
| time/              |          |
|    episodes        | 780      |
|    fps             | 43       |
|    time_elapsed    | 1223     |
|    total_timesteps | 52758    |
| train/             |          |
|    actor_loss      | 2.47     |
|    critic_loss     | 0.0275   |
|    ent_coef        | 0.02     |
|    learning_rate   | 0.0003   |
|    n_updates       | 51757    |
---------------------------------
---------------------------------
| rollout/           |          |
|    ep_len_mean     | 68.7     |
|    ep_rew_mean     | 2.25     |
| time/              |          |
|    episodes        | 784      |
|    fps             | 43       |
|    time_elapsed    | 1227     |
|    total_timesteps | 52920    |
| train/             |          |
|    actor_loss      | 2.4      |
|    critic_loss     | 0.0319   |
|    ent_coef        | 0.02     |
|    learning_rate   | 0.0003   |
|    n_updates       | 51919    |
---------------------------------
---------------------------------
| rollout/           |          |
|    ep_len_mean     | 68.7     |
|    ep_rew_mean     | 2.27     |
| time/              |          |
|    episodes        | 788      |
|    fps             | 43       |
|    time_elapsed    | 1233     |
|    total_timesteps | 53240    |
| train/             |          |
|    actor_loss      | 2.68     |
|    critic_loss     | 0.07     |
|    ent_coef        | 0.02     |
|    learning_rate   | 0.0003   |
|    n_updates       | 52239    |
---------------------------------
---------------------------------
| rollout/           |          |
|    ep_len_mean     | 67.9     |
|    ep_rew_mean     | 2.48     |
| time/              |          |
|    episodes        | 792      |
|    fps             | 42       |
|    time_elapsed    | 1243     |
|    total_timesteps | 53402    |
| train/             |          |
|    actor_loss      | 2.42     |
|    critic_loss     | 0.0311   |
|    ent_coef        | 0.02     |
|    learning_rate   | 0.0003   |
|    n_updates       | 52401    |
---------------------------------
---------------------------------
| rollout/           |          |
|    ep_len_mean     | 67.9     |
|    ep_rew_mean     | 2.48     |
| time/              |          |
|    episodes        | 796      |
|    fps             | 42       |
|    time_elapsed    | 1253     |
|    total_timesteps | 53722    |
| train/             |          |
|    actor_loss      | 2.76     |
|    critic_loss     | 0.0382   |
|    ent_coef        | 0.02     |
|    learning_rate   | 0.0003   |
|    n_updates       | 52721    |
---------------------------------
[success-rate] last 50 episodes: 16.0% reached goal
[actions] last 500 steps: linear mean=+0.01 std=0.57 | angular mean=+0.02 std=0.58 | spin-in-place frac=10.6%
---------------------------------
| rollout/           |          |
|    ep_len_mean     | 68.7     |
|    ep_rew_mean     | 2.28     |
| time/              |          |
|    episodes        | 800      |
|    fps             | 42       |
|    time_elapsed    | 1262     |
|    total_timesteps | 54042    |
| train/             |          |
|    actor_loss      | 2.75     |
|    critic_loss     | 0.0945   |
|    ent_coef        | 0.02     |
|    learning_rate   | 0.0003   |
|    n_updates       | 53041    |
---------------------------------
---------------------------------
| rollout/           |          |
|    ep_len_mean     | 69.5     |
|    ep_rew_mean     | 2.07     |
| time/              |          |
|    episodes        | 804      |
|    fps             | 42       |
|    time_elapsed    | 1271     |
|    total_timesteps | 54362    |
| train/             |          |
|    actor_loss      | 2.45     |
|    critic_loss     | 0.676    |
|    ent_coef        | 0.02     |
|    learning_rate   | 0.0003   |
|    n_updates       | 53361    |
---------------------------------
---------------------------------
| rollout/           |          |
|    ep_len_mean     | 68.7     |
|    ep_rew_mean     | 2.28     |
| time/              |          |
|    episodes        | 808      |
|    fps             | 42       |
|    time_elapsed    | 1276     |
|    total_timesteps | 54603    |
| train/             |          |
|    actor_loss      | 2.48     |
|    critic_loss     | 0.792    |
|    ent_coef        | 0.02     |
|    learning_rate   | 0.0003   |
|    n_updates       | 53602    |
---------------------------------
---------------------------------
| rollout/           |          |
|    ep_len_mean     | 68.7     |
|    ep_rew_mean     | 2.28     |
| time/              |          |
|    episodes        | 812      |
|    fps             | 42       |
|    time_elapsed    | 1282     |
|    total_timesteps | 54844    |
| train/             |          |
|    actor_loss      | 2.2      |
|    critic_loss     | 0.184    |
|    ent_coef        | 0.02     |
|    learning_rate   | 0.0003   |
|    n_updates       | 53843    |
---------------------------------
---------------------------------
| rollout/           |          |
|    ep_len_mean     | 69.5     |
|    ep_rew_mean     | 2.08     |
| time/              |          |
|    episodes        | 816      |
|    fps             | 42       |
|    time_elapsed    | 1291     |
|    total_timesteps | 55164    |
| train/             |          |
|    actor_loss      | 2.89     |
|    critic_loss     | 0.0413   |
|    ent_coef        | 0.02     |
|    learning_rate   | 0.0003   |
|    n_updates       | 54163    |
---------------------------------
---------------------------------
| rollout/           |          |
|    ep_len_mean     | 67.9     |
|    ep_rew_mean     | 2.5      |
| time/              |          |
|    episodes        | 820      |
|    fps             | 42       |
|    time_elapsed    | 1300     |
|    total_timesteps | 55326    |
| train/             |          |
|    actor_loss      | 2.5      |
|    critic_loss     | 0.0419   |
|    ent_coef        | 0.02     |
|    learning_rate   | 0.0003   |
|    n_updates       | 54325    |
---------------------------------
---------------------------------
| rollout/           |          |
|    ep_len_mean     | 67.1     |
|    ep_rew_mean     | 2.71     |
| time/              |          |
|    episodes        | 824      |
|    fps             | 42       |
|    time_elapsed    | 1306     |
|    total_timesteps | 55488    |
| train/             |          |
|    actor_loss      | 2.6      |
|    critic_loss     | 0.387    |
|    ent_coef        | 0.02     |
|    learning_rate   | 0.0003   |
|    n_updates       | 54487    |
---------------------------------
---------------------------------
| rollout/           |          |
|    ep_len_mean     | 67.1     |
|    ep_rew_mean     | 2.72     |
| time/              |          |
|    episodes        | 828      |
|    fps             | 42       |
|    time_elapsed    | 1312     |
|    total_timesteps | 55808    |
| train/             |          |
|    actor_loss      | 2.45     |
|    critic_loss     | 0.0319   |
|    ent_coef        | 0.02     |
|    learning_rate   | 0.0003   |
|    n_updates       | 54807    |
---------------------------------
[success-rate] last 50 episodes: 20.0% reached goal
[actions] last 500 steps: linear mean=-0.01 std=0.59 | angular mean=+0.08 std=0.58 | spin-in-place frac=9.4%
---------------------------------
| rollout/           |          |
|    ep_len_mean     | 67.1     |
|    ep_rew_mean     | 2.73     |
| time/              |          |
|    episodes        | 832      |
|    fps             | 42       |
|    time_elapsed    | 1320     |
|    total_timesteps | 56128    |
| train/             |          |
|    actor_loss      | 2.2      |
|    critic_loss     | 0.377    |
|    ent_coef        | 0.02     |
|    learning_rate   | 0.0003   |
|    n_updates       | 55127    |
---------------------------------
---------------------------------
| rollout/           |          |
|    ep_len_mean     | 65.5     |
|    ep_rew_mean     | 3.16     |
| time/              |          |
|    episodes        | 836      |
|    fps             | 42       |
|    time_elapsed    | 1324     |
|    total_timesteps | 56290    |
| train/             |          |
|    actor_loss      | 2.64     |
|    critic_loss     | 0.0413   |
|    ent_coef        | 0.02     |
|    learning_rate   | 0.0003   |
|    n_updates       | 55289    |
---------------------------------
---------------------------------
| rollout/           |          |
|    ep_len_mean     | 66.3     |
|    ep_rew_mean     | 2.94     |
| time/              |          |
|    episodes        | 840      |
|    fps             | 42       |
|    time_elapsed    | 1333     |
|    total_timesteps | 56610    |
| train/             |          |
|    actor_loss      | 2.73     |
|    critic_loss     | 0.168    |
|    ent_coef        | 0.02     |
|    learning_rate   | 0.0003   |
|    n_updates       | 55609    |
---------------------------------
---------------------------------
| rollout/           |          |
|    ep_len_mean     | 66.1     |
|    ep_rew_mean     | 3.14     |
| time/              |          |
|    episodes        | 844      |
|    fps             | 42       |
|    time_elapsed    | 1342     |
|    total_timesteps | 56906    |
| train/             |          |
|    actor_loss      | 3.08     |
|    critic_loss     | 0.0486   |
|    ent_coef        | 0.02     |
|    learning_rate   | 0.0003   |
|    n_updates       | 55905    |
---------------------------------
---------------------------------
| rollout/           |          |
|    ep_len_mean     | 66.3     |
|    ep_rew_mean     | 2.94     |
| time/              |          |
|    episodes        | 848      |
|    fps             | 42       |
|    time_elapsed    | 1350     |
|    total_timesteps | 57147    |
| train/             |          |
|    actor_loss      | 2.97     |
|    critic_loss     | 0.199    |
|    ent_coef        | 0.02     |
|    learning_rate   | 0.0003   |
|    n_updates       | 56146    |
---------------------------------
---------------------------------
| rollout/           |          |
|    ep_len_mean     | 67.1     |
|    ep_rew_mean     | 2.73     |
| time/              |          |
|    episodes        | 852      |
|    fps             | 42       |
|    time_elapsed    | 1357     |
|    total_timesteps | 57467    |
| train/             |          |
|    actor_loss      | 2.65     |
|    critic_loss     | 0.758    |
|    ent_coef        | 0.02     |
|    learning_rate   | 0.0003   |
|    n_updates       | 56466    |
---------------------------------
---------------------------------
| rollout/           |          |
|    ep_len_mean     | 67.1     |
|    ep_rew_mean     | 2.73     |
| time/              |          |
|    episodes        | 856      |
|    fps             | 42       |
|    time_elapsed    | 1365     |
|    total_timesteps | 57708    |
| train/             |          |
|    actor_loss      | 2.62     |
|    critic_loss     | 0.156    |
|    ent_coef        | 0.02     |
|    learning_rate   | 0.0003   |
|    n_updates       | 56707    |
---------------------------------
[success-rate] last 50 episodes: 20.0% reached goal
[actions] last 500 steps: linear mean=-0.08 std=0.59 | angular mean=+0.08 std=0.57 | spin-in-place frac=9.0%
---------------------------------
| rollout/           |          |
|    ep_len_mean     | 67.1     |
|    ep_rew_mean     | 2.72     |
| time/              |          |
|    episodes        | 860      |
|    fps             | 42       |
|    time_elapsed    | 1373     |
|    total_timesteps | 58028    |
| train/             |          |
|    actor_loss      | 2.6      |
|    critic_loss     | 0.181    |
|    ent_coef        | 0.02     |
|    learning_rate   | 0.0003   |
|    n_updates       | 57027    |
---------------------------------
---------------------------------
| rollout/           |          |
|    ep_len_mean     | 67.1     |
|    ep_rew_mean     | 2.72     |
| time/              |          |
|    episodes        | 864      |
|    fps             | 42       |
|    time_elapsed    | 1379     |
|    total_timesteps | 58269    |
| train/             |          |
|    actor_loss      | 2.65     |
|    critic_loss     | 0.0288   |
|    ent_coef        | 0.02     |
|    learning_rate   | 0.0003   |
|    n_updates       | 57268    |
---------------------------------
---------------------------------
| rollout/           |          |
|    ep_len_mean     | 66.3     |
|    ep_rew_mean     | 2.93     |
| time/              |          |
|    episodes        | 868      |
|    fps             | 42       |
|    time_elapsed    | 1388     |
|    total_timesteps | 58510    |
| train/             |          |
|    actor_loss      | 2.91     |
|    critic_loss     | 0.0701   |
|    ent_coef        | 0.02     |
|    learning_rate   | 0.0003   |
|    n_updates       | 57509    |
---------------------------------
---------------------------------
| rollout/           |          |
|    ep_len_mean     | 66.3     |
|    ep_rew_mean     | 2.93     |
| time/              |          |
|    episodes        | 872      |
|    fps             | 42       |
|    time_elapsed    | 1398     |
|    total_timesteps | 58830    |
| train/             |          |
|    actor_loss      | 2.73     |
|    critic_loss     | 0.255    |
|    ent_coef        | 0.02     |
|    learning_rate   | 0.0003   |
|    n_updates       | 57829    |
---------------------------------
---------------------------------
| rollout/           |          |
|    ep_len_mean     | 66.3     |
|    ep_rew_mean     | 2.93     |
| time/              |          |
|    episodes        | 876      |
|    fps             | 42       |
|    time_elapsed    | 1405     |
|    total_timesteps | 59150    |
| train/             |          |
|    actor_loss      | 3.15     |
|    critic_loss     | 0.0406   |
|    ent_coef        | 0.02     |
|    learning_rate   | 0.0003   |
|    n_updates       | 58149    |
---------------------------------
---------------------------------
| rollout/           |          |
|    ep_len_mean     | 67.1     |
|    ep_rew_mean     | 2.72     |
| time/              |          |
|    episodes        | 880      |
|    fps             | 41       |
|    time_elapsed    | 1418     |
|    total_timesteps | 59470    |
| train/             |          |
|    actor_loss      | 3.14     |
|    critic_loss     | 0.16     |
|    ent_coef        | 0.02     |
|    learning_rate   | 0.0003   |
|    n_updates       | 58469    |
---------------------------------
---------------------------------
| rollout/           |          |
|    ep_len_mean     | 67.9     |
|    ep_rew_mean     | 2.51     |
| time/              |          |
|    episodes        | 884      |
|    fps             | 41       |
|    time_elapsed    | 1426     |
|    total_timesteps | 59711    |
| train/             |          |
|    actor_loss      | 3.06     |
|    critic_loss     | 0.0177   |
|    ent_coef        | 0.02     |
|    learning_rate   | 0.0003   |
|    n_updates       | 58710    |
---------------------------------
---------------------------------
| rollout/           |          |
|    ep_len_mean     | 67.1     |
|    ep_rew_mean     | 2.71     |
| time/              |          |
|    episodes        | 888      |
|    fps             | 41       |
|    time_elapsed    | 1434     |
|    total_timesteps | 59952    |
| train/             |          |
|    actor_loss      | 2.81     |
|    critic_loss     | 0.0527   |
|    ent_coef        | 0.02     |
|    learning_rate   | 0.0003   |
|    n_updates       | 58951    |
---------------------------------
[success-rate] last 50 episodes: 14.0% reached goal
[actions] last 500 steps: linear mean=+0.00 std=0.58 | angular mean=+0.09 std=0.58 | spin-in-place frac=10.6%
---------------------------------
| rollout/           |          |
|    ep_len_mean     | 67.9     |
|    ep_rew_mean     | 2.5      |
| time/              |          |
|    episodes        | 892      |
|    fps             | 41       |
|    time_elapsed    | 1444     |
|    total_timesteps | 60193    |
| train/             |          |
|    actor_loss      | 2.7      |
|    critic_loss     | 0.951    |
|    ent_coef        | 0.02     |
|    learning_rate   | 0.0003   |
|    n_updates       | 59192    |
---------------------------------
---------------------------------
| rollout/           |          |
|    ep_len_mean     | 67.9     |
|    ep_rew_mean     | 2.49     |
| time/              |          |
|    episodes        | 896      |
|    fps             | 41       |
|    time_elapsed    | 1457     |
|    total_timesteps | 60513    |
| train/             |          |
|    actor_loss      | 3.05     |
|    critic_loss     | 0.0205   |
|    ent_coef        | 0.02     |
|    learning_rate   | 0.0003   |
|    n_updates       | 59512    |
---------------------------------
---------------------------------
| rollout/           |          |
|    ep_len_mean     | 67.9     |
|    ep_rew_mean     | 2.49     |
| time/              |          |
|    episodes        | 900      |
|    fps             | 41       |
|    time_elapsed    | 1466     |
|    total_timesteps | 60833    |
| train/             |          |
|    actor_loss      | 3.1      |
|    critic_loss     | 0.421    |
|    ent_coef        | 0.02     |
|    learning_rate   | 0.0003   |
|    n_updates       | 59832    |
---------------------------------
---------------------------------
| rollout/           |          |
|    ep_len_mean     | 67.9     |
|    ep_rew_mean     | 2.49     |
| time/              |          |
|    episodes        | 904      |
|    fps             | 41       |
|    time_elapsed    | 1471     |
|    total_timesteps | 61153    |
| train/             |          |
|    actor_loss      | 3.33     |
|    critic_loss     | 0.049    |
|    ent_coef        | 0.02     |
|    learning_rate   | 0.0003   |
|    n_updates       | 60152    |
---------------------------------
---------------------------------
| rollout/           |          |
|    ep_len_mean     | 67.9     |
|    ep_rew_mean     | 2.5      |
| time/              |          |
|    episodes        | 908      |
|    fps             | 41       |
|    time_elapsed    | 1477     |
|    total_timesteps | 61394    |
| train/             |          |
|    actor_loss      | 3.15     |
|    critic_loss     | 0.377    |
|    ent_coef        | 0.02     |
|    learning_rate   | 0.0003   |
|    n_updates       | 60393    |
---------------------------------
---------------------------------
| rollout/           |          |
|    ep_len_mean     | 67.9     |
|    ep_rew_mean     | 2.5      |
| time/              |          |
|    episodes        | 912      |
|    fps             | 41       |
|    time_elapsed    | 1489     |
|    total_timesteps | 61635    |
| train/             |          |
|    actor_loss      | 3.04     |
|    critic_loss     | 0.221    |
|    ent_coef        | 0.02     |
|    learning_rate   | 0.0003   |
|    n_updates       | 60634    |
---------------------------------
---------------------------------
| rollout/           |          |
|    ep_len_mean     | 66.9     |
|    ep_rew_mean     | 2.91     |
| time/              |          |
|    episodes        | 916      |
|    fps             | 41       |
|    time_elapsed    | 1495     |
|    total_timesteps | 61852    |
| train/             |          |
|    actor_loss      | 3.1      |
|    critic_loss     | 0.324    |
|    ent_coef        | 0.02     |
|    learning_rate   | 0.0003   |
|    n_updates       | 60851    |
---------------------------------
[success-rate] last 50 episodes: 14.0% reached goal
[actions] last 500 steps: linear mean=+0.00 std=0.56 | angular mean=+0.03 std=0.58 | spin-in-place frac=11.0%
---------------------------------
| rollout/           |          |
|    ep_len_mean     | 68.5     |
|    ep_rew_mean     | 2.5      |
| time/              |          |
|    episodes        | 920      |
|    fps             | 41       |
|    time_elapsed    | 1506     |
|    total_timesteps | 62172    |
| train/             |          |
|    actor_loss      | 2.99     |
|    critic_loss     | 0.158    |
|    ent_coef        | 0.02     |
|    learning_rate   | 0.0003   |
|    n_updates       | 61171    |
---------------------------------
---------------------------------
| rollout/           |          |
|    ep_len_mean     | 69.2     |
|    ep_rew_mean     | 2.29     |
| time/              |          |
|    episodes        | 924      |
|    fps             | 41       |
|    time_elapsed    | 1514     |
|    total_timesteps | 62413    |
| train/             |          |
|    actor_loss      | 3.22     |
|    critic_loss     | 0.108    |
|    ent_coef        | 0.02     |
|    learning_rate   | 0.0003   |
|    n_updates       | 61412    |
---------------------------------
---------------------------------
| rollout/           |          |
|    ep_len_mean     | 69.2     |
|    ep_rew_mean     | 2.28     |
| time/              |          |
|    episodes        | 928      |
|    fps             | 41       |
|    time_elapsed    | 1521     |
|    total_timesteps | 62733    |
| train/             |          |
|    actor_loss      | 2.4      |
|    critic_loss     | 0.369    |
|    ent_coef        | 0.02     |
|    learning_rate   | 0.0003   |
|    n_updates       | 61732    |
---------------------------------
---------------------------------
| rollout/           |          |
|    ep_len_mean     | 68.5     |
|    ep_rew_mean     | 2.48     |
| time/              |          |
|    episodes        | 932      |
|    fps             | 41       |
|    time_elapsed    | 1526     |
|    total_timesteps | 62974    |
| train/             |          |
|    actor_loss      | 2.99     |
|    critic_loss     | 0.225    |
|    ent_coef        | 0.02     |
|    learning_rate   | 0.0003   |
|    n_updates       | 61973    |
---------------------------------
---------------------------------
| rollout/           |          |
|    ep_len_mean     | 70       |
|    ep_rew_mean     | 2.07     |
| time/              |          |
|    episodes        | 936      |
|    fps             | 41       |
|    time_elapsed    | 1538     |
|    total_timesteps | 63294    |
| train/             |          |
|    actor_loss      | 2.93     |
|    critic_loss     | 0.392    |
|    ent_coef        | 0.02     |
|    learning_rate   | 0.0003   |
|    n_updates       | 62293    |
---------------------------------
---------------------------------
| rollout/           |          |
|    ep_len_mean     | 68.5     |
|    ep_rew_mean     | 2.49     |
| time/              |          |
|    episodes        | 940      |
|    fps             | 41       |
|    time_elapsed    | 1544     |
|    total_timesteps | 63456    |
| train/             |          |
|    actor_loss      | 3.3      |
|    critic_loss     | 0.0276   |
|    ent_coef        | 0.02     |
|    learning_rate   | 0.0003   |
|    n_updates       | 62455    |
---------------------------------
---------------------------------
| rollout/           |          |
|    ep_len_mean     | 67.1     |
|    ep_rew_mean     | 2.7      |
| time/              |          |
|    episodes        | 944      |
|    fps             | 41       |
|    time_elapsed    | 1550     |
|    total_timesteps | 63618    |
| train/             |          |
|    actor_loss      | 3.09     |
|    critic_loss     | 0.0464   |
|    ent_coef        | 0.02     |
|    learning_rate   | 0.0003   |
|    n_updates       | 62617    |
---------------------------------
---------------------------------
| rollout/           |          |
|    ep_len_mean     | 67.9     |
|    ep_rew_mean     | 2.48     |
| time/              |          |
|    episodes        | 948      |
|    fps             | 41       |
|    time_elapsed    | 1557     |
|    total_timesteps | 63938    |
| train/             |          |
|    actor_loss      | 2.76     |
|    critic_loss     | 0.39     |
|    ent_coef        | 0.02     |
|    learning_rate   | 0.0003   |
|    n_updates       | 62937    |
---------------------------------
[success-rate] last 50 episodes: 20.0% reached goal
[actions] last 500 steps: linear mean=-0.02 std=0.57 | angular mean=+0.08 std=0.59 | spin-in-place frac=14.4%
---------------------------------
| rollout/           |          |
|    ep_len_mean     | 67.9     |
|    ep_rew_mean     | 2.48     |
| time/              |          |
|    episodes        | 952      |
|    fps             | 41       |
|    time_elapsed    | 1566     |
|    total_timesteps | 64258    |
| train/             |          |
|    actor_loss      | 3.03     |
|    critic_loss     | 0.157    |
|    ent_coef        | 0.02     |
|    learning_rate   | 0.0003   |
|    n_updates       | 63257    |
---------------------------------
---------------------------------
| rollout/           |          |
|    ep_len_mean     | 67.9     |
|    ep_rew_mean     | 2.49     |
| time/              |          |
|    episodes        | 956      |
|    fps             | 40       |
|    time_elapsed    | 1576     |
|    total_timesteps | 64499    |
| train/             |          |
|    actor_loss      | 3.07     |
|    critic_loss     | 0.026    |
|    ent_coef        | 0.02     |
|    learning_rate   | 0.0003   |
|    n_updates       | 63498    |
---------------------------------
---------------------------------
| rollout/           |          |
|    ep_len_mean     | 67.1     |
|    ep_rew_mean     | 2.7      |
| time/              |          |
|    episodes        | 960      |
|    fps             | 40       |
|    time_elapsed    | 1584     |
|    total_timesteps | 64740    |
| train/             |          |
|    actor_loss      | 2.68     |
|    critic_loss     | 1.03     |
|    ent_coef        | 0.02     |
|    learning_rate   | 0.0003   |
|    n_updates       | 63739    |
---------------------------------
---------------------------------
| rollout/           |          |
|    ep_len_mean     | 67.9     |
|    ep_rew_mean     | 2.5      |
| time/              |          |
|    episodes        | 964      |
|    fps             | 40       |
|    time_elapsed    | 1593     |
|    total_timesteps | 65060    |
| train/             |          |
|    actor_loss      | 2.95     |
|    critic_loss     | 0.0269   |
|    ent_coef        | 0.02     |
|    learning_rate   | 0.0003   |
|    n_updates       | 64059    |
---------------------------------
---------------------------------
| rollout/           |          |
|    ep_len_mean     | 68.7     |
|    ep_rew_mean     | 2.28     |
| time/              |          |
|    episodes        | 968      |
|    fps             | 40       |
|    time_elapsed    | 1599     |
|    total_timesteps | 65380    |
| train/             |          |
|    actor_loss      | 2.99     |
|    critic_loss     | 0.158    |
|    ent_coef        | 0.02     |
|    learning_rate   | 0.0003   |
|    n_updates       | 64379    |
---------------------------------
---------------------------------
| rollout/           |          |
|    ep_len_mean     | 67.9     |
|    ep_rew_mean     | 2.5      |
| time/              |          |
|    episodes        | 972      |
|    fps             | 40       |
|    time_elapsed    | 1607     |
|    total_timesteps | 65621    |
| train/             |          |
|    actor_loss      | 2.94     |
|    critic_loss     | 0.0545   |
|    ent_coef        | 0.02     |
|    learning_rate   | 0.0003   |
|    n_updates       | 64620    |
---------------------------------
---------------------------------
| rollout/           |          |
|    ep_len_mean     | 67.1     |
|    ep_rew_mean     | 2.7      |
| time/              |          |
|    episodes        | 976      |
|    fps             | 40       |
|    time_elapsed    | 1617     |
|    total_timesteps | 65862    |
| train/             |          |
|    actor_loss      | 3.49     |
|    critic_loss     | 0.148    |
|    ent_coef        | 0.02     |
|    learning_rate   | 0.0003   |
|    n_updates       | 64861    |
---------------------------------
[success-rate] last 50 episodes: 20.0% reached goal
[actions] last 500 steps: linear mean=-0.02 std=0.59 | angular mean=-0.02 std=0.58 | spin-in-place frac=10.2%
---------------------------------
| rollout/           |          |
|    ep_len_mean     | 66.8     |
|    ep_rew_mean     | 2.92     |
| time/              |          |
|    episodes        | 980      |
|    fps             | 40       |
|    time_elapsed    | 1624     |
|    total_timesteps | 66154    |
| train/             |          |
|    actor_loss      | 3.43     |
|    critic_loss     | 0.0422   |
|    ent_coef        | 0.02     |
|    learning_rate   | 0.0003   |
|    n_updates       | 65153    |
---------------------------------
---------------------------------
| rollout/           |          |
|    ep_len_mean     | 66.8     |
|    ep_rew_mean     | 2.92     |
| time/              |          |
|    episodes        | 984      |
|    fps             | 40       |
|    time_elapsed    | 1634     |
|    total_timesteps | 66395    |
| train/             |          |
|    actor_loss      | 3.17     |
|    critic_loss     | 0.203    |
|    ent_coef        | 0.02     |
|    learning_rate   | 0.0003   |
|    n_updates       | 65394    |
---------------------------------
---------------------------------
| rollout/           |          |
|    ep_len_mean     | 67.6     |
|    ep_rew_mean     | 2.71     |
| time/              |          |
|    episodes        | 988      |
|    fps             | 40       |
|    time_elapsed    | 1644     |
|    total_timesteps | 66715    |
| train/             |          |
|    actor_loss      | 3.3      |
|    critic_loss     | 0.0319   |
|    ent_coef        | 0.02     |
|    learning_rate   | 0.0003   |
|    n_updates       | 65714    |
---------------------------------
---------------------------------
| rollout/           |          |
|    ep_len_mean     | 67.6     |
|    ep_rew_mean     | 2.71     |
| time/              |          |
|    episodes        | 992      |
|    fps             | 40       |
|    time_elapsed    | 1656     |
|    total_timesteps | 66956    |
| train/             |          |
|    actor_loss      | 3.3      |
|    critic_loss     | 0.0417   |
|    ent_coef        | 0.02     |
|    learning_rate   | 0.0003   |
|    n_updates       | 65955    |
---------------------------------
---------------------------------
| rollout/           |          |
|    ep_len_mean     | 67.6     |
|    ep_rew_mean     | 2.72     |
| time/              |          |
|    episodes        | 996      |
|    fps             | 40       |
|    time_elapsed    | 1663     |
|    total_timesteps | 67276    |
| train/             |          |
|    actor_loss      | 3.25     |
|    critic_loss     | 0.0402   |
|    ent_coef        | 0.02     |
|    learning_rate   | 0.0003   |
|    n_updates       | 66275    |
---------------------------------
---------------------------------
| rollout/           |          |
|    ep_len_mean     | 66.8     |
|    ep_rew_mean     | 2.92     |
| time/              |          |
|    episodes        | 1000     |
|    fps             | 40       |
|    time_elapsed    | 1667     |
|    total_timesteps | 67517    |
| train/             |          |
|    actor_loss      | 3.16     |
|    critic_loss     | 0.0653   |
|    ent_coef        | 0.02     |
|    learning_rate   | 0.0003   |
|    n_updates       | 66516    |
---------------------------------
---------------------------------
| rollout/           |          |
|    ep_len_mean     | 66       |
|    ep_rew_mean     | 3.13     |
| time/              |          |
|    episodes        | 1004     |
|    fps             | 40       |
|    time_elapsed    | 1675     |
|    total_timesteps | 67758    |
| train/             |          |
|    actor_loss      | 3.27     |
|    critic_loss     | 0.0264   |
|    ent_coef        | 0.02     |
|    learning_rate   | 0.0003   |
|    n_updates       | 66757    |
---------------------------------
[success-rate] last 50 episodes: 14.0% reached goal
[actions] last 500 steps: linear mean=-0.02 std=0.57 | angular mean=+0.05 std=0.57 | spin-in-place frac=11.0%
---------------------------------
| rollout/           |          |
|    ep_len_mean     | 66.8     |
|    ep_rew_mean     | 2.92     |
| time/              |          |
|    episodes        | 1008     |
|    fps             | 40       |
|    time_elapsed    | 1681     |
|    total_timesteps | 68078    |
| train/             |          |
|    actor_loss      | 3.38     |
|    critic_loss     | 0.146    |
|    ent_coef        | 0.02     |
|    learning_rate   | 0.0003   |
|    n_updates       | 67077    |
---------------------------------
---------------------------------
| rollout/           |          |
|    ep_len_mean     | 67.6     |
|    ep_rew_mean     | 2.7      |
| time/              |          |
|    episodes        | 1012     |
|    fps             | 40       |
|    time_elapsed    | 1688     |
|    total_timesteps | 68398    |
| train/             |          |
|    actor_loss      | 3.29     |
|    critic_loss     | 0.277    |
|    ent_coef        | 0.02     |
|    learning_rate   | 0.0003   |
|    n_updates       | 67397    |
---------------------------------
---------------------------------
| rollout/           |          |
|    ep_len_mean     | 68.4     |
|    ep_rew_mean     | 2.5      |
| time/              |          |
|    episodes        | 1016     |
|    fps             | 40       |
|    time_elapsed    | 1694     |
|    total_timesteps | 68688    |
| train/             |          |
|    actor_loss      | 3.35     |
|    critic_loss     | 0.0585   |
|    ent_coef        | 0.02     |
|    learning_rate   | 0.0003   |
|    n_updates       | 67687    |
---------------------------------
---------------------------------
| rollout/           |          |
|    ep_len_mean     | 68.4     |
|    ep_rew_mean     | 2.5      |
| time/              |          |
|    episodes        | 1020     |
|    fps             | 40       |
|    time_elapsed    | 1701     |
|    total_timesteps | 69008    |
| train/             |          |
|    actor_loss      | 3.01     |
|    critic_loss     | 0.361    |
|    ent_coef        | 0.02     |
|    learning_rate   | 0.0003   |
|    n_updates       | 68007    |
---------------------------------
---------------------------------
| rollout/           |          |
|    ep_len_mean     | 69.2     |
|    ep_rew_mean     | 2.29     |
| time/              |          |
|    episodes        | 1024     |
|    fps             | 40       |
|    time_elapsed    | 1710     |
|    total_timesteps | 69328    |
| train/             |          |
|    actor_loss      | 3.03     |
|    critic_loss     | 0.682    |
|    ent_coef        | 0.02     |
|    learning_rate   | 0.0003   |
|    n_updates       | 68327    |
---------------------------------
---------------------------------
| rollout/           |          |
|    ep_len_mean     | 69.2     |
|    ep_rew_mean     | 2.29     |
| time/              |          |
|    episodes        | 1028     |
|    fps             | 40       |
|    time_elapsed    | 1717     |
|    total_timesteps | 69648    |
| train/             |          |
|    actor_loss      | 3.07     |
|    critic_loss     | 0.162    |
|    ent_coef        | 0.02     |
|    learning_rate   | 0.0003   |
|    n_updates       | 68647    |
---------------------------------
---------------------------------
| rollout/           |          |
|    ep_len_mean     | 69.9     |
|    ep_rew_mean     | 2.09     |
| time/              |          |
|    episodes        | 1032     |
|    fps             | 40       |
|    time_elapsed    | 1725     |
|    total_timesteps | 69968    |
| train/             |          |
|    actor_loss      | 3.27     |
|    critic_loss     | 0.0189   |
|    ent_coef        | 0.02     |
|    learning_rate   | 0.0003   |
|    n_updates       | 68967    |
---------------------------------
[success-rate] last 50 episodes: 8.0% reached goal
[actions] last 500 steps: linear mean=-0.07 std=0.58 | angular mean=-0.05 std=0.58 | spin-in-place frac=10.0%
---------------------------------
| rollout/           |          |
|    ep_len_mean     | 69.9     |
|    ep_rew_mean     | 2.09     |
| time/              |          |
|    episodes        | 1036     |
|    fps             | 40       |
|    time_elapsed    | 1737     |
|    total_timesteps | 70288    |
| train/             |          |
|    actor_loss      | 2.74     |
|    critic_loss     | 0.081    |
|    ent_coef        | 0.02     |
|    learning_rate   | 0.0003   |
|    n_updates       | 69287    |
---------------------------------
---------------------------------
| rollout/           |          |
|    ep_len_mean     | 70.7     |
|    ep_rew_mean     | 1.88     |
| time/              |          |
|    episodes        | 1040     |
|    fps             | 40       |
|    time_elapsed    | 1744     |
|    total_timesteps | 70529    |
| train/             |          |
|    actor_loss      | 3.6      |
|    critic_loss     | 0.0318   |
|    ent_coef        | 0.02     |
|    learning_rate   | 0.0003   |
|    n_updates       | 69528    |
---------------------------------
---------------------------------
| rollout/           |          |
|    ep_len_mean     | 71.5     |
|    ep_rew_mean     | 1.67     |
| time/              |          |
|    episodes        | 1044     |
|    fps             | 40       |
|    time_elapsed    | 1755     |
|    total_timesteps | 70770    |
| train/             |          |
|    actor_loss      | 3.55     |
|    critic_loss     | 0.145    |
|    ent_coef        | 0.02     |
|    learning_rate   | 0.0003   |
|    n_updates       | 69769    |
---------------------------------
---------------------------------
| rollout/           |          |
|    ep_len_mean     | 71.5     |
|    ep_rew_mean     | 1.68     |
| time/              |          |
|    episodes        | 1048     |
|    fps             | 40       |
|    time_elapsed    | 1762     |
|    total_timesteps | 71090    |
| train/             |          |
|    actor_loss      | 3.93     |
|    critic_loss     | 0.0298   |
|    ent_coef        | 0.02     |
|    learning_rate   | 0.0003   |
|    n_updates       | 70089    |
---------------------------------
---------------------------------
| rollout/           |          |
|    ep_len_mean     | 71.5     |
|    ep_rew_mean     | 1.68     |
| time/              |          |
|    episodes        | 1052     |
|    fps             | 40       |
|    time_elapsed    | 1772     |
|    total_timesteps | 71410    |
| train/             |          |
|    actor_loss      | 3.21     |
|    critic_loss     | 0.0809   |
|    ent_coef        | 0.02     |
|    learning_rate   | 0.0003   |
|    n_updates       | 70409    |
---------------------------------
---------------------------------
| rollout/           |          |
|    ep_len_mean     | 71.5     |
|    ep_rew_mean     | 1.69     |
| time/              |          |
|    episodes        | 1056     |
|    fps             | 40       |
|    time_elapsed    | 1785     |
|    total_timesteps | 71651    |
| train/             |          |
|    actor_loss      | 3.86     |
|    critic_loss     | 0.0838   |
|    ent_coef        | 0.02     |
|    learning_rate   | 0.0003   |
|    n_updates       | 70650    |
---------------------------------
---------------------------------
| rollout/           |          |
|    ep_len_mean     | 71.5     |
|    ep_rew_mean     | 1.69     |
| time/              |          |
|    episodes        | 1060     |
|    fps             | 40       |
|    time_elapsed    | 1795     |
|    total_timesteps | 71892    |
| train/             |          |
|    actor_loss      | 3.59     |
|    critic_loss     | 0.0835   |
|    ent_coef        | 0.02     |
|    learning_rate   | 0.0003   |
|    n_updates       | 70891    |
---------------------------------
[success-rate] last 50 episodes: 12.0% reached goal
[actions] last 500 steps: linear mean=-0.13 std=0.56 | angular mean=-0.01 std=0.60 | spin-in-place frac=10.6%
---------------------------------
| rollout/           |          |
|    ep_len_mean     | 70.7     |
|    ep_rew_mean     | 1.9      |
| time/              |          |
|    episodes        | 1064     |
|    fps             | 39       |
|    time_elapsed    | 1803     |
|    total_timesteps | 72133    |
| train/             |          |
|    actor_loss      | 3.23     |
|    critic_loss     | 0.0349   |
|    ent_coef        | 0.02     |
|    learning_rate   | 0.0003   |
|    n_updates       | 71132    |
---------------------------------
---------------------------------
| rollout/           |          |
|    ep_len_mean     | 69.2     |
|    ep_rew_mean     | 2.32     |
| time/              |          |
|    episodes        | 1068     |
|    fps             | 39       |
|    time_elapsed    | 1811     |
|    total_timesteps | 72295    |
| train/             |          |
|    actor_loss      | 3.27     |
|    critic_loss     | 0.0574   |
|    ent_coef        | 0.02     |
|    learning_rate   | 0.0003   |
|    n_updates       | 71294    |
---------------------------------
---------------------------------
| rollout/           |          |
|    ep_len_mean     | 69.9     |
|    ep_rew_mean     | 2.11     |
| time/              |          |
|    episodes        | 1072     |
|    fps             | 39       |
|    time_elapsed    | 1820     |
|    total_timesteps | 72615    |
| train/             |          |
|    actor_loss      | 3.51     |
|    critic_loss     | 0.0216   |
|    ent_coef        | 0.02     |
|    learning_rate   | 0.0003   |
|    n_updates       | 71614    |
---------------------------------
---------------------------------
| rollout/           |          |
|    ep_len_mean     | 69.9     |
|    ep_rew_mean     | 2.12     |
| time/              |          |
|    episodes        | 1076     |
|    fps             | 39       |
|    time_elapsed    | 1829     |
|    total_timesteps | 72856    |
| train/             |          |
|    actor_loss      | 3.53     |
|    critic_loss     | 0.107    |
|    ent_coef        | 0.02     |
|    learning_rate   | 0.0003   |
|    n_updates       | 71855    |
---------------------------------
---------------------------------
| rollout/           |          |
|    ep_len_mean     | 69.4     |
|    ep_rew_mean     | 2.11     |
| time/              |          |
|    episodes        | 1080     |
|    fps             | 39       |
|    time_elapsed    | 1836     |
|    total_timesteps | 73097    |
| train/             |          |
|    actor_loss      | 3.78     |
|    critic_loss     | 0.038    |
|    ent_coef        | 0.02     |
|    learning_rate   | 0.0003   |
|    n_updates       | 72096    |
---------------------------------
---------------------------------
| rollout/           |          |
|    ep_len_mean     | 70.2     |
|    ep_rew_mean     | 1.91     |
| time/              |          |
|    episodes        | 1084     |
|    fps             | 39       |
|    time_elapsed    | 1846     |
|    total_timesteps | 73417    |
| train/             |          |
|    actor_loss      | 3.7      |
|    critic_loss     | 0.0261   |
|    ent_coef        | 0.02     |
|    learning_rate   | 0.0003   |
|    n_updates       | 72416    |
---------------------------------
---------------------------------
| rollout/           |          |
|    ep_len_mean     | 69.4     |
|    ep_rew_mean     | 2.11     |
| time/              |          |
|    episodes        | 1088     |
|    fps             | 39       |
|    time_elapsed    | 1851     |
|    total_timesteps | 73658    |
| train/             |          |
|    actor_loss      | 3.27     |
|    critic_loss     | 0.735    |
|    ent_coef        | 0.02     |
|    learning_rate   | 0.0003   |
|    n_updates       | 72657    |
---------------------------------
---------------------------------
| rollout/           |          |
|    ep_len_mean     | 70.2     |
|    ep_rew_mean     | 1.91     |
| time/              |          |
|    episodes        | 1092     |
|    fps             | 39       |
|    time_elapsed    | 1860     |
|    total_timesteps | 73978    |
| train/             |          |
|    actor_loss      | 3.52     |
|    critic_loss     | 0.0282   |
|    ent_coef        | 0.02     |
|    learning_rate   | 0.0003   |
|    n_updates       | 72977    |
---------------------------------
[success-rate] last 50 episodes: 18.0% reached goal
[actions] last 500 steps: linear mean=-0.02 std=0.58 | angular mean=-0.01 std=0.61 | spin-in-place frac=10.0%
---------------------------------
| rollout/           |          |
|    ep_len_mean     | 69.4     |
|    ep_rew_mean     | 2.11     |
| time/              |          |
|    episodes        | 1096     |
|    fps             | 39       |
|    time_elapsed    | 1866     |
|    total_timesteps | 74219    |
| train/             |          |
|    actor_loss      | 3.16     |
|    critic_loss     | 0.177    |
|    ent_coef        | 0.02     |
|    learning_rate   | 0.0003   |
|    n_updates       | 73218    |
---------------------------------
---------------------------------
| rollout/           |          |
|    ep_len_mean     | 70.2     |
|    ep_rew_mean     | 1.9      |
| time/              |          |
|    episodes        | 1100     |
|    fps             | 39       |
|    time_elapsed    | 1873     |
|    total_timesteps | 74539    |
| train/             |          |
|    actor_loss      | 3.35     |
|    critic_loss     | 0.135    |
|    ent_coef        | 0.02     |
|    learning_rate   | 0.0003   |
|    n_updates       | 73538    |
---------------------------------
---------------------------------
| rollout/           |          |
|    ep_len_mean     | 71       |
|    ep_rew_mean     | 1.69     |
| time/              |          |
|    episodes        | 1104     |
|    fps             | 39       |
|    time_elapsed    | 1880     |
|    total_timesteps | 74859    |
| train/             |          |
|    actor_loss      | 3.4      |
|    critic_loss     | 0.15     |
|    ent_coef        | 0.02     |
|    learning_rate   | 0.0003   |
|    n_updates       | 73858    |
---------------------------------
---------------------------------
| rollout/           |          |
|    ep_len_mean     | 69.4     |
|    ep_rew_mean     | 2.11     |
| time/              |          |
|    episodes        | 1108     |
|    fps             | 39       |
|    time_elapsed    | 1887     |
|    total_timesteps | 75021    |
| train/             |          |
|    actor_loss      | 3.54     |
|    critic_loss     | 0.0546   |
|    ent_coef        | 0.02     |
|    learning_rate   | 0.0003   |
|    n_updates       | 74020    |
---------------------------------
---------------------------------
| rollout/           |          |
|    ep_len_mean     | 68.6     |
|    ep_rew_mean     | 2.32     |
| time/              |          |
|    episodes        | 1112     |
|    fps             | 39       |
|    time_elapsed    | 1896     |
|    total_timesteps | 75262    |
| train/             |          |
|    actor_loss      | 3.15     |
|    critic_loss     | 0.248    |
|    ent_coef        | 0.02     |
|    learning_rate   | 0.0003   |
|    n_updates       | 74261    |
---------------------------------
---------------------------------
| rollout/           |          |
|    ep_len_mean     | 68.9     |
|    ep_rew_mean     | 2.12     |
| time/              |          |
|    episodes        | 1116     |
|    fps             | 39       |
|    time_elapsed    | 1906     |
|    total_timesteps | 75582    |
| train/             |          |
|    actor_loss      | 3.88     |
|    critic_loss     | 0.0225   |
|    ent_coef        | 0.02     |
|    learning_rate   | 0.0003   |
|    n_updates       | 74581    |
---------------------------------
---------------------------------
| rollout/           |          |
|    ep_len_mean     | 67.4     |
|    ep_rew_mean     | 2.54     |
| time/              |          |
|    episodes        | 1120     |
|    fps             | 39       |
|    time_elapsed    | 1914     |
|    total_timesteps | 75744    |
| train/             |          |
|    actor_loss      | 3.94     |
|    critic_loss     | 0.0741   |
|    ent_coef        | 0.02     |
|    learning_rate   | 0.0003   |
|    n_updates       | 74743    |
---------------------------------
---------------------------------
| rollout/           |          |
|    ep_len_mean     | 66.6     |
|    ep_rew_mean     | 2.75     |
| time/              |          |
|    episodes        | 1124     |
|    fps             | 39       |
|    time_elapsed    | 1924     |
|    total_timesteps | 75985    |
| train/             |          |
|    actor_loss      | 3.84     |
|    critic_loss     | 0.0294   |
|    ent_coef        | 0.02     |
|    learning_rate   | 0.0003   |
|    n_updates       | 74984    |
---------------------------------
[success-rate] last 50 episodes: 18.0% reached goal
[actions] last 500 steps: linear mean=-0.01 std=0.58 | angular mean=+0.08 std=0.59 | spin-in-place frac=9.8%
---------------------------------
| rollout/           |          |
|    ep_len_mean     | 66.6     |
|    ep_rew_mean     | 2.74     |
| time/              |          |
|    episodes        | 1128     |
|    fps             | 39       |
|    time_elapsed    | 1933     |
|    total_timesteps | 76305    |
| train/             |          |
|    actor_loss      | 3.69     |
|    critic_loss     | 0.201    |
|    ent_coef        | 0.02     |
|    learning_rate   | 0.0003   |
|    n_updates       | 75304    |
---------------------------------
---------------------------------
| rollout/           |          |
|    ep_len_mean     | 65.8     |
|    ep_rew_mean     | 2.95     |
| time/              |          |
|    episodes        | 1132     |
|    fps             | 39       |
|    time_elapsed    | 1941     |
|    total_timesteps | 76546    |
| train/             |          |
|    actor_loss      | 3.39     |
|    critic_loss     | 0.133    |
|    ent_coef        | 0.02     |
|    learning_rate   | 0.0003   |
|    n_updates       | 75545    |
---------------------------------
---------------------------------
| rollout/           |          |
|    ep_len_mean     | 65       |
|    ep_rew_mean     | 3.15     |
| time/              |          |
|    episodes        | 1136     |
|    fps             | 39       |
|    time_elapsed    | 1948     |
|    total_timesteps | 76787    |
| train/             |          |
|    actor_loss      | 3.6      |
|    critic_loss     | 0.0303   |
|    ent_coef        | 0.02     |
|    learning_rate   | 0.0003   |
|    n_updates       | 75786    |
---------------------------------
---------------------------------
| rollout/           |          |
|    ep_len_mean     | 65       |
|    ep_rew_mean     | 3.14     |
| time/              |          |
|    episodes        | 1140     |
|    fps             | 39       |
|    time_elapsed    | 1958     |
|    total_timesteps | 77028    |
| train/             |          |
|    actor_loss      | 3.77     |
|    critic_loss     | 0.0808   |
|    ent_coef        | 0.02     |
|    learning_rate   | 0.0003   |
|    n_updates       | 76027    |
---------------------------------
---------------------------------
| rollout/           |          |
|    ep_len_mean     | 64       |
|    ep_rew_mean     | 3.56     |
| time/              |          |
|    episodes        | 1144     |
|    fps             | 39       |
|    time_elapsed    | 1968     |
|    total_timesteps | 77172    |
| train/             |          |
|    actor_loss      | 3.38     |
|    critic_loss     | 0.124    |
|    ent_coef        | 0.02     |
|    learning_rate   | 0.0003   |
|    n_updates       | 76171    |
---------------------------------
---------------------------------
| rollout/           |          |
|    ep_len_mean     | 62.4     |
|    ep_rew_mean     | 3.97     |
| time/              |          |
|    episodes        | 1148     |
|    fps             | 39       |
|    time_elapsed    | 1976     |
|    total_timesteps | 77334    |
| train/             |          |
|    actor_loss      | 3.66     |
|    critic_loss     | 0.153    |
|    ent_coef        | 0.02     |
|    learning_rate   | 0.0003   |
|    n_updates       | 76333    |
---------------------------------
---------------------------------
| rollout/           |          |
|    ep_len_mean     | 61.6     |
|    ep_rew_mean     | 4.18     |
| time/              |          |
|    episodes        | 1152     |
|    fps             | 39       |
|    time_elapsed    | 1982     |
|    total_timesteps | 77575    |
| train/             |          |
|    actor_loss      | 3.21     |
|    critic_loss     | 0.0699   |
|    ent_coef        | 0.02     |
|    learning_rate   | 0.0003   |
|    n_updates       | 76574    |
---------------------------------
---------------------------------
| rollout/           |          |
|    ep_len_mean     | 62.4     |
|    ep_rew_mean     | 3.96     |
| time/              |          |
|    episodes        | 1156     |
|    fps             | 39       |
|    time_elapsed    | 1993     |
|    total_timesteps | 77895    |
| train/             |          |
|    actor_loss      | 3.61     |
|    critic_loss     | 0.403    |
|    ent_coef        | 0.02     |
|    learning_rate   | 0.0003   |
|    n_updates       | 76894    |
---------------------------------
[success-rate] last 50 episodes: 30.0% reached goal
[actions] last 500 steps: linear mean=-0.01 std=0.60 | angular mean=+0.10 std=0.59 | spin-in-place frac=8.6%
---------------------------------
| rollout/           |          |
|    ep_len_mean     | 61.5     |
|    ep_rew_mean     | 4.37     |
| time/              |          |
|    episodes        | 1160     |
|    fps             | 39       |
|    time_elapsed    | 2000     |
|    total_timesteps | 78040    |
| train/             |          |
|    actor_loss      | 3.67     |
|    critic_loss     | 0.168    |
|    ent_coef        | 0.02     |
|    learning_rate   | 0.0003   |
|    n_updates       | 77039    |
---------------------------------
---------------------------------
| rollout/           |          |
|    ep_len_mean     | 62.3     |
|    ep_rew_mean     | 4.17     |
| time/              |          |
|    episodes        | 1164     |
|    fps             | 38       |
|    time_elapsed    | 2013     |
|    total_timesteps | 78360    |
| train/             |          |
|    actor_loss      | 3.78     |
|    critic_loss     | 0.446    |
|    ent_coef        | 0.02     |
|    learning_rate   | 0.0003   |
|    n_updates       | 77359    |
---------------------------------
---------------------------------
| rollout/           |          |
|    ep_len_mean     | 63.1     |
|    ep_rew_mean     | 3.95     |
| time/              |          |
|    episodes        | 1168     |
|    fps             | 38       |
|    time_elapsed    | 2019     |
|    total_timesteps | 78601    |
| train/             |          |
|    actor_loss      | 4.19     |
|    critic_loss     | 0.131    |
|    ent_coef        | 0.02     |
|    learning_rate   | 0.0003   |
|    n_updates       | 77600    |
---------------------------------
---------------------------------
| rollout/           |          |
|    ep_len_mean     | 62.3     |
|    ep_rew_mean     | 4.16     |
| time/              |          |
|    episodes        | 1172     |
|    fps             | 38       |
|    time_elapsed    | 2025     |
|    total_timesteps | 78842    |
| train/             |          |
|    actor_loss      | 4.19     |
|    critic_loss     | 0.0476   |
|    ent_coef        | 0.02     |
|    learning_rate   | 0.0003   |
|    n_updates       | 77841    |
---------------------------------
---------------------------------
| rollout/           |          |
|    ep_len_mean     | 63.1     |
|    ep_rew_mean     | 3.95     |
| time/              |          |
|    episodes        | 1176     |
|    fps             | 38       |
|    time_elapsed    | 2032     |
|    total_timesteps | 79162    |
| train/             |          |
|    actor_loss      | 3.89     |
|    critic_loss     | 0.0457   |
|    ent_coef        | 0.02     |
|    learning_rate   | 0.0003   |
|    n_updates       | 78161    |
---------------------------------
---------------------------------
| rollout/           |          |
|    ep_len_mean     | 63.9     |
|    ep_rew_mean     | 3.74     |
| time/              |          |
|    episodes        | 1180     |
|    fps             | 38       |
|    time_elapsed    | 2041     |
|    total_timesteps | 79482    |
| train/             |          |
|    actor_loss      | 3.62     |
|    critic_loss     | 0.129    |
|    ent_coef        | 0.02     |
|    learning_rate   | 0.0003   |
|    n_updates       | 78481    |
---------------------------------
---------------------------------
| rollout/           |          |
|    ep_len_mean     | 63.1     |
|    ep_rew_mean     | 3.95     |
| time/              |          |
|    episodes        | 1184     |
|    fps             | 38       |
|    time_elapsed    | 2053     |
|    total_timesteps | 79723    |
| train/             |          |
|    actor_loss      | 3.89     |
|    critic_loss     | 0.0453   |
|    ent_coef        | 0.02     |
|    learning_rate   | 0.0003   |
|    n_updates       | 78722    |
---------------------------------
[success-rate] last 50 episodes: 26.0% reached goal
[actions] last 500 steps: linear mean=+0.03 std=0.57 | angular mean=+0.05 std=0.59 | spin-in-place frac=10.4%
=== STAGE s1 DONE: success_rate=5.00% (own difficulty) ===
=== STAGE s2: dist<=8 steps=140 timesteps=120000 ===
Wrapping the env with a `Monitor` wrapper
Wrapping the env in a DummyVecEnv.
resumed from /workspace/sac_baseline_s1.zip
---------------------------------
| rollout/           |          |
|    ep_len_mean     | 64.5     |
|    ep_rew_mean     | 3.74     |
| time/              |          |
|    episodes        | 1188     |
|    fps             | 33       |
|    time_elapsed    | 4        |
|    total_timesteps | 80140    |
| train/             |          |
|    actor_loss      | 8        |
|    critic_loss     | 0.00145  |
|    ent_coef        | 0.02     |
|    learning_rate   | 0.0003   |
|    n_updates       | 79139    |
---------------------------------
---------------------------------
| rollout/           |          |
|    ep_len_mean     | 65.5     |
|    ep_rew_mean     | 3.92     |
| time/              |          |
|    episodes        | 1192     |
|    fps             | 40       |
|    time_elapsed    | 14       |
|    total_timesteps | 80561    |
| train/             |          |
|    actor_loss      | 10.2     |
|    critic_loss     | 0.0065   |
|    ent_coef        | 0.02     |
|    learning_rate   | 0.0003   |
|    n_updates       | 79560    |
---------------------------------
---------------------------------
| rollout/           |          |
|    ep_len_mean     | 67.3     |
|    ep_rew_mean     | 3.89     |
| time/              |          |
|    episodes        | 1196     |
|    fps             | 41       |
|    time_elapsed    | 23       |
|    total_timesteps | 80982    |
| train/             |          |
|    actor_loss      | 9.13     |
|    critic_loss     | 0.0248   |
|    ent_coef        | 0.02     |
|    learning_rate   | 0.0003   |
|    n_updates       | 79981    |
---------------------------------
---------------------------------
| rollout/           |          |
|    ep_len_mean     | 69.7     |
|    ep_rew_mean     | 3.87     |
| time/              |          |
|    episodes        | 1200     |
|    fps             | 46       |
|    time_elapsed    | 32       |
|    total_timesteps | 81542    |
| train/             |          |
|    actor_loss      | 8.89     |
|    critic_loss     | 0.00601  |
|    ent_coef        | 0.02     |
|    learning_rate   | 0.0003   |
|    n_updates       | 80541    |
---------------------------------
[success-rate] last 16 episodes: 12.5% reached goal
[actions] last 500 steps: linear mean=+0.00 std=0.60 | angular mean=-0.00 std=0.59 | spin-in-place frac=8.6%
---------------------------------
| rollout/           |          |
|    ep_len_mean     | 72.1     |
|    ep_rew_mean     | 3.85     |
| time/              |          |
|    episodes        | 1204     |
|    fps             | 47       |
|    time_elapsed    | 44       |
|    total_timesteps | 82102    |
| train/             |          |
|    actor_loss      | 8.53     |
|    critic_loss     | 0.0215   |
|    ent_coef        | 0.02     |
|    learning_rate   | 0.0003   |
|    n_updates       | 81101    |
---------------------------------
---------------------------------
| rollout/           |          |
|    ep_len_mean     | 74.7     |
|    ep_rew_mean     | 3.62     |
| time/              |          |
|    episodes        | 1208     |
|    fps             | 46       |
|    time_elapsed    | 54       |
|    total_timesteps | 82523    |
| train/             |          |
|    actor_loss      | 9.23     |
|    critic_loss     | 0.121    |
|    ent_coef        | 0.02     |
|    learning_rate   | 0.0003   |
|    n_updates       | 81522    |
---------------------------------
---------------------------------
| rollout/           |          |
|    ep_len_mean     | 77.8     |
|    ep_rew_mean     | 3.4      |
| time/              |          |
|    episodes        | 1212     |
|    fps             | 49       |
|    time_elapsed    | 61       |
|    total_timesteps | 83083    |
| train/             |          |
|    actor_loss      | 7.83     |
|    critic_loss     | 0.00361  |
|    ent_coef        | 0.02     |
|    learning_rate   | 0.0003   |
|    n_updates       | 82082    |
---------------------------------
---------------------------------
| rollout/           |          |
|    ep_len_mean     | 80.2     |
|    ep_rew_mean     | 3.37     |
| time/              |          |
|    episodes        | 1216     |
|    fps             | 51       |
|    time_elapsed    | 71       |
|    total_timesteps | 83643    |
| train/             |          |
|    actor_loss      | 8.02     |
|    critic_loss     | 0.0233   |
|    ent_coef        | 0.02     |
|    learning_rate   | 0.0003   |
|    n_updates       | 82642    |
---------------------------------
[success-rate] last 31 episodes: 9.7% reached goal
[actions] last 500 steps: linear mean=+0.01 std=0.58 | angular mean=+0.01 std=0.61 | spin-in-place frac=11.4%
---------------------------------
| rollout/           |          |
|    ep_len_mean     | 84.2     |
|    ep_rew_mean     | 2.93     |
| time/              |          |
|    episodes        | 1220     |
|    fps             | 52       |
|    time_elapsed    | 80       |
|    total_timesteps | 84203    |
| train/             |          |
|    actor_loss      | 8.36     |
|    critic_loss     | 0.0187   |
|    ent_coef        | 0.02     |
|    learning_rate   | 0.0003   |
|    n_updates       | 83202    |
---------------------------------
---------------------------------
| rollout/           |          |
|    ep_len_mean     | 86       |
|    ep_rew_mean     | 2.91     |
| time/              |          |
|    episodes        | 1224     |
|    fps             | 50       |
|    time_elapsed    | 91       |
|    total_timesteps | 84624    |
| train/             |          |
|    actor_loss      | 7.82     |
|    critic_loss     | 0.0139   |
|    ent_coef        | 0.02     |
|    learning_rate   | 0.0003   |
|    n_updates       | 83623    |
---------------------------------
---------------------------------
| rollout/           |          |
|    ep_len_mean     | 88.4     |
|    ep_rew_mean     | 2.87     |
| time/              |          |
|    episodes        | 1228     |
|    fps             | 51       |
|    time_elapsed    | 100      |
|    total_timesteps | 85184    |
| train/             |          |
|    actor_loss      | 9.18     |
|    critic_loss     | 0.00834  |
|    ent_coef        | 0.02     |
|    learning_rate   | 0.0003   |
|    n_updates       | 84183    |
---------------------------------
---------------------------------
| rollout/           |          |
|    ep_len_mean     | 91.6     |
|    ep_rew_mean     | 2.66     |
| time/              |          |
|    episodes        | 1232     |
|    fps             | 51       |
|    time_elapsed    | 111      |
|    total_timesteps | 85744    |
| train/             |          |
|    actor_loss      | 10.2     |
|    critic_loss     | 0.0406   |
|    ent_coef        | 0.02     |
|    learning_rate   | 0.0003   |
|    n_updates       | 84743    |
---------------------------------
[success-rate] last 46 episodes: 8.7% reached goal
[actions] last 500 steps: linear mean=-0.08 std=0.59 | angular mean=+0.00 std=0.58 | spin-in-place frac=10.0%
---------------------------------
| rollout/           |          |
|    ep_len_mean     | 94.8     |
|    ep_rew_mean     | 2.42     |
| time/              |          |
|    episodes        | 1236     |
|    fps             | 51       |
|    time_elapsed    | 121      |
|    total_timesteps | 86304    |
| train/             |          |
|    actor_loss      | 7.52     |
|    critic_loss     | 0.0164   |
|    ent_coef        | 0.02     |
|    learning_rate   | 0.0003   |
|    n_updates       | 85303    |
---------------------------------
---------------------------------
| rollout/           |          |
|    ep_len_mean     | 98       |
|    ep_rew_mean     | 2.19     |
| time/              |          |
|    episodes        | 1240     |
|    fps             | 51       |
|    time_elapsed    | 133      |
|    total_timesteps | 86864    |
| train/             |          |
|    actor_loss      | 8.36     |
|    critic_loss     | 0.0116   |
|    ent_coef        | 0.02     |
|    learning_rate   | 0.0003   |
|    n_updates       | 85863    |
---------------------------------
---------------------------------
| rollout/           |          |
|    ep_len_mean     | 102      |
|    ep_rew_mean     | 1.55     |
| time/              |          |
|    episodes        | 1244     |
|    fps             | 49       |
|    time_elapsed    | 148      |
|    total_timesteps | 87424    |
| train/             |          |
|    actor_loss      | 7.48     |
|    critic_loss     | 0.00604  |
|    ent_coef        | 0.02     |
|    learning_rate   | 0.0003   |
|    n_updates       | 86423    |
---------------------------------
---------------------------------
| rollout/           |          |
|    ep_len_mean     | 106      |
|    ep_rew_mean     | 1.11     |
| time/              |          |
|    episodes        | 1248     |
|    fps             | 50       |
|    time_elapsed    | 159      |
|    total_timesteps | 87984    |
| train/             |          |
|    actor_loss      | 7.4      |
|    critic_loss     | 0.0179   |
|    ent_coef        | 0.02     |
|    learning_rate   | 0.0003   |
|    n_updates       | 86983    |
---------------------------------
[success-rate] last 50 episodes: 4.0% reached goal
[actions] last 500 steps: linear mean=+0.01 std=0.59 | angular mean=+0.07 std=0.59 | spin-in-place frac=7.8%
---------------------------------
| rollout/           |          |
|    ep_len_mean     | 109      |
|    ep_rew_mean     | 0.865    |
| time/              |          |
|    episodes        | 1252     |
|    fps             | 50       |
|    time_elapsed    | 167      |
|    total_timesteps | 88544    |
| train/             |          |
|    actor_loss      | 8.07     |
|    critic_loss     | 0.0153   |
|    ent_coef        | 0.02     |
|    learning_rate   | 0.0003   |
|    n_updates       | 87543    |
---------------------------------
---------------------------------
| rollout/           |          |
|    ep_len_mean     | 112      |
|    ep_rew_mean     | 0.825    |
| time/              |          |
|    episodes        | 1256     |
|    fps             | 50       |
|    time_elapsed    | 178      |
|    total_timesteps | 89104    |
| train/             |          |
|    actor_loss      | 6.91     |
|    critic_loss     | 0.00959  |
|    ent_coef        | 0.02     |
|    learning_rate   | 0.0003   |
|    n_updates       | 88103    |
---------------------------------
---------------------------------
| rollout/           |          |
|    ep_len_mean     | 116      |
|    ep_rew_mean     | 0.185    |
| time/              |          |
|    episodes        | 1260     |
|    fps             | 50       |
|    time_elapsed    | 191      |
|    total_timesteps | 89664    |
| train/             |          |
|    actor_loss      | 6.83     |
|    critic_loss     | 0.0133   |
|    ent_coef        | 0.02     |
|    learning_rate   | 0.0003   |
|    n_updates       | 88663    |
---------------------------------
[success-rate] last 50 episodes: 2.0% reached goal
[actions] last 500 steps: linear mean=-0.01 std=0.57 | angular mean=-0.06 std=0.59 | spin-in-place frac=12.2%
---------------------------------
| rollout/           |          |
|    ep_len_mean     | 118      |
|    ep_rew_mean     | 0.141    |
| time/              |          |
|    episodes        | 1264     |
|    fps             | 50       |
|    time_elapsed    | 204      |
|    total_timesteps | 90224    |
| train/             |          |
|    actor_loss      | 7.37     |
|    critic_loss     | 0.0181   |
|    ent_coef        | 0.02     |
|    learning_rate   | 0.0003   |
|    n_updates       | 89223    |
---------------------------------
---------------------------------
| rollout/           |          |
|    ep_len_mean     | 121      |
|    ep_rew_mean     | -0.0817  |
| time/              |          |
|    episodes        | 1268     |
|    fps             | 49       |
|    time_elapsed    | 218      |
|    total_timesteps | 90784    |
| train/             |          |
|    actor_loss      | 6.64     |
|    critic_loss     | 0.0167   |
|    ent_coef        | 0.02     |
|    learning_rate   | 0.0003   |
|    n_updates       | 89783    |
---------------------------------
---------------------------------
| rollout/           |          |
|    ep_len_mean     | 123      |
|    ep_rew_mean     | -0.0915  |
| time/              |          |
|    episodes        | 1272     |
|    fps             | 49       |
|    time_elapsed    | 226      |
|    total_timesteps | 91205    |
| train/             |          |
|    actor_loss      | 6.1      |
|    critic_loss     | 0.0978   |
|    ent_coef        | 0.02     |
|    learning_rate   | 0.0003   |
|    n_updates       | 90204    |
---------------------------------
---------------------------------
| rollout/           |          |
|    ep_len_mean     | 126      |
|    ep_rew_mean     | -0.107   |
| time/              |          |
|    episodes        | 1276     |
|    fps             | 49       |
|    time_elapsed    | 238      |
|    total_timesteps | 91765    |
| train/             |          |
|    actor_loss      | 6.77     |
|    critic_loss     | 0.0108   |
|    ent_coef        | 0.02     |
|    learning_rate   | 0.0003   |
|    n_updates       | 90764    |
---------------------------------
[success-rate] last 50 episodes: 2.0% reached goal
[actions] last 500 steps: linear mean=-0.01 std=0.59 | angular mean=-0.06 std=0.59 | spin-in-place frac=11.2%
---------------------------------
| rollout/           |          |
|    ep_len_mean     | 128      |
|    ep_rew_mean     | -0.134   |
| time/              |          |
|    episodes        | 1280     |
|    fps             | 49       |
|    time_elapsed    | 249      |
|    total_timesteps | 92325    |
| train/             |          |
|    actor_loss      | 6.62     |
|    critic_loss     | 0.00689  |
|    ent_coef        | 0.02     |
|    learning_rate   | 0.0003   |
|    n_updates       | 91324    |
---------------------------------
---------------------------------
| rollout/           |          |
|    ep_len_mean     | 131      |
|    ep_rew_mean     | -0.354   |
| time/              |          |
|    episodes        | 1284     |
|    fps             | 48       |
|    time_elapsed    | 263      |
|    total_timesteps | 92885    |
| train/             |          |
|    actor_loss      | 6.08     |
|    critic_loss     | 0.0434   |
|    ent_coef        | 0.02     |
|    learning_rate   | 0.0003   |
|    n_updates       | 91884    |
---------------------------------
---------------------------------
| rollout/           |          |
|    ep_len_mean     | 133      |
|    ep_rew_mean     | -0.369   |
| time/              |          |
|    episodes        | 1288     |
|    fps             | 48       |
|    time_elapsed    | 275      |
|    total_timesteps | 93445    |
| train/             |          |
|    actor_loss      | 6.64     |
|    critic_loss     | 0.0117   |
|    ent_coef        | 0.02     |
|    learning_rate   | 0.0003   |
|    n_updates       | 92444    |
---------------------------------
[success-rate] last 50 episodes: 2.0% reached goal
[actions] last 500 steps: linear mean=-0.06 std=0.59 | angular mean=+0.01 std=0.59 | spin-in-place frac=8.6%
---------------------------------
| rollout/           |          |
|    ep_len_mean     | 134      |
|    ep_rew_mean     | -0.566   |
| time/              |          |
|    episodes        | 1292     |
|    fps             | 49       |
|    time_elapsed    | 284      |
|    total_timesteps | 94005    |
| train/             |          |
|    actor_loss      | 5.69     |
|    critic_loss     | 0.0135   |
|    ent_coef        | 0.02     |
|    learning_rate   | 0.0003   |
|    n_updates       | 93004    |
---------------------------------
---------------------------------
| rollout/           |          |
|    ep_len_mean     | 134      |
|    ep_rew_mean     | -0.561   |
| time/              |          |
|    episodes        | 1296     |
|    fps             | 49       |
|    time_elapsed    | 292      |
|    total_timesteps | 94426    |
| train/             |          |
|    actor_loss      | 6.02     |
|    critic_loss     | 0.0476   |
|    ent_coef        | 0.02     |
|    learning_rate   | 0.0003   |
|    n_updates       | 93425    |
---------------------------------
---------------------------------
| rollout/           |          |
|    ep_len_mean     | 134      |
|    ep_rew_mean     | -0.563   |
| time/              |          |
|    episodes        | 1300     |
|    fps             | 49       |
|    time_elapsed    | 303      |
|    total_timesteps | 94986    |
| train/             |          |
|    actor_loss      | 5.8      |
|    critic_loss     | 0.0313   |
|    ent_coef        | 0.02     |
|    learning_rate   | 0.0003   |
|    n_updates       | 93985    |
---------------------------------
---------------------------------
| rollout/           |          |
|    ep_len_mean     | 134      |
|    ep_rew_mean     | -0.573   |
| time/              |          |
|    episodes        | 1304     |
|    fps             | 48       |
|    time_elapsed    | 319      |
|    total_timesteps | 95546    |
| train/             |          |
|    actor_loss      | 5.33     |
|    critic_loss     | 0.0228   |
|    ent_coef        | 0.02     |
|    learning_rate   | 0.0003   |
|    n_updates       | 94545    |
---------------------------------
[success-rate] last 50 episodes: 4.0% reached goal
[actions] last 500 steps: linear mean=+0.01 std=0.60 | angular mean=+0.13 std=0.60 | spin-in-place frac=10.2%
---------------------------------
| rollout/           |          |
|    ep_len_mean     | 136      |
|    ep_rew_mean     | -0.78    |
| time/              |          |
|    episodes        | 1308     |
|    fps             | 49       |
|    time_elapsed    | 327      |
|    total_timesteps | 96106    |
| train/             |          |
|    actor_loss      | 6.05     |
|    critic_loss     | 0.00771  |
|    ent_coef        | 0.02     |
|    learning_rate   | 0.0003   |
|    n_updates       | 95105    |
---------------------------------
---------------------------------
| rollout/           |          |
|    ep_len_mean     | 134      |
|    ep_rew_mean     | -0.569   |
| time/              |          |
|    episodes        | 1312     |
|    fps             | 49       |
|    time_elapsed    | 336      |
|    total_timesteps | 96527    |
| train/             |          |
|    actor_loss      | 5.37     |
|    critic_loss     | 0.0248   |
|    ent_coef        | 0.02     |
|    learning_rate   | 0.0003   |
|    n_updates       | 95526    |
---------------------------------
---------------------------------
| rollout/           |          |
|    ep_len_mean     | 133      |
|    ep_rew_mean     | -0.349   |
| time/              |          |
|    episodes        | 1316     |
|    fps             | 48       |
|    time_elapsed    | 346      |
|    total_timesteps | 96948    |
| train/             |          |
|    actor_loss      | 5.12     |
|    critic_loss     | 0.017    |
|    ent_coef        | 0.02     |
|    learning_rate   | 0.0003   |
|    n_updates       | 95947    |
---------------------------------
---------------------------------
| rollout/           |          |
|    ep_len_mean     | 133      |
|    ep_rew_mean     | -0.358   |
| time/              |          |
|    episodes        | 1320     |
|    fps             | 48       |
|    time_elapsed    | 361      |
|    total_timesteps | 97508    |
| train/             |          |
|    actor_loss      | 5.66     |
|    critic_loss     | 0.0159   |
|    ent_coef        | 0.02     |
|    learning_rate   | 0.0003   |
|    n_updates       | 96507    |
---------------------------------
[success-rate] last 50 episodes: 6.0% reached goal
[actions] last 500 steps: linear mean=+0.10 std=0.59 | angular mean=+0.09 std=0.58 | spin-in-place frac=9.0%
---------------------------------
| rollout/           |          |
|    ep_len_mean     | 134      |
|    ep_rew_mean     | -0.566   |
| time/              |          |
|    episodes        | 1324     |
|    fps             | 48       |
|    time_elapsed    | 373      |
|    total_timesteps | 98068    |
| train/             |          |
|    actor_loss      | 5.47     |
|    critic_loss     | 0.0102   |
|    ent_coef        | 0.02     |
|    learning_rate   | 0.0003   |
|    n_updates       | 97067    |
---------------------------------
---------------------------------
| rollout/           |          |
|    ep_len_mean     | 134      |
|    ep_rew_mean     | -0.56    |
| time/              |          |
|    episodes        | 1328     |
|    fps             | 48       |
|    time_elapsed    | 384      |
|    total_timesteps | 98628    |
| train/             |          |
|    actor_loss      | 5.5      |
|    critic_loss     | 0.0137   |
|    ent_coef        | 0.02     |
|    learning_rate   | 0.0003   |
|    n_updates       | 97627    |
---------------------------------
---------------------------------
| rollout/           |          |
|    ep_len_mean     | 134      |
|    ep_rew_mean     | -0.567   |
| time/              |          |
|    episodes        | 1332     |
|    fps             | 48       |
|    time_elapsed    | 397      |
|    total_timesteps | 99188    |
| train/             |          |
|    actor_loss      | 5.47     |
|    critic_loss     | 0.00961  |
|    ent_coef        | 0.02     |
|    learning_rate   | 0.0003   |
|    n_updates       | 98187    |
---------------------------------
---------------------------------
| rollout/           |          |
|    ep_len_mean     | 134      |
|    ep_rew_mean     | -0.558   |
| time/              |          |
|    episodes        | 1336     |
|    fps             | 48       |
|    time_elapsed    | 409      |
|    total_timesteps | 99748    |
| train/             |          |
|    actor_loss      | 5.51     |
|    critic_loss     | 0.0174   |
|    ent_coef        | 0.02     |
|    learning_rate   | 0.0003   |
|    n_updates       | 98747    |
---------------------------------
[success-rate] last 50 episodes: 6.0% reached goal
[actions] last 500 steps: linear mean=-0.04 std=0.58 | angular mean=+0.03 std=0.59 | spin-in-place frac=8.8%
---------------------------------
| rollout/           |          |
|    ep_len_mean     | 133      |
|    ep_rew_mean     | -0.34    |
| time/              |          |
|    episodes        | 1340     |
|    fps             | 48       |
|    time_elapsed    | 419      |
|    total_timesteps | 100169   |
| train/             |          |
|    actor_loss      | 5.28     |
|    critic_loss     | 0.0182   |
|    ent_coef        | 0.02     |
|    learning_rate   | 0.0003   |
|    n_updates       | 99168    |
---------------------------------
---------------------------------
| rollout/           |          |
|    ep_len_mean     | 133      |
|    ep_rew_mean     | -0.347   |
| time/              |          |
|    episodes        | 1344     |
|    fps             | 47       |
|    time_elapsed    | 434      |
|    total_timesteps | 100729   |
| train/             |          |
|    actor_loss      | 5.51     |
|    critic_loss     | 0.0268   |
|    ent_coef        | 0.02     |
|    learning_rate   | 0.0003   |
|    n_updates       | 99728    |
---------------------------------
---------------------------------
| rollout/           |          |
|    ep_len_mean     | 133      |
|    ep_rew_mean     | -0.34    |
| time/              |          |
|    episodes        | 1348     |
|    fps             | 48       |
|    time_elapsed    | 443      |
|    total_timesteps | 101289   |
| train/             |          |
|    actor_loss      | 5.34     |
|    critic_loss     | 0.0271   |
|    ent_coef        | 0.02     |
|    learning_rate   | 0.0003   |
|    n_updates       | 100288   |
---------------------------------
---------------------------------
| rollout/           |          |
|    ep_len_mean     | 133      |
|    ep_rew_mean     | -0.316   |
| time/              |          |
|    episodes        | 1352     |
|    fps             | 48       |
|    time_elapsed    | 454      |
|    total_timesteps | 101849   |
| train/             |          |
|    actor_loss      | 5.14     |
|    critic_loss     | 0.0196   |
|    ent_coef        | 0.02     |
|    learning_rate   | 0.0003   |
|    n_updates       | 100848   |
---------------------------------
[success-rate] last 50 episodes: 6.0% reached goal
[actions] last 500 steps: linear mean=+0.00 std=0.57 | angular mean=-0.08 std=0.57 | spin-in-place frac=11.2%
---------------------------------
| rollout/           |          |
|    ep_len_mean     | 133      |
|    ep_rew_mean     | -0.295   |
| time/              |          |
|    episodes        | 1356     |
|    fps             | 48       |
|    time_elapsed    | 464      |
|    total_timesteps | 102409   |
| train/             |          |
|    actor_loss      | 5.59     |
|    critic_loss     | 0.00934  |
|    ent_coef        | 0.02     |
|    learning_rate   | 0.0003   |
|    n_updates       | 101408   |
---------------------------------
---------------------------------
| rollout/           |          |
|    ep_len_mean     | 133      |
|    ep_rew_mean     | -0.301   |
| time/              |          |
|    episodes        | 1360     |
|    fps             | 48       |
|    time_elapsed    | 476      |
|    total_timesteps | 102969   |
| train/             |          |
|    actor_loss      | 5.08     |
|    critic_loss     | 0.0616   |
|    ent_coef        | 0.02     |
|    learning_rate   | 0.0003   |
|    n_updates       | 101968   |
---------------------------------
---------------------------------
| rollout/           |          |
|    ep_len_mean     | 133      |
|    ep_rew_mean     | -0.279   |
| time/              |          |
|    episodes        | 1364     |
|    fps             | 48       |
|    time_elapsed    | 485      |
|    total_timesteps | 103529   |
| train/             |          |
|    actor_loss      | 4.88     |
|    critic_loss     | 0.03     |
|    ent_coef        | 0.02     |
|    learning_rate   | 0.0003   |
|    n_updates       | 102528   |
---------------------------------
---------------------------------
| rollout/           |          |
|    ep_len_mean     | 131      |
|    ep_rew_mean     | 0.134    |
| time/              |          |
|    episodes        | 1368     |
|    fps             | 48       |
|    time_elapsed    | 496      |
|    total_timesteps | 103921   |
| train/             |          |
|    actor_loss      | 4.88     |
|    critic_loss     | 0.0292   |
|    ent_coef        | 0.02     |
|    learning_rate   | 0.0003   |
|    n_updates       | 102920   |
---------------------------------
[success-rate] last 50 episodes: 6.0% reached goal
[actions] last 500 steps: linear mean=+0.18 std=0.56 | angular mean=-0.03 std=0.57 | spin-in-place frac=8.6%
---------------------------------
| rollout/           |          |
|    ep_len_mean     | 131      |
|    ep_rew_mean     | 0.137    |
| time/              |          |
|    episodes        | 1372     |
|    fps             | 47       |
|    time_elapsed    | 510      |
|    total_timesteps | 104342   |
| train/             |          |
|    actor_loss      | 5.01     |
|    critic_loss     | 0.0495   |
|    ent_coef        | 0.02     |
|    learning_rate   | 0.0003   |
|    n_updates       | 103341   |
---------------------------------
---------------------------------
| rollout/           |          |
|    ep_len_mean     | 131      |
|    ep_rew_mean     | 0.127    |
| time/              |          |
|    episodes        | 1376     |
|    fps             | 47       |
|    time_elapsed    | 521      |
|    total_timesteps | 104902   |
| train/             |          |
|    actor_loss      | 4.66     |
|    critic_loss     | 0.0215   |
|    ent_coef        | 0.02     |
|    learning_rate   | 0.0003   |
|    n_updates       | 103901   |
---------------------------------
---------------------------------
| rollout/           |          |
|    ep_len_mean     | 131      |
|    ep_rew_mean     | 0.129    |
| time/              |          |
|    episodes        | 1380     |
|    fps             | 47       |
|    time_elapsed    | 533      |
|    total_timesteps | 105462   |
| train/             |          |
|    actor_loss      | 5.05     |
|    critic_loss     | 0.305    |
|    ent_coef        | 0.02     |
|    learning_rate   | 0.0003   |
|    n_updates       | 104461   |
---------------------------------
[success-rate] last 50 episodes: 8.0% reached goal
[actions] last 500 steps: linear mean=+0.09 std=0.56 | angular mean=+0.05 std=0.60 | spin-in-place frac=12.4%
---------------------------------
| rollout/           |          |
|    ep_len_mean     | 131      |
|    ep_rew_mean     | 0.116    |
| time/              |          |
|    episodes        | 1384     |
|    fps             | 47       |
|    time_elapsed    | 550      |
|    total_timesteps | 106022   |
| train/             |          |
|    actor_loss      | 4.27     |
|    critic_loss     | 0.383    |
|    ent_coef        | 0.02     |
|    learning_rate   | 0.0003   |
|    n_updates       | 105021   |
---------------------------------
---------------------------------
| rollout/           |          |
|    ep_len_mean     | 131      |
|    ep_rew_mean     | 0.117    |
| time/              |          |
|    episodes        | 1388     |
|    fps             | 47       |
|    time_elapsed    | 561      |
|    total_timesteps | 106582   |
| train/             |          |
|    actor_loss      | 4.98     |
|    critic_loss     | 0.0225   |
|    ent_coef        | 0.02     |
|    learning_rate   | 0.0003   |
|    n_updates       | 105581   |
---------------------------------
---------------------------------
| rollout/           |          |
|    ep_len_mean     | 130      |
|    ep_rew_mean     | 0.317    |
| time/              |          |
|    episodes        | 1392     |
|    fps             | 47       |
|    time_elapsed    | 571      |
|    total_timesteps | 107003   |
| train/             |          |
|    actor_loss      | 4.92     |
|    critic_loss     | 0.0127   |
|    ent_coef        | 0.02     |
|    learning_rate   | 0.0003   |
|    n_updates       | 106002   |
---------------------------------
---------------------------------
| rollout/           |          |
|    ep_len_mean     | 131      |
|    ep_rew_mean     | 0.105    |
| time/              |          |
|    episodes        | 1396     |
|    fps             | 47       |
|    time_elapsed    | 580      |
|    total_timesteps | 107563   |
| train/             |          |
|    actor_loss      | 4.64     |
|    critic_loss     | 0.0187   |
|    ent_coef        | 0.02     |
|    learning_rate   | 0.0003   |
|    n_updates       | 106562   |
---------------------------------
[success-rate] last 50 episodes: 8.0% reached goal
[actions] last 500 steps: linear mean=-0.02 std=0.58 | angular mean=+0.03 std=0.58 | spin-in-place frac=10.4%
---------------------------------
| rollout/           |          |
|    ep_len_mean     | 131      |
|    ep_rew_mean     | 0.0967   |
| time/              |          |
|    episodes        | 1400     |
|    fps             | 47       |
|    time_elapsed    | 593      |
|    total_timesteps | 108123   |
| train/             |          |
|    actor_loss      | 5        |
|    critic_loss     | 0.0155   |
|    ent_coef        | 0.02     |
|    learning_rate   | 0.0003   |
|    n_updates       | 107122   |
---------------------------------
---------------------------------
| rollout/           |          |
|    ep_len_mean     | 131      |
|    ep_rew_mean     | 0.111    |
| time/              |          |
|    episodes        | 1404     |
|    fps             | 47       |
|    time_elapsed    | 600      |
|    total_timesteps | 108683   |
| train/             |          |
|    actor_loss      | 5.05     |
|    critic_loss     | 0.00901  |
|    ent_coef        | 0.02     |
|    learning_rate   | 0.0003   |
|    n_updates       | 107682   |
---------------------------------
---------------------------------
| rollout/           |          |
|    ep_len_mean     | 131      |
|    ep_rew_mean     | 0.109    |
| time/              |          |
|    episodes        | 1408     |
|    fps             | 47       |
|    time_elapsed    | 615      |
|    total_timesteps | 109243   |
| train/             |          |
|    actor_loss      | 4.94     |
|    critic_loss     | 0.013    |
|    ent_coef        | 0.02     |
|    learning_rate   | 0.0003   |
|    n_updates       | 108242   |
---------------------------------
---------------------------------
| rollout/           |          |
|    ep_len_mean     | 133      |
|    ep_rew_mean     | -0.112   |
| time/              |          |
|    episodes        | 1412     |
|    fps             | 47       |
|    time_elapsed    | 627      |
|    total_timesteps | 109803   |
| train/             |          |
|    actor_loss      | 4.84     |
|    critic_loss     | 0.509    |
|    ent_coef        | 0.02     |
|    learning_rate   | 0.0003   |
|    n_updates       | 108802   |
---------------------------------
[success-rate] last 50 episodes: 8.0% reached goal
[actions] last 500 steps: linear mean=+0.01 std=0.59 | angular mean=+0.03 std=0.60 | spin-in-place frac=11.0%
---------------------------------
| rollout/           |          |
|    ep_len_mean     | 134      |
|    ep_rew_mean     | -0.325   |
| time/              |          |
|    episodes        | 1416     |
|    fps             | 47       |
|    time_elapsed    | 637      |
|    total_timesteps | 110363   |
| train/             |          |
|    actor_loss      | 5.14     |
|    critic_loss     | 0.0149   |
|    ent_coef        | 0.02     |
|    learning_rate   | 0.0003   |
|    n_updates       | 109362   |
---------------------------------
---------------------------------
| rollout/           |          |
|    ep_len_mean     | 134      |
|    ep_rew_mean     | -0.312   |
| time/              |          |
|    episodes        | 1420     |
|    fps             | 47       |
|    time_elapsed    | 646      |
|    total_timesteps | 110923   |
| train/             |          |
|    actor_loss      | 4.36     |
|    critic_loss     | 0.0263   |
|    ent_coef        | 0.02     |
|    learning_rate   | 0.0003   |
|    n_updates       | 109922   |
---------------------------------
---------------------------------
| rollout/           |          |
|    ep_len_mean     | 134      |
|    ep_rew_mean     | -0.316   |
| time/              |          |
|    episodes        | 1424     |
|    fps             | 47       |
|    time_elapsed    | 660      |
|    total_timesteps | 111483   |
| train/             |          |
|    actor_loss      | 4.44     |
|    critic_loss     | 0.03     |
|    ent_coef        | 0.02     |
|    learning_rate   | 0.0003   |
|    n_updates       | 110482   |
---------------------------------
---------------------------------
| rollout/           |          |
|    ep_len_mean     | 133      |
|    ep_rew_mean     | -0.0854  |
| time/              |          |
|    episodes        | 1428     |
|    fps             | 47       |
|    time_elapsed    | 672      |
|    total_timesteps | 111904   |
| train/             |          |
|    actor_loss      | 4.56     |
|    critic_loss     | 0.059    |
|    ent_coef        | 0.02     |
|    learning_rate   | 0.0003   |
|    n_updates       | 110903   |
---------------------------------
[success-rate] last 50 episodes: 4.0% reached goal
[actions] last 500 steps: linear mean=-0.01 std=0.60 | angular mean=+0.11 std=0.59 | spin-in-place frac=9.2%
---------------------------------
| rollout/           |          |
|    ep_len_mean     | 133      |
|    ep_rew_mean     | -0.0923  |
| time/              |          |
|    episodes        | 1432     |
|    fps             | 46       |
|    time_elapsed    | 691      |
|    total_timesteps | 112464   |
| train/             |          |
|    actor_loss      | 4.6      |
|    critic_loss     | 0.0176   |
|    ent_coef        | 0.02     |
|    learning_rate   | 0.0003   |
|    n_updates       | 111463   |
---------------------------------
---------------------------------
| rollout/           |          |
|    ep_len_mean     | 131      |
|    ep_rew_mean     | 0.123    |
| time/              |          |
|    episodes        | 1436     |
|    fps             | 47       |
|    time_elapsed    | 699      |
|    total_timesteps | 112885   |
| train/             |          |
|    actor_loss      | 4.97     |
|    critic_loss     | 0.136    |
|    ent_coef        | 0.02     |
|    learning_rate   | 0.0003   |
|    n_updates       | 111884   |
---------------------------------
---------------------------------
| rollout/           |          |
|    ep_len_mean     | 133      |
|    ep_rew_mean     | -0.0935  |
| time/              |          |
|    episodes        | 1440     |
|    fps             | 46       |
|    time_elapsed    | 712      |
|    total_timesteps | 113445   |
| train/             |          |
|    actor_loss      | 4.59     |
|    critic_loss     | 0.0245   |
|    ent_coef        | 0.02     |
|    learning_rate   | 0.0003   |
|    n_updates       | 112444   |
---------------------------------
[success-rate] last 50 episodes: 4.0% reached goal
[actions] last 500 steps: linear mean=+0.07 std=0.58 | angular mean=+0.08 std=0.59 | spin-in-place frac=8.0%
---------------------------------
| rollout/           |          |
|    ep_len_mean     | 133      |
|    ep_rew_mean     | -0.0835  |
| time/              |          |
|    episodes        | 1444     |
|    fps             | 46       |
|    time_elapsed    | 724      |
|    total_timesteps | 114005   |
| train/             |          |
|    actor_loss      | 4.58     |
|    critic_loss     | 0.0283   |
|    ent_coef        | 0.02     |
|    learning_rate   | 0.0003   |
|    n_updates       | 113004   |
---------------------------------
---------------------------------
| rollout/           |          |
|    ep_len_mean     | 133      |
|    ep_rew_mean     | -0.0917  |
| time/              |          |
|    episodes        | 1448     |
|    fps             | 46       |
|    time_elapsed    | 735      |
|    total_timesteps | 114565   |
| train/             |          |
|    actor_loss      | 4.81     |
|    critic_loss     | 0.0274   |
|    ent_coef        | 0.02     |
|    learning_rate   | 0.0003   |
|    n_updates       | 113564   |
---------------------------------
---------------------------------
| rollout/           |          |
|    ep_len_mean     | 133      |
|    ep_rew_mean     | -0.0943  |
| time/              |          |
|    episodes        | 1452     |
|    fps             | 46       |
|    time_elapsed    | 750      |
|    total_timesteps | 115125   |
| train/             |          |
|    actor_loss      | 4.62     |
|    critic_loss     | 0.0257   |
|    ent_coef        | 0.02     |
|    learning_rate   | 0.0003   |
|    n_updates       | 114124   |
---------------------------------
---------------------------------
| rollout/           |          |
|    ep_len_mean     | 133      |
|    ep_rew_mean     | -0.114   |
| time/              |          |
|    episodes        | 1456     |
|    fps             | 46       |
|    time_elapsed    | 761      |
|    total_timesteps | 115685   |
| train/             |          |
|    actor_loss      | 4.83     |
|    critic_loss     | 0.0248   |
|    ent_coef        | 0.02     |
|    learning_rate   | 0.0003   |
|    n_updates       | 114684   |
---------------------------------
[success-rate] last 50 episodes: 4.0% reached goal
[actions] last 500 steps: linear mean=-0.03 std=0.59 | angular mean=+0.06 std=0.57 | spin-in-place frac=9.8%
---------------------------------
| rollout/           |          |
|    ep_len_mean     | 133      |
|    ep_rew_mean     | -0.11    |
| time/              |          |
|    episodes        | 1460     |
|    fps             | 46       |
|    time_elapsed    | 773      |
|    total_timesteps | 116245   |
| train/             |          |
|    actor_loss      | 4.48     |
|    critic_loss     | 0.0308   |
|    ent_coef        | 0.02     |
|    learning_rate   | 0.0003   |
|    n_updates       | 115244   |
---------------------------------
---------------------------------
| rollout/           |          |
|    ep_len_mean     | 133      |
|    ep_rew_mean     | -0.125   |
| time/              |          |
|    episodes        | 1464     |
|    fps             | 46       |
|    time_elapsed    | 791      |
|    total_timesteps | 116805   |
| train/             |          |
|    actor_loss      | 4.5      |
|    critic_loss     | 0.0397   |
|    ent_coef        | 0.02     |
|    learning_rate   | 0.0003   |
|    n_updates       | 115804   |
---------------------------------
---------------------------------
| rollout/           |          |
|    ep_len_mean     | 134      |
|    ep_rew_mean     | -0.543   |
| time/              |          |
|    episodes        | 1468     |
|    fps             | 46       |
|    time_elapsed    | 806      |
|    total_timesteps | 117365   |
| train/             |          |
|    actor_loss      | 4.6      |
|    critic_loss     | 0.0284   |
|    ent_coef        | 0.02     |
|    learning_rate   | 0.0003   |
|    n_updates       | 116364   |
---------------------------------
---------------------------------
| rollout/           |          |
|    ep_len_mean     | 136      |
|    ep_rew_mean     | -0.764   |
| time/              |          |
|    episodes        | 1472     |
|    fps             | 46       |
|    time_elapsed    | 817      |
|    total_timesteps | 117925   |
| train/             |          |
|    actor_loss      | 4.4      |
|    critic_loss     | 0.0355   |
|    ent_coef        | 0.02     |
|    learning_rate   | 0.0003   |
|    n_updates       | 116924   |
---------------------------------
[success-rate] last 50 episodes: 4.0% reached goal
[actions] last 500 steps: linear mean=+0.07 std=0.57 | angular mean=+0.06 std=0.58 | spin-in-place frac=11.0%
---------------------------------
| rollout/           |          |
|    ep_len_mean     | 134      |
|    ep_rew_mean     | -0.56    |
| time/              |          |
|    episodes        | 1476     |
|    fps             | 46       |
|    time_elapsed    | 828      |
|    total_timesteps | 118346   |
| train/             |          |
|    actor_loss      | 4.19     |
|    critic_loss     | 0.0179   |
|    ent_coef        | 0.02     |
|    learning_rate   | 0.0003   |
|    n_updates       | 117345   |
---------------------------------
---------------------------------
| rollout/           |          |
|    ep_len_mean     | 134      |
|    ep_rew_mean     | -0.564   |
| time/              |          |
|    episodes        | 1480     |
|    fps             | 45       |
|    time_elapsed    | 847      |
|    total_timesteps | 118906   |
| train/             |          |
|    actor_loss      | 4.4      |
|    critic_loss     | 0.00799  |
|    ent_coef        | 0.02     |
|    learning_rate   | 0.0003   |
|    n_updates       | 117905   |
---------------------------------
---------------------------------
| rollout/           |          |
|    ep_len_mean     | 134      |
|    ep_rew_mean     | -0.563   |
| time/              |          |
|    episodes        | 1484     |
|    fps             | 45       |
|    time_elapsed    | 863      |
|    total_timesteps | 119466   |
| train/             |          |
|    actor_loss      | 4.36     |
|    critic_loss     | 0.0228   |
|    ent_coef        | 0.02     |
|    learning_rate   | 0.0003   |
|    n_updates       | 118465   |
---------------------------------
[success-rate] last 50 episodes: 2.0% reached goal
[actions] last 500 steps: linear mean=+0.12 std=0.55 | angular mean=-0.01 std=0.59 | spin-in-place frac=10.0%
---------------------------------
| rollout/           |          |
|    ep_len_mean     | 134      |
|    ep_rew_mean     | -0.571   |
| time/              |          |
|    episodes        | 1488     |
|    fps             | 45       |
|    time_elapsed    | 876      |
|    total_timesteps | 120026   |
| train/             |          |
|    actor_loss      | 4.28     |
|    critic_loss     | 0.00907  |
|    ent_coef        | 0.02     |
|    learning_rate   | 0.0003   |
|    n_updates       | 119025   |
---------------------------------
---------------------------------
| rollout/           |          |
|    ep_len_mean     | 136      |
|    ep_rew_mean     | -0.774   |
| time/              |          |
|    episodes        | 1492     |
|    fps             | 45       |
|    time_elapsed    | 889      |
|    total_timesteps | 120586   |
| train/             |          |
|    actor_loss      | 4.41     |
|    critic_loss     | 0.0106   |
|    ent_coef        | 0.02     |
|    learning_rate   | 0.0003   |
|    n_updates       | 119585   |
---------------------------------
---------------------------------
| rollout/           |          |
|    ep_len_mean     | 136      |
|    ep_rew_mean     | -0.776   |
| time/              |          |
|    episodes        | 1496     |
|    fps             | 45       |
|    time_elapsed    | 903      |
|    total_timesteps | 121146   |
| train/             |          |
|    actor_loss      | 4.42     |
|    critic_loss     | 0.0133   |
|    ent_coef        | 0.02     |
|    learning_rate   | 0.0003   |
|    n_updates       | 120145   |
---------------------------------
---------------------------------
| rollout/           |          |
|    ep_len_mean     | 136      |
|    ep_rew_mean     | -0.777   |
| time/              |          |
|    episodes        | 1500     |
|    fps             | 45       |
|    time_elapsed    | 916      |
|    total_timesteps | 121706   |
| train/             |          |
|    actor_loss      | 4.61     |
|    critic_loss     | 0.045    |
|    ent_coef        | 0.02     |
|    learning_rate   | 0.0003   |
|    n_updates       | 120705   |
---------------------------------
[success-rate] last 50 episodes: 2.0% reached goal
[actions] last 500 steps: linear mean=-0.04 std=0.58 | angular mean=-0.03 std=0.58 | spin-in-place frac=8.6%
---------------------------------
| rollout/           |          |
|    ep_len_mean     | 136      |
|    ep_rew_mean     | -0.785   |
| time/              |          |
|    episodes        | 1504     |
|    fps             | 45       |
|    time_elapsed    | 929      |
|    total_timesteps | 122266   |
| train/             |          |
|    actor_loss      | 4.33     |
|    critic_loss     | 0.0208   |
|    ent_coef        | 0.02     |
|    learning_rate   | 0.0003   |
|    n_updates       | 121265   |
---------------------------------
---------------------------------
| rollout/           |          |
|    ep_len_mean     | 136      |
|    ep_rew_mean     | -0.781   |
| time/              |          |
|    episodes        | 1508     |
|    fps             | 45       |
|    time_elapsed    | 937      |
|    total_timesteps | 122826   |
| train/             |          |
|    actor_loss      | 4.56     |
|    critic_loss     | 0.0582   |
|    ent_coef        | 0.02     |
|    learning_rate   | 0.0003   |
|    n_updates       | 121825   |
---------------------------------
---------------------------------
| rollout/           |          |
|    ep_len_mean     | 134      |
|    ep_rew_mean     | -0.545   |
| time/              |          |
|    episodes        | 1512     |
|    fps             | 45       |
|    time_elapsed    | 955      |
|    total_timesteps | 123247   |
| train/             |          |
|    actor_loss      | 4.33     |
|    critic_loss     | 0.0418   |
|    ent_coef        | 0.02     |
|    learning_rate   | 0.0003   |
|    n_updates       | 122246   |
---------------------------------
---------------------------------
| rollout/           |          |
|    ep_len_mean     | 134      |
|    ep_rew_mean     | -0.542   |
| time/              |          |
|    episodes        | 1516     |
|    fps             | 45       |
|    time_elapsed    | 966      |
|    total_timesteps | 123807   |
| train/             |          |
|    actor_loss      | 4.37     |
|    critic_loss     | 1.24     |
|    ent_coef        | 0.02     |
|    learning_rate   | 0.0003   |
|    n_updates       | 122806   |
---------------------------------
[success-rate] last 50 episodes: 4.0% reached goal
[actions] last 500 steps: linear mean=-0.02 std=0.58 | angular mean=-0.02 std=0.60 | spin-in-place frac=8.4%
---------------------------------
| rollout/           |          |
|    ep_len_mean     | 134      |
|    ep_rew_mean     | -0.539   |
| time/              |          |
|    episodes        | 1520     |
|    fps             | 45       |
|    time_elapsed    | 977      |
|    total_timesteps | 124367   |
| train/             |          |
|    actor_loss      | 4.09     |
|    critic_loss     | 0.572    |
|    ent_coef        | 0.02     |
|    learning_rate   | 0.0003   |
|    n_updates       | 123366   |
---------------------------------
---------------------------------
| rollout/           |          |
|    ep_len_mean     | 134      |
|    ep_rew_mean     | -0.549   |
| time/              |          |
|    episodes        | 1524     |
|    fps             | 45       |
|    time_elapsed    | 990      |
|    total_timesteps | 124927   |
| train/             |          |
|    actor_loss      | 4.14     |
|    critic_loss     | 0.0104   |
|    ent_coef        | 0.02     |
|    learning_rate   | 0.0003   |
|    n_updates       | 123926   |
---------------------------------
---------------------------------
| rollout/           |          |
|    ep_len_mean     | 134      |
|    ep_rew_mean     | -0.552   |
| time/              |          |
|    episodes        | 1528     |
|    fps             | 45       |
|    time_elapsed    | 1000     |
|    total_timesteps | 125348   |
| train/             |          |
|    actor_loss      | 4.19     |
|    critic_loss     | 0.0122   |
|    ent_coef        | 0.02     |
|    learning_rate   | 0.0003   |
|    n_updates       | 124347   |
---------------------------------
---------------------------------
| rollout/           |          |
|    ep_len_mean     | 132      |
|    ep_rew_mean     | -0.13    |
| time/              |          |
|    episodes        | 1532     |
|    fps             | 45       |
|    time_elapsed    | 1011     |
|    total_timesteps | 125630   |
| train/             |          |
|    actor_loss      | 3.94     |
|    critic_loss     | 0.0484   |
|    ent_coef        | 0.02     |
|    learning_rate   | 0.0003   |
|    n_updates       | 124629   |
---------------------------------
[success-rate] last 50 episodes: 8.0% reached goal
[actions] last 500 steps: linear mean=+0.02 std=0.60 | angular mean=-0.02 std=0.60 | spin-in-place frac=10.0%
---------------------------------
| rollout/           |          |
|    ep_len_mean     | 133      |
|    ep_rew_mean     | -0.34    |
| time/              |          |
|    episodes        | 1536     |
|    fps             | 45       |
|    time_elapsed    | 1022     |
|    total_timesteps | 126190   |
| train/             |          |
|    actor_loss      | 4.17     |
|    critic_loss     | 0.0174   |
|    ent_coef        | 0.02     |
|    learning_rate   | 0.0003   |
|    n_updates       | 125189   |
---------------------------------
---------------------------------
| rollout/           |          |
|    ep_len_mean     | 130      |
|    ep_rew_mean     | 0.0825   |
| time/              |          |
|    episodes        | 1540     |
|    fps             | 44       |
|    time_elapsed    | 1037     |
|    total_timesteps | 126472   |
| train/             |          |
|    actor_loss      | 3.99     |
|    critic_loss     | 0.0184   |
|    ent_coef        | 0.02     |
|    learning_rate   | 0.0003   |
|    n_updates       | 125471   |
---------------------------------
---------------------------------
| rollout/           |          |
|    ep_len_mean     | 130      |
|    ep_rew_mean     | 0.0771   |
| time/              |          |
|    episodes        | 1544     |
|    fps             | 44       |
|    time_elapsed    | 1052     |
|    total_timesteps | 127032   |
| train/             |          |
|    actor_loss      | 4        |
|    critic_loss     | 0.0184   |
|    ent_coef        | 0.02     |
|    learning_rate   | 0.0003   |
|    n_updates       | 126031   |
---------------------------------
---------------------------------
| rollout/           |          |
|    ep_len_mean     | 130      |
|    ep_rew_mean     | 0.084    |
| time/              |          |
|    episodes        | 1548     |
|    fps             | 44       |
|    time_elapsed    | 1068     |
|    total_timesteps | 127592   |
| train/             |          |
|    actor_loss      | 4.13     |
|    critic_loss     | 0.0271   |
|    ent_coef        | 0.02     |
|    learning_rate   | 0.0003   |
|    n_updates       | 126591   |
---------------------------------
[success-rate] last 50 episodes: 12.0% reached goal
[actions] last 500 steps: linear mean=+0.08 std=0.60 | angular mean=+0.17 std=0.56 | spin-in-place frac=9.4%
---------------------------------
| rollout/           |          |
|    ep_len_mean     | 130      |
|    ep_rew_mean     | 0.0817   |
| time/              |          |
|    episodes        | 1552     |
|    fps             | 44       |
|    time_elapsed    | 1082     |
|    total_timesteps | 128152   |
| train/             |          |
|    actor_loss      | 3.82     |
|    critic_loss     | 0.0294   |
|    ent_coef        | 0.02     |
|    learning_rate   | 0.0003   |
|    n_updates       | 127151   |
---------------------------------
---------------------------------
| rollout/           |          |
|    ep_len_mean     | 130      |
|    ep_rew_mean     | 0.097    |
| time/              |          |
|    episodes        | 1556     |
|    fps             | 44       |
|    time_elapsed    | 1090     |
|    total_timesteps | 128712   |
| train/             |          |
|    actor_loss      | 4.05     |
|    critic_loss     | 0.029    |
|    ent_coef        | 0.02     |
|    learning_rate   | 0.0003   |
|    n_updates       | 127711   |
---------------------------------
---------------------------------
| rollout/           |          |
|    ep_len_mean     | 130      |
|    ep_rew_mean     | 0.0929   |
| time/              |          |
|    episodes        | 1560     |
|    fps             | 44       |
|    time_elapsed    | 1099     |
|    total_timesteps | 129272   |
| train/             |          |
|    actor_loss      | 4.04     |
|    critic_loss     | 0.0248   |
|    ent_coef        | 0.02     |
|    learning_rate   | 0.0003   |
|    n_updates       | 128271   |
---------------------------------
---------------------------------
| rollout/           |          |
|    ep_len_mean     | 130      |
|    ep_rew_mean     | 0.109    |
| time/              |          |
|    episodes        | 1564     |
|    fps             | 44       |
|    time_elapsed    | 1112     |
|    total_timesteps | 129832   |
| train/             |          |
|    actor_loss      | 3.72     |
|    critic_loss     | 0.0149   |
|    ent_coef        | 0.02     |
|    learning_rate   | 0.0003   |
|    n_updates       | 128831   |
---------------------------------
[success-rate] last 50 episodes: 10.0% reached goal
[actions] last 500 steps: linear mean=-0.04 std=0.59 | angular mean=+0.10 std=0.58 | spin-in-place frac=9.2%
---------------------------------
| rollout/           |          |
|    ep_len_mean     | 130      |
|    ep_rew_mean     | 0.109    |
| time/              |          |
|    episodes        | 1568     |
|    fps             | 44       |
|    time_elapsed    | 1128     |
|    total_timesteps | 130392   |
| train/             |          |
|    actor_loss      | 3.92     |
|    critic_loss     | 0.0182   |
|    ent_coef        | 0.02     |
|    learning_rate   | 0.0003   |
|    n_updates       | 129391   |
---------------------------------
---------------------------------
| rollout/           |          |
|    ep_len_mean     | 130      |
|    ep_rew_mean     | 0.118    |
| time/              |          |
|    episodes        | 1572     |
|    fps             | 44       |
|    time_elapsed    | 1141     |
|    total_timesteps | 130952   |
| train/             |          |
|    actor_loss      | 4.01     |
|    critic_loss     | 0.0202   |
|    ent_coef        | 0.02     |
|    learning_rate   | 0.0003   |
|    n_updates       | 129951   |
---------------------------------
---------------------------------
| rollout/           |          |
|    ep_len_mean     | 130      |
|    ep_rew_mean     | 0.123    |
| time/              |          |
|    episodes        | 1576     |
|    fps             | 44       |
|    time_elapsed    | 1155     |
|    total_timesteps | 131373   |
| train/             |          |
|    actor_loss      | 3.82     |
|    critic_loss     | 0.0356   |
|    ent_coef        | 0.02     |
|    learning_rate   | 0.0003   |
|    n_updates       | 130372   |
---------------------------------
---------------------------------
| rollout/           |          |
|    ep_len_mean     | 129      |
|    ep_rew_mean     | 0.331    |
| time/              |          |
|    episodes        | 1580     |
|    fps             | 44       |
|    time_elapsed    | 1165     |
|    total_timesteps | 131794   |
| train/             |          |
|    actor_loss      | 3.9      |
|    critic_loss     | 0.00667  |
|    ent_coef        | 0.02     |
|    learning_rate   | 0.0003   |
|    n_updates       | 130793   |
---------------------------------
[success-rate] last 50 episodes: 8.0% reached goal
[actions] last 500 steps: linear mean=-0.08 std=0.57 | angular mean=-0.04 std=0.58 | spin-in-place frac=10.4%
---------------------------------
| rollout/           |          |
|    ep_len_mean     | 129      |
|    ep_rew_mean     | 0.332    |
| time/              |          |
|    episodes        | 1584     |
|    fps             | 44       |
|    time_elapsed    | 1172     |
|    total_timesteps | 132354   |
| train/             |          |
|    actor_loss      | 3.76     |
|    critic_loss     | 1.77     |
|    ent_coef        | 0.02     |
|    learning_rate   | 0.0003   |
|    n_updates       | 131353   |
---------------------------------
---------------------------------
| rollout/           |          |
|    ep_len_mean     | 127      |
|    ep_rew_mean     | 0.558    |
| time/              |          |
|    episodes        | 1588     |
|    fps             | 44       |
|    time_elapsed    | 1184     |
|    total_timesteps | 132775   |
| train/             |          |
|    actor_loss      | 3.61     |
|    critic_loss     | 0.015    |
|    ent_coef        | 0.02     |
|    learning_rate   | 0.0003   |
|    n_updates       | 131774   |
---------------------------------
---------------------------------
| rollout/           |          |
|    ep_len_mean     | 126      |
|    ep_rew_mean     | 0.757    |
| time/              |          |
|    episodes        | 1592     |
|    fps             | 44       |
|    time_elapsed    | 1198     |
|    total_timesteps | 133196   |
| train/             |          |
|    actor_loss      | 3.65     |
|    critic_loss     | 0.0539   |
|    ent_coef        | 0.02     |
|    learning_rate   | 0.0003   |
|    n_updates       | 132195   |
---------------------------------
---------------------------------
| rollout/           |          |
|    ep_len_mean     | 126      |
|    ep_rew_mean     | 0.757    |
| time/              |          |
|    episodes        | 1596     |
|    fps             | 44       |
|    time_elapsed    | 1207     |
|    total_timesteps | 133756   |
| train/             |          |
|    actor_loss      | 3.89     |
|    critic_loss     | 0.0441   |
|    ent_coef        | 0.02     |
|    learning_rate   | 0.0003   |
|    n_updates       | 132755   |
---------------------------------
[success-rate] last 50 episodes: 10.0% reached goal
[actions] last 500 steps: linear mean=+0.03 std=0.60 | angular mean=-0.26 std=0.54 | spin-in-place frac=6.8%
---------------------------------
| rollout/           |          |
|    ep_len_mean     | 126      |
|    ep_rew_mean     | 0.962    |
| time/              |          |
|    episodes        | 1600     |
|    fps             | 44       |
|    time_elapsed    | 1216     |
|    total_timesteps | 134292   |
| train/             |          |
|    actor_loss      | 3.7      |
|    critic_loss     | 0.0253   |
|    ent_coef        | 0.02     |
|    learning_rate   | 0.0003   |
|    n_updates       | 133291   |
---------------------------------
---------------------------------
| rollout/           |          |
|    ep_len_mean     | 126      |
|    ep_rew_mean     | 0.969    |
| time/              |          |
|    episodes        | 1604     |
|    fps             | 44       |
|    time_elapsed    | 1229     |
|    total_timesteps | 134852   |
| train/             |          |
|    actor_loss      | 3.72     |
|    critic_loss     | 0.0249   |
|    ent_coef        | 0.02     |
|    learning_rate   | 0.0003   |
|    n_updates       | 133851   |
---------------------------------
---------------------------------
| rollout/           |          |
|    ep_len_mean     | 126      |
|    ep_rew_mean     | 0.964    |
| time/              |          |
|    episodes        | 1608     |
|    fps             | 44       |
|    time_elapsed    | 1245     |
|    total_timesteps | 135412   |
| train/             |          |
|    actor_loss      | 3.59     |
|    critic_loss     | 0.0216   |
|    ent_coef        | 0.02     |
|    learning_rate   | 0.0003   |
|    n_updates       | 134411   |
---------------------------------
---------------------------------
| rollout/           |          |
|    ep_len_mean     | 126      |
|    ep_rew_mean     | 0.942    |
| time/              |          |
|    episodes        | 1612     |
|    fps             | 44       |
|    time_elapsed    | 1259     |
|    total_timesteps | 135833   |
| train/             |          |
|    actor_loss      | 3.69     |
|    critic_loss     | 0.0322   |
|    ent_coef        | 0.02     |
|    learning_rate   | 0.0003   |
|    n_updates       | 134832   |
---------------------------------
[success-rate] last 50 episodes: 12.0% reached goal
[actions] last 500 steps: linear mean=+0.00 std=0.60 | angular mean=-0.02 std=0.61 | spin-in-place frac=8.2%
---------------------------------
| rollout/           |          |
|    ep_len_mean     | 126      |
|    ep_rew_mean     | 0.943    |
| time/              |          |
|    episodes        | 1616     |
|    fps             | 44       |
|    time_elapsed    | 1274     |
|    total_timesteps | 136393   |
| train/             |          |
|    actor_loss      | 3.56     |
|    critic_loss     | 0.0242   |
|    ent_coef        | 0.02     |
|    learning_rate   | 0.0003   |
|    n_updates       | 135392   |
---------------------------------
---------------------------------
| rollout/           |          |
|    ep_len_mean     | 126      |
|    ep_rew_mean     | 0.935    |
| time/              |          |
|    episodes        | 1620     |
|    fps             | 44       |
|    time_elapsed    | 1287     |
|    total_timesteps | 136953   |
| train/             |          |
|    actor_loss      | 3.82     |
|    critic_loss     | 0.0139   |
|    ent_coef        | 0.02     |
|    learning_rate   | 0.0003   |
|    n_updates       | 135952   |
---------------------------------
---------------------------------
| rollout/           |          |
|    ep_len_mean     | 126      |
|    ep_rew_mean     | 0.939    |
| time/              |          |
|    episodes        | 1624     |
|    fps             | 44       |
|    time_elapsed    | 1299     |
|    total_timesteps | 137513   |
| train/             |          |
|    actor_loss      | 3.53     |
|    critic_loss     | 0.0429   |
|    ent_coef        | 0.02     |
|    learning_rate   | 0.0003   |
|    n_updates       | 136512   |
---------------------------------
[success-rate] last 50 episodes: 10.0% reached goal
[actions] last 500 steps: linear mean=+0.02 std=0.56 | angular mean=-0.02 std=0.63 | spin-in-place frac=10.6%
---------------------------------
| rollout/           |          |
|    ep_len_mean     | 127      |
|    ep_rew_mean     | 0.724    |
| time/              |          |
|    episodes        | 1628     |
|    fps             | 44       |
|    time_elapsed    | 1312     |
|    total_timesteps | 138073   |
| train/             |          |
|    actor_loss      | 3.71     |
|    critic_loss     | 1.48     |
|    ent_coef        | 0.02     |
|    learning_rate   | 0.0003   |
|    n_updates       | 137072   |
---------------------------------
---------------------------------
| rollout/           |          |
|    ep_len_mean     | 130      |
|    ep_rew_mean     | 0.295    |
| time/              |          |
|    episodes        | 1632     |
|    fps             | 44       |
|    time_elapsed    | 1323     |
|    total_timesteps | 138633   |
| train/             |          |
|    actor_loss      | 3.63     |
|    critic_loss     | 0.0192   |
|    ent_coef        | 0.02     |
|    learning_rate   | 0.0003   |
|    n_updates       | 137632   |
---------------------------------
---------------------------------
| rollout/           |          |
|    ep_len_mean     | 129      |
|    ep_rew_mean     | 0.502    |
| time/              |          |
|    episodes        | 1636     |
|    fps             | 44       |
|    time_elapsed    | 1333     |
|    total_timesteps | 139054   |
| train/             |          |
|    actor_loss      | 3.69     |
|    critic_loss     | 0.0246   |
|    ent_coef        | 0.02     |
|    learning_rate   | 0.0003   |
|    n_updates       | 138053   |
---------------------------------
---------------------------------
| rollout/           |          |
|    ep_len_mean     | 130      |
|    ep_rew_mean     | 0.297    |
| time/              |          |
|    episodes        | 1640     |
|    fps             | 44       |
|    time_elapsed    | 1343     |
|    total_timesteps | 139475   |
| train/             |          |
|    actor_loss      | 3.61     |
|    critic_loss     | 0.0176   |
|    ent_coef        | 0.02     |
|    learning_rate   | 0.0003   |
|    n_updates       | 138474   |
---------------------------------
[success-rate] last 50 episodes: 8.0% reached goal
[actions] last 500 steps: linear mean=+0.02 std=0.59 | angular mean=+0.01 std=0.61 | spin-in-place frac=12.2%
---------------------------------
| rollout/           |          |
|    ep_len_mean     | 130      |
|    ep_rew_mean     | 0.295    |
| time/              |          |
|    episodes        | 1644     |
|    fps             | 44       |
|    time_elapsed    | 1356     |
|    total_timesteps | 140035   |
| train/             |          |
|    actor_loss      | 3.62     |
|    critic_loss     | 0.0172   |
|    ent_coef        | 0.02     |
|    learning_rate   | 0.0003   |
|    n_updates       | 139034   |
---------------------------------
---------------------------------
| rollout/           |          |
|    ep_len_mean     | 130      |
|    ep_rew_mean     | 0.292    |
| time/              |          |
|    episodes        | 1648     |
|    fps             | 44       |
|    time_elapsed    | 1371     |
|    total_timesteps | 140595   |
| train/             |          |
|    actor_loss      | 3.47     |
|    critic_loss     | 1.51     |
|    ent_coef        | 0.02     |
|    learning_rate   | 0.0003   |
|    n_updates       | 139594   |
---------------------------------
---------------------------------
| rollout/           |          |
|    ep_len_mean     | 130      |
|    ep_rew_mean     | 0.28     |
| time/              |          |
|    episodes        | 1652     |
|    fps             | 44       |
|    time_elapsed    | 1382     |
|    total_timesteps | 141155   |
| train/             |          |
|    actor_loss      | 3.57     |
|    critic_loss     | 0.0253   |
|    ent_coef        | 0.02     |
|    learning_rate   | 0.0003   |
|    n_updates       | 140154   |
---------------------------------
---------------------------------
| rollout/           |          |
|    ep_len_mean     | 130      |
|    ep_rew_mean     | 0.279    |
| time/              |          |
|    episodes        | 1656     |
|    fps             | 44       |
|    time_elapsed    | 1392     |
|    total_timesteps | 141715   |
| train/             |          |
|    actor_loss      | 3.58     |
|    critic_loss     | 0.0213   |
|    ent_coef        | 0.02     |
|    learning_rate   | 0.0003   |
|    n_updates       | 140714   |
---------------------------------
[success-rate] last 50 episodes: 6.0% reached goal
[actions] last 500 steps: linear mean=+0.03 std=0.57 | angular mean=+0.05 std=0.58 | spin-in-place frac=11.4%
---------------------------------
| rollout/           |          |
|    ep_len_mean     | 130      |
|    ep_rew_mean     | 0.29     |
| time/              |          |
|    episodes        | 1660     |
|    fps             | 44       |
|    time_elapsed    | 1408     |
|    total_timesteps | 142275   |
| train/             |          |
|    actor_loss      | 3.57     |
|    critic_loss     | 0.0197   |
|    ent_coef        | 0.02     |
|    learning_rate   | 0.0003   |
|    n_updates       | 141274   |
---------------------------------
---------------------------------
| rollout/           |          |
|    ep_len_mean     | 130      |
|    ep_rew_mean     | 0.276    |
| time/              |          |
|    episodes        | 1664     |
|    fps             | 44       |
|    time_elapsed    | 1424     |
|    total_timesteps | 142835   |
| train/             |          |
|    actor_loss      | 3.53     |
|    critic_loss     | 0.0105   |
|    ent_coef        | 0.02     |
|    learning_rate   | 0.0003   |
|    n_updates       | 141834   |
---------------------------------
---------------------------------
| rollout/           |          |
|    ep_len_mean     | 129      |
|    ep_rew_mean     | 0.486    |
| time/              |          |
|    episodes        | 1668     |
|    fps             | 44       |
|    time_elapsed    | 1436     |
|    total_timesteps | 143256   |
| train/             |          |
|    actor_loss      | 3.62     |
|    critic_loss     | 0.0812   |
|    ent_coef        | 0.02     |
|    learning_rate   | 0.0003   |
|    n_updates       | 142255   |
---------------------------------
---------------------------------
| rollout/           |          |
|    ep_len_mean     | 129      |
|    ep_rew_mean     | 0.49     |
| time/              |          |
|    episodes        | 1672     |
|    fps             | 44       |
|    time_elapsed    | 1447     |
|    total_timesteps | 143816   |
| train/             |          |
|    actor_loss      | 3.48     |
|    critic_loss     | 0.0375   |
|    ent_coef        | 0.02     |
|    learning_rate   | 0.0003   |
|    n_updates       | 142815   |
---------------------------------
[success-rate] last 50 episodes: 6.0% reached goal
[actions] last 500 steps: linear mean=-0.02 std=0.60 | angular mean=+0.03 std=0.59 | spin-in-place frac=7.6%
---------------------------------
| rollout/           |          |
|    ep_len_mean     | 130      |
|    ep_rew_mean     | 0.276    |
| time/              |          |
|    episodes        | 1676     |
|    fps             | 44       |
|    time_elapsed    | 1460     |
|    total_timesteps | 144376   |
| train/             |          |
|    actor_loss      | 3.51     |
|    critic_loss     | 0.0506   |
|    ent_coef        | 0.02     |
|    learning_rate   | 0.0003   |
|    n_updates       | 143375   |
---------------------------------
---------------------------------
| rollout/           |          |
|    ep_len_mean     | 131      |
|    ep_rew_mean     | 0.0556   |
| time/              |          |
|    episodes        | 1680     |
|    fps             | 44       |
|    time_elapsed    | 1474     |
|    total_timesteps | 144936   |
| train/             |          |
|    actor_loss      | 3.59     |
|    critic_loss     | 0.0211   |
|    ent_coef        | 0.02     |
|    learning_rate   | 0.0003   |
|    n_updates       | 143935   |
---------------------------------
---------------------------------
| rollout/           |          |
|    ep_len_mean     | 131      |
|    ep_rew_mean     | 0.0647   |
| time/              |          |
|    episodes        | 1684     |
|    fps             | 44       |
|    time_elapsed    | 1484     |
|    total_timesteps | 145496   |
| train/             |          |
|    actor_loss      | 3.47     |
|    critic_loss     | 0.0154   |
|    ent_coef        | 0.02     |
|    learning_rate   | 0.0003   |
|    n_updates       | 144495   |
---------------------------------
---------------------------------
| rollout/           |          |
|    ep_len_mean     | 131      |
|    ep_rew_mean     | 0.047    |
| time/              |          |
|    episodes        | 1688     |
|    fps             | 44       |
|    time_elapsed    | 1495     |
|    total_timesteps | 145917   |
| train/             |          |
|    actor_loss      | 3.5      |
|    critic_loss     | 0.029    |
|    ent_coef        | 0.02     |
|    learning_rate   | 0.0003   |
|    n_updates       | 144916   |
---------------------------------
[success-rate] last 50 episodes: 6.0% reached goal
[actions] last 500 steps: linear mean=+0.00 std=0.58 | angular mean=-0.03 std=0.59 | spin-in-place frac=9.0%
---------------------------------
| rollout/           |          |
|    ep_len_mean     | 133      |
|    ep_rew_mean     | -0.154   |
| time/              |          |
|    episodes        | 1692     |
|    fps             | 44       |
|    time_elapsed    | 1506     |
|    total_timesteps | 146477   |
| train/             |          |
|    actor_loss      | 3.51     |
|    critic_loss     | 0.0215   |
|    ent_coef        | 0.02     |
|    learning_rate   | 0.0003   |
|    n_updates       | 145476   |
---------------------------------
---------------------------------
| rollout/           |          |
|    ep_len_mean     | 131      |
|    ep_rew_mean     | 0.064    |
| time/              |          |
|    episodes        | 1696     |
|    fps             | 44       |
|    time_elapsed    | 1516     |
|    total_timesteps | 146898   |
| train/             |          |
|    actor_loss      | 3.5      |
|    critic_loss     | 0.0255   |
|    ent_coef        | 0.02     |
|    learning_rate   | 0.0003   |
|    n_updates       | 145897   |
---------------------------------
---------------------------------
| rollout/           |          |
|    ep_len_mean     | 132      |
|    ep_rew_mean     | -0.133   |
| time/              |          |
|    episodes        | 1700     |
|    fps             | 44       |
|    time_elapsed    | 1531     |
|    total_timesteps | 147458   |
| train/             |          |
|    actor_loss      | 3.42     |
|    critic_loss     | 0.0143   |
|    ent_coef        | 0.02     |
|    learning_rate   | 0.0003   |
|    n_updates       | 146457   |
---------------------------------
---------------------------------
| rollout/           |          |
|    ep_len_mean     | 130      |
|    ep_rew_mean     | 0.0744   |
| time/              |          |
|    episodes        | 1704     |
|    fps             | 43       |
|    time_elapsed    | 1542     |
|    total_timesteps | 147879   |
| train/             |          |
|    actor_loss      | 3.56     |
|    critic_loss     | 0.0177   |
|    ent_coef        | 0.02     |
|    learning_rate   | 0.0003   |
|    n_updates       | 146878   |
---------------------------------
[success-rate] last 50 episodes: 8.0% reached goal
[actions] last 500 steps: linear mean=-0.03 std=0.58 | angular mean=-0.02 std=0.56 | spin-in-place frac=8.8%
---------------------------------
| rollout/           |          |
|    ep_len_mean     | 130      |
|    ep_rew_mean     | 0.0649   |
| time/              |          |
|    episodes        | 1708     |
|    fps             | 43       |
|    time_elapsed    | 1557     |
|    total_timesteps | 148439   |
| train/             |          |
|    actor_loss      | 3.54     |
|    critic_loss     | 0.0118   |
|    ent_coef        | 0.02     |
|    learning_rate   | 0.0003   |
|    n_updates       | 147438   |
---------------------------------
---------------------------------
| rollout/           |          |
|    ep_len_mean     | 130      |
|    ep_rew_mean     | 0.0697   |
| time/              |          |
|    episodes        | 1712     |
|    fps             | 43       |
|    time_elapsed    | 1565     |
|    total_timesteps | 148860   |
| train/             |          |
|    actor_loss      | 3.64     |
|    critic_loss     | 0.0289   |
|    ent_coef        | 0.02     |
|    learning_rate   | 0.0003   |
|    n_updates       | 147859   |
---------------------------------
---------------------------------
| rollout/           |          |
|    ep_len_mean     | 130      |
|    ep_rew_mean     | 0.0592   |
| time/              |          |
|    episodes        | 1716     |
|    fps             | 43       |
|    time_elapsed    | 1578     |
|    total_timesteps | 149420   |
| train/             |          |
|    actor_loss      | 3.6      |
|    critic_loss     | 0.0123   |
|    ent_coef        | 0.02     |
|    learning_rate   | 0.0003   |
|    n_updates       | 148419   |
---------------------------------
---------------------------------
| rollout/           |          |
|    ep_len_mean     | 130      |
|    ep_rew_mean     | 0.0576   |
| time/              |          |
|    episodes        | 1720     |
|    fps             | 43       |
|    time_elapsed    | 1591     |
|    total_timesteps | 149980   |
| train/             |          |
|    actor_loss      | 3.41     |
|    critic_loss     | 0.0119   |
|    ent_coef        | 0.02     |
|    learning_rate   | 0.0003   |
|    n_updates       | 148979   |
---------------------------------
[success-rate] last 50 episodes: 8.0% reached goal
[actions] last 500 steps: linear mean=-0.03 std=0.59 | angular mean=+0.07 std=0.58 | spin-in-place frac=7.8%
---------------------------------
| rollout/           |          |
|    ep_len_mean     | 130      |
|    ep_rew_mean     | 0.0517   |
| time/              |          |
|    episodes        | 1724     |
|    fps             | 43       |
|    time_elapsed    | 1603     |
|    total_timesteps | 150540   |
| train/             |          |
|    actor_loss      | 3.49     |
|    critic_loss     | 0.0244   |
|    ent_coef        | 0.02     |
|    learning_rate   | 0.0003   |
|    n_updates       | 149539   |
---------------------------------
---------------------------------
| rollout/           |          |
|    ep_len_mean     | 130      |
|    ep_rew_mean     | 0.0413   |
| time/              |          |
|    episodes        | 1728     |
|    fps             | 43       |
|    time_elapsed    | 1616     |
|    total_timesteps | 151100   |
| train/             |          |
|    actor_loss      | 3.5      |
|    critic_loss     | 0.0256   |
|    ent_coef        | 0.02     |
|    learning_rate   | 0.0003   |
|    n_updates       | 150099   |
---------------------------------
---------------------------------
| rollout/           |          |
|    ep_len_mean     | 130      |
|    ep_rew_mean     | 0.0497   |
| time/              |          |
|    episodes        | 1732     |
|    fps             | 44       |
|    time_elapsed    | 1627     |
|    total_timesteps | 151660   |
| train/             |          |
|    actor_loss      | 3.51     |
|    critic_loss     | 0.0193   |
|    ent_coef        | 0.02     |
|    learning_rate   | 0.0003   |
|    n_updates       | 150659   |
---------------------------------
[success-rate] last 50 episodes: 8.0% reached goal
[actions] last 500 steps: linear mean=+0.00 std=0.59 | angular mean=-0.06 std=0.60 | spin-in-place frac=11.8%
---------------------------------
| rollout/           |          |
|    ep_len_mean     | 132      |
|    ep_rew_mean     | -0.164   |
| time/              |          |
|    episodes        | 1736     |
|    fps             | 44       |
|    time_elapsed    | 1639     |
|    total_timesteps | 152220   |
| train/             |          |
|    actor_loss      | 3.28     |
|    critic_loss     | 1.45     |
|    ent_coef        | 0.02     |
|    learning_rate   | 0.0003   |
|    n_updates       | 151219   |
---------------------------------
---------------------------------
| rollout/           |          |
|    ep_len_mean     | 130      |
|    ep_rew_mean     | 0.0475   |
| time/              |          |
|    episodes        | 1740     |
|    fps             | 43       |
|    time_elapsed    | 1652     |
|    total_timesteps | 152502   |
| train/             |          |
|    actor_loss      | 3.55     |
|    critic_loss     | 0.0132   |
|    ent_coef        | 0.02     |
|    learning_rate   | 0.0003   |
|    n_updates       | 151501   |
---------------------------------
---------------------------------
| rollout/           |          |
|    ep_len_mean     | 130      |
|    ep_rew_mean     | 0.0423   |
| time/              |          |
|    episodes        | 1744     |
|    fps             | 43       |
|    time_elapsed    | 1665     |
|    total_timesteps | 153062   |
| train/             |          |
|    actor_loss      | 3.64     |
|    critic_loss     | 0.0231   |
|    ent_coef        | 0.02     |
|    learning_rate   | 0.0003   |
|    n_updates       | 152061   |
---------------------------------
---------------------------------
| rollout/           |          |
|    ep_len_mean     | 129      |
|    ep_rew_mean     | 0.261    |
| time/              |          |
|    episodes        | 1748     |
|    fps             | 43       |
|    time_elapsed    | 1673     |
|    total_timesteps | 153483   |
| train/             |          |
|    actor_loss      | 3.36     |
|    critic_loss     | 0.0158   |
|    ent_coef        | 0.02     |
|    learning_rate   | 0.0003   |
|    n_updates       | 152482   |
---------------------------------
[success-rate] last 50 episodes: 8.0% reached goal
[actions] last 500 steps: linear mean=+0.03 std=0.60 | angular mean=-0.01 std=0.56 | spin-in-place frac=7.4%
---------------------------------
| rollout/           |          |
|    ep_len_mean     | 129      |
|    ep_rew_mean     | 0.256    |
| time/              |          |
|    episodes        | 1752     |
|    fps             | 43       |
|    time_elapsed    | 1689     |
|    total_timesteps | 154043   |
| train/             |          |
|    actor_loss      | 3.53     |
|    critic_loss     | 0.0248   |
|    ent_coef        | 0.02     |
|    learning_rate   | 0.0003   |
|    n_updates       | 153042   |
---------------------------------
---------------------------------
| rollout/           |          |
|    ep_len_mean     | 129      |
|    ep_rew_mean     | 0.247    |
| time/              |          |
|    episodes        | 1756     |
|    fps             | 43       |
|    time_elapsed    | 1703     |
|    total_timesteps | 154603   |
| train/             |          |
|    actor_loss      | 3.27     |
|    critic_loss     | 0.0135   |
|    ent_coef        | 0.02     |
|    learning_rate   | 0.0003   |
|    n_updates       | 153602   |
---------------------------------
---------------------------------
| rollout/           |          |
|    ep_len_mean     | 126      |
|    ep_rew_mean     | 0.876    |
| time/              |          |
|    episodes        | 1760     |
|    fps             | 43       |
|    time_elapsed    | 1713     |
|    total_timesteps | 154862   |
| train/             |          |
|    actor_loss      | 3.55     |
|    critic_loss     | 0.0549   |
|    ent_coef        | 0.02     |
|    learning_rate   | 0.0003   |
|    n_updates       | 153861   |
---------------------------------
---------------------------------
| rollout/           |          |
|    ep_len_mean     | 126      |
|    ep_rew_mean     | 0.864    |
| time/              |          |
|    episodes        | 1764     |
|    fps             | 43       |
|    time_elapsed    | 1726     |
|    total_timesteps | 155422   |
| train/             |          |
|    actor_loss      | 3.37     |
|    critic_loss     | 0.158    |
|    ent_coef        | 0.02     |
|    learning_rate   | 0.0003   |
|    n_updates       | 154421   |
---------------------------------
---------------------------------
| rollout/           |          |
|    ep_len_mean     | 127      |
|    ep_rew_mean     | 0.654    |
| time/              |          |
|    episodes        | 1768     |
|    fps             | 43       |
|    time_elapsed    | 1742     |
|    total_timesteps | 155982   |
| train/             |          |
|    actor_loss      | 3.59     |
|    critic_loss     | 0.0584   |
|    ent_coef        | 0.02     |
|    learning_rate   | 0.0003   |
|    n_updates       | 154981   |
---------------------------------
[success-rate] last 50 episodes: 12.0% reached goal
[actions] last 500 steps: linear mean=+0.01 std=0.58 | angular mean=-0.03 std=0.57 | spin-in-place frac=9.2%
---------------------------------
| rollout/           |          |
|    ep_len_mean     | 127      |
|    ep_rew_mean     | 0.642    |
| time/              |          |
|    episodes        | 1772     |
|    fps             | 43       |
|    time_elapsed    | 1754     |
|    total_timesteps | 156542   |
| train/             |          |
|    actor_loss      | 3.44     |
|    critic_loss     | 0.0296   |
|    ent_coef        | 0.02     |
|    learning_rate   | 0.0003   |
|    n_updates       | 155541   |
---------------------------------
---------------------------------
| rollout/           |          |
|    ep_len_mean     | 127      |
|    ep_rew_mean     | 0.652    |
| time/              |          |
|    episodes        | 1776     |
|    fps             | 43       |
|    time_elapsed    | 1766     |
|    total_timesteps | 157102   |
| train/             |          |
|    actor_loss      | 3.39     |
|    critic_loss     | 0.027    |
|    ent_coef        | 0.02     |
|    learning_rate   | 0.0003   |
|    n_updates       | 156101   |
---------------------------------
---------------------------------
| rollout/           |          |
|    ep_len_mean     | 127      |
|    ep_rew_mean     | 0.673    |
| time/              |          |
|    episodes        | 1780     |
|    fps             | 43       |
|    time_elapsed    | 1777     |
|    total_timesteps | 157662   |
| train/             |          |
|    actor_loss      | 3.54     |
|    critic_loss     | 0.0217   |
|    ent_coef        | 0.02     |
|    learning_rate   | 0.0003   |
|    n_updates       | 156661   |
---------------------------------
[success-rate] last 50 episodes: 12.0% reached goal
[actions] last 500 steps: linear mean=-0.02 std=0.58 | angular mean=-0.10 std=0.59 | spin-in-place frac=8.0%
---------------------------------
| rollout/           |          |
|    ep_len_mean     | 127      |
|    ep_rew_mean     | 0.661    |
| time/              |          |
|    episodes        | 1784     |
|    fps             | 43       |
|    time_elapsed    | 1788     |
|    total_timesteps | 158222   |
| train/             |          |
|    actor_loss      | 3.62     |
|    critic_loss     | 0.0402   |
|    ent_coef        | 0.02     |
|    learning_rate   | 0.0003   |
|    n_updates       | 157221   |
---------------------------------
---------------------------------
| rollout/           |          |
|    ep_len_mean     | 127      |
|    ep_rew_mean     | 0.664    |
| time/              |          |
|    episodes        | 1788     |
|    fps             | 43       |
|    time_elapsed    | 1798     |
|    total_timesteps | 158643   |
| train/             |          |
|    actor_loss      | 3.49     |
|    critic_loss     | 0.0105   |
|    ent_coef        | 0.02     |
|    learning_rate   | 0.0003   |
|    n_updates       | 157642   |
---------------------------------
---------------------------------
| rollout/           |          |
|    ep_len_mean     | 127      |
|    ep_rew_mean     | 0.661    |
| time/              |          |
|    episodes        | 1792     |
|    fps             | 43       |
|    time_elapsed    | 1811     |
|    total_timesteps | 159203   |
| train/             |          |
|    actor_loss      | 3.45     |
|    critic_loss     | 1.54     |
|    ent_coef        | 0.02     |
|    learning_rate   | 0.0003   |
|    n_updates       | 158202   |
---------------------------------
---------------------------------
| rollout/           |          |
|    ep_len_mean     | 129      |
|    ep_rew_mean     | 0.452    |
| time/              |          |
|    episodes        | 1796     |
|    fps             | 43       |
|    time_elapsed    | 1822     |
|    total_timesteps | 159763   |
| train/             |          |
|    actor_loss      | 3.58     |
|    critic_loss     | 0.0357   |
|    ent_coef        | 0.02     |
|    learning_rate   | 0.0003   |
|    n_updates       | 158762   |
---------------------------------
[success-rate] last 50 episodes: 10.0% reached goal
[actions] last 500 steps: linear mean=+0.05 std=0.59 | angular mean=-0.26 std=0.54 | spin-in-place frac=9.6%
---------------------------------
| rollout/           |          |
|    ep_len_mean     | 129      |
|    ep_rew_mean     | 0.448    |
| time/              |          |
|    episodes        | 1800     |
|    fps             | 43       |
|    time_elapsed    | 1835     |
|    total_timesteps | 160323   |
| train/             |          |
|    actor_loss      | 3.56     |
|    critic_loss     | 0.0165   |
|    ent_coef        | 0.02     |
|    learning_rate   | 0.0003   |
|    n_updates       | 159322   |
---------------------------------
---------------------------------
| rollout/           |          |
|    ep_len_mean     | 130      |
|    ep_rew_mean     | 0.235    |
| time/              |          |
|    episodes        | 1804     |
|    fps             | 43       |
|    time_elapsed    | 1848     |
|    total_timesteps | 160883   |
| train/             |          |
|    actor_loss      | 3.5      |
|    critic_loss     | 0.517    |
|    ent_coef        | 0.02     |
|    learning_rate   | 0.0003   |
|    n_updates       | 159882   |
---------------------------------
---------------------------------
| rollout/           |          |
|    ep_len_mean     | 130      |
|    ep_rew_mean     | 0.237    |
| time/              |          |
|    episodes        | 1808     |
|    fps             | 43       |
|    time_elapsed    | 1861     |
|    total_timesteps | 161443   |
| train/             |          |
|    actor_loss      | 3.57     |
|    critic_loss     | 0.0214   |
|    ent_coef        | 0.02     |
|    learning_rate   | 0.0003   |
|    n_updates       | 160442   |
---------------------------------
[success-rate] last 50 episodes: 2.0% reached goal
[actions] last 500 steps: linear mean=+0.06 std=0.58 | angular mean=-0.02 std=0.56 | spin-in-place frac=10.4%
---------------------------------
| rollout/           |          |
|    ep_len_mean     | 131      |
|    ep_rew_mean     | 0.0333   |
| time/              |          |
|    episodes        | 1812     |
|    fps             | 43       |
|    time_elapsed    | 1875     |
|    total_timesteps | 162003   |
| train/             |          |
|    actor_loss      | 3.6      |
|    critic_loss     | 0.0208   |
|    ent_coef        | 0.02     |
|    learning_rate   | 0.0003   |
|    n_updates       | 161002   |
---------------------------------
---------------------------------
| rollout/           |          |
|    ep_len_mean     | 130      |
|    ep_rew_mean     | 0.259    |
| time/              |          |
|    episodes        | 1816     |
|    fps             | 43       |
|    time_elapsed    | 1889     |
|    total_timesteps | 162424   |
| train/             |          |
|    actor_loss      | 3.38     |
|    critic_loss     | 0.0614   |
|    ent_coef        | 0.02     |
|    learning_rate   | 0.0003   |
|    n_updates       | 161423   |
---------------------------------
---------------------------------
| rollout/           |          |
|    ep_len_mean     | 128      |
|    ep_rew_mean     | 0.684    |
| time/              |          |
|    episodes        | 1820     |
|    fps             | 43       |
|    time_elapsed    | 1901     |
|    total_timesteps | 162799   |
| train/             |          |
|    actor_loss      | 3.65     |
|    critic_loss     | 0.0595   |
|    ent_coef        | 0.02     |
|    learning_rate   | 0.0003   |
|    n_updates       | 161798   |
---------------------------------
---------------------------------
| rollout/           |          |
|    ep_len_mean     | 128      |
|    ep_rew_mean     | 0.702    |
| time/              |          |
|    episodes        | 1824     |
|    fps             | 43       |
|    time_elapsed    | 1912     |
|    total_timesteps | 163359   |
| train/             |          |
|    actor_loss      | 3.67     |
|    critic_loss     | 0.0327   |
|    ent_coef        | 0.02     |
|    learning_rate   | 0.0003   |
|    n_updates       | 162358   |
---------------------------------
---------------------------------
| rollout/           |          |
|    ep_len_mean     | 128      |
|    ep_rew_mean     | 0.714    |
| time/              |          |
|    episodes        | 1828     |
|    fps             | 43       |
|    time_elapsed    | 1923     |
|    total_timesteps | 163919   |
| train/             |          |
|    actor_loss      | 3.55     |
|    critic_loss     | 0.0118   |
|    ent_coef        | 0.02     |
|    learning_rate   | 0.0003   |
|    n_updates       | 162918   |
---------------------------------
[success-rate] last 50 episodes: 8.0% reached goal
[actions] last 500 steps: linear mean=+0.01 std=0.58 | angular mean=+0.04 std=0.57 | spin-in-place frac=10.0%
---------------------------------
| rollout/           |          |
|    ep_len_mean     | 128      |
|    ep_rew_mean     | 0.716    |
| time/              |          |
|    episodes        | 1832     |
|    fps             | 43       |
|    time_elapsed    | 1938     |
|    total_timesteps | 164479   |
| train/             |          |
|    actor_loss      | 3.38     |
|    critic_loss     | 0.0164   |
|    ent_coef        | 0.02     |
|    learning_rate   | 0.0003   |
|    n_updates       | 163478   |
---------------------------------
---------------------------------
| rollout/           |          |
|    ep_len_mean     | 128      |
|    ep_rew_mean     | 0.713    |
| time/              |          |
|    episodes        | 1836     |
|    fps             | 43       |
|    time_elapsed    | 1951     |
|    total_timesteps | 165039   |
| train/             |          |
|    actor_loss      | 3.39     |
|    critic_loss     | 0.026    |
|    ent_coef        | 0.02     |
|    learning_rate   | 0.0003   |
|    n_updates       | 164038   |
---------------------------------
---------------------------------
| rollout/           |          |
|    ep_len_mean     | 131      |
|    ep_rew_mean     | 0.284    |
| time/              |          |
|    episodes        | 1840     |
|    fps             | 43       |
|    time_elapsed    | 1964     |
|    total_timesteps | 165599   |
| train/             |          |
|    actor_loss      | 3.5      |
|    critic_loss     | 0.0359   |
|    ent_coef        | 0.02     |
|    learning_rate   | 0.0003   |
|    n_updates       | 164598   |
---------------------------------
[success-rate] last 50 episodes: 6.0% reached goal
[actions] last 500 steps: linear mean=-0.01 std=0.57 | angular mean=-0.09 std=0.57 | spin-in-place frac=9.0%
---------------------------------
| rollout/           |          |
|    ep_len_mean     | 131      |
|    ep_rew_mean     | 0.305    |
| time/              |          |
|    episodes        | 1844     |
|    fps             | 43       |
|    time_elapsed    | 1975     |
|    total_timesteps | 166159   |
| train/             |          |
|    actor_loss      | 3.59     |
|    critic_loss     | 0.0428   |
|    ent_coef        | 0.02     |
|    learning_rate   | 0.0003   |
|    n_updates       | 165158   |
---------------------------------
---------------------------------
| rollout/           |          |
|    ep_len_mean     | 131      |
|    ep_rew_mean     | 0.306    |
| time/              |          |
|    episodes        | 1848     |
|    fps             | 43       |
|    time_elapsed    | 1986     |
|    total_timesteps | 166580   |
| train/             |          |
|    actor_loss      | 3.49     |
|    critic_loss     | 0.0172   |
|    ent_coef        | 0.02     |
|    learning_rate   | 0.0003   |
|    n_updates       | 165579   |
---------------------------------
---------------------------------
| rollout/           |          |
|    ep_len_mean     | 131      |
|    ep_rew_mean     | 0.307    |
| time/              |          |
|    episodes        | 1852     |
|    fps             | 43       |
|    time_elapsed    | 2001     |
|    total_timesteps | 167140   |
| train/             |          |
|    actor_loss      | 3.6      |
|    critic_loss     | 0.0122   |
|    ent_coef        | 0.02     |
|    learning_rate   | 0.0003   |
|    n_updates       | 166139   |
---------------------------------
---------------------------------
| rollout/           |          |
|    ep_len_mean     | 131      |
|    ep_rew_mean     | 0.316    |
| time/              |          |
|    episodes        | 1856     |
|    fps             | 43       |
|    time_elapsed    | 2016     |
|    total_timesteps | 167700   |
| train/             |          |
|    actor_loss      | 3.49     |
|    critic_loss     | 0.0175   |
|    ent_coef        | 0.02     |
|    learning_rate   | 0.0003   |
|    n_updates       | 166699   |
---------------------------------
[success-rate] last 50 episodes: 8.0% reached goal
[actions] last 500 steps: linear mean=-0.00 std=0.61 | angular mean=-0.01 std=0.57 | spin-in-place frac=9.6%
---------------------------------
| rollout/           |          |
|    ep_len_mean     | 134      |
|    ep_rew_mean     | -0.316   |
| time/              |          |
|    episodes        | 1860     |
|    fps             | 43       |
|    time_elapsed    | 2032     |
|    total_timesteps | 168260   |
| train/             |          |
|    actor_loss      | 3.35     |
|    critic_loss     | 0.0431   |
|    ent_coef        | 0.02     |
|    learning_rate   | 0.0003   |
|    n_updates       | 167259   |
---------------------------------
---------------------------------
| rollout/           |          |
|    ep_len_mean     | 134      |
|    ep_rew_mean     | -0.295   |
| time/              |          |
|    episodes        | 1864     |
|    fps             | 43       |
|    time_elapsed    | 2043     |
|    total_timesteps | 168820   |
| train/             |          |
|    actor_loss      | 3.52     |
|    critic_loss     | 0.0244   |
|    ent_coef        | 0.02     |
|    learning_rate   | 0.0003   |
|    n_updates       | 167819   |
---------------------------------
---------------------------------
| rollout/           |          |
|    ep_len_mean     | 134      |
|    ep_rew_mean     | -0.305   |
| time/              |          |
|    episodes        | 1868     |
|    fps             | 43       |
|    time_elapsed    | 2059     |
|    total_timesteps | 169380   |
| train/             |          |
|    actor_loss      | 3.46     |
|    critic_loss     | 0.0383   |
|    ent_coef        | 0.02     |
|    learning_rate   | 0.0003   |
|    n_updates       | 168379   |
---------------------------------
---------------------------------
| rollout/           |          |
|    ep_len_mean     | 134      |
|    ep_rew_mean     | -0.311   |
| time/              |          |
|    episodes        | 1872     |
|    fps             | 43       |
|    time_elapsed    | 2074     |
|    total_timesteps | 169940   |
| train/             |          |
|    actor_loss      | 3.47     |
|    critic_loss     | 0.0137   |
|    ent_coef        | 0.02     |
|    learning_rate   | 0.0003   |
|    n_updates       | 168939   |
---------------------------------
[success-rate] last 50 episodes: 2.0% reached goal
[actions] last 500 steps: linear mean=-0.03 std=0.60 | angular mean=-0.03 std=0.55 | spin-in-place frac=9.0%
---------------------------------
| rollout/           |          |
|    ep_len_mean     | 134      |
|    ep_rew_mean     | -0.314   |
| time/              |          |
|    episodes        | 1876     |
|    fps             | 43       |
|    time_elapsed    | 2085     |
|    total_timesteps | 170500   |
| train/             |          |
|    actor_loss      | 3.62     |
|    critic_loss     | 0.0152   |
|    ent_coef        | 0.02     |
|    learning_rate   | 0.0003   |
|    n_updates       | 169499   |
---------------------------------
---------------------------------
| rollout/           |          |
|    ep_len_mean     | 134      |
|    ep_rew_mean     | -0.316   |
| time/              |          |
|    episodes        | 1880     |
|    fps             | 43       |
|    time_elapsed    | 2098     |
|    total_timesteps | 171060   |
| train/             |          |
|    actor_loss      | 3.52     |
|    critic_loss     | 0.0271   |
|    ent_coef        | 0.02     |
|    learning_rate   | 0.0003   |
|    n_updates       | 170059   |
---------------------------------
---------------------------------
| rollout/           |          |
|    ep_len_mean     | 131      |
|    ep_rew_mean     | 0.111    |
| time/              |          |
|    episodes        | 1884     |
|    fps             | 43       |
|    time_elapsed    | 2110     |
|    total_timesteps | 171342   |
| train/             |          |
|    actor_loss      | 3.56     |
|    critic_loss     | 0.585    |
|    ent_coef        | 0.02     |
|    learning_rate   | 0.0003   |
|    n_updates       | 170341   |
---------------------------------
---------------------------------
| rollout/           |          |
|    ep_len_mean     | 133      |
|    ep_rew_mean     | -0.0983  |
| time/              |          |
|    episodes        | 1888     |
|    fps             | 43       |
|    time_elapsed    | 2123     |
|    total_timesteps | 171902   |
| train/             |          |
|    actor_loss      | 3.7      |
|    critic_loss     | 0.0218   |
|    ent_coef        | 0.02     |
|    learning_rate   | 0.0003   |
|    n_updates       | 170901   |
---------------------------------
[success-rate] last 50 episodes: 6.0% reached goal
[actions] last 500 steps: linear mean=+0.03 std=0.58 | angular mean=-0.04 std=0.59 | spin-in-place frac=11.2%
---------------------------------
| rollout/           |          |
|    ep_len_mean     | 133      |
|    ep_rew_mean     | -0.0977  |
| time/              |          |
|    episodes        | 1892     |
|    fps             | 43       |
|    time_elapsed    | 2136     |
|    total_timesteps | 172462   |
| train/             |          |
|    actor_loss      | 3.57     |
|    critic_loss     | 0.047    |
|    ent_coef        | 0.02     |
|    learning_rate   | 0.0003   |
|    n_updates       | 171461   |
---------------------------------
---------------------------------
| rollout/           |          |
|    ep_len_mean     | 133      |
|    ep_rew_mean     | -0.0845  |
| time/              |          |
|    episodes        | 1896     |
|    fps             | 43       |
|    time_elapsed    | 2153     |
|    total_timesteps | 173022   |
| train/             |          |
|    actor_loss      | 3.7      |
|    critic_loss     | 0.0174   |
|    ent_coef        | 0.02     |
|    learning_rate   | 0.0003   |
|    n_updates       | 172021   |
---------------------------------
---------------------------------
| rollout/           |          |
|    ep_len_mean     | 133      |
|    ep_rew_mean     | -0.0876  |
| time/              |          |
|    episodes        | 1900     |
|    fps             | 43       |
|    time_elapsed    | 2164     |
|    total_timesteps | 173582   |
| train/             |          |
|    actor_loss      | 3.52     |
|    critic_loss     | 0.0224   |
|    ent_coef        | 0.02     |
|    learning_rate   | 0.0003   |
|    n_updates       | 172581   |
---------------------------------
[success-rate] last 50 episodes: 4.0% reached goal
[actions] last 500 steps: linear mean=-0.07 std=0.58 | angular mean=+0.02 std=0.60 | spin-in-place frac=9.0%
---------------------------------
| rollout/           |          |
|    ep_len_mean     | 133      |
|    ep_rew_mean     | -0.1     |
| time/              |          |
|    episodes        | 1904     |
|    fps             | 43       |
|    time_elapsed    | 2182     |
|    total_timesteps | 174142   |
| train/             |          |
|    actor_loss      | 3.59     |
|    critic_loss     | 0.131    |
|    ent_coef        | 0.02     |
|    learning_rate   | 0.0003   |
|    n_updates       | 173141   |
---------------------------------
---------------------------------
| rollout/           |          |
|    ep_len_mean     | 131      |
|    ep_rew_mean     | 0.103    |
| time/              |          |
|    episodes        | 1908     |
|    fps             | 43       |
|    time_elapsed    | 2194     |
|    total_timesteps | 174563   |
| train/             |          |
|    actor_loss      | 3.76     |
|    critic_loss     | 0.036    |
|    ent_coef        | 0.02     |
|    learning_rate   | 0.0003   |
|    n_updates       | 173562   |
---------------------------------
---------------------------------
| rollout/           |          |
|    ep_len_mean     | 131      |
|    ep_rew_mean     | 0.0892   |
| time/              |          |
|    episodes        | 1912     |
|    fps             | 43       |
|    time_elapsed    | 2205     |
|    total_timesteps | 175123   |
| train/             |          |
|    actor_loss      | 3.64     |
|    critic_loss     | 0.0261   |
|    ent_coef        | 0.02     |
|    learning_rate   | 0.0003   |
|    n_updates       | 174122   |
---------------------------------
---------------------------------
| rollout/           |          |
|    ep_len_mean     | 133      |
|    ep_rew_mean     | -0.14    |
| time/              |          |
|    episodes        | 1916     |
|    fps             | 43       |
|    time_elapsed    | 2218     |
|    total_timesteps | 175683   |
| train/             |          |
|    actor_loss      | 3.5      |
|    critic_loss     | 0.0181   |
|    ent_coef        | 0.02     |
|    learning_rate   | 0.0003   |
|    n_updates       | 174682   |
---------------------------------
[success-rate] last 50 episodes: 8.0% reached goal
[actions] last 500 steps: linear mean=-0.02 std=0.60 | angular mean=-0.04 std=0.59 | spin-in-place frac=7.6%
---------------------------------
| rollout/           |          |
|    ep_len_mean     | 133      |
|    ep_rew_mean     | -0.35    |
| time/              |          |
|    episodes        | 1920     |
|    fps             | 43       |
|    time_elapsed    | 2231     |
|    total_timesteps | 176104   |
| train/             |          |
|    actor_loss      | 3.63     |
|    critic_loss     | 0.0163   |
|    ent_coef        | 0.02     |
|    learning_rate   | 0.0003   |
|    n_updates       | 175103   |
---------------------------------
---------------------------------
| rollout/           |          |
|    ep_len_mean     | 133      |
|    ep_rew_mean     | -0.353   |
| time/              |          |
|    episodes        | 1924     |
|    fps             | 43       |
|    time_elapsed    | 2246     |
|    total_timesteps | 176664   |
| train/             |          |
|    actor_loss      | 3.43     |
|    critic_loss     | 0.425    |
|    ent_coef        | 0.02     |
|    learning_rate   | 0.0003   |
|    n_updates       | 175663   |
---------------------------------
---------------------------------
| rollout/           |          |
|    ep_len_mean     | 133      |
|    ep_rew_mean     | -0.351   |
| time/              |          |
|    episodes        | 1928     |
|    fps             | 43       |
|    time_elapsed    | 2257     |
|    total_timesteps | 177224   |
| train/             |          |
|    actor_loss      | 3.57     |
|    critic_loss     | 0.0303   |
|    ent_coef        | 0.02     |
|    learning_rate   | 0.0003   |
|    n_updates       | 176223   |
---------------------------------
---------------------------------
| rollout/           |          |
|    ep_len_mean     | 133      |
|    ep_rew_mean     | -0.35    |
| time/              |          |
|    episodes        | 1932     |
|    fps             | 43       |
|    time_elapsed    | 2270     |
|    total_timesteps | 177784   |
| train/             |          |
|    actor_loss      | 3.58     |
|    critic_loss     | 0.0389   |
|    ent_coef        | 0.02     |
|    learning_rate   | 0.0003   |
|    n_updates       | 176783   |
---------------------------------
[success-rate] last 50 episodes: 6.0% reached goal
[actions] last 500 steps: linear mean=+0.01 std=0.60 | angular mean=-0.00 std=0.59 | spin-in-place frac=10.6%
---------------------------------
| rollout/           |          |
|    ep_len_mean     | 131      |
|    ep_rew_mean     | 0.0722   |
| time/              |          |
|    episodes        | 1936     |
|    fps             | 43       |
|    time_elapsed    | 2281     |
|    total_timesteps | 178160   |
| train/             |          |
|    actor_loss      | 3.61     |
|    critic_loss     | 0.0115   |
|    ent_coef        | 0.02     |
|    learning_rate   | 0.0003   |
|    n_updates       | 177159   |
---------------------------------
---------------------------------
| rollout/           |          |
|    ep_len_mean     | 130      |
|    ep_rew_mean     | 0.291    |
| time/              |          |
|    episodes        | 1940     |
|    fps             | 42       |
|    time_elapsed    | 2293     |
|    total_timesteps | 178581   |
| train/             |          |
|    actor_loss      | 3.7      |
|    critic_loss     | 0.0209   |
|    ent_coef        | 0.02     |
|    learning_rate   | 0.0003   |
|    n_updates       | 177580   |
---------------------------------
---------------------------------
| rollout/           |          |
|    ep_len_mean     | 130      |
|    ep_rew_mean     | 0.278    |
| time/              |          |
|    episodes        | 1944     |
|    fps             | 42       |
|    time_elapsed    | 2309     |
|    total_timesteps | 179141   |
| train/             |          |
|    actor_loss      | 3.64     |
|    critic_loss     | 0.0228   |
|    ent_coef        | 0.02     |
|    learning_rate   | 0.0003   |
|    n_updates       | 178140   |
---------------------------------
---------------------------------
| rollout/           |          |
|    ep_len_mean     | 131      |
|    ep_rew_mean     | 0.0537   |
| time/              |          |
|    episodes        | 1948     |
|    fps             | 42       |
|    time_elapsed    | 2324     |
|    total_timesteps | 179701   |
| train/             |          |
|    actor_loss      | 3.56     |
|    critic_loss     | 0.753    |
|    ent_coef        | 0.02     |
|    learning_rate   | 0.0003   |
|    n_updates       | 178700   |
---------------------------------
---------------------------------
| rollout/           |          |
|    ep_len_mean     | 128      |
|    ep_rew_mean     | 0.496    |
| time/              |          |
|    episodes        | 1952     |
|    fps             | 42       |
|    time_elapsed    | 2338     |
|    total_timesteps | 179983   |
| train/             |          |
|    actor_loss      | 3.37     |
|    critic_loss     | 0.0219   |
|    ent_coef        | 0.02     |
|    learning_rate   | 0.0003   |
|    n_updates       | 178982   |
---------------------------------
[success-rate] last 50 episodes: 14.0% reached goal
[actions] last 500 steps: linear mean=+0.01 std=0.58 | angular mean=+0.06 std=0.60 | spin-in-place frac=9.2%
---------------------------------
| rollout/           |          |
|    ep_len_mean     | 128      |
|    ep_rew_mean     | 0.5      |
| time/              |          |
|    episodes        | 1956     |
|    fps             | 42       |
|    time_elapsed    | 2353     |
|    total_timesteps | 180543   |
| train/             |          |
|    actor_loss      | 3.57     |
|    critic_loss     | 0.0312   |
|    ent_coef        | 0.02     |
|    learning_rate   | 0.0003   |
|    n_updates       | 179542   |
---------------------------------
---------------------------------
| rollout/           |          |
|    ep_len_mean     | 127      |
|    ep_rew_mean     | 0.71     |
| time/              |          |
|    episodes        | 1960     |
|    fps             | 42       |
|    time_elapsed    | 2368     |
|    total_timesteps | 180964   |
| train/             |          |
|    actor_loss      | 3.6      |
|    critic_loss     | 0.0236   |
|    ent_coef        | 0.02     |
|    learning_rate   | 0.0003   |
|    n_updates       | 179963   |
---------------------------------
---------------------------------
| rollout/           |          |
|    ep_len_mean     | 127      |
|    ep_rew_mean     | 0.702    |
| time/              |          |
|    episodes        | 1964     |
|    fps             | 42       |
|    time_elapsed    | 2379     |
|    total_timesteps | 181524   |
| train/             |          |
|    actor_loss      | 3.64     |
|    critic_loss     | 0.0129   |
|    ent_coef        | 0.02     |
|    learning_rate   | 0.0003   |
|    n_updates       | 180523   |
---------------------------------
[success-rate] last 50 episodes: 14.0% reached goal
[actions] last 500 steps: linear mean=-0.00 std=0.59 | angular mean=-0.02 std=0.57 | spin-in-place frac=7.6%
---------------------------------
| rollout/           |          |
|    ep_len_mean     | 127      |
|    ep_rew_mean     | 0.712    |
| time/              |          |
|    episodes        | 1968     |
|    fps             | 42       |
|    time_elapsed    | 2393     |
|    total_timesteps | 182084   |
| train/             |          |
|    actor_loss      | 3.5      |
|    critic_loss     | 1.43     |
|    ent_coef        | 0.02     |
|    learning_rate   | 0.0003   |
|    n_updates       | 181083   |
---------------------------------
---------------------------------
| rollout/           |          |
|    ep_len_mean     | 127      |
|    ep_rew_mean     | 0.729    |
| time/              |          |
|    episodes        | 1972     |
|    fps             | 42       |
|    time_elapsed    | 2404     |
|    total_timesteps | 182644   |
| train/             |          |
|    actor_loss      | 3.73     |
|    critic_loss     | 0.0308   |
|    ent_coef        | 0.02     |
|    learning_rate   | 0.0003   |
|    n_updates       | 181643   |
---------------------------------
---------------------------------
| rollout/           |          |
|    ep_len_mean     | 127      |
|    ep_rew_mean     | 0.727    |
| time/              |          |
|    episodes        | 1976     |
|    fps             | 42       |
|    time_elapsed    | 2421     |
|    total_timesteps | 183204   |
| train/             |          |
|    actor_loss      | 3.58     |
|    critic_loss     | 0.0391   |
|    ent_coef        | 0.02     |
|    learning_rate   | 0.0003   |
|    n_updates       | 182203   |
---------------------------------
---------------------------------
| rollout/           |          |
|    ep_len_mean     | 127      |
|    ep_rew_mean     | 0.727    |
| time/              |          |
|    episodes        | 1980     |
|    fps             | 42       |
|    time_elapsed    | 2437     |
|    total_timesteps | 183764   |
| train/             |          |
|    actor_loss      | 3.38     |
|    critic_loss     | 0.894    |
|    ent_coef        | 0.02     |
|    learning_rate   | 0.0003   |
|    n_updates       | 182763   |
---------------------------------
[success-rate] last 50 episodes: 12.0% reached goal
[actions] last 500 steps: linear mean=-0.01 std=0.59 | angular mean=+0.05 std=0.59 | spin-in-place frac=10.2%
---------------------------------
| rollout/           |          |
|    ep_len_mean     | 128      |
|    ep_rew_mean     | 0.511    |
| time/              |          |
|    episodes        | 1984     |
|    fps             | 42       |
|    time_elapsed    | 2449     |
|    total_timesteps | 184185   |
| train/             |          |
|    actor_loss      | 3.75     |
|    critic_loss     | 0.0479   |
|    ent_coef        | 0.02     |
|    learning_rate   | 0.0003   |
|    n_updates       | 183184   |
---------------------------------
---------------------------------
| rollout/           |          |
|    ep_len_mean     | 128      |
|    ep_rew_mean     | 0.502    |
| time/              |          |
|    episodes        | 1988     |
|    fps             | 42       |
|    time_elapsed    | 2464     |
|    total_timesteps | 184745   |
| train/             |          |
|    actor_loss      | 3.56     |
|    critic_loss     | 0.57     |
|    ent_coef        | 0.02     |
|    learning_rate   | 0.0003   |
|    n_updates       | 183744   |
---------------------------------
---------------------------------
| rollout/           |          |
|    ep_len_mean     | 128      |
|    ep_rew_mean     | 0.499    |
| time/              |          |
|    episodes        | 1992     |
|    fps             | 42       |
|    time_elapsed    | 2481     |
|    total_timesteps | 185305   |
| train/             |          |
|    actor_loss      | 3.44     |
|    critic_loss     | 0.0132   |
|    ent_coef        | 0.02     |
|    learning_rate   | 0.0003   |
|    n_updates       | 184304   |
---------------------------------
---------------------------------
| rollout/           |          |
|    ep_len_mean     | 128      |
|    ep_rew_mean     | 0.485    |
| time/              |          |
|    episodes        | 1996     |
|    fps             | 42       |
|    time_elapsed    | 2495     |
|    total_timesteps | 185865   |
| train/             |          |
|    actor_loss      | 3.66     |
|    critic_loss     | 0.0462   |
|    ent_coef        | 0.02     |
|    learning_rate   | 0.0003   |
|    n_updates       | 184864   |
---------------------------------
[success-rate] last 50 episodes: 8.0% reached goal
[actions] last 500 steps: linear mean=-0.01 std=0.57 | angular mean=+0.04 std=0.58 | spin-in-place frac=9.2%
---------------------------------
| rollout/           |          |
|    ep_len_mean     | 128      |
|    ep_rew_mean     | 0.482    |
| time/              |          |
|    episodes        | 2000     |
|    fps             | 42       |
|    time_elapsed    | 2506     |
|    total_timesteps | 186425   |
| train/             |          |
|    actor_loss      | 3.53     |
|    critic_loss     | 0.0185   |
|    ent_coef        | 0.02     |
|    learning_rate   | 0.0003   |
|    n_updates       | 185424   |
---------------------------------
---------------------------------
| rollout/           |          |
|    ep_len_mean     | 127      |
|    ep_rew_mean     | 0.703    |
| time/              |          |
|    episodes        | 2004     |
|    fps             | 42       |
|    time_elapsed    | 2517     |
|    total_timesteps | 186846   |
| train/             |          |
|    actor_loss      | 3.57     |
|    critic_loss     | 0.0188   |
|    ent_coef        | 0.02     |
|    learning_rate   | 0.0003   |
|    n_updates       | 185845   |
---------------------------------
---------------------------------
| rollout/           |          |
|    ep_len_mean     | 128      |
|    ep_rew_mean     | 0.496    |
| time/              |          |
|    episodes        | 2008     |
|    fps             | 42       |
|    time_elapsed    | 2534     |
|    total_timesteps | 187406   |
| train/             |          |
|    actor_loss      | 3.86     |
|    critic_loss     | 0.0451   |
|    ent_coef        | 0.02     |
|    learning_rate   | 0.0003   |
|    n_updates       | 186405   |
---------------------------------
---------------------------------
| rollout/           |          |
|    ep_len_mean     | 128      |
|    ep_rew_mean     | 0.512    |
| time/              |          |
|    episodes        | 2012     |
|    fps             | 42       |
|    time_elapsed    | 2547     |
|    total_timesteps | 187966   |
| train/             |          |
|    actor_loss      | 3.71     |
|    critic_loss     | 0.032    |
|    ent_coef        | 0.02     |
|    learning_rate   | 0.0003   |
|    n_updates       | 186965   |
---------------------------------
[success-rate] last 50 episodes: 4.0% reached goal
[actions] last 500 steps: linear mean=+0.04 std=0.60 | angular mean=+0.07 std=0.58 | spin-in-place frac=9.0%
---------------------------------
| rollout/           |          |
|    ep_len_mean     | 128      |
|    ep_rew_mean     | 0.513    |
| time/              |          |
|    episodes        | 2016     |
|    fps             | 42       |
|    time_elapsed    | 2568     |
|    total_timesteps | 188526   |
| train/             |          |
|    actor_loss      | 3.88     |
|    critic_loss     | 0.0388   |
|    ent_coef        | 0.02     |
|    learning_rate   | 0.0003   |
|    n_updates       | 187525   |
---------------------------------
---------------------------------
| rollout/           |          |
|    ep_len_mean     | 130      |
|    ep_rew_mean     | 0.302    |
| time/              |          |
|    episodes        | 2020     |
|    fps             | 42       |
|    time_elapsed    | 2582     |
|    total_timesteps | 189086   |
| train/             |          |
|    actor_loss      | 3.64     |
|    critic_loss     | 0.0714   |
|    ent_coef        | 0.02     |
|    learning_rate   | 0.0003   |
|    n_updates       | 188085   |
---------------------------------
---------------------------------
| rollout/           |          |
|    ep_len_mean     | 130      |
|    ep_rew_mean     | 0.29     |
| time/              |          |
|    episodes        | 2024     |
|    fps             | 42       |
|    time_elapsed    | 2599     |
|    total_timesteps | 189646   |
| train/             |          |
|    actor_loss      | 3.68     |
|    critic_loss     | 0.026    |
|    ent_coef        | 0.02     |
|    learning_rate   | 0.0003   |
|    n_updates       | 188645   |
---------------------------------
[success-rate] last 50 episodes: 4.0% reached goal
[actions] last 500 steps: linear mean=-0.00 std=0.58 | angular mean=+0.08 std=0.59 | spin-in-place frac=11.6%
---------------------------------
| rollout/           |          |
|    ep_len_mean     | 130      |
|    ep_rew_mean     | 0.285    |
| time/              |          |
|    episodes        | 2028     |
|    fps             | 42       |
|    time_elapsed    | 2614     |
|    total_timesteps | 190206   |
| train/             |          |
|    actor_loss      | 3.68     |
|    critic_loss     | 0.025    |
|    ent_coef        | 0.02     |
|    learning_rate   | 0.0003   |
|    n_updates       | 189205   |
---------------------------------
---------------------------------
| rollout/           |          |
|    ep_len_mean     | 130      |
|    ep_rew_mean     | 0.281    |
| time/              |          |
|    episodes        | 2032     |
|    fps             | 42       |
|    time_elapsed    | 2629     |
|    total_timesteps | 190766   |
| train/             |          |
|    actor_loss      | 3.64     |
|    critic_loss     | 0.0221   |
|    ent_coef        | 0.02     |
|    learning_rate   | 0.0003   |
|    n_updates       | 189765   |
---------------------------------
---------------------------------
| rollout/           |          |
|    ep_len_mean     | 132      |
|    ep_rew_mean     | -0.132   |
| time/              |          |
|    episodes        | 2036     |
|    fps             | 42       |
|    time_elapsed    | 2643     |
|    total_timesteps | 191326   |
| train/             |          |
|    actor_loss      | 3.81     |
|    critic_loss     | 0.0613   |
|    ent_coef        | 0.02     |
|    learning_rate   | 0.0003   |
|    n_updates       | 190325   |
---------------------------------
---------------------------------
| rollout/           |          |
|    ep_len_mean     | 132      |
|    ep_rew_mean     | -0.141   |
| time/              |          |
|    episodes        | 2040     |
|    fps             | 42       |
|    time_elapsed    | 2655     |
|    total_timesteps | 191747   |
| train/             |          |
|    actor_loss      | 3.76     |
|    critic_loss     | 0.0432   |
|    ent_coef        | 0.02     |
|    learning_rate   | 0.0003   |
|    n_updates       | 190746   |
---------------------------------
[success-rate] last 50 episodes: 4.0% reached goal
[actions] last 500 steps: linear mean=-0.01 std=0.60 | angular mean=-0.05 std=0.56 | spin-in-place frac=8.2%
---------------------------------
| rollout/           |          |
|    ep_len_mean     | 132      |
|    ep_rew_mean     | -0.137   |
| time/              |          |
|    episodes        | 2044     |
|    fps             | 42       |
|    time_elapsed    | 2672     |
|    total_timesteps | 192307   |
| train/             |          |
|    actor_loss      | 3.61     |
|    critic_loss     | 0.621    |
|    ent_coef        | 0.02     |
|    learning_rate   | 0.0003   |
|    n_updates       | 191306   |
---------------------------------
---------------------------------
| rollout/           |          |
|    ep_len_mean     | 132      |
|    ep_rew_mean     | -0.133   |
| time/              |          |
|    episodes        | 2048     |
|    fps             | 42       |
|    time_elapsed    | 2683     |
|    total_timesteps | 192867   |
| train/             |          |
|    actor_loss      | 3.85     |
|    critic_loss     | 0.0151   |
|    ent_coef        | 0.02     |
|    learning_rate   | 0.0003   |
|    n_updates       | 191866   |
---------------------------------
---------------------------------
| rollout/           |          |
|    ep_len_mean     | 134      |
|    ep_rew_mean     | -0.56    |
| time/              |          |
|    episodes        | 2052     |
|    fps             | 42       |
|    time_elapsed    | 2696     |
|    total_timesteps | 193427   |
| train/             |          |
|    actor_loss      | 3.6      |
|    critic_loss     | 0.0273   |
|    ent_coef        | 0.02     |
|    learning_rate   | 0.0003   |
|    n_updates       | 192426   |
---------------------------------
---------------------------------
| rollout/           |          |
|    ep_len_mean     | 132      |
|    ep_rew_mean     | -0.14    |
| time/              |          |
|    episodes        | 2056     |
|    fps             | 41       |
|    time_elapsed    | 2708     |
|    total_timesteps | 193709   |
| train/             |          |
|    actor_loss      | 3.87     |
|    critic_loss     | 0.0209   |
|    ent_coef        | 0.02     |
|    learning_rate   | 0.0003   |
|    n_updates       | 192708   |
---------------------------------
[success-rate] last 50 episodes: 6.0% reached goal
[actions] last 500 steps: linear mean=+0.02 std=0.58 | angular mean=+0.10 std=0.57 | spin-in-place frac=9.6%
---------------------------------
| rollout/           |          |
|    ep_len_mean     | 133      |
|    ep_rew_mean     | -0.145   |
| time/              |          |
|    episodes        | 2060     |
|    fps             | 41       |
|    time_elapsed    | 2721     |
|    total_timesteps | 194244   |
| train/             |          |
|    actor_loss      | 3.66     |
|    critic_loss     | 0.0225   |
|    ent_coef        | 0.02     |
|    learning_rate   | 0.0003   |
|    n_updates       | 193243   |
---------------------------------
---------------------------------
| rollout/           |          |
|    ep_len_mean     | 131      |
|    ep_rew_mean     | 0.0691   |
| time/              |          |
|    episodes        | 2064     |
|    fps             | 41       |
|    time_elapsed    | 2734     |
|    total_timesteps | 194665   |
| train/             |          |
|    actor_loss      | 3.7      |
|    critic_loss     | 0.0258   |
|    ent_coef        | 0.02     |
|    learning_rate   | 0.0003   |
|    n_updates       | 193664   |
---------------------------------
---------------------------------
| rollout/           |          |
|    ep_len_mean     | 131      |
|    ep_rew_mean     | 0.0616   |
| time/              |          |
|    episodes        | 2068     |
|    fps             | 41       |
|    time_elapsed    | 2750     |
|    total_timesteps | 195225   |
| train/             |          |
|    actor_loss      | 3.82     |
|    critic_loss     | 0.0144   |
|    ent_coef        | 0.02     |
|    learning_rate   | 0.0003   |
|    n_updates       | 194224   |
---------------------------------
---------------------------------
| rollout/           |          |
|    ep_len_mean     | 131      |
|    ep_rew_mean     | 0.0458   |
| time/              |          |
|    episodes        | 2072     |
|    fps             | 41       |
|    time_elapsed    | 2767     |
|    total_timesteps | 195785   |
| train/             |          |
|    actor_loss      | 3.72     |
|    critic_loss     | 0.0273   |
|    ent_coef        | 0.02     |
|    learning_rate   | 0.0003   |
|    n_updates       | 194784   |
---------------------------------
[success-rate] last 50 episodes: 10.0% reached goal
[actions] last 500 steps: linear mean=-0.04 std=0.60 | angular mean=-0.06 std=0.57 | spin-in-place frac=7.6%
---------------------------------
| rollout/           |          |
|    ep_len_mean     | 131      |
|    ep_rew_mean     | 0.0527   |
| time/              |          |
|    episodes        | 2076     |
|    fps             | 41       |
|    time_elapsed    | 2780     |
|    total_timesteps | 196345   |
| train/             |          |
|    actor_loss      | 3.73     |
|    critic_loss     | 0.0339   |
|    ent_coef        | 0.02     |
|    learning_rate   | 0.0003   |
|    n_updates       | 195344   |
---------------------------------
---------------------------------
| rollout/           |          |
|    ep_len_mean     | 131      |
|    ep_rew_mean     | 0.0483   |
| time/              |          |
|    episodes        | 2080     |
|    fps             | 41       |
|    time_elapsed    | 2793     |
|    total_timesteps | 196905   |
| train/             |          |
|    actor_loss      | 3.68     |
|    critic_loss     | 0.0152   |
|    ent_coef        | 0.02     |
|    learning_rate   | 0.0003   |
|    n_updates       | 195904   |
---------------------------------
---------------------------------
| rollout/           |          |
|    ep_len_mean     | 133      |
|    ep_rew_mean     | -0.162   |
| time/              |          |
|    episodes        | 2084     |
|    fps             | 41       |
|    time_elapsed    | 2806     |
|    total_timesteps | 197465   |
| train/             |          |
|    actor_loss      | 3.76     |
|    critic_loss     | 0.0307   |
|    ent_coef        | 0.02     |
|    learning_rate   | 0.0003   |
|    n_updates       | 196464   |
---------------------------------
[success-rate] last 50 episodes: 10.0% reached goal
[actions] last 500 steps: linear mean=+0.05 std=0.58 | angular mean=+0.04 std=0.57 | spin-in-place frac=11.6%
---------------------------------
| rollout/           |          |
|    ep_len_mean     | 133      |
|    ep_rew_mean     | -0.152   |
| time/              |          |
|    episodes        | 2088     |
|    fps             | 41       |
|    time_elapsed    | 2823     |
|    total_timesteps | 198025   |
| train/             |          |
|    actor_loss      | 3.74     |
|    critic_loss     | 0.013    |
|    ent_coef        | 0.02     |
|    learning_rate   | 0.0003   |
|    n_updates       | 197024   |
---------------------------------
---------------------------------
| rollout/           |          |
|    ep_len_mean     | 133      |
|    ep_rew_mean     | -0.149   |
| time/              |          |
|    episodes        | 2092     |
|    fps             | 41       |
|    time_elapsed    | 2838     |
|    total_timesteps | 198585   |
| train/             |          |
|    actor_loss      | 3.79     |
|    critic_loss     | 0.0383   |
|    ent_coef        | 0.02     |
|    learning_rate   | 0.0003   |
|    n_updates       | 197584   |
---------------------------------
---------------------------------
| rollout/           |          |
|    ep_len_mean     | 133      |
|    ep_rew_mean     | -0.154   |
| time/              |          |
|    episodes        | 2096     |
|    fps             | 41       |
|    time_elapsed    | 2856     |
|    total_timesteps | 199145   |
| train/             |          |
|    actor_loss      | 3.81     |
|    critic_loss     | 0.0532   |
|    ent_coef        | 0.02     |
|    learning_rate   | 0.0003   |
|    n_updates       | 198144   |
---------------------------------
---------------------------------
| rollout/           |          |
|    ep_len_mean     | 133      |
|    ep_rew_mean     | -0.157   |
| time/              |          |
|    episodes        | 2100     |
|    fps             | 41       |
|    time_elapsed    | 2870     |
|    total_timesteps | 199705   |
| train/             |          |
|    actor_loss      | 3.63     |
|    critic_loss     | 0.0188   |
|    ent_coef        | 0.02     |
|    learning_rate   | 0.0003   |
|    n_updates       | 198704   |
---------------------------------
[success-rate] last 50 episodes: 8.0% reached goal
[actions] last 500 steps: linear mean=+0.02 std=0.57 | angular mean=+0.14 std=0.58 | spin-in-place frac=8.8%
=== STAGE s2 DONE: success_rate=10.00% (own difficulty) ===
=== STAGE s3: dist<=12 steps=200 timesteps=150000 ===
Wrapping the env with a `Monitor` wrapper
Wrapping the env in a DummyVecEnv.
resumed from /workspace/sac_baseline_s2.zip
---------------------------------
| rollout/           |          |
|    ep_len_mean     | 135      |
|    ep_rew_mean     | -0.367   |
| time/              |          |
|    episodes        | 2104     |
|    fps             | 45       |
|    time_elapsed    | 8        |
|    total_timesteps | 200400   |
| train/             |          |
|    actor_loss      | 1.76     |
|    critic_loss     | 0.00198  |
|    ent_coef        | 0.02     |
|    learning_rate   | 0.0003   |
|    n_updates       | 199399   |
---------------------------------
---------------------------------
| rollout/           |          |
|    ep_len_mean     | 138      |
|    ep_rew_mean     | -0.392   |
| time/              |          |
|    episodes        | 2108     |
|    fps             | 47       |
|    time_elapsed    | 25       |
|    total_timesteps | 201200   |
| train/             |          |
|    actor_loss      | 2.86     |
|    critic_loss     | 0.000921 |
|    ent_coef        | 0.02     |
|    learning_rate   | 0.0003   |
|    n_updates       | 200199   |
---------------------------------
[success-rate] last 10 episodes: 0.0% reached goal
[actions] last 500 steps: linear mean=-0.05 std=0.60 | angular mean=-0.06 std=0.58 | spin-in-place frac=9.6%
---------------------------------
| rollout/           |          |
|    ep_len_mean     | 140      |
|    ep_rew_mean     | -0.431   |
| time/              |          |
|    episodes        | 2112     |
|    fps             | 44       |
|    time_elapsed    | 44       |
|    total_timesteps | 202000   |
| train/             |          |
|    actor_loss      | 2.88     |
|    critic_loss     | 0.00125  |
|    ent_coef        | 0.02     |
|    learning_rate   | 0.0003   |
|    n_updates       | 200999   |
---------------------------------
---------------------------------
| rollout/           |          |
|    ep_len_mean     | 143      |
|    ep_rew_mean     | -0.446   |
| time/              |          |
|    episodes        | 2116     |
|    fps             | 45       |
|    time_elapsed    | 61       |
|    total_timesteps | 202800   |
| train/             |          |
|    actor_loss      | 2.53     |
|    critic_loss     | 0.000523 |
|    ent_coef        | 0.02     |
|    learning_rate   | 0.0003   |
|    n_updates       | 201799   |
---------------------------------
---------------------------------
| rollout/           |          |
|    ep_len_mean     | 145      |
|    ep_rew_mean     | -0.469   |
| time/              |          |
|    episodes        | 2120     |
|    fps             | 45       |
|    time_elapsed    | 78       |
|    total_timesteps | 203600   |
| train/             |          |
|    actor_loss      | 2.8      |
|    critic_loss     | 0.000498 |
|    ent_coef        | 0.02     |
|    learning_rate   | 0.0003   |
|    n_updates       | 202599   |
---------------------------------
[success-rate] last 20 episodes: 0.0% reached goal
[actions] last 500 steps: linear mean=-0.03 std=0.58 | angular mean=-0.15 std=0.60 | spin-in-place frac=10.2%
---------------------------------
| rollout/           |          |
|    ep_len_mean     | 147      |
|    ep_rew_mean     | -0.492   |
| time/              |          |
|    episodes        | 2124     |
|    fps             | 46       |
|    time_elapsed    | 94       |
|    total_timesteps | 204400   |
| train/             |          |
|    actor_loss      | 2.57     |
|    critic_loss     | 0.000906 |
|    ent_coef        | 0.02     |
|    learning_rate   | 0.0003   |
|    n_updates       | 203399   |
---------------------------------
---------------------------------
| rollout/           |          |
|    ep_len_mean     | 150      |
|    ep_rew_mean     | -0.522   |
| time/              |          |
|    episodes        | 2128     |
|    fps             | 45       |
|    time_elapsed    | 114      |
|    total_timesteps | 205200   |
| train/             |          |
|    actor_loss      | 2.55     |
|    critic_loss     | 0.00162  |
|    ent_coef        | 0.02     |
|    learning_rate   | 0.0003   |
|    n_updates       | 204199   |
---------------------------------
[success-rate] last 30 episodes: 0.0% reached goal
[actions] last 500 steps: linear mean=-0.00 std=0.59 | angular mean=+0.02 std=0.57 | spin-in-place frac=8.0%
---------------------------------
| rollout/           |          |
|    ep_len_mean     | 152      |
|    ep_rew_mean     | -0.549   |
| time/              |          |
|    episodes        | 2132     |
|    fps             | 44       |
|    time_elapsed    | 134      |
|    total_timesteps | 206000   |
| train/             |          |
|    actor_loss      | 2.27     |
|    critic_loss     | 0.00139  |
|    ent_coef        | 0.02     |
|    learning_rate   | 0.0003   |
|    n_updates       | 204999   |
---------------------------------
---------------------------------
| rollout/           |          |
|    ep_len_mean     | 155      |
|    ep_rew_mean     | -0.579   |
| time/              |          |
|    episodes        | 2136     |
|    fps             | 44       |
|    time_elapsed    | 151      |
|    total_timesteps | 206800   |
| train/             |          |
|    actor_loss      | 2.34     |
|    critic_loss     | 0.000758 |
|    ent_coef        | 0.02     |
|    learning_rate   | 0.0003   |
|    n_updates       | 205799   |
---------------------------------
---------------------------------
| rollout/           |          |
|    ep_len_mean     | 158      |
|    ep_rew_mean     | -0.805   |
| time/              |          |
|    episodes        | 2140     |
|    fps             | 44       |
|    time_elapsed    | 171      |
|    total_timesteps | 207600   |
| train/             |          |
|    actor_loss      | 2.24     |
|    critic_loss     | 0.000638 |
|    ent_coef        | 0.02     |
|    learning_rate   | 0.0003   |
|    n_updates       | 206599   |
---------------------------------
[success-rate] last 40 episodes: 0.0% reached goal
[actions] last 500 steps: linear mean=+0.01 std=0.60 | angular mean=-0.09 std=0.59 | spin-in-place frac=7.8%
---------------------------------
| rollout/           |          |
|    ep_len_mean     | 161      |
|    ep_rew_mean     | -0.829   |
| time/              |          |
|    episodes        | 2144     |
|    fps             | 45       |
|    time_elapsed    | 186      |
|    total_timesteps | 208400   |
| train/             |          |
|    actor_loss      | 1.95     |
|    critic_loss     | 0.000797 |
|    ent_coef        | 0.02     |
|    learning_rate   | 0.0003   |
|    n_updates       | 207399   |
---------------------------------
---------------------------------
| rollout/           |          |
|    ep_len_mean     | 163      |
|    ep_rew_mean     | -0.831   |
| time/              |          |
|    episodes        | 2148     |
|    fps             | 45       |
|    time_elapsed    | 200      |
|    total_timesteps | 209200   |
| train/             |          |
|    actor_loss      | 1.82     |
|    critic_loss     | 0.000545 |
|    ent_coef        | 0.02     |
|    learning_rate   | 0.0003   |
|    n_updates       | 208199   |
---------------------------------
[success-rate] last 50 episodes: 0.0% reached goal
[actions] last 500 steps: linear mean=-0.02 std=0.58 | angular mean=-0.02 std=0.59 | spin-in-place frac=12.0%
---------------------------------
| rollout/           |          |
|    ep_len_mean     | 166      |
|    ep_rew_mean     | -0.855   |
| time/              |          |
|    episodes        | 2152     |
|    fps             | 45       |
|    time_elapsed    | 217      |
|    total_timesteps | 210000   |
| train/             |          |
|    actor_loss      | 1.78     |
|    critic_loss     | 0.00146  |
|    ent_coef        | 0.02     |
|    learning_rate   | 0.0003   |
|    n_updates       | 208999   |
---------------------------------
---------------------------------
| rollout/           |          |
|    ep_len_mean     | 171      |
|    ep_rew_mean     | -1.31    |
| time/              |          |
|    episodes        | 2156     |
|    fps             | 45       |
|    time_elapsed    | 235      |
|    total_timesteps | 210800   |
| train/             |          |
|    actor_loss      | 1.73     |
|    critic_loss     | 0.00054  |
|    ent_coef        | 0.02     |
|    learning_rate   | 0.0003   |
|    n_updates       | 209799   |
---------------------------------
---------------------------------
| rollout/           |          |
|    ep_len_mean     | 173      |
|    ep_rew_mean     | -1.55    |
| time/              |          |
|    episodes        | 2160     |
|    fps             | 46       |
|    time_elapsed    | 251      |
|    total_timesteps | 211600   |
| train/             |          |
|    actor_loss      | 1.86     |
|    critic_loss     | 0.00221  |
|    ent_coef        | 0.02     |
|    learning_rate   | 0.0003   |
|    n_updates       | 210599   |
---------------------------------
[success-rate] last 50 episodes: 0.0% reached goal
[actions] last 500 steps: linear mean=-0.02 std=0.59 | angular mean=-0.09 std=0.59 | spin-in-place frac=10.4%
---------------------------------
| rollout/           |          |
|    ep_len_mean     | 177      |
|    ep_rew_mean     | -1.79    |
| time/              |          |
|    episodes        | 2164     |
|    fps             | 47       |
|    time_elapsed    | 262      |
|    total_timesteps | 212400   |
| train/             |          |
|    actor_loss      | 1.84     |
|    critic_loss     | 0.00121  |
|    ent_coef        | 0.02     |
|    learning_rate   | 0.0003   |
|    n_updates       | 211399   |
---------------------------------
---------------------------------
| rollout/           |          |
|    ep_len_mean     | 180      |
|    ep_rew_mean     | -1.83    |
| time/              |          |
|    episodes        | 2168     |
|    fps             | 46       |
|    time_elapsed    | 281      |
|    total_timesteps | 213200   |
| train/             |          |
|    actor_loss      | 1.65     |
|    critic_loss     | 0.00122  |
|    ent_coef        | 0.02     |
|    learning_rate   | 0.0003   |
|    n_updates       | 212199   |
---------------------------------
[success-rate] last 50 episodes: 0.0% reached goal
[actions] last 500 steps: linear mean=-0.04 std=0.58 | angular mean=+0.03 std=0.59 | spin-in-place frac=8.4%
---------------------------------
| rollout/           |          |
|    ep_len_mean     | 182      |
|    ep_rew_mean     | -1.83    |
| time/              |          |
|    episodes        | 2172     |
|    fps             | 46       |
|    time_elapsed    | 300      |
|    total_timesteps | 214000   |
| train/             |          |
|    actor_loss      | 1.67     |
|    critic_loss     | 0.0183   |
|    ent_coef        | 0.02     |
|    learning_rate   | 0.0003   |
|    n_updates       | 212999   |
---------------------------------
---------------------------------
| rollout/           |          |
|    ep_len_mean     | 184      |
|    ep_rew_mean     | -1.86    |
| time/              |          |
|    episodes        | 2176     |
|    fps             | 46       |
|    time_elapsed    | 316      |
|    total_timesteps | 214800   |
| train/             |          |
|    actor_loss      | 1.85     |
|    critic_loss     | 0.00359  |
|    ent_coef        | 0.02     |
|    learning_rate   | 0.0003   |
|    n_updates       | 213799   |
---------------------------------
---------------------------------
| rollout/           |          |
|    ep_len_mean     | 187      |
|    ep_rew_mean     | -1.9     |
| time/              |          |
|    episodes        | 2180     |
|    fps             | 46       |
|    time_elapsed    | 333      |
|    total_timesteps | 215600   |
| train/             |          |
|    actor_loss      | 1.65     |
|    critic_loss     | 0.00206  |
|    ent_coef        | 0.02     |
|    learning_rate   | 0.0003   |
|    n_updates       | 214599   |
---------------------------------
[success-rate] last 50 episodes: 0.0% reached goal
[actions] last 500 steps: linear mean=+0.01 std=0.60 | angular mean=+0.06 std=0.60 | spin-in-place frac=9.0%
---------------------------------
| rollout/           |          |
|    ep_len_mean     | 189      |
|    ep_rew_mean     | -1.93    |
| time/              |          |
|    episodes        | 2184     |
|    fps             | 46       |
|    time_elapsed    | 355      |
|    total_timesteps | 216400   |
| train/             |          |
|    actor_loss      | 1.56     |
|    critic_loss     | 0.0015   |
|    ent_coef        | 0.02     |
|    learning_rate   | 0.0003   |
|    n_updates       | 215399   |
---------------------------------
---------------------------------
| rollout/           |          |
|    ep_len_mean     | 190      |
|    ep_rew_mean     | -1.71    |
| time/              |          |
|    episodes        | 2188     |
|    fps             | 45       |
|    time_elapsed    | 372      |
|    total_timesteps | 217001   |
| train/             |          |
|    actor_loss      | 1.68     |
|    critic_loss     | 0.00174  |
|    ent_coef        | 0.02     |
|    learning_rate   | 0.0003   |
|    n_updates       | 216000   |
---------------------------------
---------------------------------
| rollout/           |          |
|    ep_len_mean     | 192      |
|    ep_rew_mean     | -1.75    |
| time/              |          |
|    episodes        | 2192     |
|    fps             | 45       |
|    time_elapsed    | 393      |
|    total_timesteps | 217801   |
| train/             |          |
|    actor_loss      | 1.53     |
|    critic_loss     | 0.002    |
|    ent_coef        | 0.02     |
|    learning_rate   | 0.0003   |
|    n_updates       | 216800   |
---------------------------------
[success-rate] last 50 episodes: 2.0% reached goal
[actions] last 500 steps: linear mean=+0.04 std=0.59 | angular mean=+0.04 std=0.58 | spin-in-place frac=8.8%
---------------------------------
| rollout/           |          |
|    ep_len_mean     | 194      |
|    ep_rew_mean     | -1.76    |
| time/              |          |
|    episodes        | 2196     |
|    fps             | 45       |
|    time_elapsed    | 412      |
|    total_timesteps | 218601   |
| train/             |          |
|    actor_loss      | 1.57     |
|    critic_loss     | 0.00306  |
|    ent_coef        | 0.02     |
|    learning_rate   | 0.0003   |
|    n_updates       | 217600   |
---------------------------------
---------------------------------
| rollout/           |          |
|    ep_len_mean     | 197      |
|    ep_rew_mean     | -1.78    |
| time/              |          |
|    episodes        | 2200     |
|    fps             | 45       |
|    time_elapsed    | 427      |
|    total_timesteps | 219401   |
| train/             |          |
|    actor_loss      | 1.55     |
|    critic_loss     | 0.0147   |
|    ent_coef        | 0.02     |
|    learning_rate   | 0.0003   |
|    n_updates       | 218400   |
---------------------------------
[success-rate] last 50 episodes: 2.0% reached goal
[actions] last 500 steps: linear mean=-0.01 std=0.57 | angular mean=-0.02 std=0.58 | spin-in-place frac=13.0%
---------------------------------
| rollout/           |          |
|    ep_len_mean     | 198      |
|    ep_rew_mean     | -1.8     |
| time/              |          |
|    episodes        | 2204     |
|    fps             | 45       |
|    time_elapsed    | 442      |
|    total_timesteps | 220201   |
| train/             |          |
|    actor_loss      | 1.41     |
|    critic_loss     | 0.00353  |
|    ent_coef        | 0.02     |
|    learning_rate   | 0.0003   |
|    n_updates       | 219200   |
---------------------------------
---------------------------------
| rollout/           |          |
|    ep_len_mean     | 198      |
|    ep_rew_mean     | -1.81    |
| time/              |          |
|    episodes        | 2208     |
|    fps             | 45       |
|    time_elapsed    | 460      |
|    total_timesteps | 221001   |
| train/             |          |
|    actor_loss      | 1.53     |
|    critic_loss     | 0.00119  |
|    ent_coef        | 0.02     |
|    learning_rate   | 0.0003   |
|    n_updates       | 220000   |
---------------------------------
---------------------------------
| rollout/           |          |
|    ep_len_mean     | 198      |
|    ep_rew_mean     | -1.8     |
| time/              |          |
|    episodes        | 2212     |
|    fps             | 45       |
|    time_elapsed    | 479      |
|    total_timesteps | 221801   |
| train/             |          |
|    actor_loss      | 1.31     |
|    critic_loss     | 0.00149  |
|    ent_coef        | 0.02     |
|    learning_rate   | 0.0003   |
|    n_updates       | 220800   |
---------------------------------
[success-rate] last 50 episodes: 2.0% reached goal
[actions] last 500 steps: linear mean=+0.02 std=0.57 | angular mean=-0.04 std=0.58 | spin-in-place frac=9.8%
---------------------------------
| rollout/           |          |
|    ep_len_mean     | 198      |
|    ep_rew_mean     | -1.81    |
| time/              |          |
|    episodes        | 2216     |
|    fps             | 45       |
|    time_elapsed    | 498      |
|    total_timesteps | 222601   |
| train/             |          |
|    actor_loss      | 1.28     |
|    critic_loss     | 0.00266  |
|    ent_coef        | 0.02     |
|    learning_rate   | 0.0003   |
|    n_updates       | 221600   |
---------------------------------
---------------------------------
| rollout/           |          |
|    ep_len_mean     | 198      |
|    ep_rew_mean     | -1.83    |
| time/              |          |
|    episodes        | 2220     |
|    fps             | 45       |
|    time_elapsed    | 519      |
|    total_timesteps | 223401   |
| train/             |          |
|    actor_loss      | 1.48     |
|    critic_loss     | 0.017    |
|    ent_coef        | 0.02     |
|    learning_rate   | 0.0003   |
|    n_updates       | 222400   |
---------------------------------
[success-rate] last 50 episodes: 2.0% reached goal
[actions] last 500 steps: linear mean=+0.02 std=0.57 | angular mean=-0.01 std=0.57 | spin-in-place frac=9.6%
---------------------------------
| rollout/           |          |
|    ep_len_mean     | 198      |
|    ep_rew_mean     | -1.85    |
| time/              |          |
|    episodes        | 2224     |
|    fps             | 45       |
|    time_elapsed    | 534      |
|    total_timesteps | 224201   |
| train/             |          |
|    actor_loss      | 1.23     |
|    critic_loss     | 0.00681  |
|    ent_coef        | 0.02     |
|    learning_rate   | 0.0003   |
|    n_updates       | 223200   |
---------------------------------
---------------------------------
| rollout/           |          |
|    ep_len_mean     | 196      |
|    ep_rew_mean     | -1.61    |
| time/              |          |
|    episodes        | 2228     |
|    fps             | 45       |
|    time_elapsed    | 542      |
|    total_timesteps | 224802   |
| train/             |          |
|    actor_loss      | 1.46     |
|    critic_loss     | 0.00231  |
|    ent_coef        | 0.02     |
|    learning_rate   | 0.0003   |
|    n_updates       | 223801   |
---------------------------------
---------------------------------
| rollout/           |          |
|    ep_len_mean     | 194      |
|    ep_rew_mean     | -1.41    |
| time/              |          |
|    episodes        | 2232     |
|    fps             | 45       |
|    time_elapsed    | 558      |
|    total_timesteps | 225403   |
| train/             |          |
|    actor_loss      | 1.25     |
|    critic_loss     | 0.00381  |
|    ent_coef        | 0.02     |
|    learning_rate   | 0.0003   |
|    n_updates       | 224402   |
---------------------------------
[success-rate] last 50 episodes: 6.0% reached goal
[actions] last 500 steps: linear mean=+0.09 std=0.55 | angular mean=-0.04 std=0.59 | spin-in-place frac=11.8%
---------------------------------
| rollout/           |          |
|    ep_len_mean     | 194      |
|    ep_rew_mean     | -1.41    |
| time/              |          |
|    episodes        | 2236     |
|    fps             | 45       |
|    time_elapsed    | 575      |
|    total_timesteps | 226203   |
| train/             |          |
|    actor_loss      | 1.26     |
|    critic_loss     | 0.0181   |
|    ent_coef        | 0.02     |
|    learning_rate   | 0.0003   |
|    n_updates       | 225202   |
---------------------------------
---------------------------------
| rollout/           |          |
|    ep_len_mean     | 194      |
|    ep_rew_mean     | -1.4     |
| time/              |          |
|    episodes        | 2240     |
|    fps             | 45       |
|    time_elapsed    | 593      |
|    total_timesteps | 227003   |
| train/             |          |
|    actor_loss      | 1.43     |
|    critic_loss     | 1.37     |
|    ent_coef        | 0.02     |
|    learning_rate   | 0.0003   |
|    n_updates       | 226002   |
---------------------------------
---------------------------------
| rollout/           |          |
|    ep_len_mean     | 194      |
|    ep_rew_mean     | -1.41    |
| time/              |          |
|    episodes        | 2244     |
|    fps             | 45       |
|    time_elapsed    | 610      |
|    total_timesteps | 227803   |
| train/             |          |
|    actor_loss      | 1.29     |
|    critic_loss     | 0.00366  |
|    ent_coef        | 0.02     |
|    learning_rate   | 0.0003   |
|    n_updates       | 226802   |
---------------------------------
[success-rate] last 50 episodes: 4.0% reached goal
[actions] last 500 steps: linear mean=+0.06 std=0.57 | angular mean=-0.04 std=0.57 | spin-in-place frac=11.8%
---------------------------------
| rollout/           |          |
|    ep_len_mean     | 194      |
|    ep_rew_mean     | -1.42    |
| time/              |          |
|    episodes        | 2248     |
|    fps             | 45       |
|    time_elapsed    | 625      |
|    total_timesteps | 228603   |
| train/             |          |
|    actor_loss      | 1.29     |
|    critic_loss     | 0.0025   |
|    ent_coef        | 0.02     |
|    learning_rate   | 0.0003   |
|    n_updates       | 227602   |
---------------------------------
---------------------------------
| rollout/           |          |
|    ep_len_mean     | 194      |
|    ep_rew_mean     | -1.42    |
| time/              |          |
|    episodes        | 2252     |
|    fps             | 45       |
|    time_elapsed    | 642      |
|    total_timesteps | 229403   |
| train/             |          |
|    actor_loss      | 1.41     |
|    critic_loss     | 0.0237   |
|    ent_coef        | 0.02     |
|    learning_rate   | 0.0003   |
|    n_updates       | 228402   |
---------------------------------
[success-rate] last 50 episodes: 4.0% reached goal
[actions] last 500 steps: linear mean=+0.02 std=0.58 | angular mean=-0.07 std=0.61 | spin-in-place frac=11.4%
---------------------------------
| rollout/           |          |
|    ep_len_mean     | 194      |
|    ep_rew_mean     | -1.4     |
| time/              |          |
|    episodes        | 2256     |
|    fps             | 45       |
|    time_elapsed    | 661      |
|    total_timesteps | 230203   |
| train/             |          |
|    actor_loss      | 1.23     |
|    critic_loss     | 0.00315  |
|    ent_coef        | 0.02     |
|    learning_rate   | 0.0003   |
|    n_updates       | 229202   |
---------------------------------
---------------------------------
| rollout/           |          |
|    ep_len_mean     | 192      |
|    ep_rew_mean     | -1.17    |
| time/              |          |
|    episodes        | 2260     |
|    fps             | 45       |
|    time_elapsed    | 678      |
|    total_timesteps | 230804   |
| train/             |          |
|    actor_loss      | 1.32     |
|    critic_loss     | 0.00321  |
|    ent_coef        | 0.02     |
|    learning_rate   | 0.0003   |
|    n_updates       | 229803   |
---------------------------------
---------------------------------
| rollout/           |          |
|    ep_len_mean     | 192      |
|    ep_rew_mean     | -1.17    |
| time/              |          |
|    episodes        | 2264     |
|    fps             | 45       |
|    time_elapsed    | 695      |
|    total_timesteps | 231604   |
| train/             |          |
|    actor_loss      | 1.31     |
|    critic_loss     | 0.0176   |
|    ent_coef        | 0.02     |
|    learning_rate   | 0.0003   |
|    n_updates       | 230603   |
---------------------------------
[success-rate] last 50 episodes: 8.0% reached goal
[actions] last 500 steps: linear mean=+0.01 std=0.60 | angular mean=+0.05 std=0.60 | spin-in-place frac=8.0%
---------------------------------
| rollout/           |          |
|    ep_len_mean     | 190      |
|    ep_rew_mean     | -0.943   |
| time/              |          |
|    episodes        | 2268     |
|    fps             | 45       |
|    time_elapsed    | 710      |
|    total_timesteps | 232205   |
| train/             |          |
|    actor_loss      | 1.47     |
|    critic_loss     | 0.00895  |
|    ent_coef        | 0.02     |
|    learning_rate   | 0.0003   |
|    n_updates       | 231204   |
---------------------------------
---------------------------------
| rollout/           |          |
|    ep_len_mean     | 190      |
|    ep_rew_mean     | -0.945   |
| time/              |          |
|    episodes        | 2272     |
|    fps             | 45       |
|    time_elapsed    | 732      |
|    total_timesteps | 233005   |
| train/             |          |
|    actor_loss      | 1.47     |
|    critic_loss     | 0.0182   |
|    ent_coef        | 0.02     |
|    learning_rate   | 0.0003   |
|    n_updates       | 232004   |
---------------------------------
---------------------------------
| rollout/           |          |
|    ep_len_mean     | 190      |
|    ep_rew_mean     | -0.949   |
| time/              |          |
|    episodes        | 2276     |
|    fps             | 45       |
|    time_elapsed    | 749      |
|    total_timesteps | 233805   |
| train/             |          |
|    actor_loss      | 1.21     |
|    critic_loss     | 0.0038   |
|    ent_coef        | 0.02     |
|    learning_rate   | 0.0003   |
|    n_updates       | 232804   |
---------------------------------
[success-rate] last 50 episodes: 6.0% reached goal
[actions] last 500 steps: linear mean=-0.04 std=0.59 | angular mean=+0.01 std=0.60 | spin-in-place frac=10.2%
---------------------------------
| rollout/           |          |
|    ep_len_mean     | 189      |
|    ep_rew_mean     | -0.714   |
| time/              |          |
|    episodes        | 2280     |
|    fps             | 45       |
|    time_elapsed    | 762      |
|    total_timesteps | 234509   |
| train/             |          |
|    actor_loss      | 1.39     |
|    critic_loss     | 0.00793  |
|    ent_coef        | 0.02     |
|    learning_rate   | 0.0003   |
|    n_updates       | 233508   |
---------------------------------
---------------------------------
| rollout/           |          |
|    ep_len_mean     | 185      |
|    ep_rew_mean     | -0.27    |
| time/              |          |
|    episodes        | 2284     |
|    fps             | 45       |
|    time_elapsed    | 774      |
|    total_timesteps | 234911   |
| train/             |          |
|    actor_loss      | 1.26     |
|    critic_loss     | 0.0112   |
|    ent_coef        | 0.02     |
|    learning_rate   | 0.0003   |
|    n_updates       | 233910   |
---------------------------------
---------------------------------
| rollout/           |          |
|    ep_len_mean     | 187      |
|    ep_rew_mean     | -0.51    |
| time/              |          |
|    episodes        | 2288     |
|    fps             | 45       |
|    time_elapsed    | 790      |
|    total_timesteps | 235711   |
| train/             |          |
|    actor_loss      | 1.47     |
|    critic_loss     | 0.0109   |
|    ent_coef        | 0.02     |
|    learning_rate   | 0.0003   |
|    n_updates       | 234710   |
---------------------------------
[success-rate] last 50 episodes: 12.0% reached goal
[actions] last 500 steps: linear mean=-0.17 std=0.57 | angular mean=+0.09 std=0.57 | spin-in-place frac=9.8%
---------------------------------
| rollout/           |          |
|    ep_len_mean     | 185      |
|    ep_rew_mean     | -0.272   |
| time/              |          |
|    episodes        | 2292     |
|    fps             | 45       |
|    time_elapsed    | 802      |
|    total_timesteps | 236312   |
| train/             |          |
|    actor_loss      | 1.45     |
|    critic_loss     | 0.00637  |
|    ent_coef        | 0.02     |
|    learning_rate   | 0.0003   |
|    n_updates       | 235311   |
---------------------------------
---------------------------------
| rollout/           |          |
|    ep_len_mean     | 185      |
|    ep_rew_mean     | -0.301   |
| time/              |          |
|    episodes        | 2296     |
|    fps             | 45       |
|    time_elapsed    | 818      |
|    total_timesteps | 237112   |
| train/             |          |
|    actor_loss      | 1.37     |
|    critic_loss     | 0.0104   |
|    ent_coef        | 0.02     |
|    learning_rate   | 0.0003   |
|    n_updates       | 236111   |
---------------------------------
---------------------------------
| rollout/           |          |
|    ep_len_mean     | 185      |
|    ep_rew_mean     | -0.308   |
| time/              |          |
|    episodes        | 2300     |
|    fps             | 45       |
|    time_elapsed    | 836      |
|    total_timesteps | 237912   |
| train/             |          |
|    actor_loss      | 1.38     |
|    critic_loss     | 0.00586  |
|    ent_coef        | 0.02     |
|    learning_rate   | 0.0003   |
|    n_updates       | 236911   |
---------------------------------
[success-rate] last 50 episodes: 12.0% reached goal
[actions] last 500 steps: linear mean=-0.05 std=0.57 | angular mean=-0.03 std=0.60 | spin-in-place frac=12.6%
---------------------------------
| rollout/           |          |
|    ep_len_mean     | 183      |
|    ep_rew_mean     | -0.0823  |
| time/              |          |
|    episodes        | 2304     |
|    fps             | 45       |
|    time_elapsed    | 852      |
|    total_timesteps | 238513   |
| train/             |          |
|    actor_loss      | 1.49     |
|    critic_loss     | 0.0259   |
|    ent_coef        | 0.02     |
|    learning_rate   | 0.0003   |
|    n_updates       | 237512   |
---------------------------------
---------------------------------
| rollout/           |          |
|    ep_len_mean     | 181      |
|    ep_rew_mean     | 0.135    |
| time/              |          |
|    episodes        | 2308     |
|    fps             | 45       |
|    time_elapsed    | 868      |
|    total_timesteps | 239114   |
| train/             |          |
|    actor_loss      | 1.45     |
|    critic_loss     | 0.0516   |
|    ent_coef        | 0.02     |
|    learning_rate   | 0.0003   |
|    n_updates       | 238113   |
---------------------------------
---------------------------------
| rollout/           |          |
|    ep_len_mean     | 181      |
|    ep_rew_mean     | 0.127    |
| time/              |          |
|    episodes        | 2312     |
|    fps             | 44       |
|    time_elapsed    | 888      |
|    total_timesteps | 239914   |
| train/             |          |
|    actor_loss      | 1.45     |
|    critic_loss     | 0.00584  |
|    ent_coef        | 0.02     |
|    learning_rate   | 0.0003   |
|    n_updates       | 238913   |
---------------------------------
[success-rate] last 50 episodes: 14.0% reached goal
[actions] last 500 steps: linear mean=-0.04 std=0.56 | angular mean=+0.07 std=0.59 | spin-in-place frac=10.2%
---------------------------------
| rollout/           |          |
|    ep_len_mean     | 181      |
|    ep_rew_mean     | 0.346    |
| time/              |          |
|    episodes        | 2316     |
|    fps             | 45       |
|    time_elapsed    | 903      |
|    total_timesteps | 240705   |
| train/             |          |
|    actor_loss      | 1.43     |
|    critic_loss     | 0.00895  |
|    ent_coef        | 0.02     |
|    learning_rate   | 0.0003   |
|    n_updates       | 239704   |
---------------------------------
---------------------------------
| rollout/           |          |
|    ep_len_mean     | 181      |
|    ep_rew_mean     | 0.363    |
| time/              |          |
|    episodes        | 2320     |
|    fps             | 45       |
|    time_elapsed    | 921      |
|    total_timesteps | 241505   |
| train/             |          |
|    actor_loss      | 1.71     |
|    critic_loss     | 0.108    |
|    ent_coef        | 0.02     |
|    learning_rate   | 0.0003   |
|    n_updates       | 240504   |
---------------------------------
[success-rate] last 50 episodes: 14.0% reached goal
[actions] last 500 steps: linear mean=+0.12 std=0.57 | angular mean=-0.06 std=0.58 | spin-in-place frac=9.0%
---------------------------------
| rollout/           |          |
|    ep_len_mean     | 181      |
|    ep_rew_mean     | 0.379    |
| time/              |          |
|    episodes        | 2324     |
|    fps             | 45       |
|    time_elapsed    | 936      |
|    total_timesteps | 242305   |
| train/             |          |
|    actor_loss      | 1.67     |
|    critic_loss     | 0.0103   |
|    ent_coef        | 0.02     |
|    learning_rate   | 0.0003   |
|    n_updates       | 241304   |
---------------------------------
---------------------------------
| rollout/           |          |
|    ep_len_mean     | 183      |
|    ep_rew_mean     | 0.152    |
| time/              |          |
|    episodes        | 2328     |
|    fps             | 45       |
|    time_elapsed    | 956      |
|    total_timesteps | 243105   |
| train/             |          |
|    actor_loss      | 1.71     |
|    critic_loss     | 0.624    |
|    ent_coef        | 0.02     |
|    learning_rate   | 0.0003   |
|    n_updates       | 242104   |
---------------------------------
---------------------------------
| rollout/           |          |
|    ep_len_mean     | 185      |
|    ep_rew_mean     | -0.0525  |
| time/              |          |
|    episodes        | 2332     |
|    fps             | 45       |
|    time_elapsed    | 968      |
|    total_timesteps | 243905   |
| train/             |          |
|    actor_loss      | 1.78     |
|    critic_loss     | 0.0256   |
|    ent_coef        | 0.02     |
|    learning_rate   | 0.0003   |
|    n_updates       | 242904   |
---------------------------------
[success-rate] last 50 episodes: 12.0% reached goal
[actions] last 500 steps: linear mean=+0.05 std=0.58 | angular mean=-0.05 std=0.60 | spin-in-place frac=11.2%
---------------------------------
| rollout/           |          |
|    ep_len_mean     | 185      |
|    ep_rew_mean     | -0.0264  |
| time/              |          |
|    episodes        | 2336     |
|    fps             | 45       |
|    time_elapsed    | 983      |
|    total_timesteps | 244705   |
| train/             |          |
|    actor_loss      | 1.64     |
|    critic_loss     | 0.00496  |
|    ent_coef        | 0.02     |
|    learning_rate   | 0.0003   |
|    n_updates       | 243704   |
---------------------------------
---------------------------------
| rollout/           |          |
|    ep_len_mean     | 183      |
|    ep_rew_mean     | 0.171    |
| time/              |          |
|    episodes        | 2340     |
|    fps             | 45       |
|    time_elapsed    | 1000     |
|    total_timesteps | 245350   |
| train/             |          |
|    actor_loss      | 1.76     |
|    critic_loss     | 0.0565   |
|    ent_coef        | 0.02     |
|    learning_rate   | 0.0003   |
|    n_updates       | 244349   |
---------------------------------
[success-rate] last 50 episodes: 8.0% reached goal
[actions] last 500 steps: linear mean=-0.12 std=0.58 | angular mean=-0.11 std=0.60 | spin-in-place frac=11.2%
---------------------------------
| rollout/           |          |
|    ep_len_mean     | 183      |
|    ep_rew_mean     | 0.196    |
| time/              |          |
|    episodes        | 2344     |
|    fps             | 45       |
|    time_elapsed    | 1018     |
|    total_timesteps | 246150   |
| train/             |          |
|    actor_loss      | 1.82     |
|    critic_loss     | 0.00711  |
|    ent_coef        | 0.02     |
|    learning_rate   | 0.0003   |
|    n_updates       | 245149   |
---------------------------------
---------------------------------
| rollout/           |          |
|    ep_len_mean     | 179      |
|    ep_rew_mean     | 0.629    |
| time/              |          |
|    episodes        | 2348     |
|    fps             | 45       |
|    time_elapsed    | 1026     |
|    total_timesteps | 246552   |
| train/             |          |
|    actor_loss      | 1.87     |
|    critic_loss     | 0.0105   |
|    ent_coef        | 0.02     |
|    learning_rate   | 0.0003   |
|    n_updates       | 245551   |
---------------------------------
---------------------------------
| rollout/           |          |
|    ep_len_mean     | 179      |
|    ep_rew_mean     | 0.64     |
| time/              |          |
|    episodes        | 2352     |
|    fps             | 45       |
|    time_elapsed    | 1044     |
|    total_timesteps | 247352   |
| train/             |          |
|    actor_loss      | 1.81     |
|    critic_loss     | 0.0266   |
|    ent_coef        | 0.02     |
|    learning_rate   | 0.0003   |
|    n_updates       | 246351   |
---------------------------------
[success-rate] last 50 episodes: 10.0% reached goal
[actions] last 500 steps: linear mean=+0.11 std=0.60 | angular mean=-0.00 std=0.58 | spin-in-place frac=9.6%
---------------------------------
| rollout/           |          |
|    ep_len_mean     | 179      |
|    ep_rew_mean     | 0.625    |
| time/              |          |
|    episodes        | 2356     |
|    fps             | 45       |
|    time_elapsed    | 1061     |
|    total_timesteps | 248152   |
| train/             |          |
|    actor_loss      | 1.73     |
|    critic_loss     | 0.0281   |
|    ent_coef        | 0.02     |
|    learning_rate   | 0.0003   |
|    n_updates       | 247151   |
---------------------------------
---------------------------------
| rollout/           |          |
|    ep_len_mean     | 181      |
|    ep_rew_mean     | 0.4      |
| time/              |          |
|    episodes        | 2360     |
|    fps             | 45       |
|    time_elapsed    | 1076     |
|    total_timesteps | 248952   |
| train/             |          |
|    actor_loss      | 1.92     |
|    critic_loss     | 0.00777  |
|    ent_coef        | 0.02     |
|    learning_rate   | 0.0003   |
|    n_updates       | 247951   |
---------------------------------
---------------------------------
| rollout/           |          |
|    ep_len_mean     | 181      |
|    ep_rew_mean     | 0.39     |
| time/              |          |
|    episodes        | 2364     |
|    fps             | 45       |
|    time_elapsed    | 1091     |
|    total_timesteps | 249752   |
| train/             |          |
|    actor_loss      | 1.81     |
|    critic_loss     | 0.0114   |
|    ent_coef        | 0.02     |
|    learning_rate   | 0.0003   |
|    n_updates       | 248751   |
---------------------------------
[success-rate] last 50 episodes: 6.0% reached goal
[actions] last 500 steps: linear mean=-0.01 std=0.60 | angular mean=-0.11 std=0.58 | spin-in-place frac=8.8%
---------------------------------
| rollout/           |          |
|    ep_len_mean     | 183      |
|    ep_rew_mean     | 0.172    |
| time/              |          |
|    episodes        | 2368     |
|    fps             | 45       |
|    time_elapsed    | 1106     |
|    total_timesteps | 250552   |
| train/             |          |
|    actor_loss      | 1.87     |
|    critic_loss     | 0.013    |
|    ent_coef        | 0.02     |
|    learning_rate   | 0.0003   |
|    n_updates       | 249551   |
---------------------------------
---------------------------------
| rollout/           |          |
|    ep_len_mean     | 183      |
|    ep_rew_mean     | 0.15     |
| time/              |          |
|    episodes        | 2372     |
|    fps             | 45       |
|    time_elapsed    | 1123     |
|    total_timesteps | 251352   |
| train/             |          |
|    actor_loss      | 1.81     |
|    critic_loss     | 0.0319   |
|    ent_coef        | 0.02     |
|    learning_rate   | 0.0003   |
|    n_updates       | 250351   |
---------------------------------
[success-rate] last 50 episodes: 8.0% reached goal
[actions] last 500 steps: linear mean=-0.17 std=0.55 | angular mean=-0.06 std=0.58 | spin-in-place frac=10.8%
---------------------------------
| rollout/           |          |
|    ep_len_mean     | 183      |
|    ep_rew_mean     | 0.37     |
| time/              |          |
|    episodes        | 2376     |
|    fps             | 45       |
|    time_elapsed    | 1142     |
|    total_timesteps | 252115   |
| train/             |          |
|    actor_loss      | 2        |
|    critic_loss     | 0.0186   |
|    ent_coef        | 0.02     |
|    learning_rate   | 0.0003   |
|    n_updates       | 251114   |
---------------------------------
---------------------------------
| rollout/           |          |
|    ep_len_mean     | 184      |
|    ep_rew_mean     | 0.159    |
| time/              |          |
|    episodes        | 2380     |
|    fps             | 45       |
|    time_elapsed    | 1163     |
|    total_timesteps | 252915   |
| train/             |          |
|    actor_loss      | 2.07     |
|    critic_loss     | 0.0269   |
|    ent_coef        | 0.02     |
|    learning_rate   | 0.0003   |
|    n_updates       | 251914   |
---------------------------------
---------------------------------
| rollout/           |          |
|    ep_len_mean     | 186      |
|    ep_rew_mean     | -0.0635  |
| time/              |          |
|    episodes        | 2384     |
|    fps             | 45       |
|    time_elapsed    | 1183     |
|    total_timesteps | 253516   |
| train/             |          |
|    actor_loss      | 1.99     |
|    critic_loss     | 0.0563   |
|    ent_coef        | 0.02     |
|    learning_rate   | 0.0003   |
|    n_updates       | 252515   |
---------------------------------
[success-rate] last 50 episodes: 10.0% reached goal
[actions] last 500 steps: linear mean=+0.02 std=0.61 | angular mean=+0.04 std=0.59 | spin-in-place frac=6.2%
---------------------------------
| rollout/           |          |
|    ep_len_mean     | 186      |
|    ep_rew_mean     | -0.066   |
| time/              |          |
|    episodes        | 2388     |
|    fps             | 45       |
|    time_elapsed    | 1202     |
|    total_timesteps | 254316   |
| train/             |          |
|    actor_loss      | 1.95     |
|    critic_loss     | 0.0287   |
|    ent_coef        | 0.02     |
|    learning_rate   | 0.0003   |
|    n_updates       | 253315   |
---------------------------------
---------------------------------
| rollout/           |          |
|    ep_len_mean     | 188      |
|    ep_rew_mean     | -0.293   |
| time/              |          |
|    episodes        | 2392     |
|    fps             | 45       |
|    time_elapsed    | 1217     |
|    total_timesteps | 255116   |
| train/             |          |
|    actor_loss      | 1.95     |
|    critic_loss     | 0.011    |
|    ent_coef        | 0.02     |
|    learning_rate   | 0.0003   |
|    n_updates       | 254115   |
---------------------------------
---------------------------------
| rollout/           |          |
|    ep_len_mean     | 188      |
|    ep_rew_mean     | -0.275   |
| time/              |          |
|    episodes        | 2396     |
|    fps             | 45       |
|    time_elapsed    | 1234     |
|    total_timesteps | 255916   |
| train/             |          |
|    actor_loss      | 2.06     |
|    critic_loss     | 0.0167   |
|    ent_coef        | 0.02     |
|    learning_rate   | 0.0003   |
|    n_updates       | 254915   |
---------------------------------
[success-rate] last 50 episodes: 6.0% reached goal
[actions] last 500 steps: linear mean=+0.04 std=0.60 | angular mean=-0.08 std=0.59 | spin-in-place frac=10.2%
---------------------------------
| rollout/           |          |
|    ep_len_mean     | 186      |
|    ep_rew_mean     | -0.0351  |
| time/              |          |
|    episodes        | 2400     |
|    fps             | 45       |
|    time_elapsed    | 1249     |
|    total_timesteps | 256517   |
| train/             |          |
|    actor_loss      | 2.16     |
|    critic_loss     | 0.0227   |
|    ent_coef        | 0.02     |
|    learning_rate   | 0.0003   |
|    n_updates       | 255516   |
---------------------------------
---------------------------------
| rollout/           |          |
|    ep_len_mean     | 186      |
|    ep_rew_mean     | -0.0423  |
| time/              |          |
|    episodes        | 2404     |
|    fps             | 45       |
|    time_elapsed    | 1268     |
|    total_timesteps | 257154   |
| train/             |          |
|    actor_loss      | 2.27     |
|    critic_loss     | 0.0265   |
|    ent_coef        | 0.02     |
|    learning_rate   | 0.0003   |
|    n_updates       | 256153   |
---------------------------------
---------------------------------
| rollout/           |          |
|    ep_len_mean     | 188      |
|    ep_rew_mean     | -0.246   |
| time/              |          |
|    episodes        | 2408     |
|    fps             | 44       |
|    time_elapsed    | 1290     |
|    total_timesteps | 257954   |
| train/             |          |
|    actor_loss      | 1.96     |
|    critic_loss     | 0.00933  |
|    ent_coef        | 0.02     |
|    learning_rate   | 0.0003   |
|    n_updates       | 256953   |
---------------------------------
[success-rate] last 50 episodes: 10.0% reached goal
[actions] last 500 steps: linear mean=-0.12 std=0.54 | angular mean=-0.01 std=0.59 | spin-in-place frac=9.8%
---------------------------------
| rollout/           |          |
|    ep_len_mean     | 186      |
|    ep_rew_mean     | -0.0253  |
| time/              |          |
|    episodes        | 2412     |
|    fps             | 44       |
|    time_elapsed    | 1301     |
|    total_timesteps | 258555   |
| train/             |          |
|    actor_loss      | 2.16     |
|    critic_loss     | 0.0122   |
|    ent_coef        | 0.02     |
|    learning_rate   | 0.0003   |
|    n_updates       | 257554   |
---------------------------------
---------------------------------
| rollout/           |          |
|    ep_len_mean     | 186      |
|    ep_rew_mean     | -0.23    |
| time/              |          |
|    episodes        | 2416     |
|    fps             | 45       |
|    time_elapsed    | 1316     |
|    total_timesteps | 259355   |
| train/             |          |
|    actor_loss      | 2.09     |
|    critic_loss     | 0.00751  |
|    ent_coef        | 0.02     |
|    learning_rate   | 0.0003   |
|    n_updates       | 258354   |
---------------------------------
[success-rate] last 50 episodes: 10.0% reached goal
[actions] last 500 steps: linear mean=+0.04 std=0.58 | angular mean=-0.00 std=0.61 | spin-in-place frac=10.8%
---------------------------------
| rollout/           |          |
|    ep_len_mean     | 186      |
|    ep_rew_mean     | -0.228   |
| time/              |          |
|    episodes        | 2420     |
|    fps             | 44       |
|    time_elapsed    | 1337     |
|    total_timesteps | 260155   |
| train/             |          |
|    actor_loss      | 2.22     |
|    critic_loss     | 0.0627   |
|    ent_coef        | 0.02     |
|    learning_rate   | 0.0003   |
|    n_updates       | 259154   |
---------------------------------
---------------------------------
| rollout/           |          |
|    ep_len_mean     | 186      |
|    ep_rew_mean     | -0.229   |
| time/              |          |
|    episodes        | 2424     |
|    fps             | 44       |
|    time_elapsed    | 1356     |
|    total_timesteps | 260955   |
| train/             |          |
|    actor_loss      | 2.26     |
|    critic_loss     | 0.0164   |
|    ent_coef        | 0.02     |
|    learning_rate   | 0.0003   |
|    n_updates       | 259954   |
---------------------------------
---------------------------------
| rollout/           |          |
|    ep_len_mean     | 186      |
|    ep_rew_mean     | -0.217   |
| time/              |          |
|    episodes        | 2428     |
|    fps             | 44       |
|    time_elapsed    | 1372     |
|    total_timesteps | 261755   |
| train/             |          |
|    actor_loss      | 2.31     |
|    critic_loss     | 0.0104   |
|    ent_coef        | 0.02     |
|    learning_rate   | 0.0003   |
|    n_updates       | 260754   |
---------------------------------
[success-rate] last 50 episodes: 8.0% reached goal
[actions] last 500 steps: linear mean=-0.04 std=0.58 | angular mean=+0.05 std=0.57 | spin-in-place frac=8.4%
---------------------------------
| rollout/           |          |
|    ep_len_mean     | 186      |
|    ep_rew_mean     | -0.217   |
| time/              |          |
|    episodes        | 2432     |
|    fps             | 45       |
|    time_elapsed    | 1388     |
|    total_timesteps | 262555   |
| train/             |          |
|    actor_loss      | 2.26     |
|    critic_loss     | 0.117    |
|    ent_coef        | 0.02     |
|    learning_rate   | 0.0003   |
|    n_updates       | 261554   |
---------------------------------
---------------------------------
| rollout/           |          |
|    ep_len_mean     | 186      |
|    ep_rew_mean     | -0.226   |
| time/              |          |
|    episodes        | 2436     |
|    fps             | 45       |
|    time_elapsed    | 1405     |
|    total_timesteps | 263355   |
| train/             |          |
|    actor_loss      | 2.15     |
|    critic_loss     | 0.0499   |
|    ent_coef        | 0.02     |
|    learning_rate   | 0.0003   |
|    n_updates       | 262354   |
---------------------------------
---------------------------------
| rollout/           |          |
|    ep_len_mean     | 186      |
|    ep_rew_mean     | -0.23    |
| time/              |          |
|    episodes        | 2440     |
|    fps             | 44       |
|    time_elapsed    | 1421     |
|    total_timesteps | 263956   |
| train/             |          |
|    actor_loss      | 2.34     |
|    critic_loss     | 0.0161   |
|    ent_coef        | 0.02     |
|    learning_rate   | 0.0003   |
|    n_updates       | 262955   |
---------------------------------
[success-rate] last 50 episodes: 8.0% reached goal
[actions] last 500 steps: linear mean=+0.02 std=0.59 | angular mean=-0.04 std=0.59 | spin-in-place frac=9.0%
---------------------------------
| rollout/           |          |
|    ep_len_mean     | 186      |
|    ep_rew_mean     | -0.261   |
| time/              |          |
|    episodes        | 2444     |
|    fps             | 45       |
|    time_elapsed    | 1438     |
|    total_timesteps | 264756   |
| train/             |          |
|    actor_loss      | 2.4      |
|    critic_loss     | 0.0572   |
|    ent_coef        | 0.02     |
|    learning_rate   | 0.0003   |
|    n_updates       | 263755   |
---------------------------------
---------------------------------
| rollout/           |          |
|    ep_len_mean     | 190      |
|    ep_rew_mean     | -0.706   |
| time/              |          |
|    episodes        | 2448     |
|    fps             | 44       |
|    time_elapsed    | 1459     |
|    total_timesteps | 265556   |
| train/             |          |
|    actor_loss      | 2.4      |
|    critic_loss     | 0.0222   |
|    ent_coef        | 0.02     |
|    learning_rate   | 0.0003   |
|    n_updates       | 264555   |
---------------------------------
[success-rate] last 50 episodes: 6.0% reached goal
[actions] last 500 steps: linear mean=+0.05 std=0.57 | angular mean=+0.11 std=0.58 | spin-in-place frac=11.4%
---------------------------------
| rollout/           |          |
|    ep_len_mean     | 190      |
|    ep_rew_mean     | -0.726   |
| time/              |          |
|    episodes        | 2452     |
|    fps             | 45       |
|    time_elapsed    | 1474     |
|    total_timesteps | 266356   |
| train/             |          |
|    actor_loss      | 2.42     |
|    critic_loss     | 0.0153   |
|    ent_coef        | 0.02     |
|    learning_rate   | 0.0003   |
|    n_updates       | 265355   |
---------------------------------
---------------------------------
| rollout/           |          |
|    ep_len_mean     | 188      |
|    ep_rew_mean     | -0.505   |
| time/              |          |
|    episodes        | 2456     |
|    fps             | 44       |
|    time_elapsed    | 1491     |
|    total_timesteps | 266957   |
| train/             |          |
|    actor_loss      | 2.32     |
|    critic_loss     | 0.0136   |
|    ent_coef        | 0.02     |
|    learning_rate   | 0.0003   |
|    n_updates       | 265956   |
---------------------------------
---------------------------------
| rollout/           |          |
|    ep_len_mean     | 188      |
|    ep_rew_mean     | -0.295   |
| time/              |          |
|    episodes        | 2460     |
|    fps             | 44       |
|    time_elapsed    | 1507     |
|    total_timesteps | 267740   |
| train/             |          |
|    actor_loss      | 2.46     |
|    critic_loss     | 0.0187   |
|    ent_coef        | 0.02     |
|    learning_rate   | 0.0003   |
|    n_updates       | 266739   |
---------------------------------
[success-rate] last 50 episodes: 6.0% reached goal
[actions] last 500 steps: linear mean=-0.17 std=0.57 | angular mean=-0.01 std=0.57 | spin-in-place frac=8.6%
---------------------------------
| rollout/           |          |
|    ep_len_mean     | 188      |
|    ep_rew_mean     | -0.287   |
| time/              |          |
|    episodes        | 2464     |
|    fps             | 44       |
|    time_elapsed    | 1526     |
|    total_timesteps | 268540   |
| train/             |          |
|    actor_loss      | 2.51     |
|    critic_loss     | 0.0262   |
|    ent_coef        | 0.02     |
|    learning_rate   | 0.0003   |
|    n_updates       | 267539   |
---------------------------------
---------------------------------
| rollout/           |          |
|    ep_len_mean     | 188      |
|    ep_rew_mean     | -0.28    |
| time/              |          |
|    episodes        | 2468     |
|    fps             | 44       |
|    time_elapsed    | 1541     |
|    total_timesteps | 269340   |
| train/             |          |
|    actor_loss      | 2.54     |
|    critic_loss     | 0.0281   |
|    ent_coef        | 0.02     |
|    learning_rate   | 0.0003   |
|    n_updates       | 268339   |
---------------------------------
---------------------------------
| rollout/           |          |
|    ep_len_mean     | 186      |
|    ep_rew_mean     | -0.0494  |
| time/              |          |
|    episodes        | 2472     |
|    fps             | 45       |
|    time_elapsed    | 1552     |
|    total_timesteps | 269941   |
| train/             |          |
|    actor_loss      | 2.61     |
|    critic_loss     | 0.0537   |
|    ent_coef        | 0.02     |
|    learning_rate   | 0.0003   |
|    n_updates       | 268940   |
---------------------------------
[success-rate] last 50 episodes: 8.0% reached goal
[actions] last 500 steps: linear mean=+0.01 std=0.59 | angular mean=+0.11 std=0.57 | spin-in-place frac=8.8%
---------------------------------
| rollout/           |          |
|    ep_len_mean     | 186      |
|    ep_rew_mean     | -0.259   |
| time/              |          |
|    episodes        | 2476     |
|    fps             | 45       |
|    time_elapsed    | 1569     |
|    total_timesteps | 270741   |
| train/             |          |
|    actor_loss      | 2.47     |
|    critic_loss     | 0.0395   |
|    ent_coef        | 0.02     |
|    learning_rate   | 0.0003   |
|    n_updates       | 269740   |
---------------------------------
---------------------------------
| rollout/           |          |
|    ep_len_mean     | 186      |
|    ep_rew_mean     | -0.274   |
| time/              |          |
|    episodes        | 2480     |
|    fps             | 45       |
|    time_elapsed    | 1586     |
|    total_timesteps | 271541   |
| train/             |          |
|    actor_loss      | 2.39     |
|    critic_loss     | 0.0207   |
|    ent_coef        | 0.02     |
|    learning_rate   | 0.0003   |
|    n_updates       | 270540   |
---------------------------------
[success-rate] last 50 episodes: 8.0% reached goal
[actions] last 500 steps: linear mean=+0.09 std=0.57 | angular mean=+0.20 std=0.58 | spin-in-place frac=10.4%
---------------------------------
| rollout/           |          |
|    ep_len_mean     | 186      |
|    ep_rew_mean     | -0.269   |
| time/              |          |
|    episodes        | 2484     |
|    fps             | 45       |
|    time_elapsed    | 1601     |
|    total_timesteps | 272142   |
| train/             |          |
|    actor_loss      | 2.48     |
|    critic_loss     | 0.00808  |
|    ent_coef        | 0.02     |
|    learning_rate   | 0.0003   |
|    n_updates       | 271141   |
---------------------------------
---------------------------------
| rollout/           |          |
|    ep_len_mean     | 186      |
|    ep_rew_mean     | -0.262   |
| time/              |          |
|    episodes        | 2488     |
|    fps             | 44       |
|    time_elapsed    | 1621     |
|    total_timesteps | 272942   |
| train/             |          |
|    actor_loss      | 2.45     |
|    critic_loss     | 0.00799  |
|    ent_coef        | 0.02     |
|    learning_rate   | 0.0003   |
|    n_updates       | 271941   |
---------------------------------
---------------------------------
| rollout/           |          |
|    ep_len_mean     | 184      |
|    ep_rew_mean     | -0.0419  |
| time/              |          |
|    episodes        | 2492     |
|    fps             | 44       |
|    time_elapsed    | 1635     |
|    total_timesteps | 273543   |
| train/             |          |
|    actor_loss      | 2.52     |
|    critic_loss     | 0.0148   |
|    ent_coef        | 0.02     |
|    learning_rate   | 0.0003   |
|    n_updates       | 272542   |
---------------------------------
[success-rate] last 50 episodes: 10.0% reached goal
[actions] last 500 steps: linear mean=+0.02 std=0.59 | angular mean=-0.02 std=0.57 | spin-in-place frac=9.2%
---------------------------------
| rollout/           |          |
|    ep_len_mean     | 184      |
|    ep_rew_mean     | -0.0466  |
| time/              |          |
|    episodes        | 2496     |
|    fps             | 45       |
|    time_elapsed    | 1648     |
|    total_timesteps | 274343   |
| train/             |          |
|    actor_loss      | 2.31     |
|    critic_loss     | 0.011    |
|    ent_coef        | 0.02     |
|    learning_rate   | 0.0003   |
|    n_updates       | 273342   |
---------------------------------
---------------------------------
| rollout/           |          |
|    ep_len_mean     | 186      |
|    ep_rew_mean     | -0.282   |
| time/              |          |
|    episodes        | 2500     |
|    fps             | 45       |
|    time_elapsed    | 1666     |
|    total_timesteps | 275143   |
| train/             |          |
|    actor_loss      | 2.28     |
|    critic_loss     | 0.0266   |
|    ent_coef        | 0.02     |
|    learning_rate   | 0.0003   |
|    n_updates       | 274142   |
---------------------------------
---------------------------------
| rollout/           |          |
|    ep_len_mean     | 186      |
|    ep_rew_mean     | -0.295   |
| time/              |          |
|    episodes        | 2504     |
|    fps             | 45       |
|    time_elapsed    | 1679     |
|    total_timesteps | 275744   |
| train/             |          |
|    actor_loss      | 2.37     |
|    critic_loss     | 1.79     |
|    ent_coef        | 0.02     |
|    learning_rate   | 0.0003   |
|    n_updates       | 274743   |
---------------------------------
[success-rate] last 50 episodes: 10.0% reached goal
[actions] last 500 steps: linear mean=+0.03 std=0.57 | angular mean=-0.01 std=0.61 | spin-in-place frac=9.4%
---------------------------------
| rollout/           |          |
|    ep_len_mean     | 186      |
|    ep_rew_mean     | -0.297   |
| time/              |          |
|    episodes        | 2508     |
|    fps             | 45       |
|    time_elapsed    | 1700     |
|    total_timesteps | 276544   |
| train/             |          |
|    actor_loss      | 2.49     |
|    critic_loss     | 0.0204   |
|    ent_coef        | 0.02     |
|    learning_rate   | 0.0003   |
|    n_updates       | 275543   |
---------------------------------
---------------------------------
| rollout/           |          |
|    ep_len_mean     | 184      |
|    ep_rew_mean     | -0.0751  |
| time/              |          |
|    episodes        | 2512     |
|    fps             | 44       |
|    time_elapsed    | 1715     |
|    total_timesteps | 276946   |
| train/             |          |
|    actor_loss      | 2.26     |
|    critic_loss     | 0.0277   |
|    ent_coef        | 0.02     |
|    learning_rate   | 0.0003   |
|    n_updates       | 275945   |
---------------------------------
---------------------------------
| rollout/           |          |
|    ep_len_mean     | 184      |
|    ep_rew_mean     | -0.0955  |
| time/              |          |
|    episodes        | 2516     |
|    fps             | 44       |
|    time_elapsed    | 1733     |
|    total_timesteps | 277746   |
| train/             |          |
|    actor_loss      | 2.27     |
|    critic_loss     | 0.0158   |
|    ent_coef        | 0.02     |
|    learning_rate   | 0.0003   |
|    n_updates       | 276745   |
---------------------------------
[success-rate] last 50 episodes: 12.0% reached goal
[actions] last 500 steps: linear mean=+0.06 std=0.57 | angular mean=-0.05 std=0.58 | spin-in-place frac=11.8%
---------------------------------
| rollout/           |          |
|    ep_len_mean     | 184      |
|    ep_rew_mean     | -0.107   |
| time/              |          |
|    episodes        | 2520     |
|    fps             | 44       |
|    time_elapsed    | 1750     |
|    total_timesteps | 278546   |
| train/             |          |
|    actor_loss      | 2.43     |
|    critic_loss     | 0.00923  |
|    ent_coef        | 0.02     |
|    learning_rate   | 0.0003   |
|    n_updates       | 277545   |
---------------------------------
---------------------------------
| rollout/           |          |
|    ep_len_mean     | 184      |
|    ep_rew_mean     | -0.101   |
| time/              |          |
|    episodes        | 2524     |
|    fps             | 44       |
|    time_elapsed    | 1769     |
|    total_timesteps | 279346   |
| train/             |          |
|    actor_loss      | 2.46     |
|    critic_loss     | 0.011    |
|    ent_coef        | 0.02     |
|    learning_rate   | 0.0003   |
|    n_updates       | 278345   |
---------------------------------
[success-rate] last 50 episodes: 10.0% reached goal
[actions] last 500 steps: linear mean=-0.09 std=0.60 | angular mean=+0.04 std=0.59 | spin-in-place frac=9.2%
---------------------------------
| rollout/           |          |
|    ep_len_mean     | 184      |
|    ep_rew_mean     | -0.0969  |
| time/              |          |
|    episodes        | 2528     |
|    fps             | 44       |
|    time_elapsed    | 1784     |
|    total_timesteps | 280146   |
| train/             |          |
|    actor_loss      | 2.15     |
|    critic_loss     | 0.00759  |
|    ent_coef        | 0.02     |
|    learning_rate   | 0.0003   |
|    n_updates       | 279145   |
---------------------------------
---------------------------------
| rollout/           |          |
|    ep_len_mean     | 184      |
|    ep_rew_mean     | -0.0912  |
| time/              |          |
|    episodes        | 2532     |
|    fps             | 44       |
|    time_elapsed    | 1799     |
|    total_timesteps | 280946   |
| train/             |          |
|    actor_loss      | 2.4      |
|    critic_loss     | 0.015    |
|    ent_coef        | 0.02     |
|    learning_rate   | 0.0003   |
|    n_updates       | 279945   |
---------------------------------
---------------------------------
| rollout/           |          |
|    ep_len_mean     | 184      |
|    ep_rew_mean     | -0.107   |
| time/              |          |
|    episodes        | 2536     |
|    fps             | 44       |
|    time_elapsed    | 1817     |
|    total_timesteps | 281746   |
| train/             |          |
|    actor_loss      | 2.29     |
|    critic_loss     | 0.00851  |
|    ent_coef        | 0.02     |
|    learning_rate   | 0.0003   |
|    n_updates       | 280745   |
---------------------------------
[success-rate] last 50 episodes: 8.0% reached goal
[actions] last 500 steps: linear mean=+0.03 std=0.58 | angular mean=-0.07 std=0.57 | spin-in-place frac=9.2%
---------------------------------
| rollout/           |          |
|    ep_len_mean     | 186      |
|    ep_rew_mean     | -0.329   |
| time/              |          |
|    episodes        | 2540     |
|    fps             | 44       |
|    time_elapsed    | 1836     |
|    total_timesteps | 282546   |
| train/             |          |
|    actor_loss      | 2.5      |
|    critic_loss     | 0.0376   |
|    ent_coef        | 0.02     |
|    learning_rate   | 0.0003   |
|    n_updates       | 281545   |
---------------------------------
---------------------------------
| rollout/           |          |
|    ep_len_mean     | 186      |
|    ep_rew_mean     | -0.322   |
| time/              |          |
|    episodes        | 2544     |
|    fps             | 44       |
|    time_elapsed    | 1853     |
|    total_timesteps | 283346   |
| train/             |          |
|    actor_loss      | 2.14     |
|    critic_loss     | 0.0171   |
|    ent_coef        | 0.02     |
|    learning_rate   | 0.0003   |
|    n_updates       | 282345   |
---------------------------------
[success-rate] last 50 episodes: 6.0% reached goal
[actions] last 500 steps: linear mean=-0.03 std=0.57 | angular mean=-0.06 std=0.57 | spin-in-place frac=10.4%
---------------------------------
| rollout/           |          |
|    ep_len_mean     | 186      |
|    ep_rew_mean     | -0.324   |
| time/              |          |
|    episodes        | 2548     |
|    fps             | 45       |
|    time_elapsed    | 1867     |
|    total_timesteps | 284146   |
| train/             |          |
|    actor_loss      | 2.34     |
|    critic_loss     | 0.00862  |
|    ent_coef        | 0.02     |
|    learning_rate   | 0.0003   |
|    n_updates       | 283145   |
---------------------------------
---------------------------------
| rollout/           |          |
|    ep_len_mean     | 186      |
|    ep_rew_mean     | -0.324   |
| time/              |          |
|    episodes        | 2552     |
|    fps             | 45       |
|    time_elapsed    | 1882     |
|    total_timesteps | 284946   |
| train/             |          |
|    actor_loss      | 2.25     |
|    critic_loss     | 0.81     |
|    ent_coef        | 0.02     |
|    learning_rate   | 0.0003   |
|    n_updates       | 283945   |
---------------------------------
---------------------------------
| rollout/           |          |
|    ep_len_mean     | 186      |
|    ep_rew_mean     | -0.32    |
| time/              |          |
|    episodes        | 2556     |
|    fps             | 45       |
|    time_elapsed    | 1900     |
|    total_timesteps | 285547   |
| train/             |          |
|    actor_loss      | 2.21     |
|    critic_loss     | 0.0182   |
|    ent_coef        | 0.02     |
|    learning_rate   | 0.0003   |
|    n_updates       | 284546   |
---------------------------------
[success-rate] last 50 episodes: 6.0% reached goal
[actions] last 500 steps: linear mean=+0.04 std=0.56 | angular mean=+0.20 std=0.56 | spin-in-place frac=11.4%
---------------------------------
| rollout/           |          |
|    ep_len_mean     | 186      |
|    ep_rew_mean     | -0.527   |
| time/              |          |
|    episodes        | 2560     |
|    fps             | 44       |
|    time_elapsed    | 1919     |
|    total_timesteps | 286347   |
| train/             |          |
|    actor_loss      | 2.05     |
|    critic_loss     | 0.0282   |
|    ent_coef        | 0.02     |
|    learning_rate   | 0.0003   |
|    n_updates       | 285346   |
---------------------------------
---------------------------------
| rollout/           |          |
|    ep_len_mean     | 186      |
|    ep_rew_mean     | -0.512   |
| time/              |          |
|    episodes        | 2564     |
|    fps             | 45       |
|    time_elapsed    | 1935     |
|    total_timesteps | 287147   |
| train/             |          |
|    actor_loss      | 2.38     |
|    critic_loss     | 0.00736  |
|    ent_coef        | 0.02     |
|    learning_rate   | 0.0003   |
|    n_updates       | 286146   |
---------------------------------
---------------------------------
| rollout/           |          |
|    ep_len_mean     | 186      |
|    ep_rew_mean     | -0.508   |
| time/              |          |
|    episodes        | 2568     |
|    fps             | 45       |
|    time_elapsed    | 1954     |
|    total_timesteps | 287947   |
| train/             |          |
|    actor_loss      | 2.46     |
|    critic_loss     | 0.0388   |
|    ent_coef        | 0.02     |
|    learning_rate   | 0.0003   |
|    n_updates       | 286946   |
---------------------------------
[success-rate] last 50 episodes: 2.0% reached goal
[actions] last 500 steps: linear mean=-0.23 std=0.58 | angular mean=-0.07 std=0.58 | spin-in-place frac=8.6%
---------------------------------
| rollout/           |          |
|    ep_len_mean     | 188      |
|    ep_rew_mean     | -0.731   |
| time/              |          |
|    episodes        | 2572     |
|    fps             | 44       |
|    time_elapsed    | 1975     |
|    total_timesteps | 288747   |
| train/             |          |
|    actor_loss      | 2.31     |
|    critic_loss     | 0.0156   |
|    ent_coef        | 0.02     |
|    learning_rate   | 0.0003   |
|    n_updates       | 287746   |
---------------------------------
---------------------------------
| rollout/           |          |
|    ep_len_mean     | 186      |
|    ep_rew_mean     | -0.523   |
| time/              |          |
|    episodes        | 2576     |
|    fps             | 44       |
|    time_elapsed    | 1989     |
|    total_timesteps | 289348   |
| train/             |          |
|    actor_loss      | 2.1      |
|    critic_loss     | 0.0274   |
|    ent_coef        | 0.02     |
|    learning_rate   | 0.0003   |
|    n_updates       | 288347   |
---------------------------------
[success-rate] last 50 episodes: 4.0% reached goal
[actions] last 500 steps: linear mean=+0.02 std=0.59 | angular mean=+0.04 std=0.59 | spin-in-place frac=10.0%
---------------------------------
| rollout/           |          |
|    ep_len_mean     | 186      |
|    ep_rew_mean     | -0.522   |
| time/              |          |
|    episodes        | 2580     |
|    fps             | 44       |
|    time_elapsed    | 2007     |
|    total_timesteps | 290148   |
| train/             |          |
|    actor_loss      | 2.34     |
|    critic_loss     | 0.0352   |
|    ent_coef        | 0.02     |
|    learning_rate   | 0.0003   |
|    n_updates       | 289147   |
---------------------------------
---------------------------------
| rollout/           |          |
|    ep_len_mean     | 188      |
|    ep_rew_mean     | -0.74    |
| time/              |          |
|    episodes        | 2584     |
|    fps             | 44       |
|    time_elapsed    | 2022     |
|    total_timesteps | 290948   |
| train/             |          |
|    actor_loss      | 1.89     |
|    critic_loss     | 0.00447  |
|    ent_coef        | 0.02     |
|    learning_rate   | 0.0003   |
|    n_updates       | 289947   |
---------------------------------
---------------------------------
| rollout/           |          |
|    ep_len_mean     | 188      |
|    ep_rew_mean     | -0.732   |
| time/              |          |
|    episodes        | 2588     |
|    fps             | 45       |
|    time_elapsed    | 2035     |
|    total_timesteps | 291748   |
| train/             |          |
|    actor_loss      | 1.97     |
|    critic_loss     | 0.0438   |
|    ent_coef        | 0.02     |
|    learning_rate   | 0.0003   |
|    n_updates       | 290747   |
---------------------------------
[success-rate] last 50 episodes: 4.0% reached goal
[actions] last 500 steps: linear mean=+0.05 std=0.56 | angular mean=+0.05 std=0.60 | spin-in-place frac=12.2%
---------------------------------
| rollout/           |          |
|    ep_len_mean     | 190      |
|    ep_rew_mean     | -0.956   |
| time/              |          |
|    episodes        | 2592     |
|    fps             | 45       |
|    time_elapsed    | 2050     |
|    total_timesteps | 292548   |
| train/             |          |
|    actor_loss      | 2.15     |
|    critic_loss     | 0.0108   |
|    ent_coef        | 0.02     |
|    learning_rate   | 0.0003   |
|    n_updates       | 291547   |
---------------------------------
---------------------------------
| rollout/           |          |
|    ep_len_mean     | 190      |
|    ep_rew_mean     | -0.951   |
| time/              |          |
|    episodes        | 2596     |
|    fps             | 45       |
|    time_elapsed    | 2067     |
|    total_timesteps | 293348   |
| train/             |          |
|    actor_loss      | 1.97     |
|    critic_loss     | 0.00713  |
|    ent_coef        | 0.02     |
|    learning_rate   | 0.0003   |
|    n_updates       | 292347   |
---------------------------------
[success-rate] last 50 episodes: 4.0% reached goal
[actions] last 500 steps: linear mean=-0.10 std=0.58 | angular mean=-0.14 std=0.58 | spin-in-place frac=9.8%
---------------------------------
| rollout/           |          |
|    ep_len_mean     | 190      |
|    ep_rew_mean     | -0.943   |
| time/              |          |
|    episodes        | 2600     |
|    fps             | 45       |
|    time_elapsed    | 2084     |
|    total_timesteps | 294148   |
| train/             |          |
|    actor_loss      | 1.99     |
|    critic_loss     | 0.249    |
|    ent_coef        | 0.02     |
|    learning_rate   | 0.0003   |
|    n_updates       | 293147   |
---------------------------------
---------------------------------
| rollout/           |          |
|    ep_len_mean     | 192      |
|    ep_rew_mean     | -1.14    |
| time/              |          |
|    episodes        | 2604     |
|    fps             | 45       |
|    time_elapsed    | 2099     |
|    total_timesteps | 294948   |
| train/             |          |
|    actor_loss      | 2.29     |
|    critic_loss     | 0.0455   |
|    ent_coef        | 0.02     |
|    learning_rate   | 0.0003   |
|    n_updates       | 293947   |
---------------------------------
---------------------------------
| rollout/           |          |
|    ep_len_mean     | 192      |
|    ep_rew_mean     | -1.14    |
| time/              |          |
|    episodes        | 2608     |
|    fps             | 45       |
|    time_elapsed    | 2118     |
|    total_timesteps | 295748   |
| train/             |          |
|    actor_loss      | 2.11     |
|    critic_loss     | 0.00903  |
|    ent_coef        | 0.02     |
|    learning_rate   | 0.0003   |
|    n_updates       | 294747   |
---------------------------------
[success-rate] last 50 episodes: 4.0% reached goal
[actions] last 500 steps: linear mean=+0.13 std=0.60 | angular mean=-0.11 std=0.59 | spin-in-place frac=8.4%
---------------------------------
| rollout/           |          |
|    ep_len_mean     | 194      |
|    ep_rew_mean     | -1.35    |
| time/              |          |
|    episodes        | 2612     |
|    fps             | 45       |
|    time_elapsed    | 2135     |
|    total_timesteps | 296349   |
| train/             |          |
|    actor_loss      | 1.88     |
|    critic_loss     | 0.0171   |
|    ent_coef        | 0.02     |
|    learning_rate   | 0.0003   |
|    n_updates       | 295348   |
---------------------------------
---------------------------------
| rollout/           |          |
|    ep_len_mean     | 194      |
|    ep_rew_mean     | -1.34    |
| time/              |          |
|    episodes        | 2616     |
|    fps             | 45       |
|    time_elapsed    | 2152     |
|    total_timesteps | 297149   |
| train/             |          |
|    actor_loss      | 1.88     |
|    critic_loss     | 0.00655  |
|    ent_coef        | 0.02     |
|    learning_rate   | 0.0003   |
|    n_updates       | 296148   |
---------------------------------
---------------------------------
| rollout/           |          |
|    ep_len_mean     | 194      |
|    ep_rew_mean     | -1.34    |
| time/              |          |
|    episodes        | 2620     |
|    fps             | 45       |
|    time_elapsed    | 2169     |
|    total_timesteps | 297949   |
| train/             |          |
|    actor_loss      | 1.95     |
|    critic_loss     | 0.00591  |
|    ent_coef        | 0.02     |
|    learning_rate   | 0.0003   |
|    n_updates       | 296948   |
---------------------------------
[success-rate] last 50 episodes: 4.0% reached goal
[actions] last 500 steps: linear mean=+0.10 std=0.59 | angular mean=-0.15 std=0.58 | spin-in-place frac=9.6%
---------------------------------
| rollout/           |          |
|    ep_len_mean     | 194      |
|    ep_rew_mean     | -1.33    |
| time/              |          |
|    episodes        | 2624     |
|    fps             | 45       |
|    time_elapsed    | 2190     |
|    total_timesteps | 298749   |
| train/             |          |
|    actor_loss      | 1.88     |
|    critic_loss     | 0.0766   |
|    ent_coef        | 0.02     |
|    learning_rate   | 0.0003   |
|    n_updates       | 297748   |
---------------------------------
---------------------------------
| rollout/           |          |
|    ep_len_mean     | 194      |
|    ep_rew_mean     | -1.35    |
| time/              |          |
|    episodes        | 2628     |
|    fps             | 45       |
|    time_elapsed    | 2205     |
|    total_timesteps | 299549   |
| train/             |          |
|    actor_loss      | 2.02     |
|    critic_loss     | 0.00764  |
|    ent_coef        | 0.02     |
|    learning_rate   | 0.0003   |
|    n_updates       | 298548   |
---------------------------------
[success-rate] last 50 episodes: 2.0% reached goal
[actions] last 500 steps: linear mean=-0.04 std=0.57 | angular mean=+0.07 std=0.60 | spin-in-place frac=9.8%
---------------------------------
| rollout/           |          |
|    ep_len_mean     | 194      |
|    ep_rew_mean     | -1.36    |
| time/              |          |
|    episodes        | 2632     |
|    fps             | 45       |
|    time_elapsed    | 2224     |
|    total_timesteps | 300349   |
| train/             |          |
|    actor_loss      | 2.21     |
|    critic_loss     | 0.116    |
|    ent_coef        | 0.02     |
|    learning_rate   | 0.0003   |
|    n_updates       | 299348   |
---------------------------------
---------------------------------
| rollout/           |          |
|    ep_len_mean     | 194      |
|    ep_rew_mean     | -1.35    |
| time/              |          |
|    episodes        | 2636     |
|    fps             | 45       |
|    time_elapsed    | 2234     |
|    total_timesteps | 301149   |
| train/             |          |
|    actor_loss      | 2.12     |
|    critic_loss     | 0.00454  |
|    ent_coef        | 0.02     |
|    learning_rate   | 0.0003   |
|    n_updates       | 300148   |
---------------------------------
---------------------------------
| rollout/           |          |
|    ep_len_mean     | 192      |
|    ep_rew_mean     | -1.12    |
| time/              |          |
|    episodes        | 2640     |
|    fps             | 45       |
|    time_elapsed    | 2249     |
|    total_timesteps | 301750   |
| train/             |          |
|    actor_loss      | 1.93     |
|    critic_loss     | 0.0114   |
|    ent_coef        | 0.02     |
|    learning_rate   | 0.0003   |
|    n_updates       | 300749   |
---------------------------------
[success-rate] last 50 episodes: 4.0% reached goal
[actions] last 500 steps: linear mean=-0.12 std=0.58 | angular mean=+0.04 std=0.59 | spin-in-place frac=7.8%
---------------------------------
| rollout/           |          |
|    ep_len_mean     | 192      |
|    ep_rew_mean     | -1.11    |
| time/              |          |
|    episodes        | 2644     |
|    fps             | 45       |
|    time_elapsed    | 2266     |
|    total_timesteps | 302550   |
| train/             |          |
|    actor_loss      | 2.11     |
|    critic_loss     | 1.48     |
|    ent_coef        | 0.02     |
|    learning_rate   | 0.0003   |
|    n_updates       | 301549   |
---------------------------------
---------------------------------
| rollout/           |          |
|    ep_len_mean     | 190      |
|    ep_rew_mean     | -0.883   |
| time/              |          |
|    episodes        | 2648     |
|    fps             | 45       |
|    time_elapsed    | 2284     |
|    total_timesteps | 303151   |
| train/             |          |
|    actor_loss      | 2.19     |
|    critic_loss     | 0.0131   |
|    ent_coef        | 0.02     |
|    learning_rate   | 0.0003   |
|    n_updates       | 302150   |
---------------------------------
---------------------------------
| rollout/           |          |
|    ep_len_mean     | 188      |
|    ep_rew_mean     | -0.653   |
| time/              |          |
|    episodes        | 2652     |
|    fps             | 45       |
|    time_elapsed    | 2301     |
|    total_timesteps | 303752   |
| train/             |          |
|    actor_loss      | 1.97     |
|    critic_loss     | 0.0396   |
|    ent_coef        | 0.02     |
|    learning_rate   | 0.0003   |
|    n_updates       | 302751   |
---------------------------------
[success-rate] last 50 episodes: 8.0% reached goal
[actions] last 500 steps: linear mean=+0.10 std=0.57 | angular mean=+0.05 std=0.58 | spin-in-place frac=11.4%
---------------------------------
| rollout/           |          |
|    ep_len_mean     | 190      |
|    ep_rew_mean     | -0.878   |
| time/              |          |
|    episodes        | 2656     |
|    fps             | 45       |
|    time_elapsed    | 2319     |
|    total_timesteps | 304552   |
| train/             |          |
|    actor_loss      | 2.05     |
|    critic_loss     | 0.0172   |
|    ent_coef        | 0.02     |
|    learning_rate   | 0.0003   |
|    n_updates       | 303551   |
---------------------------------
---------------------------------
| rollout/           |          |
|    ep_len_mean     | 190      |
|    ep_rew_mean     | -0.867   |
| time/              |          |
|    episodes        | 2660     |
|    fps             | 45       |
|    time_elapsed    | 2337     |
|    total_timesteps | 305352   |
| train/             |          |
|    actor_loss      | 1.98     |
|    critic_loss     | 0.00859  |
|    ent_coef        | 0.02     |
|    learning_rate   | 0.0003   |
|    n_updates       | 304351   |
---------------------------------
[success-rate] last 50 episodes: 6.0% reached goal
[actions] last 500 steps: linear mean=-0.08 std=0.56 | angular mean=-0.01 std=0.59 | spin-in-place frac=11.6%
---------------------------------
| rollout/           |          |
|    ep_len_mean     | 190      |
|    ep_rew_mean     | -0.875   |
| time/              |          |
|    episodes        | 2664     |
|    fps             | 45       |
|    time_elapsed    | 2358     |
|    total_timesteps | 306152   |
| train/             |          |
|    actor_loss      | 1.97     |
|    critic_loss     | 0.0123   |
|    ent_coef        | 0.02     |
|    learning_rate   | 0.0003   |
|    n_updates       | 305151   |
---------------------------------
---------------------------------
| rollout/           |          |
|    ep_len_mean     | 190      |
|    ep_rew_mean     | -0.87    |
| time/              |          |
|    episodes        | 2668     |
|    fps             | 45       |
|    time_elapsed    | 2372     |
|    total_timesteps | 306952   |
| train/             |          |
|    actor_loss      | 2.13     |
|    critic_loss     | 0.0212   |
|    ent_coef        | 0.02     |
|    learning_rate   | 0.0003   |
|    n_updates       | 305951   |
---------------------------------
---------------------------------
| rollout/           |          |
|    ep_len_mean     | 188      |
|    ep_rew_mean     | -0.653   |
| time/              |          |
|    episodes        | 2672     |
|    fps             | 44       |
|    time_elapsed    | 2391     |
|    total_timesteps | 307553   |
| train/             |          |
|    actor_loss      | 1.98     |
|    critic_loss     | 0.0721   |
|    ent_coef        | 0.02     |
|    learning_rate   | 0.0003   |
|    n_updates       | 306552   |
---------------------------------
[success-rate] last 50 episodes: 8.0% reached goal
[actions] last 500 steps: linear mean=+0.09 std=0.60 | angular mean=-0.02 std=0.59 | spin-in-place frac=7.4%
---------------------------------
| rollout/           |          |
|    ep_len_mean     | 190      |
|    ep_rew_mean     | -0.872   |
| time/              |          |
|    episodes        | 2676     |
|    fps             | 45       |
|    time_elapsed    | 2406     |
|    total_timesteps | 308353   |
| train/             |          |
|    actor_loss      | 1.87     |
|    critic_loss     | 0.00944  |
|    ent_coef        | 0.02     |
|    learning_rate   | 0.0003   |
|    n_updates       | 307352   |
---------------------------------
---------------------------------
| rollout/           |          |
|    ep_len_mean     | 190      |
|    ep_rew_mean     | -0.864   |
| time/              |          |
|    episodes        | 2680     |
|    fps             | 45       |
|    time_elapsed    | 2419     |
|    total_timesteps | 309153   |
| train/             |          |
|    actor_loss      | 1.86     |
|    critic_loss     | 0.0137   |
|    ent_coef        | 0.02     |
|    learning_rate   | 0.0003   |
|    n_updates       | 308152   |
---------------------------------
---------------------------------
| rollout/           |          |
|    ep_len_mean     | 190      |
|    ep_rew_mean     | -0.854   |
| time/              |          |
|    episodes        | 2684     |
|    fps             | 45       |
|    time_elapsed    | 2436     |
|    total_timesteps | 309953   |
| train/             |          |
|    actor_loss      | 2.03     |
|    critic_loss     | 0.019    |
|    ent_coef        | 0.02     |
|    learning_rate   | 0.0003   |
|    n_updates       | 308952   |
---------------------------------
[success-rate] last 50 episodes: 8.0% reached goal
[actions] last 500 steps: linear mean=+0.00 std=0.58 | angular mean=+0.06 std=0.60 | spin-in-place frac=8.6%
---------------------------------
| rollout/           |          |
|    ep_len_mean     | 190      |
|    ep_rew_mean     | -0.864   |
| time/              |          |
|    episodes        | 2688     |
|    fps             | 45       |
|    time_elapsed    | 2450     |
|    total_timesteps | 310753   |
| train/             |          |
|    actor_loss      | 2.14     |
|    critic_loss     | 0.0846   |
|    ent_coef        | 0.02     |
|    learning_rate   | 0.0003   |
|    n_updates       | 309752   |
---------------------------------
---------------------------------
| rollout/           |          |
|    ep_len_mean     | 190      |
|    ep_rew_mean     | -0.872   |
| time/              |          |
|    episodes        | 2692     |
|    fps             | 45       |
|    time_elapsed    | 2471     |
|    total_timesteps | 311553   |
| train/             |          |
|    actor_loss      | 1.98     |
|    critic_loss     | 0.0494   |
|    ent_coef        | 0.02     |
|    learning_rate   | 0.0003   |
|    n_updates       | 310552   |
---------------------------------
[success-rate] last 50 episodes: 6.0% reached goal
[actions] last 500 steps: linear mean=-0.12 std=0.59 | angular mean=+0.09 std=0.58 | spin-in-place frac=9.4%
---------------------------------
| rollout/           |          |
|    ep_len_mean     | 190      |
|    ep_rew_mean     | -0.857   |
| time/              |          |
|    episodes        | 2696     |
|    fps             | 45       |
|    time_elapsed    | 2486     |
|    total_timesteps | 312353   |
| train/             |          |
|    actor_loss      | 1.91     |
|    critic_loss     | 0.0196   |
|    ent_coef        | 0.02     |
|    learning_rate   | 0.0003   |
|    n_updates       | 311352   |
---------------------------------
---------------------------------
| rollout/           |          |
|    ep_len_mean     | 190      |
|    ep_rew_mean     | -0.867   |
| time/              |          |
|    episodes        | 2700     |
|    fps             | 45       |
|    time_elapsed    | 2507     |
|    total_timesteps | 313153   |
| train/             |          |
|    actor_loss      | 2.18     |
|    critic_loss     | 0.0139   |
|    ent_coef        | 0.02     |
|    learning_rate   | 0.0003   |
|    n_updates       | 312152   |
---------------------------------
---------------------------------
| rollout/           |          |
|    ep_len_mean     | 188      |
|    ep_rew_mean     | -0.646   |
| time/              |          |
|    episodes        | 2704     |
|    fps             | 45       |
|    time_elapsed    | 2525     |
|    total_timesteps | 313754   |
| train/             |          |
|    actor_loss      | 1.87     |
|    critic_loss     | 0.178    |
|    ent_coef        | 0.02     |
|    learning_rate   | 0.0003   |
|    n_updates       | 312753   |
---------------------------------
[success-rate] last 50 episodes: 4.0% reached goal
[actions] last 500 steps: linear mean=+0.26 std=0.57 | angular mean=-0.15 std=0.59 | spin-in-place frac=9.0%
---------------------------------
| rollout/           |          |
|    ep_len_mean     | 186      |
|    ep_rew_mean     | -0.429   |
| time/              |          |
|    episodes        | 2708     |
|    fps             | 44       |
|    time_elapsed    | 2542     |
|    total_timesteps | 314355   |
| train/             |          |
|    actor_loss      | 2.19     |
|    critic_loss     | 0.0181   |
|    ent_coef        | 0.02     |
|    learning_rate   | 0.0003   |
|    n_updates       | 313354   |
---------------------------------
---------------------------------
| rollout/           |          |
|    ep_len_mean     | 188      |
|    ep_rew_mean     | -0.655   |
| time/              |          |
|    episodes        | 2712     |
|    fps             | 44       |
|    time_elapsed    | 2559     |
|    total_timesteps | 315155   |
| train/             |          |
|    actor_loss      | 1.99     |
|    critic_loss     | 0.00774  |
|    ent_coef        | 0.02     |
|    learning_rate   | 0.0003   |
|    n_updates       | 314154   |
---------------------------------
---------------------------------
| rollout/           |          |
|    ep_len_mean     | 188      |
|    ep_rew_mean     | -0.654   |
| time/              |          |
|    episodes        | 2716     |
|    fps             | 45       |
|    time_elapsed    | 2575     |
|    total_timesteps | 315955   |
| train/             |          |
|    actor_loss      | 1.91     |
|    critic_loss     | 0.0259   |
|    ent_coef        | 0.02     |
|    learning_rate   | 0.0003   |
|    n_updates       | 314954   |
---------------------------------
[success-rate] last 50 episodes: 6.0% reached goal
[actions] last 500 steps: linear mean=+0.04 std=0.62 | angular mean=-0.11 std=0.56 | spin-in-place frac=8.6%
---------------------------------
| rollout/           |          |
|    ep_len_mean     | 188      |
|    ep_rew_mean     | -0.672   |
| time/              |          |
|    episodes        | 2720     |
|    fps             | 45       |
|    time_elapsed    | 2592     |
|    total_timesteps | 316755   |
| train/             |          |
|    actor_loss      | 2.01     |
|    critic_loss     | 0.0138   |
|    ent_coef        | 0.02     |
|    learning_rate   | 0.0003   |
|    n_updates       | 315754   |
---------------------------------
---------------------------------
| rollout/           |          |
|    ep_len_mean     | 186      |
|    ep_rew_mean     | -0.453   |
| time/              |          |
|    episodes        | 2724     |
|    fps             | 44       |
|    time_elapsed    | 2608     |
|    total_timesteps | 317356   |
| train/             |          |
|    actor_loss      | 1.92     |
|    critic_loss     | 0.217    |
|    ent_coef        | 0.02     |
|    learning_rate   | 0.0003   |
|    n_updates       | 316355   |
---------------------------------
[success-rate] last 50 episodes: 6.0% reached goal
[actions] last 500 steps: linear mean=+0.02 std=0.57 | angular mean=-0.07 std=0.57 | spin-in-place frac=12.6%
---------------------------------
| rollout/           |          |
|    ep_len_mean     | 186      |
|    ep_rew_mean     | -0.455   |
| time/              |          |
|    episodes        | 2728     |
|    fps             | 44       |
|    time_elapsed    | 2625     |
|    total_timesteps | 318156   |
| train/             |          |
|    actor_loss      | 2.05     |
|    critic_loss     | 0.0111   |
|    ent_coef        | 0.02     |
|    learning_rate   | 0.0003   |
|    n_updates       | 317155   |
---------------------------------
---------------------------------
| rollout/           |          |
|    ep_len_mean     | 186      |
|    ep_rew_mean     | -0.457   |
| time/              |          |
|    episodes        | 2732     |
|    fps             | 45       |
|    time_elapsed    | 2641     |
|    total_timesteps | 318956   |
| train/             |          |
|    actor_loss      | 1.95     |
|    critic_loss     | 0.00489  |
|    ent_coef        | 0.02     |
|    learning_rate   | 0.0003   |
|    n_updates       | 317955   |
---------------------------------
---------------------------------
| rollout/           |          |
|    ep_len_mean     | 186      |
|    ep_rew_mean     | -0.463   |
| time/              |          |
|    episodes        | 2736     |
|    fps             | 45       |
|    time_elapsed    | 2660     |
|    total_timesteps | 319756   |
| train/             |          |
|    actor_loss      | 2.18     |
|    critic_loss     | 0.00872  |
|    ent_coef        | 0.02     |
|    learning_rate   | 0.0003   |
|    n_updates       | 318755   |
---------------------------------
[success-rate] last 50 episodes: 6.0% reached goal
[actions] last 500 steps: linear mean=+0.09 std=0.56 | angular mean=-0.02 std=0.59 | spin-in-place frac=12.8%
---------------------------------
| rollout/           |          |
|    ep_len_mean     | 188      |
|    ep_rew_mean     | -0.68    |
| time/              |          |
|    episodes        | 2740     |
|    fps             | 44       |
|    time_elapsed    | 2681     |
|    total_timesteps | 320556   |
| train/             |          |
|    actor_loss      | 1.87     |
|    critic_loss     | 0.00788  |
|    ent_coef        | 0.02     |
|    learning_rate   | 0.0003   |
|    n_updates       | 319555   |
---------------------------------
---------------------------------
| rollout/           |          |
|    ep_len_mean     | 188      |
|    ep_rew_mean     | -0.686   |
| time/              |          |
|    episodes        | 2744     |
|    fps             | 45       |
|    time_elapsed    | 2696     |
|    total_timesteps | 321356   |
| train/             |          |
|    actor_loss      | 2.05     |
|    critic_loss     | 0.0105   |
|    ent_coef        | 0.02     |
|    learning_rate   | 0.0003   |
|    n_updates       | 320355   |
---------------------------------
---------------------------------
| rollout/           |          |
|    ep_len_mean     | 188      |
|    ep_rew_mean     | -0.689   |
| time/              |          |
|    episodes        | 2748     |
|    fps             | 45       |
|    time_elapsed    | 2709     |
|    total_timesteps | 321990   |
| train/             |          |
|    actor_loss      | 1.95     |
|    critic_loss     | 0.0288   |
|    ent_coef        | 0.02     |
|    learning_rate   | 0.0003   |
|    n_updates       | 320989   |
---------------------------------
[success-rate] last 50 episodes: 8.0% reached goal
[actions] last 500 steps: linear mean=+0.15 std=0.60 | angular mean=-0.06 std=0.59 | spin-in-place frac=9.2%
---------------------------------
| rollout/           |          |
|    ep_len_mean     | 190      |
|    ep_rew_mean     | -0.906   |
| time/              |          |
|    episodes        | 2752     |
|    fps             | 44       |
|    time_elapsed    | 2730     |
|    total_timesteps | 322790   |
| train/             |          |
|    actor_loss      | 2.24     |
|    critic_loss     | 0.0144   |
|    ent_coef        | 0.02     |
|    learning_rate   | 0.0003   |
|    n_updates       | 321789   |
---------------------------------
---------------------------------
| rollout/           |          |
|    ep_len_mean     | 190      |
|    ep_rew_mean     | -0.925   |
| time/              |          |
|    episodes        | 2756     |
|    fps             | 45       |
|    time_elapsed    | 2745     |
|    total_timesteps | 323590   |
| train/             |          |
|    actor_loss      | 1.9      |
|    critic_loss     | 0.00822  |
|    ent_coef        | 0.02     |
|    learning_rate   | 0.0003   |
|    n_updates       | 322589   |
---------------------------------
[success-rate] last 50 episodes: 4.0% reached goal
[actions] last 500 steps: linear mean=+0.00 std=0.58 | angular mean=+0.05 std=0.58 | spin-in-place frac=9.2%
---------------------------------
| rollout/           |          |
|    ep_len_mean     | 190      |
|    ep_rew_mean     | -0.934   |
| time/              |          |
|    episodes        | 2760     |
|    fps             | 45       |
|    time_elapsed    | 2761     |
|    total_timesteps | 324390   |
| train/             |          |
|    actor_loss      | 1.92     |
|    critic_loss     | 0.0104   |
|    ent_coef        | 0.02     |
|    learning_rate   | 0.0003   |
|    n_updates       | 323389   |
---------------------------------
---------------------------------
| rollout/           |          |
|    ep_len_mean     | 187      |
|    ep_rew_mean     | -0.506   |
| time/              |          |
|    episodes        | 2764     |
|    fps             | 44       |
|    time_elapsed    | 2777     |
|    total_timesteps | 324831   |
| train/             |          |
|    actor_loss      | 2.15     |
|    critic_loss     | 0.0358   |
|    ent_coef        | 0.02     |
|    learning_rate   | 0.0003   |
|    n_updates       | 323830   |
---------------------------------
---------------------------------
| rollout/           |          |
|    ep_len_mean     | 187      |
|    ep_rew_mean     | -0.516   |
| time/              |          |
|    episodes        | 2768     |
|    fps             | 44       |
|    time_elapsed    | 2794     |
|    total_timesteps | 325631   |
| train/             |          |
|    actor_loss      | 2.02     |
|    critic_loss     | 0.0152   |
|    ent_coef        | 0.02     |
|    learning_rate   | 0.0003   |
|    n_updates       | 324630   |
---------------------------------
[success-rate] last 50 episodes: 10.0% reached goal
[actions] last 500 steps: linear mean=-0.09 std=0.57 | angular mean=-0.06 std=0.59 | spin-in-place frac=11.0%
---------------------------------
| rollout/           |          |
|    ep_len_mean     | 187      |
|    ep_rew_mean     | -0.503   |
| time/              |          |
|    episodes        | 2772     |
|    fps             | 44       |
|    time_elapsed    | 2812     |
|    total_timesteps | 326232   |
| train/             |          |
|    actor_loss      | 2.05     |
|    critic_loss     | 0.0083   |
|    ent_coef        | 0.02     |
|    learning_rate   | 0.0003   |
|    n_updates       | 325231   |
---------------------------------
---------------------------------
| rollout/           |          |
|    ep_len_mean     | 187      |
|    ep_rew_mean     | -0.497   |
| time/              |          |
|    episodes        | 2776     |
|    fps             | 44       |
|    time_elapsed    | 2833     |
|    total_timesteps | 327032   |
| train/             |          |
|    actor_loss      | 2.05     |
|    critic_loss     | 0.00775  |
|    ent_coef        | 0.02     |
|    learning_rate   | 0.0003   |
|    n_updates       | 326031   |
---------------------------------
---------------------------------
| rollout/           |          |
|    ep_len_mean     | 187      |
|    ep_rew_mean     | -0.511   |
| time/              |          |
|    episodes        | 2780     |
|    fps             | 44       |
|    time_elapsed    | 2850     |
|    total_timesteps | 327832   |
| train/             |          |
|    actor_loss      | 2.05     |
|    critic_loss     | 0.00978  |
|    ent_coef        | 0.02     |
|    learning_rate   | 0.0003   |
|    n_updates       | 326831   |
---------------------------------
[success-rate] last 50 episodes: 8.0% reached goal
[actions] last 500 steps: linear mean=-0.10 std=0.57 | angular mean=-0.06 std=0.58 | spin-in-place frac=10.4%
---------------------------------
| rollout/           |          |
|    ep_len_mean     | 185      |
|    ep_rew_mean     | -0.294   |
| time/              |          |
|    episodes        | 2784     |
|    fps             | 44       |
|    time_elapsed    | 2868     |
|    total_timesteps | 328433   |
| train/             |          |
|    actor_loss      | 2.1      |
|    critic_loss     | 0.028    |
|    ent_coef        | 0.02     |
|    learning_rate   | 0.0003   |
|    n_updates       | 327432   |
---------------------------------
---------------------------------
| rollout/           |          |
|    ep_len_mean     | 185      |
|    ep_rew_mean     | -0.29    |
| time/              |          |
|    episodes        | 2788     |
|    fps             | 44       |
|    time_elapsed    | 2885     |
|    total_timesteps | 329233   |
| train/             |          |
|    actor_loss      | 1.91     |
|    critic_loss     | 0.0267   |
|    ent_coef        | 0.02     |
|    learning_rate   | 0.0003   |
|    n_updates       | 328232   |
---------------------------------
[success-rate] last 50 episodes: 10.0% reached goal
[actions] last 500 steps: linear mean=+0.07 std=0.59 | angular mean=+0.10 std=0.56 | spin-in-place frac=10.2%
---------------------------------
| rollout/           |          |
|    ep_len_mean     | 185      |
|    ep_rew_mean     | -0.266   |
| time/              |          |
|    episodes        | 2792     |
|    fps             | 44       |
|    time_elapsed    | 2902     |
|    total_timesteps | 330033   |
| train/             |          |
|    actor_loss      | 1.99     |
|    critic_loss     | 0.0265   |
|    ent_coef        | 0.02     |
|    learning_rate   | 0.0003   |
|    n_updates       | 329032   |
---------------------------------
---------------------------------
| rollout/           |          |
|    ep_len_mean     | 183      |
|    ep_rew_mean     | -0.0569  |
| time/              |          |
|    episodes        | 2796     |
|    fps             | 44       |
|    time_elapsed    | 2919     |
|    total_timesteps | 330634   |
| train/             |          |
|    actor_loss      | 1.79     |
|    critic_loss     | 0.00918  |
|    ent_coef        | 0.02     |
|    learning_rate   | 0.0003   |
|    n_updates       | 329633   |
---------------------------------
---------------------------------
| rollout/           |          |
|    ep_len_mean     | 183      |
|    ep_rew_mean     | -0.0502  |
| time/              |          |
|    episodes        | 2800     |
|    fps             | 44       |
|    time_elapsed    | 2939     |
|    total_timesteps | 331434   |
| train/             |          |
|    actor_loss      | 1.88     |
|    critic_loss     | 0.0307   |
|    ent_coef        | 0.02     |
|    learning_rate   | 0.0003   |
|    n_updates       | 330433   |
---------------------------------
[success-rate] last 50 episodes: 10.0% reached goal
[actions] last 500 steps: linear mean=+0.05 std=0.57 | angular mean=+0.09 std=0.58 | spin-in-place frac=10.2%
---------------------------------
| rollout/           |          |
|    ep_len_mean     | 185      |
|    ep_rew_mean     | -0.286   |
| time/              |          |
|    episodes        | 2804     |
|    fps             | 44       |
|    time_elapsed    | 2955     |
|    total_timesteps | 332234   |
| train/             |          |
|    actor_loss      | 1.86     |
|    critic_loss     | 0.00951  |
|    ent_coef        | 0.02     |
|    learning_rate   | 0.0003   |
|    n_updates       | 331233   |
---------------------------------
---------------------------------
| rollout/           |          |
|    ep_len_mean     | 187      |
|    ep_rew_mean     | -0.495   |
| time/              |          |
|    episodes        | 2808     |
|    fps             | 44       |
|    time_elapsed    | 2970     |
|    total_timesteps | 333034   |
| train/             |          |
|    actor_loss      | 2        |
|    critic_loss     | 0.0382   |
|    ent_coef        | 0.02     |
|    learning_rate   | 0.0003   |
|    n_updates       | 332033   |
---------------------------------
---------------------------------
| rollout/           |          |
|    ep_len_mean     | 187      |
|    ep_rew_mean     | -0.498   |
| time/              |          |
|    episodes        | 2812     |
|    fps             | 44       |
|    time_elapsed    | 2984     |
|    total_timesteps | 333834   |
| train/             |          |
|    actor_loss      | 1.89     |
|    critic_loss     | 0.0834   |
|    ent_coef        | 0.02     |
|    learning_rate   | 0.0003   |
|    n_updates       | 332833   |
---------------------------------
[success-rate] last 50 episodes: 6.0% reached goal
[actions] last 500 steps: linear mean=-0.04 std=0.58 | angular mean=+0.01 std=0.57 | spin-in-place frac=8.4%
---------------------------------
| rollout/           |          |
|    ep_len_mean     | 187      |
|    ep_rew_mean     | -0.504   |
| time/              |          |
|    episodes        | 2816     |
|    fps             | 44       |
|    time_elapsed    | 2999     |
|    total_timesteps | 334634   |
| train/             |          |
|    actor_loss      | 1.82     |
|    critic_loss     | 0.00755  |
|    ent_coef        | 0.02     |
|    learning_rate   | 0.0003   |
|    n_updates       | 333633   |
---------------------------------
---------------------------------
| rollout/           |          |
|    ep_len_mean     | 187      |
|    ep_rew_mean     | -0.485   |
| time/              |          |
|    episodes        | 2820     |
|    fps             | 44       |
|    time_elapsed    | 3013     |
|    total_timesteps | 335434   |
| train/             |          |
|    actor_loss      | 1.65     |
|    critic_loss     | 0.212    |
|    ent_coef        | 0.02     |
|    learning_rate   | 0.0003   |
|    n_updates       | 334433   |
---------------------------------
[success-rate] last 50 episodes: 4.0% reached goal
[actions] last 500 steps: linear mean=+0.12 std=0.57 | angular mean=-0.10 std=0.59 | spin-in-place frac=10.0%
---------------------------------
| rollout/           |          |
|    ep_len_mean     | 189      |
|    ep_rew_mean     | -0.706   |
| time/              |          |
|    episodes        | 2824     |
|    fps             | 44       |
|    time_elapsed    | 3029     |
|    total_timesteps | 336234   |
| train/             |          |
|    actor_loss      | 1.74     |
|    critic_loss     | 0.0146   |
|    ent_coef        | 0.02     |
|    learning_rate   | 0.0003   |
|    n_updates       | 335233   |
---------------------------------
---------------------------------
| rollout/           |          |
|    ep_len_mean     | 189      |
|    ep_rew_mean     | -0.709   |
| time/              |          |
|    episodes        | 2828     |
|    fps             | 44       |
|    time_elapsed    | 3052     |
|    total_timesteps | 337034   |
| train/             |          |
|    actor_loss      | 1.79     |
|    critic_loss     | 0.0121   |
|    ent_coef        | 0.02     |
|    learning_rate   | 0.0003   |
|    n_updates       | 336033   |
---------------------------------
---------------------------------
| rollout/           |          |
|    ep_len_mean     | 185      |
|    ep_rew_mean     | -0.272   |
| time/              |          |
|    episodes        | 2832     |
|    fps             | 44       |
|    time_elapsed    | 3061     |
|    total_timesteps | 337436   |
| train/             |          |
|    actor_loss      | 1.72     |
|    critic_loss     | 0.00848  |
|    ent_coef        | 0.02     |
|    learning_rate   | 0.0003   |
|    n_updates       | 336435   |
---------------------------------
[success-rate] last 50 episodes: 6.0% reached goal
[actions] last 500 steps: linear mean=+0.07 std=0.61 | angular mean=-0.00 std=0.58 | spin-in-place frac=6.8%
---------------------------------
| rollout/           |          |
|    ep_len_mean     | 185      |
|    ep_rew_mean     | -0.25    |
| time/              |          |
|    episodes        | 2836     |
|    fps             | 44       |
|    time_elapsed    | 3078     |
|    total_timesteps | 338236   |
| train/             |          |
|    actor_loss      | 1.75     |
|    critic_loss     | 0.00529  |
|    ent_coef        | 0.02     |
|    learning_rate   | 0.0003   |
|    n_updates       | 337235   |
---------------------------------
---------------------------------
| rollout/           |          |
|    ep_len_mean     | 183      |
|    ep_rew_mean     | -0.0431  |
| time/              |          |
|    episodes        | 2840     |
|    fps             | 44       |
|    time_elapsed    | 3093     |
|    total_timesteps | 338837   |
| train/             |          |
|    actor_loss      | 1.61     |
|    critic_loss     | 0.00839  |
|    ent_coef        | 0.02     |
|    learning_rate   | 0.0003   |
|    n_updates       | 337836   |
---------------------------------
---------------------------------
| rollout/           |          |
|    ep_len_mean     | 183      |
|    ep_rew_mean     | -0.0409  |
| time/              |          |
|    episodes        | 2844     |
|    fps             | 44       |
|    time_elapsed    | 3109     |
|    total_timesteps | 339637   |
| train/             |          |
|    actor_loss      | 1.81     |
|    critic_loss     | 0.00883  |
|    ent_coef        | 0.02     |
|    learning_rate   | 0.0003   |
|    n_updates       | 338636   |
---------------------------------
[success-rate] last 50 episodes: 6.0% reached goal
[actions] last 500 steps: linear mean=-0.11 std=0.59 | angular mean=-0.01 std=0.59 | spin-in-place frac=9.2%
---------------------------------
| rollout/           |          |
|    ep_len_mean     | 184      |
|    ep_rew_mean     | -0.266   |
| time/              |          |
|    episodes        | 2848     |
|    fps             | 44       |
|    time_elapsed    | 3124     |
|    total_timesteps | 340437   |
| train/             |          |
|    actor_loss      | 1.96     |
|    critic_loss     | 0.0233   |
|    ent_coef        | 0.02     |
|    learning_rate   | 0.0003   |
|    n_updates       | 339436   |
---------------------------------
---------------------------------
| rollout/           |          |
|    ep_len_mean     | 184      |
|    ep_rew_mean     | -0.28    |
| time/              |          |
|    episodes        | 2852     |
|    fps             | 44       |
|    time_elapsed    | 3143     |
|    total_timesteps | 341237   |
| train/             |          |
|    actor_loss      | 1.61     |
|    critic_loss     | 0.011    |
|    ent_coef        | 0.02     |
|    learning_rate   | 0.0003   |
|    n_updates       | 340236   |
---------------------------------
[success-rate] last 50 episodes: 6.0% reached goal
[actions] last 500 steps: linear mean=-0.08 std=0.58 | angular mean=-0.05 std=0.60 | spin-in-place frac=10.0%
---------------------------------
| rollout/           |          |
|    ep_len_mean     | 184      |
|    ep_rew_mean     | -0.287   |
| time/              |          |
|    episodes        | 2856     |
|    fps             | 44       |
|    time_elapsed    | 3161     |
|    total_timesteps | 342037   |
| train/             |          |
|    actor_loss      | 1.71     |
|    critic_loss     | 1.13     |
|    ent_coef        | 0.02     |
|    learning_rate   | 0.0003   |
|    n_updates       | 341036   |
---------------------------------
---------------------------------
| rollout/           |          |
|    ep_len_mean     | 184      |
|    ep_rew_mean     | -0.292   |
| time/              |          |
|    episodes        | 2860     |
|    fps             | 45       |
|    time_elapsed    | 3173     |
|    total_timesteps | 342837   |
| train/             |          |
|    actor_loss      | 2.01     |
|    critic_loss     | 0.0834   |
|    ent_coef        | 0.02     |
|    learning_rate   | 0.0003   |
|    n_updates       | 341836   |
---------------------------------
---------------------------------
| rollout/           |          |
|    ep_len_mean     | 188      |
|    ep_rew_mean     | -0.736   |
| time/              |          |
|    episodes        | 2864     |
|    fps             | 44       |
|    time_elapsed    | 3194     |
|    total_timesteps | 343637   |
| train/             |          |
|    actor_loss      | 1.58     |
|    critic_loss     | 0.0377   |
|    ent_coef        | 0.02     |
|    learning_rate   | 0.0003   |
|    n_updates       | 342636   |
---------------------------------
[success-rate] last 50 episodes: 6.0% reached goal
[actions] last 500 steps: linear mean=+0.18 std=0.57 | angular mean=+0.05 std=0.58 | spin-in-place frac=9.4%
---------------------------------
| rollout/           |          |
|    ep_len_mean     | 188      |
|    ep_rew_mean     | -0.727   |
| time/              |          |
|    episodes        | 2868     |
|    fps             | 44       |
|    time_elapsed    | 3213     |
|    total_timesteps | 344437   |
| train/             |          |
|    actor_loss      | 1.73     |
|    critic_loss     | 1.19     |
|    ent_coef        | 0.02     |
|    learning_rate   | 0.0003   |
|    n_updates       | 343436   |
---------------------------------
---------------------------------
| rollout/           |          |
|    ep_len_mean     | 190      |
|    ep_rew_mean     | -0.945   |
| time/              |          |
|    episodes        | 2872     |
|    fps             | 44       |
|    time_elapsed    | 3232     |
|    total_timesteps | 345237   |
| train/             |          |
|    actor_loss      | 1.61     |
|    critic_loss     | 0.00501  |
|    ent_coef        | 0.02     |
|    learning_rate   | 0.0003   |
|    n_updates       | 344236   |
---------------------------------
[success-rate] last 50 episodes: 6.0% reached goal
[actions] last 500 steps: linear mean=-0.07 std=0.59 | angular mean=+0.05 std=0.60 | spin-in-place frac=8.2%
---------------------------------
| rollout/           |          |
|    ep_len_mean     | 190      |
|    ep_rew_mean     | -0.942   |
| time/              |          |
|    episodes        | 2876     |
|    fps             | 44       |
|    time_elapsed    | 3250     |
|    total_timesteps | 346037   |
| train/             |          |
|    actor_loss      | 1.6      |
|    critic_loss     | 0.00593  |
|    ent_coef        | 0.02     |
|    learning_rate   | 0.0003   |
|    n_updates       | 345036   |
---------------------------------
---------------------------------
| rollout/           |          |
|    ep_len_mean     | 188      |
|    ep_rew_mean     | -0.716   |
| time/              |          |
|    episodes        | 2880     |
|    fps             | 44       |
|    time_elapsed    | 3267     |
|    total_timesteps | 346638   |
| train/             |          |
|    actor_loss      | 1.7      |
|    critic_loss     | 0.0304   |
|    ent_coef        | 0.02     |
|    learning_rate   | 0.0003   |
|    n_updates       | 345637   |
---------------------------------
---------------------------------
| rollout/           |          |
|    ep_len_mean     | 190      |
|    ep_rew_mean     | -0.947   |
| time/              |          |
|    episodes        | 2884     |
|    fps             | 44       |
|    time_elapsed    | 3286     |
|    total_timesteps | 347438   |
| train/             |          |
|    actor_loss      | 1.83     |
|    critic_loss     | 0.0124   |
|    ent_coef        | 0.02     |
|    learning_rate   | 0.0003   |
|    n_updates       | 346437   |
---------------------------------
---------------------------------
| rollout/           |          |
|    ep_len_mean     | 184      |
|    ep_rew_mean     | -0.289   |
| time/              |          |
|    episodes        | 2888     |
|    fps             | 44       |
|    time_elapsed    | 3296     |
|    total_timesteps | 347678   |
| train/             |          |
|    actor_loss      | 1.69     |
|    critic_loss     | 0.00517  |
|    ent_coef        | 0.02     |
|    learning_rate   | 0.0003   |
|    n_updates       | 346677   |
---------------------------------
[success-rate] last 50 episodes: 8.0% reached goal
[actions] last 500 steps: linear mean=-0.08 std=0.62 | angular mean=-0.11 std=0.57 | spin-in-place frac=8.4%
---------------------------------
| rollout/           |          |
|    ep_len_mean     | 184      |
|    ep_rew_mean     | -0.302   |
| time/              |          |
|    episodes        | 2892     |
|    fps             | 44       |
|    time_elapsed    | 3314     |
|    total_timesteps | 348478   |
| train/             |          |
|    actor_loss      | 1.46     |
|    critic_loss     | 0.00854  |
|    ent_coef        | 0.02     |
|    learning_rate   | 0.0003   |
|    n_updates       | 347477   |
---------------------------------
---------------------------------
| rollout/           |          |
|    ep_len_mean     | 186      |
|    ep_rew_mean     | -0.52    |
| time/              |          |
|    episodes        | 2896     |
|    fps             | 44       |
|    time_elapsed    | 3333     |
|    total_timesteps | 349278   |
| train/             |          |
|    actor_loss      | 1.64     |
|    critic_loss     | 0.0138   |
|    ent_coef        | 0.02     |
|    learning_rate   | 0.0003   |
|    n_updates       | 348277   |
---------------------------------
[success-rate] last 50 episodes: 8.0% reached goal
[actions] last 500 steps: linear mean=+0.03 std=0.59 | angular mean=-0.00 std=0.57 | spin-in-place frac=9.2%
=== STAGE s3 DONE: success_rate=0.00% (own difficulty) ===
=== STAGE s4: dist<=16 steps=260 timesteps=180000 ===
Wrapping the env with a `Monitor` wrapper
Wrapping the env in a DummyVecEnv.
resumed from /workspace/sac_baseline_s3.zip
---------------------------------
| rollout/           |          |
|    ep_len_mean     | 187      |
|    ep_rew_mean     | -0.518   |
| time/              |          |
|    episodes        | 2900     |
|    fps             | 29       |
|    time_elapsed    | 8        |
|    total_timesteps | 350260   |
| train/             |          |
|    actor_loss      | 0.703    |
|    critic_loss     | 0.000157 |
|    ent_coef        | 0.02     |
|    learning_rate   | 0.0003   |
|    n_updates       | 349259   |
---------------------------------
---------------------------------
| rollout/           |          |
|    ep_len_mean     | 189      |
|    ep_rew_mean     | -0.537   |
| time/              |          |
|    episodes        | 2904     |
|    fps             | 58       |
|    time_elapsed    | 22       |
|    total_timesteps | 351300   |
| train/             |          |
|    actor_loss      | 1.02     |
|    critic_loss     | 0.000302 |
|    ent_coef        | 0.02     |
|    learning_rate   | 0.0003   |
|    n_updates       | 350299   |
---------------------------------
[success-rate] last 7 episodes: 0.0% reached goal
[actions] last 500 steps: linear mean=-0.02 std=0.62 | angular mean=+0.01 std=0.60 | spin-in-place frac=8.8%
