Wrapping the env with a `Monitor` wrapper
Wrapping the env in a DummyVecEnv.
Resumed from /workspace/baseline_v5.zip
---------------------------------
| rollout/           |          |
|    ep_len_mean     | 117      |
|    ep_rew_mean     | -0.507   |
| time/              |          |
|    fps             | 91       |
|    iterations      | 1        |
|    time_elapsed    | 2        |
|    total_timesteps | 40448    |
---------------------------------
------------------------------------------
| rollout/                |              |
|    ep_len_mean          | 117          |
|    ep_rew_mean          | -0.498       |
| time/                   |              |
|    fps                  | 95           |
|    iterations           | 2            |
|    time_elapsed         | 5            |
|    total_timesteps      | 40704        |
| train/                  |              |
|    approx_kl            | 0.0038181222 |
|    clip_fraction        | 0.0352       |
|    clip_range           | 0.2          |
|    entropy_loss         | -2.92        |
|    explained_variance   | 0.13         |
|    learning_rate        | 0.0003       |
|    loss                 | -0.0237      |
|    n_updates            | 1580         |
|    policy_gradient_loss | -0.0027      |
|    std                  | 1.05         |
|    value_loss           | 0.00932      |
------------------------------------------
------------------------------------------
| rollout/                |              |
|    ep_len_mean          | 117          |
|    ep_rew_mean          | -0.513       |
| time/                   |              |
|    fps                  | 96           |
|    iterations           | 3            |
|    time_elapsed         | 7            |
|    total_timesteps      | 40960        |
| train/                  |              |
|    approx_kl            | 0.0038286594 |
|    clip_fraction        | 0.0621       |
|    clip_range           | 0.2          |
|    entropy_loss         | -2.93        |
|    explained_variance   | 0.0984       |
|    learning_rate        | 0.0003       |
|    loss                 | -0.0401      |
|    n_updates            | 1590         |
|    policy_gradient_loss | -0.00641     |
|    std                  | 1.06         |
|    value_loss           | 0.00153      |
------------------------------------------
-----------------------------------------
| rollout/                |             |
|    ep_len_mean          | 117         |
|    ep_rew_mean          | -0.53       |
| time/                   |             |
|    fps                  | 96          |
|    iterations           | 4           |
|    time_elapsed         | 10          |
|    total_timesteps      | 41216       |
| train/                  |             |
|    approx_kl            | 0.009055717 |
|    clip_fraction        | 0.0879      |
|    clip_range           | 0.2         |
|    entropy_loss         | -2.94       |
|    explained_variance   | 0.198       |
|    learning_rate        | 0.0003      |
|    loss                 | -0.0432     |
|    n_updates            | 1600        |
|    policy_gradient_loss | -0.00878    |
|    std                  | 1.06        |
|    value_loss           | 0.00447     |
-----------------------------------------
------------------------------------------
| rollout/                |              |
|    ep_len_mean          | 117          |
|    ep_rew_mean          | -0.541       |
| time/                   |              |
|    fps                  | 96           |
|    iterations           | 5            |
|    time_elapsed         | 13           |
|    total_timesteps      | 41472        |
| train/                  |              |
|    approx_kl            | 0.0054609026 |
|    clip_fraction        | 0.0395       |
|    clip_range           | 0.2          |
|    entropy_loss         | -2.95        |
|    explained_variance   | -0.11        |
|    learning_rate        | 0.0003       |
|    loss                 | -0.0326      |
|    n_updates            | 1610         |
|    policy_gradient_loss | -0.00373     |
|    std                  | 1.06         |
|    value_loss           | 0.00509      |
------------------------------------------
------------------------------------------
| rollout/                |              |
|    ep_len_mean          | 118          |
|    ep_rew_mean          | -0.752       |
| time/                   |              |
|    fps                  | 96           |
|    iterations           | 6            |
|    time_elapsed         | 15           |
|    total_timesteps      | 41728        |
| train/                  |              |
|    approx_kl            | 0.0033448143 |
|    clip_fraction        | 0.0219       |
|    clip_range           | 0.2          |
|    entropy_loss         | -2.95        |
|    explained_variance   | -0.401       |
|    learning_rate        | 0.0003       |
|    loss                 | -0.0273      |
|    n_updates            | 1620         |
|    policy_gradient_loss | -0.00227     |
|    std                  | 1.06         |
|    value_loss           | 0.00679      |
------------------------------------------
------------------------------------------
| rollout/                |              |
|    ep_len_mean          | 118          |
|    ep_rew_mean          | -0.753       |
| time/                   |              |
|    fps                  | 97           |
|    iterations           | 7            |
|    time_elapsed         | 18           |
|    total_timesteps      | 41984        |
| train/                  |              |
|    approx_kl            | 0.0070338286 |
|    clip_fraction        | 0.0543       |
|    clip_range           | 0.2          |
|    entropy_loss         | -2.95        |
|    explained_variance   | 0.359        |
|    learning_rate        | 0.0003       |
|    loss                 | -0.0194      |
|    n_updates            | 1630         |
|    policy_gradient_loss | -0.00381     |
|    std                  | 1.07         |
|    value_loss           | 0.00137      |
------------------------------------------
-----------------------------------------
| rollout/                |             |
|    ep_len_mean          | 118         |
|    ep_rew_mean          | -0.743      |
| time/                   |             |
|    fps                  | 96          |
|    iterations           | 8           |
|    time_elapsed         | 21          |
|    total_timesteps      | 42240       |
| train/                  |             |
|    approx_kl            | 0.007434084 |
|    clip_fraction        | 0.0582      |
|    clip_range           | 0.2         |
|    entropy_loss         | -2.96       |
|    explained_variance   | -0.121      |
|    learning_rate        | 0.0003      |
|    loss                 | -0.0367     |
|    n_updates            | 1640        |
|    policy_gradient_loss | -0.00633    |
|    std                  | 1.07        |
|    value_loss           | 0.00465     |
-----------------------------------------
------------------------------------------
| rollout/                |              |
|    ep_len_mean          | 118          |
|    ep_rew_mean          | -0.727       |
| time/                   |              |
|    fps                  | 96           |
|    iterations           | 9            |
|    time_elapsed         | 23           |
|    total_timesteps      | 42496        |
| train/                  |              |
|    approx_kl            | 0.0066238493 |
|    clip_fraction        | 0.1          |
|    clip_range           | 0.2          |
|    entropy_loss         | -2.96        |
|    explained_variance   | 0.0824       |
|    learning_rate        | 0.0003       |
|    loss                 | -0.0401      |
|    n_updates            | 1650         |
|    policy_gradient_loss | -0.0106      |
|    std                  | 1.07         |
|    value_loss           | 0.00613      |
------------------------------------------
-----------------------------------------
| rollout/                |             |
|    ep_len_mean          | 117         |
|    ep_rew_mean          | -0.511      |
| time/                   |             |
|    fps                  | 95          |
|    iterations           | 10          |
|    time_elapsed         | 26          |
|    total_timesteps      | 42752       |
| train/                  |             |
|    approx_kl            | 0.006547479 |
|    clip_fraction        | 0.0766      |
|    clip_range           | 0.2         |
|    entropy_loss         | -2.95       |
|    explained_variance   | 0.171       |
|    learning_rate        | 0.0003      |
|    loss                 | -0.0319     |
|    n_updates            | 1660        |
|    policy_gradient_loss | -0.00696    |
|    std                  | 1.06        |
|    value_loss           | 0.00337     |
-----------------------------------------
-----------------------------------------
| rollout/                |             |
|    ep_len_mean          | 117         |
|    ep_rew_mean          | -0.515      |
| time/                   |             |
|    fps                  | 95          |
|    iterations           | 11          |
|    time_elapsed         | 29          |
|    total_timesteps      | 43008       |
| train/                  |             |
|    approx_kl            | 0.004301707 |
|    clip_fraction        | 0.00625     |
|    clip_range           | 0.2         |
|    entropy_loss         | -2.95       |
|    explained_variance   | 0.00409     |
|    learning_rate        | 0.0003      |
|    loss                 | 8.48        |
|    n_updates            | 1670        |
|    policy_gradient_loss | -0.002      |
|    std                  | 1.06        |
|    value_loss           | 13.5        |
-----------------------------------------
----------------------------------------
| rollout/                |            |
|    ep_len_mean          | 117        |
|    ep_rew_mean          | -0.522     |
| time/                   |            |
|    fps                  | 95         |
|    iterations           | 12         |
|    time_elapsed         | 32         |
|    total_timesteps      | 43264      |
| train/                  |            |
|    approx_kl            | 0.00480655 |
|    clip_fraction        | 0.0344     |
|    clip_range           | 0.2        |
|    entropy_loss         | -2.94      |
|    explained_variance   | 0.595      |
|    learning_rate        | 0.0003     |
|    loss                 | -0.0288    |
|    n_updates            | 1680       |
|    policy_gradient_loss | -0.00451   |
|    std                  | 1.06       |
|    value_loss           | 0.0158     |
----------------------------------------
-----------------------------------------
| rollout/                |             |
|    ep_len_mean          | 117         |
|    ep_rew_mean          | -0.534      |
| time/                   |             |
|    fps                  | 96          |
|    iterations           | 13          |
|    time_elapsed         | 34          |
|    total_timesteps      | 43520       |
| train/                  |             |
|    approx_kl            | 0.008421131 |
|    clip_fraction        | 0.0613      |
|    clip_range           | 0.2         |
|    entropy_loss         | -2.94       |
|    explained_variance   | 0.6         |
|    learning_rate        | 0.0003      |
|    loss                 | -0.0397     |
|    n_updates            | 1690        |
|    policy_gradient_loss | -0.0046     |
|    std                  | 1.06        |
|    value_loss           | 0.0124      |
-----------------------------------------
------------------------------------------
| rollout/                |              |
|    ep_len_mean          | 116          |
|    ep_rew_mean          | -0.327       |
| time/                   |              |
|    fps                  | 95           |
|    iterations           | 14           |
|    time_elapsed         | 37           |
|    total_timesteps      | 43776        |
| train/                  |              |
|    approx_kl            | 0.0056039477 |
|    clip_fraction        | 0.0879       |
|    clip_range           | 0.2          |
|    entropy_loss         | -2.95        |
|    explained_variance   | 0.14         |
|    learning_rate        | 0.0003       |
|    loss                 | -0.0141      |
|    n_updates            | 1700         |
|    policy_gradient_loss | -0.00538     |
|    std                  | 1.07         |
|    value_loss           | 0.00842      |
------------------------------------------
------------------------------------------
| rollout/                |              |
|    ep_len_mean          | 116          |
|    ep_rew_mean          | -0.341       |
| time/                   |              |
|    fps                  | 95           |
|    iterations           | 15           |
|    time_elapsed         | 40           |
|    total_timesteps      | 44032        |
| train/                  |              |
|    approx_kl            | 0.0050078626 |
|    clip_fraction        | 0.0168       |
|    clip_range           | 0.2          |
|    entropy_loss         | -2.96        |
|    explained_variance   | -0.0136      |
|    learning_rate        | 0.0003       |
|    loss                 | 3.16         |
|    n_updates            | 1710         |
|    policy_gradient_loss | -0.00292     |
|    std                  | 1.07         |
|    value_loss           | 1.61         |
------------------------------------------
-----------------------------------------
| rollout/                |             |
|    ep_len_mean          | 116         |
|    ep_rew_mean          | -0.343      |
| time/                   |             |
|    fps                  | 95          |
|    iterations           | 16          |
|    time_elapsed         | 42          |
|    total_timesteps      | 44288       |
| train/                  |             |
|    approx_kl            | 0.007177882 |
|    clip_fraction        | 0.0938      |
|    clip_range           | 0.2         |
|    entropy_loss         | -2.95       |
|    explained_variance   | 0.0368      |
|    learning_rate        | 0.0003      |
|    loss                 | -0.0641     |
|    n_updates            | 1720        |
|    policy_gradient_loss | -0.00762    |
|    std                  | 1.06        |
|    value_loss           | 0.00836     |
-----------------------------------------
------------------------------------------
| rollout/                |              |
|    ep_len_mean          | 116          |
|    ep_rew_mean          | -0.34        |
| time/                   |              |
|    fps                  | 96           |
|    iterations           | 17           |
|    time_elapsed         | 45           |
|    total_timesteps      | 44544        |
| train/                  |              |
|    approx_kl            | 0.0059677856 |
|    clip_fraction        | 0.0402       |
|    clip_range           | 0.2          |
|    entropy_loss         | -2.94        |
|    explained_variance   | 0.124        |
|    learning_rate        | 0.0003       |
|    loss                 | -0.0325      |
|    n_updates            | 1730         |
|    policy_gradient_loss | -0.00294     |
|    std                  | 1.06         |
|    value_loss           | 0.00367      |
------------------------------------------
------------------------------------------
| rollout/                |              |
|    ep_len_mean          | 116          |
|    ep_rew_mean          | -0.332       |
| time/                   |              |
|    fps                  | 95           |
|    iterations           | 18           |
|    time_elapsed         | 48           |
|    total_timesteps      | 44800        |
| train/                  |              |
|    approx_kl            | 0.0067264265 |
|    clip_fraction        | 0.0418       |
|    clip_range           | 0.2          |
|    entropy_loss         | -2.93        |
|    explained_variance   | -0.073       |
|    learning_rate        | 0.0003       |
|    loss                 | -0.06        |
|    n_updates            | 1740         |
|    policy_gradient_loss | -0.00406     |
|    std                  | 1.06         |
|    value_loss           | 0.0076       |
------------------------------------------
-----------------------------------------
| rollout/                |             |
|    ep_len_mean          | 116         |
|    ep_rew_mean          | -0.339      |
| time/                   |             |
|    fps                  | 95          |
|    iterations           | 19          |
|    time_elapsed         | 50          |
|    total_timesteps      | 45056       |
| train/                  |             |
|    approx_kl            | 0.008274425 |
|    clip_fraction        | 0.0766      |
|    clip_range           | 0.2         |
|    entropy_loss         | -2.93       |
|    explained_variance   | -0.0904     |
|    learning_rate        | 0.0003      |
|    loss                 | -0.0122     |
|    n_updates            | 1750        |
|    policy_gradient_loss | -0.0067     |
|    std                  | 1.05        |
|    value_loss           | 0.0031      |
-----------------------------------------
------------------------------------------
| rollout/                |              |
|    ep_len_mean          | 115          |
|    ep_rew_mean          | -0.112       |
| time/                   |              |
|    fps                  | 95           |
|    iterations           | 20           |
|    time_elapsed         | 53           |
|    total_timesteps      | 45312        |
| train/                  |              |
|    approx_kl            | 0.0045818714 |
|    clip_fraction        | 0.0453       |
|    clip_range           | 0.2          |
|    entropy_loss         | -2.93        |
|    explained_variance   | 0.103        |
|    learning_rate        | 0.0003       |
|    loss                 | -0.0312      |
|    n_updates            | 1760         |
|    policy_gradient_loss | -0.00464     |
|    std                  | 1.06         |
|    value_loss           | 0.0041       |
------------------------------------------
-----------------------------------------
| rollout/                |             |
|    ep_len_mean          | 115         |
|    ep_rew_mean          | -0.114      |
| time/                   |             |
|    fps                  | 95          |
|    iterations           | 21          |
|    time_elapsed         | 56          |
|    total_timesteps      | 45568       |
| train/                  |             |
|    approx_kl            | 0.002741993 |
|    clip_fraction        | 0.000781    |
|    clip_range           | 0.2         |
|    entropy_loss         | -2.94       |
|    explained_variance   | 0.00168     |
|    learning_rate        | 0.0003      |
|    loss                 | -0.0395     |
|    n_updates            | 1770        |
|    policy_gradient_loss | -0.000853   |
|    std                  | 1.06        |
|    value_loss           | 1.67        |
-----------------------------------------
------------------------------------------
| rollout/                |              |
|    ep_len_mean          | 114          |
|    ep_rew_mean          | 0.102        |
| time/                   |              |
|    fps                  | 95           |
|    iterations           | 22           |
|    time_elapsed         | 59           |
|    total_timesteps      | 45824        |
| train/                  |              |
|    approx_kl            | 0.0027983019 |
|    clip_fraction        | 0.000781     |
|    clip_range           | 0.2          |
|    entropy_loss         | -2.94        |
|    explained_variance   | 0.304        |
|    learning_rate        | 0.0003       |
|    loss                 | -0.0369      |
|    n_updates            | 1780         |
|    policy_gradient_loss | -0.000768    |
|    std                  | 1.06         |
|    value_loss           | 0.00414      |
------------------------------------------
-----------------------------------------
| rollout/                |             |
|    ep_len_mean          | 114         |
|    ep_rew_mean          | 0.106       |
| time/                   |             |
|    fps                  | 95          |
|    iterations           | 23          |
|    time_elapsed         | 61          |
|    total_timesteps      | 46080       |
| train/                  |             |
|    approx_kl            | 0.009466343 |
|    clip_fraction        | 0.0695      |
|    clip_range           | 0.2         |
|    entropy_loss         | -2.95       |
|    explained_variance   | -5.01e-06   |
|    learning_rate        | 0.0003      |
|    loss                 | -0.0334     |
|    n_updates            | 1790        |
|    policy_gradient_loss | -0.00404    |
|    std                  | 1.07        |
|    value_loss           | 1.67        |
-----------------------------------------
------------------------------------------
| rollout/                |              |
|    ep_len_mean          | 113          |
|    ep_rew_mean          | 0.104        |
| time/                   |              |
|    fps                  | 95           |
|    iterations           | 24           |
|    time_elapsed         | 64           |
|    total_timesteps      | 46336        |
| train/                  |              |
|    approx_kl            | 0.0010874413 |
|    clip_fraction        | 0            |
|    clip_range           | 0.2          |
|    entropy_loss         | -2.95        |
|    explained_variance   | 0.353        |
|    learning_rate        | 0.0003       |
|    loss                 | -0.0356      |
|    n_updates            | 1800         |
|    policy_gradient_loss | 0.000207     |
|    std                  | 1.07         |
|    value_loss           | 0.000649     |
------------------------------------------
-----------------------------------------
| rollout/                |             |
|    ep_len_mean          | 113         |
|    ep_rew_mean          | 0.107       |
| time/                   |             |
|    fps                  | 95          |
|    iterations           | 25          |
|    time_elapsed         | 67          |
|    total_timesteps      | 46592       |
| train/                  |             |
|    approx_kl            | 0.012565658 |
|    clip_fraction        | 0.0879      |
|    clip_range           | 0.2         |
|    entropy_loss         | -2.95       |
|    explained_variance   | 0.00124     |
|    learning_rate        | 0.0003      |
|    loss                 | 3.31        |
|    n_updates            | 1810        |
|    policy_gradient_loss | -0.0061     |
|    std                  | 1.06        |
|    value_loss           | 1.67        |
-----------------------------------------
----------------------------------------
| rollout/                |            |
|    ep_len_mean          | 113        |
|    ep_rew_mean          | 0.108      |
| time/                   |            |
|    fps                  | 95         |
|    iterations           | 26         |
|    time_elapsed         | 69         |
|    total_timesteps      | 46848      |
| train/                  |            |
|    approx_kl            | 0.00419816 |
|    clip_fraction        | 0.0453     |
|    clip_range           | 0.2        |
|    entropy_loss         | -2.94      |
|    explained_variance   | -0.247     |
|    learning_rate        | 0.0003     |
|    loss                 | -0.0395    |
|    n_updates            | 1820       |
|    policy_gradient_loss | -0.00258   |
|    std                  | 1.06       |
|    value_loss           | 0.00827    |
----------------------------------------
-----------------------------------------
| rollout/                |             |
|    ep_len_mean          | 113         |
|    ep_rew_mean          | 0.0868      |
| time/                   |             |
|    fps                  | 95          |
|    iterations           | 27          |
|    time_elapsed         | 72          |
|    total_timesteps      | 47104       |
| train/                  |             |
|    approx_kl            | 0.013664497 |
|    clip_fraction        | 0.0922      |
|    clip_range           | 0.2         |
|    entropy_loss         | -2.94       |
|    explained_variance   | -0.0928     |
|    learning_rate        | 0.0003      |
|    loss                 | -0.0392     |
|    n_updates            | 1830        |
|    policy_gradient_loss | -0.00842    |
|    std                  | 1.06        |
|    value_loss           | 0.00221     |
-----------------------------------------
-----------------------------------------
| rollout/                |             |
|    ep_len_mean          | 112         |
|    ep_rew_mean          | 0.296       |
| time/                   |             |
|    fps                  | 95          |
|    iterations           | 28          |
|    time_elapsed         | 75          |
|    total_timesteps      | 47360       |
| train/                  |             |
|    approx_kl            | 0.008962843 |
|    clip_fraction        | 0.124       |
|    clip_range           | 0.2         |
|    entropy_loss         | -2.94       |
|    explained_variance   | 0.263       |
|    learning_rate        | 0.0003      |
|    loss                 | -0.0456     |
|    n_updates            | 1840        |
|    policy_gradient_loss | -0.0154     |
|    std                  | 1.06        |
|    value_loss           | 0.00371     |
-----------------------------------------
-----------------------------------------
| rollout/                |             |
|    ep_len_mean          | 114         |
|    ep_rew_mean          | 0.0875      |
| time/                   |             |
|    fps                  | 95          |
|    iterations           | 29          |
|    time_elapsed         | 77          |
|    total_timesteps      | 47616       |
| train/                  |             |
|    approx_kl            | 0.003805787 |
|    clip_fraction        | 0.00273     |
|    clip_range           | 0.2         |
|    entropy_loss         | -2.94       |
|    explained_variance   | 0.00299     |
|    learning_rate        | 0.0003      |
|    loss                 | 5.14        |
|    n_updates            | 1850        |
|    policy_gradient_loss | -0.00219    |
|    std                  | 1.06        |
|    value_loss           | 13.6        |
-----------------------------------------
-----------------------------------------
| rollout/                |             |
|    ep_len_mean          | 114         |
|    ep_rew_mean          | 0.0738      |
| time/                   |             |
|    fps                  | 95          |
|    iterations           | 30          |
|    time_elapsed         | 80          |
|    total_timesteps      | 47872       |
| train/                  |             |
|    approx_kl            | 0.007897642 |
|    clip_fraction        | 0.118       |
|    clip_range           | 0.2         |
|    entropy_loss         | -2.94       |
|    explained_variance   | -0.208      |
|    learning_rate        | 0.0003      |
|    loss                 | -0.0422     |
|    n_updates            | 1860        |
|    policy_gradient_loss | -0.013      |
|    std                  | 1.06        |
|    value_loss           | 0.0136      |
-----------------------------------------
-----------------------------------------
| rollout/                |             |
|    ep_len_mean          | 114         |
|    ep_rew_mean          | 0.0813      |
| time/                   |             |
|    fps                  | 95          |
|    iterations           | 31          |
|    time_elapsed         | 83          |
|    total_timesteps      | 48128       |
| train/                  |             |
|    approx_kl            | 0.005954409 |
|    clip_fraction        | 0.0359      |
|    clip_range           | 0.2         |
|    entropy_loss         | -2.94       |
|    explained_variance   | -0.0741     |
|    learning_rate        | 0.0003      |
|    loss                 | -0.0432     |
|    n_updates            | 1870        |
|    policy_gradient_loss | -0.00278    |
|    std                  | 1.06        |
|    value_loss           | 0.00928     |
-----------------------------------------
-----------------------------------------
| rollout/                |             |
|    ep_len_mean          | 114         |
|    ep_rew_mean          | 0.0657      |
| time/                   |             |
|    fps                  | 95          |
|    iterations           | 32          |
|    time_elapsed         | 85          |
|    total_timesteps      | 48384       |
| train/                  |             |
|    approx_kl            | 0.005273303 |
|    clip_fraction        | 0.0883      |
|    clip_range           | 0.2         |
|    entropy_loss         | -2.94       |
|    explained_variance   | 0.666       |
|    learning_rate        | 0.0003      |
|    loss                 | -0.0239     |
|    n_updates            | 1880        |
|    policy_gradient_loss | -0.006      |
|    std                  | 1.07        |
|    value_loss           | 0.00692     |
-----------------------------------------
------------------------------------------
| rollout/                |              |
|    ep_len_mean          | 114          |
|    ep_rew_mean          | 0.056        |
| time/                   |              |
|    fps                  | 95           |
|    iterations           | 33           |
|    time_elapsed         | 88           |
|    total_timesteps      | 48640        |
| train/                  |              |
|    approx_kl            | 0.0007588214 |
|    clip_fraction        | 0            |
|    clip_range           | 0.2          |
|    entropy_loss         | -2.95        |
|    explained_variance   | 0.222        |
|    learning_rate        | 0.0003       |
|    loss                 | -0.0251      |
|    n_updates            | 1890         |
|    policy_gradient_loss | -0.000174    |
|    std                  | 1.07         |
|    value_loss           | 0.0137       |
------------------------------------------
------------------------------------------
| rollout/                |              |
|    ep_len_mean          | 114          |
|    ep_rew_mean          | 0.0532       |
| time/                   |              |
|    fps                  | 95           |
|    iterations           | 34           |
|    time_elapsed         | 90           |
|    total_timesteps      | 48896        |
| train/                  |              |
|    approx_kl            | 0.0032651788 |
|    clip_fraction        | 0.0332       |
|    clip_range           | 0.2          |
|    entropy_loss         | -2.96        |
|    explained_variance   | 0.277        |
|    learning_rate        | 0.0003       |
|    loss                 | -0.0318      |
|    n_updates            | 1900         |
|    policy_gradient_loss | -0.00231     |
|    std                  | 1.07         |
|    value_loss           | 0.00595      |
------------------------------------------
-------------------------------------------
| rollout/                |               |
|    ep_len_mean          | 114           |
|    ep_rew_mean          | 0.0535        |
| time/                   |               |
|    fps                  | 95            |
|    iterations           | 35            |
|    time_elapsed         | 93            |
|    total_timesteps      | 49152         |
| train/                  |               |
|    approx_kl            | 0.00066224067 |
|    clip_fraction        | 0             |
|    clip_range           | 0.2           |
|    entropy_loss         | -2.96         |
|    explained_variance   | 0.339         |
|    learning_rate        | 0.0003        |
|    loss                 | -0.0305       |
|    n_updates            | 1910          |
|    policy_gradient_loss | -0.000598     |
|    std                  | 1.07          |
|    value_loss           | 0.00406       |
-------------------------------------------
-----------------------------------------
| rollout/                |             |
|    ep_len_mean          | 114         |
|    ep_rew_mean          | 0.0631      |
| time/                   |             |
|    fps                  | 95          |
|    iterations           | 36          |
|    time_elapsed         | 96          |
|    total_timesteps      | 49408       |
| train/                  |             |
|    approx_kl            | 0.012149017 |
|    clip_fraction        | 0.0918      |
|    clip_range           | 0.2         |
|    entropy_loss         | -2.94       |
|    explained_variance   | 0.0503      |
|    learning_rate        | 0.0003      |
|    loss                 | -0.038      |
|    n_updates            | 1920        |
|    policy_gradient_loss | -0.0133     |
|    std                  | 1.06        |
|    value_loss           | 0.00771     |
-----------------------------------------
------------------------------------------
| rollout/                |              |
|    ep_len_mean          | 114          |
|    ep_rew_mean          | 0.0774       |
| time/                   |              |
|    fps                  | 95           |
|    iterations           | 37           |
|    time_elapsed         | 98           |
|    total_timesteps      | 49664        |
| train/                  |              |
|    approx_kl            | 0.0042521493 |
|    clip_fraction        | 0.0219       |
|    clip_range           | 0.2          |
|    entropy_loss         | -2.93        |
|    explained_variance   | -0.0489      |
|    learning_rate        | 0.0003       |
|    loss                 | -0.0304      |
|    n_updates            | 1930         |
|    policy_gradient_loss | -0.00397     |
|    std                  | 1.05         |
|    value_loss           | 0.0041       |
------------------------------------------
------------------------------------------
| rollout/                |              |
|    ep_len_mean          | 114          |
|    ep_rew_mean          | 0.0697       |
| time/                   |              |
|    fps                  | 95           |
|    iterations           | 38           |
|    time_elapsed         | 101          |
|    total_timesteps      | 49920        |
| train/                  |              |
|    approx_kl            | 0.0072058206 |
|    clip_fraction        | 0.0336       |
|    clip_range           | 0.2          |
|    entropy_loss         | -2.92        |
|    explained_variance   | 0.0534       |
|    learning_rate        | 0.0003       |
|    loss                 | -0.042       |
|    n_updates            | 1940         |
|    policy_gradient_loss | -0.00275     |
|    std                  | 1.05         |
|    value_loss           | 0.00532      |
------------------------------------------
-----------------------------------------
| rollout/                |             |
|    ep_len_mean          | 114         |
|    ep_rew_mean          | 0.0807      |
| time/                   |             |
|    fps                  | 95          |
|    iterations           | 39          |
|    time_elapsed         | 104         |
|    total_timesteps      | 50176       |
| train/                  |             |
|    approx_kl            | 0.004240794 |
|    clip_fraction        | 0.0254      |
|    clip_range           | 0.2         |
|    entropy_loss         | -2.92       |
|    explained_variance   | 0.0689      |
|    learning_rate        | 0.0003      |
|    loss                 | -0.0424     |
|    n_updates            | 1950        |
|    policy_gradient_loss | -0.00248    |
|    std                  | 1.05        |
|    value_loss           | 0.00583     |
-----------------------------------------
------------------------------------------
| rollout/                |              |
|    ep_len_mean          | 114          |
|    ep_rew_mean          | 0.0811       |
| time/                   |              |
|    fps                  | 95           |
|    iterations           | 40           |
|    time_elapsed         | 106          |
|    total_timesteps      | 50432        |
| train/                  |              |
|    approx_kl            | 0.0070142364 |
|    clip_fraction        | 0.0559       |
|    clip_range           | 0.2          |
|    entropy_loss         | -2.91        |
|    explained_variance   | 0.047        |
|    learning_rate        | 0.0003       |
|    loss                 | -0.0206      |
|    n_updates            | 1960         |
|    policy_gradient_loss | -0.00535     |
|    std                  | 1.05         |
|    value_loss           | 0.00374      |
------------------------------------------
------------------------------------------
| rollout/                |              |
|    ep_len_mean          | 112          |
|    ep_rew_mean          | 0.29         |
| time/                   |              |
|    fps                  | 95           |
|    iterations           | 41           |
|    time_elapsed         | 109          |
|    total_timesteps      | 50688        |
| train/                  |              |
|    approx_kl            | 0.0019189124 |
|    clip_fraction        | 0.00859      |
|    clip_range           | 0.2          |
|    entropy_loss         | -2.91        |
|    explained_variance   | 0.47         |
|    learning_rate        | 0.0003       |
|    loss                 | -0.0318      |
|    n_updates            | 1970         |
|    policy_gradient_loss | -0.00113     |
|    std                  | 1.04         |
|    value_loss           | 0.00215      |
------------------------------------------
-----------------------------------------
| rollout/                |             |
|    ep_len_mean          | 112         |
|    ep_rew_mean          | 0.277       |
| time/                   |             |
|    fps                  | 95          |
|    iterations           | 42          |
|    time_elapsed         | 112         |
|    total_timesteps      | 50944       |
| train/                  |             |
|    approx_kl            | 0.009451133 |
|    clip_fraction        | 0.141       |
|    clip_range           | 0.2         |
|    entropy_loss         | -2.9        |
|    explained_variance   | -0.00128    |
|    learning_rate        | 0.0003      |
|    loss                 | 3.33        |
|    n_updates            | 1980        |
|    policy_gradient_loss | -0.0121     |
|    std                  | 1.04        |
|    value_loss           | 1.69        |
-----------------------------------------
------------------------------------------
| rollout/                |              |
|    ep_len_mean          | 112          |
|    ep_rew_mean          | 0.282        |
| time/                   |              |
|    fps                  | 95           |
|    iterations           | 43           |
|    time_elapsed         | 115          |
|    total_timesteps      | 51200        |
| train/                  |              |
|    approx_kl            | 0.0031782857 |
|    clip_fraction        | 0.0367       |
|    clip_range           | 0.2          |
|    entropy_loss         | -2.9         |
|    explained_variance   | 0.323        |
|    learning_rate        | 0.0003       |
|    loss                 | -0.0273      |
|    n_updates            | 1990         |
|    policy_gradient_loss | -0.00402     |
|    std                  | 1.04         |
|    value_loss           | 0.00339      |
------------------------------------------
------------------------------------------
| rollout/                |              |
|    ep_len_mean          | 112          |
|    ep_rew_mean          | 0.269        |
| time/                   |              |
|    fps                  | 95           |
|    iterations           | 44           |
|    time_elapsed         | 117          |
|    total_timesteps      | 51456        |
| train/                  |              |
|    approx_kl            | 0.0015433712 |
|    clip_fraction        | 0            |
|    clip_range           | 0.2          |
|    entropy_loss         | -2.9         |
|    explained_variance   | -0.00633     |
|    learning_rate        | 0.0003       |
|    loss                 | -0.0305      |
|    n_updates            | 2000         |
|    policy_gradient_loss | -0.00029     |
|    std                  | 1.04         |
|    value_loss           | 0.00305      |
------------------------------------------
----------------------------------------
| rollout/                |            |
|    ep_len_mean          | 111        |
|    ep_rew_mean          | 0.476      |
| time/                   |            |
|    fps                  | 95         |
|    iterations           | 45         |
|    time_elapsed         | 120        |
|    total_timesteps      | 51712      |
| train/                  |            |
|    approx_kl            | 0.01091511 |
|    clip_fraction        | 0.114      |
|    clip_range           | 0.2        |
|    entropy_loss         | -2.9       |
|    explained_variance   | 0.45       |
|    learning_rate        | 0.0003     |
|    loss                 | -0.0296    |
|    n_updates            | 2010       |
|    policy_gradient_loss | -0.0162    |
|    std                  | 1.04       |
|    value_loss           | 0.00243    |
----------------------------------------
------------------------------------------
| rollout/                |              |
|    ep_len_mean          | 111          |
|    ep_rew_mean          | 0.467        |
| time/                   |              |
|    fps                  | 95           |
|    iterations           | 46           |
|    time_elapsed         | 123          |
|    total_timesteps      | 51968        |
| train/                  |              |
|    approx_kl            | 0.0070095565 |
|    clip_fraction        | 0.104        |
|    clip_range           | 0.2          |
|    entropy_loss         | -2.9         |
|    explained_variance   | 0.00264      |
|    learning_rate        | 0.0003       |
|    loss                 | -0.0418      |
|    n_updates            | 2020         |
|    policy_gradient_loss | -0.0054      |
|    std                  | 1.04         |
|    value_loss           | 1.7          |
------------------------------------------
-----------------------------------------
| rollout/                |             |
|    ep_len_mean          | 111         |
|    ep_rew_mean          | 0.479       |
| time/                   |             |
|    fps                  | 95          |
|    iterations           | 47          |
|    time_elapsed         | 125         |
|    total_timesteps      | 52224       |
| train/                  |             |
|    approx_kl            | 0.004553467 |
|    clip_fraction        | 0.0266      |
|    clip_range           | 0.2         |
|    entropy_loss         | -2.9        |
|    explained_variance   | 0.297       |
|    learning_rate        | 0.0003      |
|    loss                 | -0.0271     |
|    n_updates            | 2030        |
|    policy_gradient_loss | -0.00372    |
|    std                  | 1.04        |
|    value_loss           | 0.00209     |
-----------------------------------------
-----------------------------------------
| rollout/                |             |
|    ep_len_mean          | 111         |
|    ep_rew_mean          | 0.485       |
| time/                   |             |
|    fps                  | 95          |
|    iterations           | 48          |
|    time_elapsed         | 128         |
|    total_timesteps      | 52480       |
| train/                  |             |
|    approx_kl            | 0.008750203 |
|    clip_fraction        | 0.0379      |
|    clip_range           | 0.2         |
|    entropy_loss         | -2.91       |
|    explained_variance   | 0.157       |
|    learning_rate        | 0.0003      |
|    loss                 | -0.0231     |
|    n_updates            | 2040        |
|    policy_gradient_loss | -0.00219    |
|    std                  | 1.05        |
|    value_loss           | 0.00405     |
-----------------------------------------
------------------------------------------
| rollout/                |              |
|    ep_len_mean          | 111          |
|    ep_rew_mean          | 0.49         |
| time/                   |              |
|    fps                  | 95           |
|    iterations           | 49           |
|    time_elapsed         | 130          |
|    total_timesteps      | 52736        |
| train/                  |              |
|    approx_kl            | 0.0047130757 |
|    clip_fraction        | 0.0371       |
|    clip_range           | 0.2          |
|    entropy_loss         | -2.91        |
|    explained_variance   | -0.351       |
|    learning_rate        | 0.0003       |
|    loss                 | -0.0232      |
|    n_updates            | 2050         |
|    policy_gradient_loss | -0.00412     |
|    std                  | 1.05         |
|    value_loss           | 0.00353      |
------------------------------------------
-----------------------------------------
| rollout/                |             |
|    ep_len_mean          | 111         |
|    ep_rew_mean          | 0.488       |
| time/                   |             |
|    fps                  | 95          |
|    iterations           | 50          |
|    time_elapsed         | 133         |
|    total_timesteps      | 52992       |
| train/                  |             |
|    approx_kl            | 0.005760967 |
|    clip_fraction        | 0.0961      |
|    clip_range           | 0.2         |
|    entropy_loss         | -2.91       |
|    explained_variance   | 0.0779      |
|    learning_rate        | 0.0003      |
|    loss                 | -0.0361     |
|    n_updates            | 2060        |
|    policy_gradient_loss | -0.00897    |
|    std                  | 1.04        |
|    value_loss           | 0.00372     |
-----------------------------------------
------------------------------------------
| rollout/                |              |
|    ep_len_mean          | 111          |
|    ep_rew_mean          | 0.489        |
| time/                   |              |
|    fps                  | 95           |
|    iterations           | 51           |
|    time_elapsed         | 136          |
|    total_timesteps      | 53248        |
| train/                  |              |
|    approx_kl            | 0.0049212733 |
|    clip_fraction        | 0.0605       |
|    clip_range           | 0.2          |
|    entropy_loss         | -2.9         |
|    explained_variance   | -0.0187      |
|    learning_rate        | 0.0003       |
|    loss                 | -0.0349      |
|    n_updates            | 2070         |
|    policy_gradient_loss | -0.00507     |
|    std                  | 1.04         |
|    value_loss           | 0.00208      |
------------------------------------------
-----------------------------------------
| rollout/                |             |
|    ep_len_mean          | 111         |
|    ep_rew_mean          | 0.481       |
| time/                   |             |
|    fps                  | 95          |
|    iterations           | 52          |
|    time_elapsed         | 139         |
|    total_timesteps      | 53504       |
| train/                  |             |
|    approx_kl            | 0.007230624 |
|    clip_fraction        | 0.0809      |
|    clip_range           | 0.2         |
|    entropy_loss         | -2.9        |
|    explained_variance   | -0.571      |
|    learning_rate        | 0.0003      |
|    loss                 | -0.0563     |
|    n_updates            | 2080        |
|    policy_gradient_loss | -0.00743    |
|    std                  | 1.04        |
|    value_loss           | 0.00256     |
-----------------------------------------
-----------------------------------------
| rollout/                |             |
|    ep_len_mean          | 111         |
|    ep_rew_mean          | 0.478       |
| time/                   |             |
|    fps                  | 95          |
|    iterations           | 53          |
|    time_elapsed         | 141         |
|    total_timesteps      | 53760       |
| train/                  |             |
|    approx_kl            | 0.008680449 |
|    clip_fraction        | 0.0953      |
|    clip_range           | 0.2         |
|    entropy_loss         | -2.9        |
|    explained_variance   | 0.632       |
|    learning_rate        | 0.0003      |
|    loss                 | -0.0368     |
|    n_updates            | 2090        |
|    policy_gradient_loss | -0.0101     |
|    std                  | 1.04        |
|    value_loss           | 0.00102     |
-----------------------------------------
-----------------------------------------
| rollout/                |             |
|    ep_len_mean          | 112         |
|    ep_rew_mean          | 0.266       |
| time/                   |             |
|    fps                  | 95          |
|    iterations           | 54          |
|    time_elapsed         | 144         |
|    total_timesteps      | 54016       |
| train/                  |             |
|    approx_kl            | 0.013910947 |
|    clip_fraction        | 0.117       |
|    clip_range           | 0.2         |
|    entropy_loss         | -2.91       |
|    explained_variance   | 0.291       |
|    learning_rate        | 0.0003      |
|    loss                 | -0.0308     |
|    n_updates            | 2100        |
|    policy_gradient_loss | -0.00946    |
|    std                  | 1.05        |
|    value_loss           | 0.0016      |
-----------------------------------------
------------------------------------------
| rollout/                |              |
|    ep_len_mean          | 112          |
|    ep_rew_mean          | 0.274        |
| time/                   |              |
|    fps                  | 95           |
|    iterations           | 55           |
|    time_elapsed         | 146          |
|    total_timesteps      | 54272        |
| train/                  |              |
|    approx_kl            | 0.0037578493 |
|    clip_fraction        | 0.0504       |
|    clip_range           | 0.2          |
|    entropy_loss         | -2.93        |
|    explained_variance   | 0.31         |
|    learning_rate        | 0.0003       |
|    loss                 | -0.0454      |
|    n_updates            | 2110         |
|    policy_gradient_loss | -0.00519     |
|    std                  | 1.06         |
|    value_loss           | 0.00218      |
------------------------------------------
-----------------------------------------
| rollout/                |             |
|    ep_len_mean          | 112         |
|    ep_rew_mean          | 0.276       |
| time/                   |             |
|    fps                  | 95          |
|    iterations           | 56          |
|    time_elapsed         | 149         |
|    total_timesteps      | 54528       |
| train/                  |             |
|    approx_kl            | 0.008812361 |
|    clip_fraction        | 0.107       |
|    clip_range           | 0.2         |
|    entropy_loss         | -2.93       |
|    explained_variance   | 0.32        |
|    learning_rate        | 0.0003      |
|    loss                 | -0.0247     |
|    n_updates            | 2120        |
|    policy_gradient_loss | -0.00871    |
|    std                  | 1.06        |
|    value_loss           | 0.00196     |
-----------------------------------------
-----------------------------------------
| rollout/                |             |
|    ep_len_mean          | 112         |
|    ep_rew_mean          | 0.273       |
| time/                   |             |
|    fps                  | 95          |
|    iterations           | 57          |
|    time_elapsed         | 152         |
|    total_timesteps      | 54784       |
| train/                  |             |
|    approx_kl            | 0.011387718 |
|    clip_fraction        | 0.138       |
|    clip_range           | 0.2         |
|    entropy_loss         | -2.93       |
|    explained_variance   | -0.205      |
|    learning_rate        | 0.0003      |
|    loss                 | -0.0651     |
|    n_updates            | 2130        |
|    policy_gradient_loss | -0.0119     |
|    std                  | 1.06        |
|    value_loss           | 0.00171     |
-----------------------------------------
------------------------------------------
| rollout/                |              |
|    ep_len_mean          | 113          |
|    ep_rew_mean          | 0.0569       |
| time/                   |              |
|    fps                  | 95           |
|    iterations           | 58           |
|    time_elapsed         | 155          |
|    total_timesteps      | 55040        |
| train/                  |              |
|    approx_kl            | 0.0063396324 |
|    clip_fraction        | 0.0773       |
|    clip_range           | 0.2          |
|    entropy_loss         | -2.93        |
|    explained_variance   | -0.537       |
|    learning_rate        | 0.0003       |
|    loss                 | -0.0467      |
|    n_updates            | 2140         |
|    policy_gradient_loss | -0.00645     |
|    std                  | 1.06         |
|    value_loss           | 0.00137      |
------------------------------------------
------------------------------------------
| rollout/                |              |
|    ep_len_mean          | 113          |
|    ep_rew_mean          | 0.0593       |
| time/                   |              |
|    fps                  | 95           |
|    iterations           | 59           |
|    time_elapsed         | 157          |
|    total_timesteps      | 55296        |
| train/                  |              |
|    approx_kl            | 0.0060489294 |
|    clip_fraction        | 0.0891       |
|    clip_range           | 0.2          |
|    entropy_loss         | -2.94        |
|    explained_variance   | -0.0219      |
|    learning_rate        | 0.0003       |
|    loss                 | -0.0426      |
|    n_updates            | 2150         |
|    policy_gradient_loss | -0.00842     |
|    std                  | 1.06         |
|    value_loss           | 0.00264      |
------------------------------------------
-----------------------------------------
| rollout/                |             |
|    ep_len_mean          | 113         |
|    ep_rew_mean          | 0.0625      |
| time/                   |             |
|    fps                  | 95          |
|    iterations           | 60          |
|    time_elapsed         | 160         |
|    total_timesteps      | 55552       |
| train/                  |             |
|    approx_kl            | 0.006378619 |
|    clip_fraction        | 0.0738      |
|    clip_range           | 0.2         |
|    entropy_loss         | -2.94       |
|    explained_variance   | 0.0186      |
|    learning_rate        | 0.0003      |
|    loss                 | -0.0348     |
|    n_updates            | 2160        |
|    policy_gradient_loss | -0.00714    |
|    std                  | 1.06        |
|    value_loss           | 0.00139     |
-----------------------------------------
------------------------------------------
| rollout/                |              |
|    ep_len_mean          | 113          |
|    ep_rew_mean          | 0.0659       |
| time/                   |              |
|    fps                  | 95           |
|    iterations           | 61           |
|    time_elapsed         | 162          |
|    total_timesteps      | 55808        |
| train/                  |              |
|    approx_kl            | 0.0061632893 |
|    clip_fraction        | 0.0223       |
|    clip_range           | 0.2          |
|    entropy_loss         | -2.94        |
|    explained_variance   | 0.126        |
|    learning_rate        | 0.0003       |
|    loss                 | -0.0335      |
|    n_updates            | 2170         |
|    policy_gradient_loss | -0.000993    |
|    std                  | 1.06         |
|    value_loss           | 0.00351      |
------------------------------------------
------------------------------------------
| rollout/                |              |
|    ep_len_mean          | 113          |
|    ep_rew_mean          | 0.0685       |
| time/                   |              |
|    fps                  | 95           |
|    iterations           | 62           |
|    time_elapsed         | 165          |
|    total_timesteps      | 56064        |
| train/                  |              |
|    approx_kl            | 0.0063250456 |
|    clip_fraction        | 0.0859       |
|    clip_range           | 0.2          |
|    entropy_loss         | -2.94        |
|    explained_variance   | -0.0936      |
|    learning_rate        | 0.0003       |
|    loss                 | -0.029       |
|    n_updates            | 2180         |
|    policy_gradient_loss | -0.00515     |
|    std                  | 1.06         |
|    value_loss           | 0.00215      |
------------------------------------------
-----------------------------------------
| rollout/                |             |
|    ep_len_mean          | 113         |
|    ep_rew_mean          | 0.0651      |
| time/                   |             |
|    fps                  | 95          |
|    iterations           | 63          |
|    time_elapsed         | 168         |
|    total_timesteps      | 56320       |
| train/                  |             |
|    approx_kl            | 0.008049017 |
|    clip_fraction        | 0.107       |
|    clip_range           | 0.2         |
|    entropy_loss         | -2.94       |
|    explained_variance   | 0.578       |
|    learning_rate        | 0.0003      |
|    loss                 | -0.0326     |
|    n_updates            | 2190        |
|    policy_gradient_loss | -0.00924    |
|    std                  | 1.06        |
|    value_loss           | 0.00155     |
-----------------------------------------
-----------------------------------------
| rollout/                |             |
|    ep_len_mean          | 113         |
|    ep_rew_mean          | 0.0663      |
| time/                   |             |
|    fps                  | 95          |
|    iterations           | 64          |
|    time_elapsed         | 170         |
|    total_timesteps      | 56576       |
| train/                  |             |
|    approx_kl            | 0.003952168 |
|    clip_fraction        | 0.0289      |
|    clip_range           | 0.2         |
|    entropy_loss         | -2.94       |
|    explained_variance   | 0.0481      |
|    learning_rate        | 0.0003      |
|    loss                 | -0.0313     |
|    n_updates            | 2200        |
|    policy_gradient_loss | -0.00528    |
|    std                  | 1.06        |
|    value_loss           | 0.00159     |
-----------------------------------------
------------------------------------------
| rollout/                |              |
|    ep_len_mean          | 114          |
|    ep_rew_mean          | -0.145       |
| time/                   |              |
|    fps                  | 95           |
|    iterations           | 65           |
|    time_elapsed         | 173          |
|    total_timesteps      | 56832        |
| train/                  |              |
|    approx_kl            | 0.0048213964 |
|    clip_fraction        | 0.00781      |
|    clip_range           | 0.2          |
|    entropy_loss         | -2.95        |
|    explained_variance   | 0.521        |
|    learning_rate        | 0.0003       |
|    loss                 | -0.042       |
|    n_updates            | 2210         |
|    policy_gradient_loss | -0.00185     |
|    std                  | 1.06         |
|    value_loss           | 0.0015       |
------------------------------------------
-----------------------------------------
| rollout/                |             |
|    ep_len_mean          | 114         |
|    ep_rew_mean          | -0.154      |
| time/                   |             |
|    fps                  | 95          |
|    iterations           | 66          |
|    time_elapsed         | 176         |
|    total_timesteps      | 57088       |
| train/                  |             |
|    approx_kl            | 0.006780133 |
|    clip_fraction        | 0.0859      |
|    clip_range           | 0.2         |
|    entropy_loss         | -2.94       |
|    explained_variance   | 0.3         |
|    learning_rate        | 0.0003      |
|    loss                 | -0.0396     |
|    n_updates            | 2220        |
|    policy_gradient_loss | -0.00684    |
|    std                  | 1.06        |
|    value_loss           | 0.00194     |
-----------------------------------------
------------------------------------------
| rollout/                |              |
|    ep_len_mean          | 116          |
|    ep_rew_mean          | -0.371       |
| time/                   |              |
|    fps                  | 95           |
|    iterations           | 67           |
|    time_elapsed         | 179          |
|    total_timesteps      | 57344        |
| train/                  |              |
|    approx_kl            | 0.0071573574 |
|    clip_fraction        | 0.0855       |
|    clip_range           | 0.2          |
|    entropy_loss         | -2.94        |
|    explained_variance   | -0.0636      |
|    learning_rate        | 0.0003       |
|    loss                 | -0.0362      |
|    n_updates            | 2230         |
|    policy_gradient_loss | -0.00799     |
|    std                  | 1.06         |
|    value_loss           | 0.00337      |
------------------------------------------
------------------------------------------
| rollout/                |              |
|    ep_len_mean          | 116          |
|    ep_rew_mean          | -0.386       |
| time/                   |              |
|    fps                  | 95           |
|    iterations           | 68           |
|    time_elapsed         | 181          |
|    total_timesteps      | 57600        |
| train/                  |              |
|    approx_kl            | 0.0077101034 |
|    clip_fraction        | 0.0898       |
|    clip_range           | 0.2          |
|    entropy_loss         | -2.95        |
|    explained_variance   | -0.196       |
|    learning_rate        | 0.0003       |
|    loss                 | -0.0248      |
|    n_updates            | 2240         |
|    policy_gradient_loss | -0.00639     |
|    std                  | 1.07         |
|    value_loss           | 0.0023       |
------------------------------------------
------------------------------------------
| rollout/                |              |
|    ep_len_mean          | 117          |
|    ep_rew_mean          | -0.601       |
| time/                   |              |
|    fps                  | 94           |
|    iterations           | 69           |
|    time_elapsed         | 186          |
|    total_timesteps      | 57856        |
| train/                  |              |
|    approx_kl            | 0.0067323595 |
|    clip_fraction        | 0.0164       |
|    clip_range           | 0.2          |
|    entropy_loss         | -2.96        |
|    explained_variance   | -0.0377      |
|    learning_rate        | 0.0003       |
|    loss                 | -0.0335      |
|    n_updates            | 2250         |
|    policy_gradient_loss | -0.00151     |
|    std                  | 1.07         |
|    value_loss           | 0.00263      |
------------------------------------------
-----------------------------------------
| rollout/                |             |
|    ep_len_mean          | 117         |
|    ep_rew_mean          | -0.591      |
| time/                   |             |
|    fps                  | 94          |
|    iterations           | 70          |
|    time_elapsed         | 188         |
|    total_timesteps      | 58112       |
| train/                  |             |
|    approx_kl            | 0.007067101 |
|    clip_fraction        | 0.0617      |
|    clip_range           | 0.2         |
|    entropy_loss         | -2.96       |
|    explained_variance   | 0.163       |
|    learning_rate        | 0.0003      |
|    loss                 | -0.0417     |
|    n_updates            | 2260        |
|    policy_gradient_loss | -0.00524    |
|    std                  | 1.07        |
|    value_loss           | 0.00317     |
-----------------------------------------
-----------------------------------------
| rollout/                |             |
|    ep_len_mean          | 117         |
|    ep_rew_mean          | -0.594      |
| time/                   |             |
|    fps                  | 95          |
|    iterations           | 71          |
|    time_elapsed         | 191         |
|    total_timesteps      | 58368       |
| train/                  |             |
|    approx_kl            | 0.007602051 |
|    clip_fraction        | 0.0707      |
|    clip_range           | 0.2         |
|    entropy_loss         | -2.96       |
|    explained_variance   | -0.316      |
|    learning_rate        | 0.0003      |
|    loss                 | -0.0525     |
|    n_updates            | 2270        |
|    policy_gradient_loss | -0.00602    |
|    std                  | 1.06        |
|    value_loss           | 0.00429     |
-----------------------------------------
------------------------------------------
| rollout/                |              |
|    ep_len_mean          | 117          |
|    ep_rew_mean          | -0.597       |
| time/                   |              |
|    fps                  | 95           |
|    iterations           | 72           |
|    time_elapsed         | 193          |
|    total_timesteps      | 58624        |
| train/                  |              |
|    approx_kl            | 0.0123932585 |
|    clip_fraction        | 0.14         |
|    clip_range           | 0.2          |
|    entropy_loss         | -2.95        |
|    explained_variance   | -0.198       |
|    learning_rate        | 0.0003       |
|    loss                 | -0.0421      |
|    n_updates            | 2280         |
|    policy_gradient_loss | -0.0104      |
|    std                  | 1.06         |
|    value_loss           | 0.00345      |
------------------------------------------
-----------------------------------------
| rollout/                |             |
|    ep_len_mean          | 117         |
|    ep_rew_mean          | -0.597      |
| time/                   |             |
|    fps                  | 94          |
|    iterations           | 73          |
|    time_elapsed         | 196         |
|    total_timesteps      | 58880       |
| train/                  |             |
|    approx_kl            | 0.006364596 |
|    clip_fraction        | 0.0133      |
|    clip_range           | 0.2         |
|    entropy_loss         | -2.95       |
|    explained_variance   | -0.148      |
|    learning_rate        | 0.0003      |
|    loss                 | -0.0227     |
|    n_updates            | 2290        |
|    policy_gradient_loss | -0.00143    |
|    std                  | 1.07        |
|    value_loss           | 0.00248     |
-----------------------------------------
------------------------------------------
| rollout/                |              |
|    ep_len_mean          | 118          |
|    ep_rew_mean          | -0.812       |
| time/                   |              |
|    fps                  | 95           |
|    iterations           | 74           |
|    time_elapsed         | 199          |
|    total_timesteps      | 59136        |
| train/                  |              |
|    approx_kl            | 0.0062495293 |
|    clip_fraction        | 0.0234       |
|    clip_range           | 0.2          |
|    entropy_loss         | -2.96        |
|    explained_variance   | 0.174        |
|    learning_rate        | 0.0003       |
|    loss                 | -0.0434      |
|    n_updates            | 2300         |
|    policy_gradient_loss | -0.00282     |
|    std                  | 1.07         |
|    value_loss           | 0.00281      |
------------------------------------------
-----------------------------------------
| rollout/                |             |
|    ep_len_mean          | 118         |
|    ep_rew_mean          | -0.813      |
| time/                   |             |
|    fps                  | 95          |
|    iterations           | 75          |
|    time_elapsed         | 201         |
|    total_timesteps      | 59392       |
| train/                  |             |
|    approx_kl            | 0.005490442 |
|    clip_fraction        | 0.0379      |
|    clip_range           | 0.2         |
|    entropy_loss         | -2.96       |
|    explained_variance   | 0.0422      |
|    learning_rate        | 0.0003      |
|    loss                 | -0.0257     |
|    n_updates            | 2310        |
|    policy_gradient_loss | -0.00258    |
|    std                  | 1.07        |
|    value_loss           | 0.00262     |
-----------------------------------------
------------------------------------------
| rollout/                |              |
|    ep_len_mean          | 118          |
|    ep_rew_mean          | -0.816       |
| time/                   |              |
|    fps                  | 94           |
|    iterations           | 76           |
|    time_elapsed         | 206          |
|    total_timesteps      | 59648        |
| train/                  |              |
|    approx_kl            | 0.0045529697 |
|    clip_fraction        | 0.0602       |
|    clip_range           | 0.2          |
|    entropy_loss         | -2.96        |
|    explained_variance   | -0.0285      |
|    learning_rate        | 0.0003       |
|    loss                 | -0.0278      |
|    n_updates            | 2320         |
|    policy_gradient_loss | -0.00437     |
|    std                  | 1.07         |
|    value_loss           | 0.00274      |
------------------------------------------
------------------------------------------
| rollout/                |              |
|    ep_len_mean          | 116          |
|    ep_rew_mean          | -0.61        |
| time/                   |              |
|    fps                  | 94           |
|    iterations           | 77           |
|    time_elapsed         | 209          |
|    total_timesteps      | 59904        |
| train/                  |              |
|    approx_kl            | 0.0035584965 |
|    clip_fraction        | 0.0379       |
|    clip_range           | 0.2          |
|    entropy_loss         | -2.96        |
|    explained_variance   | 0.173        |
|    learning_rate        | 0.0003       |
|    loss                 | -0.0245      |
|    n_updates            | 2330         |
|    policy_gradient_loss | -0.00237     |
|    std                  | 1.07         |
|    value_loss           | 0.00296      |
------------------------------------------
-----------------------------------------
| rollout/                |             |
|    ep_len_mean          | 116         |
|    ep_rew_mean          | -0.604      |
| time/                   |             |
|    fps                  | 94          |
|    iterations           | 78          |
|    time_elapsed         | 211         |
|    total_timesteps      | 60160       |
| train/                  |             |
|    approx_kl            | 0.006826653 |
|    clip_fraction        | 0.0359      |
|    clip_range           | 0.2         |
|    entropy_loss         | -2.96       |
|    explained_variance   | 0.00145     |
|    learning_rate        | 0.0003      |
|    loss                 | -0.0468     |
|    n_updates            | 2340        |
|    policy_gradient_loss | -0.00283    |
|    std                  | 1.07        |
|    value_loss           | 1.73        |
-----------------------------------------
------------------------------------------
| rollout/                |              |
|    ep_len_mean          | 116          |
|    ep_rew_mean          | -0.6         |
| time/                   |              |
|    fps                  | 94           |
|    iterations           | 79           |
|    time_elapsed         | 214          |
|    total_timesteps      | 60416        |
| train/                  |              |
|    approx_kl            | 0.0064161588 |
|    clip_fraction        | 0.0187       |
|    clip_range           | 0.2          |
|    entropy_loss         | -2.97        |
|    explained_variance   | 0.0695       |
|    learning_rate        | 0.0003       |
|    loss                 | -0.0217      |
|    n_updates            | 2350         |
|    policy_gradient_loss | -0.00219     |
|    std                  | 1.07         |
|    value_loss           | 0.00169      |
------------------------------------------
------------------------------------------
| rollout/                |              |
|    ep_len_mean          | 116          |
|    ep_rew_mean          | -0.604       |
| time/                   |              |
|    fps                  | 94           |
|    iterations           | 80           |
|    time_elapsed         | 216          |
|    total_timesteps      | 60672        |
| train/                  |              |
|    approx_kl            | 0.0073008016 |
|    clip_fraction        | 0.077        |
|    clip_range           | 0.2          |
|    entropy_loss         | -2.96        |
|    explained_variance   | 0.441        |
|    learning_rate        | 0.0003       |
|    loss                 | -0.0351      |
|    n_updates            | 2360         |
|    policy_gradient_loss | -0.00781     |
|    std                  | 1.07         |
|    value_loss           | 0.00241      |
------------------------------------------
-----------------------------------------
| rollout/                |             |
|    ep_len_mean          | 116         |
|    ep_rew_mean          | -0.597      |
| time/                   |             |
|    fps                  | 94          |
|    iterations           | 81          |
|    time_elapsed         | 219         |
|    total_timesteps      | 60928       |
| train/                  |             |
|    approx_kl            | 0.005921145 |
|    clip_fraction        | 0.0695      |
|    clip_range           | 0.2         |
|    entropy_loss         | -2.95       |
|    explained_variance   | 0.137       |
|    learning_rate        | 0.0003      |
|    loss                 | -0.044      |
|    n_updates            | 2370        |
|    policy_gradient_loss | -0.0051     |
|    std                  | 1.06        |
|    value_loss           | 0.0013      |
-----------------------------------------
------------------------------------------
| rollout/                |              |
|    ep_len_mean          | 115          |
|    ep_rew_mean          | -0.388       |
| time/                   |              |
|    fps                  | 94           |
|    iterations           | 82           |
|    time_elapsed         | 222          |
|    total_timesteps      | 61184        |
| train/                  |              |
|    approx_kl            | 0.0053539085 |
|    clip_fraction        | 0.0645       |
|    clip_range           | 0.2          |
|    entropy_loss         | -2.96        |
|    explained_variance   | -0.0786      |
|    learning_rate        | 0.0003       |
|    loss                 | -0.032       |
|    n_updates            | 2380         |
|    policy_gradient_loss | -0.00434     |
|    std                  | 1.07         |
|    value_loss           | 0.00304      |
------------------------------------------
-----------------------------------------
| rollout/                |             |
|    ep_len_mean          | 115         |
|    ep_rew_mean          | -0.376      |
| time/                   |             |
|    fps                  | 94          |
|    iterations           | 83          |
|    time_elapsed         | 225         |
|    total_timesteps      | 61440       |
| train/                  |             |
|    approx_kl            | 0.008376124 |
|    clip_fraction        | 0.0445      |
|    clip_range           | 0.2         |
|    entropy_loss         | -2.96       |
|    explained_variance   | -0.000301   |
|    learning_rate        | 0.0003      |
|    loss                 | -0.0264     |
|    n_updates            | 2390        |
|    policy_gradient_loss | -0.00288    |
|    std                  | 1.07        |
|    value_loss           | 1.72        |
-----------------------------------------
-----------------------------------------
| rollout/                |             |
|    ep_len_mean          | 115         |
|    ep_rew_mean          | -0.377      |
| time/                   |             |
|    fps                  | 94          |
|    iterations           | 84          |
|    time_elapsed         | 227         |
|    total_timesteps      | 61696       |
| train/                  |             |
|    approx_kl            | 0.008182605 |
|    clip_fraction        | 0.0871      |
|    clip_range           | 0.2         |
|    entropy_loss         | -2.97       |
|    explained_variance   | -0.157      |
|    learning_rate        | 0.0003      |
|    loss                 | -0.0208     |
|    n_updates            | 2400        |
|    policy_gradient_loss | -0.00711    |
|    std                  | 1.07        |
|    value_loss           | 0.00356     |
-----------------------------------------
------------------------------------------
| rollout/                |              |
|    ep_len_mean          | 114          |
|    ep_rew_mean          | -0.165       |
| time/                   |              |
|    fps                  | 94           |
|    iterations           | 85           |
|    time_elapsed         | 230          |
|    total_timesteps      | 61952        |
| train/                  |              |
|    approx_kl            | 0.0051557506 |
|    clip_fraction        | 0.0594       |
|    clip_range           | 0.2          |
|    entropy_loss         | -2.97        |
|    explained_variance   | 0.03         |
|    learning_rate        | 0.0003       |
|    loss                 | -0.045       |
|    n_updates            | 2410         |
|    policy_gradient_loss | -0.00516     |
|    std                  | 1.07         |
|    value_loss           | 0.00256      |
------------------------------------------
------------------------------------------
| rollout/                |              |
|    ep_len_mean          | 115          |
|    ep_rew_mean          | -0.38        |
| time/                   |              |
|    fps                  | 94           |
|    iterations           | 86           |
|    time_elapsed         | 233          |
|    total_timesteps      | 62208        |
| train/                  |              |
|    approx_kl            | 0.0069066035 |
|    clip_fraction        | 0.077        |
|    clip_range           | 0.2          |
|    entropy_loss         | -2.96        |
|    explained_variance   | 0.000627     |
|    learning_rate        | 0.0003       |
|    loss                 | -0.0406      |
|    n_updates            | 2420         |
|    policy_gradient_loss | -0.00739     |
|    std                  | 1.07         |
|    value_loss           | 1.71         |
------------------------------------------
-----------------------------------------
| rollout/                |             |
|    ep_len_mean          | 115         |
|    ep_rew_mean          | -0.382      |
| time/                   |             |
|    fps                  | 94          |
|    iterations           | 87          |
|    time_elapsed         | 235         |
|    total_timesteps      | 62464       |
| train/                  |             |
|    approx_kl            | 0.005241894 |
|    clip_fraction        | 0.0684      |
|    clip_range           | 0.2         |
|    entropy_loss         | -2.96       |
|    explained_variance   | 0.126       |
|    learning_rate        | 0.0003      |
|    loss                 | -0.0443     |
|    n_updates            | 2430        |
|    policy_gradient_loss | -0.00789    |
|    std                  | 1.07        |
|    value_loss           | 0.00485     |
-----------------------------------------
-----------------------------------------
| rollout/                |             |
|    ep_len_mean          | 115         |
|    ep_rew_mean          | -0.384      |
| time/                   |             |
|    fps                  | 94          |
|    iterations           | 88          |
|    time_elapsed         | 238         |
|    total_timesteps      | 62720       |
| train/                  |             |
|    approx_kl            | 0.004220622 |
|    clip_fraction        | 0.0641      |
|    clip_range           | 0.2         |
|    entropy_loss         | -2.96       |
|    explained_variance   | 0.118       |
|    learning_rate        | 0.0003      |
|    loss                 | -0.0192     |
|    n_updates            | 2440        |
|    policy_gradient_loss | -0.00388    |
|    std                  | 1.07        |
|    value_loss           | 0.00308     |
-----------------------------------------
-----------------------------------------
| rollout/                |             |
|    ep_len_mean          | 115         |
|    ep_rew_mean          | -0.374      |
| time/                   |             |
|    fps                  | 94          |
|    iterations           | 89          |
|    time_elapsed         | 241         |
|    total_timesteps      | 62976       |
| train/                  |             |
|    approx_kl            | 0.009152723 |
|    clip_fraction        | 0.0672      |
|    clip_range           | 0.2         |
|    entropy_loss         | -2.96       |
|    explained_variance   | 0.0193      |
|    learning_rate        | 0.0003      |
|    loss                 | -0.0416     |
|    n_updates            | 2450        |
|    policy_gradient_loss | -0.00674    |
|    std                  | 1.07        |
|    value_loss           | 0.00435     |
-----------------------------------------
-----------------------------------------
| rollout/                |             |
|    ep_len_mean          | 115         |
|    ep_rew_mean          | -0.374      |
| time/                   |             |
|    fps                  | 94          |
|    iterations           | 90          |
|    time_elapsed         | 244         |
|    total_timesteps      | 63232       |
| train/                  |             |
|    approx_kl            | 0.007829284 |
|    clip_fraction        | 0.0688      |
|    clip_range           | 0.2         |
|    entropy_loss         | -2.96       |
|    explained_variance   | 0.02        |
|    learning_rate        | 0.0003      |
|    loss                 | -0.00928    |
|    n_updates            | 2460        |
|    policy_gradient_loss | -0.00453    |
|    std                  | 1.06        |
|    value_loss           | 0.00333     |
-----------------------------------------
-----------------------------------------
| rollout/                |             |
|    ep_len_mean          | 116         |
|    ep_rew_mean          | -0.586      |
| time/                   |             |
|    fps                  | 94          |
|    iterations           | 91          |
|    time_elapsed         | 246         |
|    total_timesteps      | 63488       |
| train/                  |             |
|    approx_kl            | 0.004001283 |
|    clip_fraction        | 0.0371      |
|    clip_range           | 0.2         |
|    entropy_loss         | -2.95       |
|    explained_variance   | 0.132       |
|    learning_rate        | 0.0003      |
|    loss                 | -0.0349     |
|    n_updates            | 2470        |
|    policy_gradient_loss | -0.00286    |
|    std                  | 1.07        |
|    value_loss           | 0.00259     |
-----------------------------------------
-----------------------------------------
| rollout/                |             |
|    ep_len_mean          | 116         |
|    ep_rew_mean          | -0.584      |
| time/                   |             |
|    fps                  | 94          |
|    iterations           | 92          |
|    time_elapsed         | 249         |
|    total_timesteps      | 63744       |
| train/                  |             |
|    approx_kl            | 0.008540336 |
|    clip_fraction        | 0.127       |
|    clip_range           | 0.2         |
|    entropy_loss         | -2.96       |
|    explained_variance   | 0.193       |
|    learning_rate        | 0.0003      |
|    loss                 | -0.00289    |
|    n_updates            | 2480        |
|    policy_gradient_loss | -0.00804    |
|    std                  | 1.06        |
|    value_loss           | 0.00178     |
-----------------------------------------
-----------------------------------------
| rollout/                |             |
|    ep_len_mean          | 116         |
|    ep_rew_mean          | -0.584      |
| time/                   |             |
|    fps                  | 94          |
|    iterations           | 93          |
|    time_elapsed         | 251         |
|    total_timesteps      | 64000       |
| train/                  |             |
|    approx_kl            | 0.006950626 |
|    clip_fraction        | 0.0695      |
|    clip_range           | 0.2         |
|    entropy_loss         | -2.95       |
|    explained_variance   | 0.397       |
|    learning_rate        | 0.0003      |
|    loss                 | -0.0528     |
|    n_updates            | 2490        |
|    policy_gradient_loss | -0.00772    |
|    std                  | 1.07        |
|    value_loss           | 0.00181     |
-----------------------------------------
-----------------------------------------
| rollout/                |             |
|    ep_len_mean          | 116         |
|    ep_rew_mean          | -0.589      |
| time/                   |             |
|    fps                  | 94          |
|    iterations           | 94          |
|    time_elapsed         | 254         |
|    total_timesteps      | 64256       |
| train/                  |             |
|    approx_kl            | 0.009227961 |
|    clip_fraction        | 0.128       |
|    clip_range           | 0.2         |
|    entropy_loss         | -2.96       |
|    explained_variance   | 0.028       |
|    learning_rate        | 0.0003      |
|    loss                 | -0.0639     |
|    n_updates            | 2500        |
|    policy_gradient_loss | -0.00825    |
|    std                  | 1.07        |
|    value_loss           | 0.00271     |
-----------------------------------------
-----------------------------------------
| rollout/                |             |
|    ep_len_mean          | 116         |
|    ep_rew_mean          | -0.589      |
| time/                   |             |
|    fps                  | 94          |
|    iterations           | 95          |
|    time_elapsed         | 256         |
|    total_timesteps      | 64512       |
| train/                  |             |
|    approx_kl            | 0.005876106 |
|    clip_fraction        | 0.0113      |
|    clip_range           | 0.2         |
|    entropy_loss         | -2.96       |
|    explained_variance   | 0.0548      |
|    learning_rate        | 0.0003      |
|    loss                 | -0.0412     |
|    n_updates            | 2510        |
|    policy_gradient_loss | -0.00121    |
|    std                  | 1.07        |
|    value_loss           | 0.00256     |
-----------------------------------------
-----------------------------------------
| rollout/                |             |
|    ep_len_mean          | 116         |
|    ep_rew_mean          | -0.593      |
| time/                   |             |
|    fps                  | 94          |
|    iterations           | 96          |
|    time_elapsed         | 259         |
|    total_timesteps      | 64768       |
| train/                  |             |
|    approx_kl            | 0.007874277 |
|    clip_fraction        | 0.0699      |
|    clip_range           | 0.2         |
|    entropy_loss         | -2.96       |
|    explained_variance   | 0.35        |
|    learning_rate        | 0.0003      |
|    loss                 | -0.0556     |
|    n_updates            | 2520        |
|    policy_gradient_loss | -0.00517    |
|    std                  | 1.07        |
|    value_loss           | 0.0012      |
-----------------------------------------
------------------------------------------
| rollout/                |              |
|    ep_len_mean          | 116          |
|    ep_rew_mean          | -0.588       |
| time/                   |              |
|    fps                  | 94           |
|    iterations           | 97           |
|    time_elapsed         | 262          |
|    total_timesteps      | 65024        |
| train/                  |              |
|    approx_kl            | 0.0082627535 |
|    clip_fraction        | 0.113        |
|    clip_range           | 0.2          |
|    entropy_loss         | -2.96        |
|    explained_variance   | 0.114        |
|    learning_rate        | 0.0003       |
|    loss                 | -0.0287      |
|    n_updates            | 2530         |
|    policy_gradient_loss | -0.00892     |
|    std                  | 1.07         |
|    value_loss           | 0.0019       |
------------------------------------------
-----------------------------------------
| rollout/                |             |
|    ep_len_mean          | 116         |
|    ep_rew_mean          | -0.586      |
| time/                   |             |
|    fps                  | 94          |
|    iterations           | 98          |
|    time_elapsed         | 265         |
|    total_timesteps      | 65280       |
| train/                  |             |
|    approx_kl            | 0.005401796 |
|    clip_fraction        | 0.0727      |
|    clip_range           | 0.2         |
|    entropy_loss         | -2.96       |
|    explained_variance   | 0.0142      |
|    learning_rate        | 0.0003      |
|    loss                 | -0.0454     |
|    n_updates            | 2540        |
|    policy_gradient_loss | -0.00671    |
|    std                  | 1.07        |
|    value_loss           | 0.00253     |
-----------------------------------------
------------------------------------------
| rollout/                |              |
|    ep_len_mean          | 116          |
|    ep_rew_mean          | -0.592       |
| time/                   |              |
|    fps                  | 94           |
|    iterations           | 99           |
|    time_elapsed         | 267          |
|    total_timesteps      | 65536        |
| train/                  |              |
|    approx_kl            | 0.0052668555 |
|    clip_fraction        | 0.0813       |
|    clip_range           | 0.2          |
|    entropy_loss         | -2.97        |
|    explained_variance   | 0.0794       |
|    learning_rate        | 0.0003       |
|    loss                 | -0.038       |
|    n_updates            | 2550         |
|    policy_gradient_loss | -0.00672     |
|    std                  | 1.07         |
|    value_loss           | 0.00179      |
------------------------------------------
-----------------------------------------
| rollout/                |             |
|    ep_len_mean          | 116         |
|    ep_rew_mean          | -0.586      |
| time/                   |             |
|    fps                  | 94          |
|    iterations           | 100         |
|    time_elapsed         | 270         |
|    total_timesteps      | 65792       |
| train/                  |             |
|    approx_kl            | 0.010908738 |
|    clip_fraction        | 0.15        |
|    clip_range           | 0.2         |
|    entropy_loss         | -2.97       |
|    explained_variance   | 0.0534      |
|    learning_rate        | 0.0003      |
|    loss                 | -0.0502     |
|    n_updates            | 2560        |
|    policy_gradient_loss | -0.013      |
|    std                  | 1.08        |
|    value_loss           | 0.00216     |
-----------------------------------------
------------------------------------------
| rollout/                |              |
|    ep_len_mean          | 116          |
|    ep_rew_mean          | -0.581       |
| time/                   |              |
|    fps                  | 94           |
|    iterations           | 101          |
|    time_elapsed         | 272          |
|    total_timesteps      | 66048        |
| train/                  |              |
|    approx_kl            | 0.0051474553 |
|    clip_fraction        | 0.113        |
|    clip_range           | 0.2          |
|    entropy_loss         | -2.97        |
|    explained_variance   | -0.173       |
|    learning_rate        | 0.0003       |
|    loss                 | -0.0413      |
|    n_updates            | 2570         |
|    policy_gradient_loss | -0.0116      |
|    std                  | 1.08         |
|    value_loss           | 0.00182      |
------------------------------------------
------------------------------------------
| rollout/                |              |
|    ep_len_mean          | 116          |
|    ep_rew_mean          | -0.583       |
| time/                   |              |
|    fps                  | 94           |
|    iterations           | 102          |
|    time_elapsed         | 275          |
|    total_timesteps      | 66304        |
| train/                  |              |
|    approx_kl            | 0.0033289394 |
|    clip_fraction        | 0.00195      |
|    clip_range           | 0.2          |
|    entropy_loss         | -2.97        |
|    explained_variance   | -0.0691      |
|    learning_rate        | 0.0003       |
|    loss                 | -0.0204      |
|    n_updates            | 2580         |
|    policy_gradient_loss | -0.00086     |
|    std                  | 1.08         |
|    value_loss           | 0.00162      |
------------------------------------------
-----------------------------------------
| rollout/                |             |
|    ep_len_mean          | 116         |
|    ep_rew_mean          | -0.58       |
| time/                   |             |
|    fps                  | 94          |
|    iterations           | 103         |
|    time_elapsed         | 278         |
|    total_timesteps      | 66560       |
| train/                  |             |
|    approx_kl            | 0.003775495 |
|    clip_fraction        | 0.0109      |
|    clip_range           | 0.2         |
|    entropy_loss         | -2.97       |
|    explained_variance   | 0.222       |
|    learning_rate        | 0.0003      |
|    loss                 | -0.039      |
|    n_updates            | 2590        |
|    policy_gradient_loss | -0.000393   |
|    std                  | 1.07        |
|    value_loss           | 0.00198     |
-----------------------------------------
------------------------------------------
| rollout/                |              |
|    ep_len_mean          | 116          |
|    ep_rew_mean          | -0.574       |
| time/                   |              |
|    fps                  | 94           |
|    iterations           | 104          |
|    time_elapsed         | 280          |
|    total_timesteps      | 66816        |
| train/                  |              |
|    approx_kl            | 0.0031480705 |
|    clip_fraction        | 0.0277       |
|    clip_range           | 0.2          |
|    entropy_loss         | -2.96        |
|    explained_variance   | 0.102        |
|    learning_rate        | 0.0003       |
|    loss                 | -0.0355      |
|    n_updates            | 2600         |
|    policy_gradient_loss | -0.00176     |
|    std                  | 1.07         |
|    value_loss           | 0.00195      |
------------------------------------------
-----------------------------------------
| rollout/                |             |
|    ep_len_mean          | 116         |
|    ep_rew_mean          | -0.575      |
| time/                   |             |
|    fps                  | 94          |
|    iterations           | 105         |
|    time_elapsed         | 283         |
|    total_timesteps      | 67072       |
| train/                  |             |
|    approx_kl            | 0.003517111 |
|    clip_fraction        | 0.0223      |
|    clip_range           | 0.2         |
|    entropy_loss         | -2.95       |
|    explained_variance   | 0.165       |
|    learning_rate        | 0.0003      |
|    loss                 | -0.0388     |
|    n_updates            | 2610        |
|    policy_gradient_loss | -0.00172    |
|    std                  | 1.06        |
|    value_loss           | 0.0017      |
-----------------------------------------
------------------------------------------
| rollout/                |              |
|    ep_len_mean          | 116          |
|    ep_rew_mean          | -0.576       |
| time/                   |              |
|    fps                  | 94           |
|    iterations           | 106          |
|    time_elapsed         | 286          |
|    total_timesteps      | 67328        |
| train/                  |              |
|    approx_kl            | 0.0041223117 |
|    clip_fraction        | 0.0363       |
|    clip_range           | 0.2          |
|    entropy_loss         | -2.95        |
|    explained_variance   | -0.103       |
|    learning_rate        | 0.0003       |
|    loss                 | -0.0285      |
|    n_updates            | 2620         |
|    policy_gradient_loss | -0.00242     |
|    std                  | 1.07         |
|    value_loss           | 0.00209      |
------------------------------------------
-----------------------------------------
| rollout/                |             |
|    ep_len_mean          | 116         |
|    ep_rew_mean          | -0.577      |
| time/                   |             |
|    fps                  | 94          |
|    iterations           | 107         |
|    time_elapsed         | 288         |
|    total_timesteps      | 67584       |
| train/                  |             |
|    approx_kl            | 0.006910367 |
|    clip_fraction        | 0.12        |
|    clip_range           | 0.2         |
|    entropy_loss         | -2.95       |
|    explained_variance   | 0.22        |
|    learning_rate        | 0.0003      |
|    loss                 | -0.047      |
|    n_updates            | 2630        |
|    policy_gradient_loss | -0.011      |
|    std                  | 1.07        |
|    value_loss           | 0.00191     |
-----------------------------------------
-----------------------------------------
| rollout/                |             |
|    ep_len_mean          | 116         |
|    ep_rew_mean          | -0.577      |
| time/                   |             |
|    fps                  | 94          |
|    iterations           | 108         |
|    time_elapsed         | 291         |
|    total_timesteps      | 67840       |
| train/                  |             |
|    approx_kl            | 0.008376542 |
|    clip_fraction        | 0.113       |
|    clip_range           | 0.2         |
|    entropy_loss         | -2.96       |
|    explained_variance   | 0.368       |
|    learning_rate        | 0.0003      |
|    loss                 | -0.0402     |
|    n_updates            | 2640        |
|    policy_gradient_loss | -0.0105     |
|    std                  | 1.07        |
|    value_loss           | 0.000921    |
-----------------------------------------
-----------------------------------------
| rollout/                |             |
|    ep_len_mean          | 116         |
|    ep_rew_mean          | -0.579      |
| time/                   |             |
|    fps                  | 94          |
|    iterations           | 109         |
|    time_elapsed         | 293         |
|    total_timesteps      | 68096       |
| train/                  |             |
|    approx_kl            | 0.005169213 |
|    clip_fraction        | 0.0504      |
|    clip_range           | 0.2         |
|    entropy_loss         | -2.96       |
|    explained_variance   | 0.245       |
|    learning_rate        | 0.0003      |
|    loss                 | -0.0401     |
|    n_updates            | 2650        |
|    policy_gradient_loss | -0.00275    |
|    std                  | 1.08        |
|    value_loss           | 0.0012      |
-----------------------------------------
-----------------------------------------
| rollout/                |             |
|    ep_len_mean          | 116         |
|    ep_rew_mean          | -0.584      |
| time/                   |             |
|    fps                  | 94          |
|    iterations           | 110         |
|    time_elapsed         | 296         |
|    total_timesteps      | 68352       |
| train/                  |             |
|    approx_kl            | 0.008289132 |
|    clip_fraction        | 0.059       |
|    clip_range           | 0.2         |
|    entropy_loss         | -2.97       |
|    explained_variance   | -0.0561     |
|    learning_rate        | 0.0003      |
|    loss                 | -0.0282     |
|    n_updates            | 2660        |
|    policy_gradient_loss | -0.00296    |
|    std                  | 1.08        |
|    value_loss           | 0.00164     |
-----------------------------------------
------------------------------------------
| rollout/                |              |
|    ep_len_mean          | 116          |
|    ep_rew_mean          | -0.579       |
| time/                   |              |
|    fps                  | 94           |
|    iterations           | 111          |
|    time_elapsed         | 299          |
|    total_timesteps      | 68608        |
| train/                  |              |
|    approx_kl            | 0.0076538175 |
|    clip_fraction        | 0.105        |
|    clip_range           | 0.2          |
|    entropy_loss         | -2.97        |
|    explained_variance   | -0.00642     |
|    learning_rate        | 0.0003       |
|    loss                 | -0.0515      |
|    n_updates            | 2670         |
|    policy_gradient_loss | -0.00952     |
|    std                  | 1.07         |
|    value_loss           | 0.00155      |
------------------------------------------
------------------------------------------
| rollout/                |              |
|    ep_len_mean          | 116          |
|    ep_rew_mean          | -0.574       |
| time/                   |              |
|    fps                  | 94           |
|    iterations           | 112          |
|    time_elapsed         | 301          |
|    total_timesteps      | 68864        |
| train/                  |              |
|    approx_kl            | 0.0072287954 |
|    clip_fraction        | 0.0613       |
|    clip_range           | 0.2          |
|    entropy_loss         | -2.96        |
|    explained_variance   | 0.0635       |
|    learning_rate        | 0.0003       |
|    loss                 | -0.034       |
|    n_updates            | 2680         |
|    policy_gradient_loss | -0.00355     |
|    std                  | 1.07         |
|    value_loss           | 0.00156      |
------------------------------------------
-----------------------------------------
| rollout/                |             |
|    ep_len_mean          | 116         |
|    ep_rew_mean          | -0.576      |
| time/                   |             |
|    fps                  | 94          |
|    iterations           | 113         |
|    time_elapsed         | 306         |
|    total_timesteps      | 69120       |
| train/                  |             |
|    approx_kl            | 0.002655517 |
|    clip_fraction        | 0.0285      |
|    clip_range           | 0.2         |
|    entropy_loss         | -2.96       |
|    explained_variance   | 0.134       |
|    learning_rate        | 0.0003      |
|    loss                 | -0.0132     |
|    n_updates            | 2690        |
|    policy_gradient_loss | -0.00333    |
|    std                  | 1.07        |
|    value_loss           | 0.00158     |
-----------------------------------------
-----------------------------------------
| rollout/                |             |
|    ep_len_mean          | 116         |
|    ep_rew_mean          | -0.58       |
| time/                   |             |
|    fps                  | 94          |
|    iterations           | 114         |
|    time_elapsed         | 308         |
|    total_timesteps      | 69376       |
| train/                  |             |
|    approx_kl            | 0.004134315 |
|    clip_fraction        | 0.0043      |
|    clip_range           | 0.2         |
|    entropy_loss         | -2.95       |
|    explained_variance   | 0.0425      |
|    learning_rate        | 0.0003      |
|    loss                 | -0.0258     |
|    n_updates            | 2700        |
|    policy_gradient_loss | -0.00117    |
|    std                  | 1.07        |
|    value_loss           | 0.00196     |
-----------------------------------------
-----------------------------------------
| rollout/                |             |
|    ep_len_mean          | 116         |
|    ep_rew_mean          | -0.581      |
| time/                   |             |
|    fps                  | 94          |
|    iterations           | 115         |
|    time_elapsed         | 311         |
|    total_timesteps      | 69632       |
| train/                  |             |
|    approx_kl            | 0.004213454 |
|    clip_fraction        | 0.0488      |
|    clip_range           | 0.2         |
|    entropy_loss         | -2.96       |
|    explained_variance   | 0.0275      |
|    learning_rate        | 0.0003      |
|    loss                 | -0.0318     |
|    n_updates            | 2710        |
|    policy_gradient_loss | -0.00314    |
|    std                  | 1.07        |
|    value_loss           | 0.00188     |
-----------------------------------------
-----------------------------------------
| rollout/                |             |
|    ep_len_mean          | 116         |
|    ep_rew_mean          | -0.58       |
| time/                   |             |
|    fps                  | 94          |
|    iterations           | 116         |
|    time_elapsed         | 314         |
|    total_timesteps      | 69888       |
| train/                  |             |
|    approx_kl            | 0.007843272 |
|    clip_fraction        | 0.0902      |
|    clip_range           | 0.2         |
|    entropy_loss         | -2.95       |
|    explained_variance   | -0.116      |
|    learning_rate        | 0.0003      |
|    loss                 | -0.0357     |
|    n_updates            | 2720        |
|    policy_gradient_loss | -0.00935    |
|    std                  | 1.07        |
|    value_loss           | 0.00239     |
-----------------------------------------
-----------------------------------------
| rollout/                |             |
|    ep_len_mean          | 116         |
|    ep_rew_mean          | -0.572      |
| time/                   |             |
|    fps                  | 94          |
|    iterations           | 117         |
|    time_elapsed         | 316         |
|    total_timesteps      | 70144       |
| train/                  |             |
|    approx_kl            | 0.006460987 |
|    clip_fraction        | 0.0969      |
|    clip_range           | 0.2         |
|    entropy_loss         | -2.95       |
|    explained_variance   | 0.167       |
|    learning_rate        | 0.0003      |
|    loss                 | -0.0134     |
|    n_updates            | 2730        |
|    policy_gradient_loss | -0.00981    |
|    std                  | 1.07        |
|    value_loss           | 0.00163     |
-----------------------------------------
-----------------------------------------
| rollout/                |             |
|    ep_len_mean          | 116         |
|    ep_rew_mean          | -0.566      |
| time/                   |             |
|    fps                  | 94          |
|    iterations           | 118         |
|    time_elapsed         | 319         |
|    total_timesteps      | 70400       |
| train/                  |             |
|    approx_kl            | 0.003761376 |
|    clip_fraction        | 0.00195     |
|    clip_range           | 0.2         |
|    entropy_loss         | -2.96       |
|    explained_variance   | 0.089       |
|    learning_rate        | 0.0003      |
|    loss                 | -0.0293     |
|    n_updates            | 2740        |
|    policy_gradient_loss | -0.0015     |
|    std                  | 1.08        |
|    value_loss           | 0.00203     |
-----------------------------------------
------------------------------------------
| rollout/                |              |
|    ep_len_mean          | 116          |
|    ep_rew_mean          | -0.559       |
| time/                   |              |
|    fps                  | 94           |
|    iterations           | 119          |
|    time_elapsed         | 322          |
|    total_timesteps      | 70656        |
| train/                  |              |
|    approx_kl            | 0.0055261524 |
|    clip_fraction        | 0.0207       |
|    clip_range           | 0.2          |
|    entropy_loss         | -2.97        |
|    explained_variance   | 0.171        |
|    learning_rate        | 0.0003       |
|    loss                 | -0.0132      |
|    n_updates            | 2750         |
|    policy_gradient_loss | -0.00102     |
|    std                  | 1.08         |
|    value_loss           | 0.00198      |
------------------------------------------
-----------------------------------------
| rollout/                |             |
|    ep_len_mean          | 116         |
|    ep_rew_mean          | -0.555      |
| time/                   |             |
|    fps                  | 94          |
|    iterations           | 120         |
|    time_elapsed         | 324         |
|    total_timesteps      | 70912       |
| train/                  |             |
|    approx_kl            | 0.007883207 |
|    clip_fraction        | 0.0707      |
|    clip_range           | 0.2         |
|    entropy_loss         | -2.98       |
|    explained_variance   | 0.025       |
|    learning_rate        | 0.0003      |
|    loss                 | -0.0398     |
|    n_updates            | 2760        |
|    policy_gradient_loss | -0.00636    |
|    std                  | 1.09        |
|    value_loss           | 0.00165     |
-----------------------------------------
------------------------------------------
| rollout/                |              |
|    ep_len_mean          | 116          |
|    ep_rew_mean          | -0.554       |
| time/                   |              |
|    fps                  | 94           |
|    iterations           | 121          |
|    time_elapsed         | 327          |
|    total_timesteps      | 71168        |
| train/                  |              |
|    approx_kl            | 0.0103442855 |
|    clip_fraction        | 0.0422       |
|    clip_range           | 0.2          |
|    entropy_loss         | -2.99        |
|    explained_variance   | 0.0908       |
|    learning_rate        | 0.0003       |
|    loss                 | -0.0398      |
|    n_updates            | 2770         |
|    policy_gradient_loss | -0.00307     |
|    std                  | 1.1          |
|    value_loss           | 0.00282      |
------------------------------------------
-----------------------------------------
| rollout/                |             |
|    ep_len_mean          | 116         |
|    ep_rew_mean          | -0.555      |
| time/                   |             |
|    fps                  | 94          |
|    iterations           | 122         |
|    time_elapsed         | 329         |
|    total_timesteps      | 71424       |
| train/                  |             |
|    approx_kl            | 0.008338854 |
|    clip_fraction        | 0.0332      |
|    clip_range           | 0.2         |
|    entropy_loss         | -3          |
|    explained_variance   | 0.106       |
|    learning_rate        | 0.0003      |
|    loss                 | -0.0304     |
|    n_updates            | 2780        |
|    policy_gradient_loss | -0.00281    |
|    std                  | 1.1         |
|    value_loss           | 0.00259     |
-----------------------------------------
------------------------------------------
| rollout/                |              |
|    ep_len_mean          | 118          |
|    ep_rew_mean          | -0.765       |
| time/                   |              |
|    fps                  | 94           |
|    iterations           | 123          |
|    time_elapsed         | 332          |
|    total_timesteps      | 71680        |
| train/                  |              |
|    approx_kl            | 0.0068327254 |
|    clip_fraction        | 0.107        |
|    clip_range           | 0.2          |
|    entropy_loss         | -3           |
|    explained_variance   | 0.436        |
|    learning_rate        | 0.0003       |
|    loss                 | -0.0354      |
|    n_updates            | 2790         |
|    policy_gradient_loss | -0.00743     |
|    std                  | 1.1          |
|    value_loss           | 0.00249      |
------------------------------------------
------------------------------------------
| rollout/                |              |
|    ep_len_mean          | 118          |
|    ep_rew_mean          | -0.763       |
| time/                   |              |
|    fps                  | 94           |
|    iterations           | 124          |
|    time_elapsed         | 335          |
|    total_timesteps      | 71936        |
| train/                  |              |
|    approx_kl            | 0.0067184996 |
|    clip_fraction        | 0.0688       |
|    clip_range           | 0.2          |
|    entropy_loss         | -3           |
|    explained_variance   | 0.0267       |
|    learning_rate        | 0.0003       |
|    loss                 | -0.0333      |
|    n_updates            | 2800         |
|    policy_gradient_loss | -0.00587     |
|    std                  | 1.1          |
|    value_loss           | 0.00334      |
------------------------------------------
-----------------------------------------
| rollout/                |             |
|    ep_len_mean          | 118         |
|    ep_rew_mean          | -0.761      |
| time/                   |             |
|    fps                  | 94          |
|    iterations           | 125         |
|    time_elapsed         | 337         |
|    total_timesteps      | 72192       |
| train/                  |             |
|    approx_kl            | 0.006258131 |
|    clip_fraction        | 0.073       |
|    clip_range           | 0.2         |
|    entropy_loss         | -2.99       |
|    explained_variance   | 0.177       |
|    learning_rate        | 0.0003      |
|    loss                 | -0.0339     |
|    n_updates            | 2810        |
|    policy_gradient_loss | -0.0072     |
|    std                  | 1.1         |
|    value_loss           | 0.00346     |
-----------------------------------------
------------------------------------------
| rollout/                |              |
|    ep_len_mean          | 117          |
|    ep_rew_mean          | -0.556       |
| time/                   |              |
|    fps                  | 94           |
|    iterations           | 126          |
|    time_elapsed         | 342          |
|    total_timesteps      | 72448        |
| train/                  |              |
|    approx_kl            | 0.0077253003 |
|    clip_fraction        | 0.106        |
|    clip_range           | 0.2          |
|    entropy_loss         | -2.99        |
|    explained_variance   | -0.0254      |
|    learning_rate        | 0.0003       |
|    loss                 | -0.0513      |
|    n_updates            | 2820         |
|    policy_gradient_loss | -0.00658     |
|    std                  | 1.1          |
|    value_loss           | 0.00345      |
------------------------------------------
-----------------------------------------
| rollout/                |             |
|    ep_len_mean          | 117         |
|    ep_rew_mean          | -0.554      |
| time/                   |             |
|    fps                  | 94          |
|    iterations           | 127         |
|    time_elapsed         | 344         |
|    total_timesteps      | 72704       |
| train/                  |             |
|    approx_kl            | 0.008821651 |
|    clip_fraction        | 0.0402      |
|    clip_range           | 0.2         |
|    entropy_loss         | -2.99       |
|    explained_variance   | -0.00193    |
|    learning_rate        | 0.0003      |
|    loss                 | 4.8         |
|    n_updates            | 2830        |
|    policy_gradient_loss | -0.0039     |
|    std                  | 1.1         |
|    value_loss           | 13.5        |
-----------------------------------------
------------------------------------------
| rollout/                |              |
|    ep_len_mean          | 117          |
|    ep_rew_mean          | -0.548       |
| time/                   |              |
|    fps                  | 94           |
|    iterations           | 128          |
|    time_elapsed         | 347          |
|    total_timesteps      | 72960        |
| train/                  |              |
|    approx_kl            | 0.0046472624 |
|    clip_fraction        | 0.041        |
|    clip_range           | 0.2          |
|    entropy_loss         | -2.99        |
|    explained_variance   | -0.0784      |
|    learning_rate        | 0.0003       |
|    loss                 | -0.0152      |
|    n_updates            | 2840         |
|    policy_gradient_loss | -0.00303     |
|    std                  | 1.1          |
|    value_loss           | 0.00575      |
------------------------------------------
------------------------------------------
| rollout/                |              |
|    ep_len_mean          | 118          |
|    ep_rew_mean          | -0.759       |
| time/                   |              |
|    fps                  | 94           |
|    iterations           | 129          |
|    time_elapsed         | 350          |
|    total_timesteps      | 73216        |
| train/                  |              |
|    approx_kl            | 0.0053925584 |
|    clip_fraction        | 0.05         |
|    clip_range           | 0.2          |
|    entropy_loss         | -2.99        |
|    explained_variance   | -0.00109     |
|    learning_rate        | 0.0003       |
|    loss                 | -0.012       |
|    n_updates            | 2850         |
|    policy_gradient_loss | -0.00561     |
|    std                  | 1.1          |
|    value_loss           | 0.0114       |
------------------------------------------
-----------------------------------------
| rollout/                |             |
|    ep_len_mean          | 118         |
|    ep_rew_mean          | -0.762      |
| time/                   |             |
|    fps                  | 94          |
|    iterations           | 130         |
|    time_elapsed         | 352         |
|    total_timesteps      | 73472       |
| train/                  |             |
|    approx_kl            | 0.010494142 |
|    clip_fraction        | 0.0695      |
|    clip_range           | 0.2         |
|    entropy_loss         | -2.99       |
|    explained_variance   | -0.00351    |
|    learning_rate        | 0.0003      |
|    loss                 | -0.0549     |
|    n_updates            | 2860        |
|    policy_gradient_loss | -0.00474    |
|    std                  | 1.1         |
|    value_loss           | 0.00654     |
-----------------------------------------
-----------------------------------------
| rollout/                |             |
|    ep_len_mean          | 120         |
|    ep_rew_mean          | -0.975      |
| time/                   |             |
|    fps                  | 94          |
|    iterations           | 131         |
|    time_elapsed         | 355         |
|    total_timesteps      | 73728       |
| train/                  |             |
|    approx_kl            | 0.007937489 |
|    clip_fraction        | 0.0957      |
|    clip_range           | 0.2         |
|    entropy_loss         | -3          |
|    explained_variance   | -0.0115     |
|    learning_rate        | 0.0003      |
|    loss                 | -0.025      |
|    n_updates            | 2870        |
|    policy_gradient_loss | -0.00705    |
|    std                  | 1.1         |
|    value_loss           | 0.00544     |
-----------------------------------------
-----------------------------------------
| rollout/                |             |
|    ep_len_mean          | 120         |
|    ep_rew_mean          | -0.976      |
| time/                   |             |
|    fps                  | 94          |
|    iterations           | 132         |
|    time_elapsed         | 358         |
|    total_timesteps      | 73984       |
| train/                  |             |
|    approx_kl            | 0.007652688 |
|    clip_fraction        | 0.109       |
|    clip_range           | 0.2         |
|    entropy_loss         | -3.01       |
|    explained_variance   | 0.0256      |
|    learning_rate        | 0.0003      |
|    loss                 | -0.0277     |
|    n_updates            | 2880        |
|    policy_gradient_loss | -0.00753    |
|    std                  | 1.11        |
|    value_loss           | 0.00632     |
-----------------------------------------
------------------------------------------
| rollout/                |              |
|    ep_len_mean          | 120          |
|    ep_rew_mean          | -0.978       |
| time/                   |              |
|    fps                  | 93           |
|    iterations           | 133          |
|    time_elapsed         | 362          |
|    total_timesteps      | 74240        |
| train/                  |              |
|    approx_kl            | 0.0041582948 |
|    clip_fraction        | 0.043        |
|    clip_range           | 0.2          |
|    entropy_loss         | -3.01        |
|    explained_variance   | 0.0563       |
|    learning_rate        | 0.0003       |
|    loss                 | -0.0351      |
|    n_updates            | 2890         |
|    policy_gradient_loss | -0.00413     |
|    std                  | 1.11         |
|    value_loss           | 0.00858      |
------------------------------------------
----------------------------------------
| rollout/                |            |
|    ep_len_mean          | 120        |
|    ep_rew_mean          | -0.977     |
| time/                   |            |
|    fps                  | 93         |
|    iterations           | 134        |
|    time_elapsed         | 365        |
|    total_timesteps      | 74496      |
| train/                  |            |
|    approx_kl            | 0.00710845 |
|    clip_fraction        | 0.0273     |
|    clip_range           | 0.2        |
|    entropy_loss         | -3         |
|    explained_variance   | 0.117      |
|    learning_rate        | 0.0003     |
|    loss                 | -0.0279    |
|    n_updates            | 2900       |
|    policy_gradient_loss | -0.00348   |
|    std                  | 1.1        |
|    value_loss           | 0.00294    |
----------------------------------------
-----------------------------------------
| rollout/                |             |
|    ep_len_mean          | 120         |
|    ep_rew_mean          | -0.966      |
| time/                   |             |
|    fps                  | 93          |
|    iterations           | 135         |
|    time_elapsed         | 367         |
|    total_timesteps      | 74752       |
| train/                  |             |
|    approx_kl            | 0.005731146 |
|    clip_fraction        | 0.101       |
|    clip_range           | 0.2         |
|    entropy_loss         | -3          |
|    explained_variance   | 0.00541     |
|    learning_rate        | 0.0003      |
|    loss                 | -0.0375     |
|    n_updates            | 2910        |
|    policy_gradient_loss | -0.00717    |
|    std                  | 1.1         |
|    value_loss           | 0.00532     |
-----------------------------------------
------------------------------------------
| rollout/                |              |
|    ep_len_mean          | 120          |
|    ep_rew_mean          | -0.97        |
| time/                   |              |
|    fps                  | 94           |
|    iterations           | 136          |
|    time_elapsed         | 370          |
|    total_timesteps      | 75008        |
| train/                  |              |
|    approx_kl            | 0.0058278823 |
|    clip_fraction        | 0.0719       |
|    clip_range           | 0.2          |
|    entropy_loss         | -3.01        |
|    explained_variance   | -0.0779      |
|    learning_rate        | 0.0003       |
|    loss                 | -0.0214      |
|    n_updates            | 2920         |
|    policy_gradient_loss | -0.00535     |
|    std                  | 1.11         |
|    value_loss           | 0.00381      |
------------------------------------------
-----------------------------------------
| rollout/                |             |
|    ep_len_mean          | 120         |
|    ep_rew_mean          | -0.965      |
| time/                   |             |
|    fps                  | 94          |
|    iterations           | 137         |
|    time_elapsed         | 372         |
|    total_timesteps      | 75264       |
| train/                  |             |
|    approx_kl            | 0.010314352 |
|    clip_fraction        | 0.181       |
|    clip_range           | 0.2         |
|    entropy_loss         | -3.01       |
|    explained_variance   | -0.0924     |
|    learning_rate        | 0.0003      |
|    loss                 | -0.0358     |
|    n_updates            | 2930        |
|    policy_gradient_loss | -0.0197     |
|    std                  | 1.11        |
|    value_loss           | 0.00388     |
-----------------------------------------
------------------------------------------
| rollout/                |              |
|    ep_len_mean          | 118          |
|    ep_rew_mean          | -0.75        |
| time/                   |              |
|    fps                  | 93           |
|    iterations           | 138          |
|    time_elapsed         | 377          |
|    total_timesteps      | 75520        |
| train/                  |              |
|    approx_kl            | 0.0055013904 |
|    clip_fraction        | 0.0652       |
|    clip_range           | 0.2          |
|    entropy_loss         | -3.01        |
|    explained_variance   | -0.0532      |
|    learning_rate        | 0.0003       |
|    loss                 | -0.0486      |
|    n_updates            | 2940         |
|    policy_gradient_loss | -0.00482     |
|    std                  | 1.11         |
|    value_loss           | 0.00341      |
------------------------------------------
-----------------------------------------
| rollout/                |             |
|    ep_len_mean          | 118         |
|    ep_rew_mean          | -0.751      |
| time/                   |             |
|    fps                  | 93          |
|    iterations           | 139         |
|    time_elapsed         | 380         |
|    total_timesteps      | 75776       |
| train/                  |             |
|    approx_kl            | 0.007007219 |
|    clip_fraction        | 0.0195      |
|    clip_range           | 0.2         |
|    entropy_loss         | -3.01       |
|    explained_variance   | -0.000288   |
|    learning_rate        | 0.0003      |
|    loss                 | 3.31        |
|    n_updates            | 2950        |
|    policy_gradient_loss | -0.00231    |
|    std                  | 1.1         |
|    value_loss           | 1.68        |
-----------------------------------------
------------------------------------------
| rollout/                |              |
|    ep_len_mean          | 118          |
|    ep_rew_mean          | -0.752       |
| time/                   |              |
|    fps                  | 93           |
|    iterations           | 140          |
|    time_elapsed         | 382          |
|    total_timesteps      | 76032        |
| train/                  |              |
|    approx_kl            | 0.0013664109 |
|    clip_fraction        | 0            |
|    clip_range           | 0.2          |
|    entropy_loss         | -3           |
|    explained_variance   | 0.0329       |
|    learning_rate        | 0.0003       |
|    loss                 | -0.00597     |
|    n_updates            | 2960         |
|    policy_gradient_loss | -0.000107    |
|    std                  | 1.1          |
|    value_loss           | 0.00628      |
------------------------------------------
------------------------------------------
| rollout/                |              |
|    ep_len_mean          | 118          |
|    ep_rew_mean          | -0.754       |
| time/                   |              |
|    fps                  | 93           |
|    iterations           | 141          |
|    time_elapsed         | 385          |
|    total_timesteps      | 76288        |
| train/                  |              |
|    approx_kl            | 0.0050488478 |
|    clip_fraction        | 0.0141       |
|    clip_range           | 0.2          |
|    entropy_loss         | -3           |
|    explained_variance   | -0.0668      |
|    learning_rate        | 0.0003       |
|    loss                 | -0.0302      |
|    n_updates            | 2970         |
|    policy_gradient_loss | -0.00325     |
|    std                  | 1.1          |
|    value_loss           | 0.00477      |
------------------------------------------
------------------------------------------
| rollout/                |              |
|    ep_len_mean          | 118          |
|    ep_rew_mean          | -0.759       |
| time/                   |              |
|    fps                  | 93           |
|    iterations           | 142          |
|    time_elapsed         | 388          |
|    total_timesteps      | 76544        |
| train/                  |              |
|    approx_kl            | 0.0074838637 |
|    clip_fraction        | 0.0281       |
|    clip_range           | 0.2          |
|    entropy_loss         | -2.99        |
|    explained_variance   | 0.019        |
|    learning_rate        | 0.0003       |
|    loss                 | -0.0177      |
|    n_updates            | 2980         |
|    policy_gradient_loss | -0.00127     |
|    std                  | 1.1          |
|    value_loss           | 0.00466      |
------------------------------------------
------------------------------------------
| rollout/                |              |
|    ep_len_mean          | 118          |
|    ep_rew_mean          | -0.763       |
| time/                   |              |
|    fps                  | 93           |
|    iterations           | 143          |
|    time_elapsed         | 390          |
|    total_timesteps      | 76800        |
| train/                  |              |
|    approx_kl            | 0.0060150465 |
|    clip_fraction        | 0.0691       |
|    clip_range           | 0.2          |
|    entropy_loss         | -2.99        |
|    explained_variance   | 0.00325      |
|    learning_rate        | 0.0003       |
|    loss                 | -0.0537      |
|    n_updates            | 2990         |
|    policy_gradient_loss | -0.00724     |
|    std                  | 1.09         |
|    value_loss           | 0.00418      |
------------------------------------------
------------------------------------------
| rollout/                |              |
|    ep_len_mean          | 118          |
|    ep_rew_mean          | -0.762       |
| time/                   |              |
|    fps                  | 93           |
|    iterations           | 144          |
|    time_elapsed         | 395          |
|    total_timesteps      | 77056        |
| train/                  |              |
|    approx_kl            | 0.0077768434 |
|    clip_fraction        | 0.113        |
|    clip_range           | 0.2          |
|    entropy_loss         | -2.98        |
|    explained_variance   | 0.0164       |
|    learning_rate        | 0.0003       |
|    loss                 | -0.0492      |
|    n_updates            | 3000         |
|    policy_gradient_loss | -0.0119      |
|    std                  | 1.1          |
|    value_loss           | 0.00412      |
------------------------------------------
------------------------------------------
| rollout/                |              |
|    ep_len_mean          | 118          |
|    ep_rew_mean          | -0.762       |
| time/                   |              |
|    fps                  | 92           |
|    iterations           | 145          |
|    time_elapsed         | 399          |
|    total_timesteps      | 77312        |
| train/                  |              |
|    approx_kl            | 0.0048943562 |
|    clip_fraction        | 0.0746       |
|    clip_range           | 0.2          |
|    entropy_loss         | -3           |
|    explained_variance   | -0.00362     |
|    learning_rate        | 0.0003       |
|    loss                 | -0.0388      |
|    n_updates            | 3010         |
|    policy_gradient_loss | -0.00381     |
|    std                  | 1.1          |
|    value_loss           | 0.00371      |
------------------------------------------
-------------------------------------------
| rollout/                |               |
|    ep_len_mean          | 118           |
|    ep_rew_mean          | -0.762        |
| time/                   |               |
|    fps                  | 92            |
|    iterations           | 146           |
|    time_elapsed         | 402           |
|    total_timesteps      | 77568         |
| train/                  |               |
|    approx_kl            | 0.00097494246 |
|    clip_fraction        | 0             |
|    clip_range           | 0.2           |
|    entropy_loss         | -3            |
|    explained_variance   | 0.0151        |
|    learning_rate        | 0.0003        |
|    loss                 | -0.0232       |
|    n_updates            | 3020          |
|    policy_gradient_loss | 0.000475      |
|    std                  | 1.1           |
|    value_loss           | 0.00303       |
-------------------------------------------
-----------------------------------------
| rollout/                |             |
|    ep_len_mean          | 118         |
|    ep_rew_mean          | -0.761      |
| time/                   |             |
|    fps                  | 92          |
|    iterations           | 147         |
|    time_elapsed         | 405         |
|    total_timesteps      | 77824       |
| train/                  |             |
|    approx_kl            | 0.005117832 |
|    clip_fraction        | 0.00508     |
|    clip_range           | 0.2         |
|    entropy_loss         | -2.99       |
|    explained_variance   | -0.0232     |
|    learning_rate        | 0.0003      |
|    loss                 | -0.0298     |
|    n_updates            | 3030        |
|    policy_gradient_loss | -0.000445   |
|    std                  | 1.1         |
|    value_loss           | 0.00375     |
-----------------------------------------
-----------------------------------------
| rollout/                |             |
|    ep_len_mean          | 118         |
|    ep_rew_mean          | -0.76       |
| time/                   |             |
|    fps                  | 92          |
|    iterations           | 148         |
|    time_elapsed         | 407         |
|    total_timesteps      | 78080       |
| train/                  |             |
|    approx_kl            | 0.010825856 |
|    clip_fraction        | 0.0973      |
|    clip_range           | 0.2         |
|    entropy_loss         | -2.99       |
|    explained_variance   | -0.00278    |
|    learning_rate        | 0.0003      |
|    loss                 | -0.0333     |
|    n_updates            | 3040        |
|    policy_gradient_loss | -0.00989    |
|    std                  | 1.1         |
|    value_loss           | 0.00261     |
-----------------------------------------
------------------------------------------
| rollout/                |              |
|    ep_len_mean          | 118          |
|    ep_rew_mean          | -0.759       |
| time/                   |              |
|    fps                  | 92           |
|    iterations           | 149          |
|    time_elapsed         | 410          |
|    total_timesteps      | 78336        |
| train/                  |              |
|    approx_kl            | 0.0049384814 |
|    clip_fraction        | 0.0449       |
|    clip_range           | 0.2          |
|    entropy_loss         | -2.99        |
|    explained_variance   | -0.024       |
|    learning_rate        | 0.0003       |
|    loss                 | -0.0443      |
|    n_updates            | 3050         |
|    policy_gradient_loss | -0.00386     |
|    std                  | 1.1          |
|    value_loss           | 0.00437      |
------------------------------------------
-----------------------------------------
| rollout/                |             |
|    ep_len_mean          | 118         |
|    ep_rew_mean          | -0.76       |
| time/                   |             |
|    fps                  | 92          |
|    iterations           | 150         |
|    time_elapsed         | 413         |
|    total_timesteps      | 78592       |
| train/                  |             |
|    approx_kl            | 0.004051906 |
|    clip_fraction        | 0.0117      |
|    clip_range           | 0.2         |
|    entropy_loss         | -3          |
|    explained_variance   | 0.00848     |
|    learning_rate        | 0.0003      |
|    loss                 | -0.0336     |
|    n_updates            | 3060        |
|    policy_gradient_loss | -0.00165    |
|    std                  | 1.1         |
|    value_loss           | 0.00427     |
-----------------------------------------
------------------------------------------
| rollout/                |              |
|    ep_len_mean          | 118          |
|    ep_rew_mean          | -0.766       |
| time/                   |              |
|    fps                  | 92           |
|    iterations           | 151          |
|    time_elapsed         | 415          |
|    total_timesteps      | 78848        |
| train/                  |              |
|    approx_kl            | 0.0063881353 |
|    clip_fraction        | 0.115        |
|    clip_range           | 0.2          |
|    entropy_loss         | -2.99        |
|    explained_variance   | 0.0487       |
|    learning_rate        | 0.0003       |
|    loss                 | -0.0422      |
|    n_updates            | 3070         |
|    policy_gradient_loss | -0.0115      |
|    std                  | 1.09         |
|    value_loss           | 0.00326      |
------------------------------------------
---------------------------------------
| rollout/                |           |
|    ep_len_mean          | 118       |
|    ep_rew_mean          | -0.766    |
| time/                   |           |
|    fps                  | 92        |
|    iterations           | 152       |
|    time_elapsed         | 418       |
|    total_timesteps      | 79104     |
| train/                  |           |
|    approx_kl            | 0.0080932 |
|    clip_fraction        | 0.0852    |
|    clip_range           | 0.2       |
|    entropy_loss         | -2.99     |
|    explained_variance   | -0.0479   |
|    learning_rate        | 0.0003    |
|    loss                 | -0.0315   |
|    n_updates            | 3080      |
|    policy_gradient_loss | -0.00665  |
|    std                  | 1.1       |
|    value_loss           | 0.00452   |
---------------------------------------
------------------------------------------
| rollout/                |              |
|    ep_len_mean          | 118          |
|    ep_rew_mean          | -0.766       |
| time/                   |              |
|    fps                  | 92           |
|    iterations           | 153          |
|    time_elapsed         | 421          |
|    total_timesteps      | 79360        |
| train/                  |              |
|    approx_kl            | 0.0032950533 |
|    clip_fraction        | 0.0184       |
|    clip_range           | 0.2          |
|    entropy_loss         | -2.99        |
|    explained_variance   | 0.028        |
|    learning_rate        | 0.0003       |
|    loss                 | -0.017       |
|    n_updates            | 3090         |
|    policy_gradient_loss | -0.00262     |
|    std                  | 1.1          |
|    value_loss           | 0.00409      |
------------------------------------------
------------------------------------------
| rollout/                |              |
|    ep_len_mean          | 118          |
|    ep_rew_mean          | -0.765       |
| time/                   |              |
|    fps                  | 92           |
|    iterations           | 154          |
|    time_elapsed         | 425          |
|    total_timesteps      | 79616        |
| train/                  |              |
|    approx_kl            | 0.0062718308 |
|    clip_fraction        | 0.059        |
|    clip_range           | 0.2          |
|    entropy_loss         | -2.99        |
|    explained_variance   | -0.032       |
|    learning_rate        | 0.0003       |
|    loss                 | -0.037       |
|    n_updates            | 3100         |
|    policy_gradient_loss | -0.00688     |
|    std                  | 1.09         |
|    value_loss           | 0.0035       |
------------------------------------------
-----------------------------------------
| rollout/                |             |
|    ep_len_mean          | 118         |
|    ep_rew_mean          | -0.765      |
| time/                   |             |
|    fps                  | 92          |
|    iterations           | 155         |
|    time_elapsed         | 428         |
|    total_timesteps      | 79872       |
| train/                  |             |
|    approx_kl            | 0.005440154 |
|    clip_fraction        | 0.0508      |
|    clip_range           | 0.2         |
|    entropy_loss         | -2.98       |
|    explained_variance   | -0.0166     |
|    learning_rate        | 0.0003      |
|    loss                 | -0.0394     |
|    n_updates            | 3110        |
|    policy_gradient_loss | -0.00562    |
|    std                  | 1.09        |
|    value_loss           | 0.00402     |
-----------------------------------------
------------------------------------------
| rollout/                |              |
|    ep_len_mean          | 118          |
|    ep_rew_mean          | -0.763       |
| time/                   |              |
|    fps                  | 92           |
|    iterations           | 156          |
|    time_elapsed         | 432          |
|    total_timesteps      | 80128        |
| train/                  |              |
|    approx_kl            | 0.0006220171 |
|    clip_fraction        | 0            |
|    clip_range           | 0.2          |
|    entropy_loss         | -2.98        |
|    explained_variance   | 0.0161       |
|    learning_rate        | 0.0003       |
|    loss                 | -0.0258      |
|    n_updates            | 3120         |
|    policy_gradient_loss | -0.000278    |
|    std                  | 1.09         |
|    value_loss           | 0.00429      |
------------------------------------------
------------------------------------------
| rollout/                |              |
|    ep_len_mean          | 117          |
|    ep_rew_mean          | -0.554       |
| time/                   |              |
|    fps                  | 92           |
|    iterations           | 157          |
|    time_elapsed         | 435          |
|    total_timesteps      | 80384        |
| train/                  |              |
|    approx_kl            | 0.0063578747 |
|    clip_fraction        | 0.0441       |
|    clip_range           | 0.2          |
|    entropy_loss         | -2.98        |
|    explained_variance   | 0.013        |
|    learning_rate        | 0.0003       |
|    loss                 | -0.0297      |
|    n_updates            | 3130         |
|    policy_gradient_loss | -0.00269     |
|    std                  | 1.09         |
|    value_loss           | 0.00407      |
------------------------------------------
------------------------------------------
| rollout/                |              |
|    ep_len_mean          | 117          |
|    ep_rew_mean          | -0.557       |
| time/                   |              |
|    fps                  | 91           |
|    iterations           | 158          |
|    time_elapsed         | 439          |
|    total_timesteps      | 80640        |
| train/                  |              |
|    approx_kl            | 0.0071769487 |
|    clip_fraction        | 0.0629       |
|    clip_range           | 0.2          |
|    entropy_loss         | -2.98        |
|    explained_variance   | -0.000265    |
|    learning_rate        | 0.0003       |
|    loss                 | -0.0429      |
|    n_updates            | 3140         |
|    policy_gradient_loss | -0.00173     |
|    std                  | 1.09         |
|    value_loss           | 1.72         |
------------------------------------------
-----------------------------------------
| rollout/                |             |
|    ep_len_mean          | 117         |
|    ep_rew_mean          | -0.556      |
| time/                   |             |
|    fps                  | 91          |
|    iterations           | 159         |
|    time_elapsed         | 442         |
|    total_timesteps      | 80896       |
| train/                  |             |
|    approx_kl            | 0.009774413 |
|    clip_fraction        | 0.0703      |
|    clip_range           | 0.2         |
|    entropy_loss         | -2.98       |
|    explained_variance   | -0.0149     |
|    learning_rate        | 0.0003      |
|    loss                 | -0.033      |
|    n_updates            | 3150        |
|    policy_gradient_loss | -0.00514    |
|    std                  | 1.09        |
|    value_loss           | 0.00291     |
-----------------------------------------
------------------------------------------
| rollout/                |              |
|    ep_len_mean          | 117          |
|    ep_rew_mean          | -0.554       |
| time/                   |              |
|    fps                  | 92           |
|    iterations           | 160          |
|    time_elapsed         | 445          |
|    total_timesteps      | 81152        |
| train/                  |              |
|    approx_kl            | 0.0077354806 |
|    clip_fraction        | 0.043        |
|    clip_range           | 0.2          |
|    entropy_loss         | -2.99        |
|    explained_variance   | -0.0231      |
|    learning_rate        | 0.0003       |
|    loss                 | -0.0257      |
|    n_updates            | 3160         |
|    policy_gradient_loss | -0.00541     |
|    std                  | 1.1          |
|    value_loss           | 0.0043       |
------------------------------------------
------------------------------------------
| rollout/                |              |
|    ep_len_mean          | 117          |
|    ep_rew_mean          | -0.544       |
| time/                   |              |
|    fps                  | 91           |
|    iterations           | 161          |
|    time_elapsed         | 448          |
|    total_timesteps      | 81408        |
| train/                  |              |
|    approx_kl            | 0.0049980264 |
|    clip_fraction        | 0.0207       |
|    clip_range           | 0.2          |
|    entropy_loss         | -2.99        |
|    explained_variance   | 0.00981      |
|    learning_rate        | 0.0003       |
|    loss                 | -0.0238      |
|    n_updates            | 3170         |
|    policy_gradient_loss | -0.00166     |
|    std                  | 1.09         |
|    value_loss           | 0.00304      |
------------------------------------------
------------------------------------------
| rollout/                |              |
|    ep_len_mean          | 117          |
|    ep_rew_mean          | -0.546       |
| time/                   |              |
|    fps                  | 92           |
|    iterations           | 162          |
|    time_elapsed         | 450          |
|    total_timesteps      | 81664        |
| train/                  |              |
|    approx_kl            | 0.0076058665 |
|    clip_fraction        | 0.105        |
|    clip_range           | 0.2          |
|    entropy_loss         | -2.98        |
|    explained_variance   | -0.0035      |
|    learning_rate        | 0.0003       |
|    loss                 | -0.0399      |
|    n_updates            | 3180         |
|    policy_gradient_loss | -0.00794     |
|    std                  | 1.09         |
|    value_loss           | 0.00318      |
------------------------------------------
-----------------------------------------
| rollout/                |             |
|    ep_len_mean          | 117         |
|    ep_rew_mean          | -0.548      |
| time/                   |             |
|    fps                  | 92          |
|    iterations           | 163         |
|    time_elapsed         | 453         |
|    total_timesteps      | 81920       |
| train/                  |             |
|    approx_kl            | 0.002512364 |
|    clip_fraction        | 0.0133      |
|    clip_range           | 0.2         |
|    entropy_loss         | -2.98       |
|    explained_variance   | -0.00154    |
|    learning_rate        | 0.0003      |
|    loss                 | -0.0376     |
|    n_updates            | 3190        |
|    policy_gradient_loss | -0.00222    |
|    std                  | 1.09        |
|    value_loss           | 0.00343     |
-----------------------------------------
------------------------------------------
| rollout/                |              |
|    ep_len_mean          | 117          |
|    ep_rew_mean          | -0.546       |
| time/                   |              |
|    fps                  | 92           |
|    iterations           | 164          |
|    time_elapsed         | 455          |
|    total_timesteps      | 82176        |
| train/                  |              |
|    approx_kl            | 0.0072805644 |
|    clip_fraction        | 0.108        |
|    clip_range           | 0.2          |
|    entropy_loss         | -2.99        |
|    explained_variance   | 0.0188       |
|    learning_rate        | 0.0003       |
|    loss                 | -0.041       |
|    n_updates            | 3200         |
|    policy_gradient_loss | -0.00992     |
|    std                  | 1.09         |
|    value_loss           | 0.00272      |
------------------------------------------
------------------------------------------
| rollout/                |              |
|    ep_len_mean          | 117          |
|    ep_rew_mean          | -0.552       |
| time/                   |              |
|    fps                  | 92           |
|    iterations           | 165          |
|    time_elapsed         | 458          |
|    total_timesteps      | 82432        |
| train/                  |              |
|    approx_kl            | 0.0044594062 |
|    clip_fraction        | 0.0426       |
|    clip_range           | 0.2          |
|    entropy_loss         | -2.99        |
|    explained_variance   | -0.000832    |
|    learning_rate        | 0.0003       |
|    loss                 | -0.0302      |
|    n_updates            | 3210         |
|    policy_gradient_loss | -0.00355     |
|    std                  | 1.09         |
|    value_loss           | 0.00399      |
------------------------------------------
------------------------------------------
| rollout/                |              |
|    ep_len_mean          | 117          |
|    ep_rew_mean          | -0.553       |
| time/                   |              |
|    fps                  | 91           |
|    iterations           | 166          |
|    time_elapsed         | 462          |
|    total_timesteps      | 82688        |
| train/                  |              |
|    approx_kl            | 0.0059528286 |
|    clip_fraction        | 0.0715       |
|    clip_range           | 0.2          |
|    entropy_loss         | -2.98        |
|    explained_variance   | -0.00518     |
|    learning_rate        | 0.0003       |
|    loss                 | -0.0319      |
|    n_updates            | 3220         |
|    policy_gradient_loss | -0.00516     |
|    std                  | 1.09         |
|    value_loss           | 0.00259      |
------------------------------------------
-----------------------------------------
| rollout/                |             |
|    ep_len_mean          | 117         |
|    ep_rew_mean          | -0.549      |
| time/                   |             |
|    fps                  | 91          |
|    iterations           | 167         |
|    time_elapsed         | 465         |
|    total_timesteps      | 82944       |
| train/                  |             |
|    approx_kl            | 0.010929599 |
|    clip_fraction        | 0.121       |
|    clip_range           | 0.2         |
|    entropy_loss         | -2.99       |
|    explained_variance   | -0.0163     |
|    learning_rate        | 0.0003      |
|    loss                 | -0.035      |
|    n_updates            | 3230        |
|    policy_gradient_loss | -0.0101     |
|    std                  | 1.1         |
|    value_loss           | 0.00312     |
-----------------------------------------
------------------------------------------
| rollout/                |              |
|    ep_len_mean          | 117          |
|    ep_rew_mean          | -0.55        |
| time/                   |              |
|    fps                  | 91           |
|    iterations           | 168          |
|    time_elapsed         | 468          |
|    total_timesteps      | 83200        |
| train/                  |              |
|    approx_kl            | 0.0070744655 |
|    clip_fraction        | 0.0945       |
|    clip_range           | 0.2          |
|    entropy_loss         | -3           |
|    explained_variance   | -0.00254     |
|    learning_rate        | 0.0003       |
|    loss                 | -0.03        |
|    n_updates            | 3240         |
|    policy_gradient_loss | -0.00885     |
|    std                  | 1.1          |
|    value_loss           | 0.00496      |
------------------------------------------
------------------------------------------
| rollout/                |              |
|    ep_len_mean          | 117          |
|    ep_rew_mean          | -0.554       |
| time/                   |              |
|    fps                  | 91           |
|    iterations           | 169          |
|    time_elapsed         | 470          |
|    total_timesteps      | 83456        |
| train/                  |              |
|    approx_kl            | 0.0053299214 |
|    clip_fraction        | 0.0559       |
|    clip_range           | 0.2          |
|    entropy_loss         | -3.01        |
|    explained_variance   | -0.00196     |
|    learning_rate        | 0.0003       |
|    loss                 | -0.0245      |
|    n_updates            | 3250         |
|    policy_gradient_loss | -0.00492     |
|    std                  | 1.1          |
|    value_loss           | 0.00394      |
------------------------------------------
-----------------------------------------
| rollout/                |             |
|    ep_len_mean          | 117         |
|    ep_rew_mean          | -0.557      |
| time/                   |             |
|    fps                  | 91          |
|    iterations           | 170         |
|    time_elapsed         | 473         |
|    total_timesteps      | 83712       |
| train/                  |             |
|    approx_kl            | 0.005620408 |
|    clip_fraction        | 0.0863      |
|    clip_range           | 0.2         |
|    entropy_loss         | -3.01       |
|    explained_variance   | -0.0015     |
|    learning_rate        | 0.0003      |
|    loss                 | -0.0168     |
|    n_updates            | 3260        |
|    policy_gradient_loss | -0.00863    |
|    std                  | 1.1         |
|    value_loss           | 0.00331     |
-----------------------------------------
------------------------------------------
| rollout/                |              |
|    ep_len_mean          | 117          |
|    ep_rew_mean          | -0.556       |
| time/                   |              |
|    fps                  | 91           |
|    iterations           | 171          |
|    time_elapsed         | 476          |
|    total_timesteps      | 83968        |
| train/                  |              |
|    approx_kl            | 0.0071891276 |
|    clip_fraction        | 0.0594       |
|    clip_range           | 0.2          |
|    entropy_loss         | -3.01        |
|    explained_variance   | 0.00398      |
|    learning_rate        | 0.0003       |
|    loss                 | -0.0354      |
|    n_updates            | 3270         |
|    policy_gradient_loss | -0.00478     |
|    std                  | 1.1          |
|    value_loss           | 0.00434      |
------------------------------------------
-----------------------------------------
| rollout/                |             |
|    ep_len_mean          | 118         |
|    ep_rew_mean          | -0.764      |
| time/                   |             |
|    fps                  | 91          |
|    iterations           | 172         |
|    time_elapsed         | 478         |
|    total_timesteps      | 84224       |
| train/                  |             |
|    approx_kl            | 0.004828458 |
|    clip_fraction        | 0.0316      |
|    clip_range           | 0.2         |
|    entropy_loss         | -3.01       |
|    explained_variance   | -0.0062     |
|    learning_rate        | 0.0003      |
|    loss                 | -0.0143     |
|    n_updates            | 3280        |
|    policy_gradient_loss | -0.00268    |
|    std                  | 1.1         |
|    value_loss           | 0.00207     |
-----------------------------------------
-----------------------------------------
| rollout/                |             |
|    ep_len_mean          | 118         |
|    ep_rew_mean          | -0.766      |
| time/                   |             |
|    fps                  | 92          |
|    iterations           | 173         |
|    time_elapsed         | 481         |
|    total_timesteps      | 84480       |
| train/                  |             |
|    approx_kl            | 0.005350288 |
|    clip_fraction        | 0.0992      |
|    clip_range           | 0.2         |
|    entropy_loss         | -3.01       |
|    explained_variance   | -0.0042     |
|    learning_rate        | 0.0003      |
|    loss                 | -0.0482     |
|    n_updates            | 3290        |
|    policy_gradient_loss | -0.00595    |
|    std                  | 1.11        |
|    value_loss           | 0.00295     |
-----------------------------------------
------------------------------------------
| rollout/                |              |
|    ep_len_mean          | 118          |
|    ep_rew_mean          | -0.771       |
| time/                   |              |
|    fps                  | 92           |
|    iterations           | 174          |
|    time_elapsed         | 483          |
|    total_timesteps      | 84736        |
| train/                  |              |
|    approx_kl            | 0.0036209023 |
|    clip_fraction        | 0.0145       |
|    clip_range           | 0.2          |
|    entropy_loss         | -3.02        |
|    explained_variance   | -9.82e-05    |
|    learning_rate        | 0.0003       |
|    loss                 | -0.053       |
|    n_updates            | 3300         |
|    policy_gradient_loss | -0.000746    |
|    std                  | 1.11         |
|    value_loss           | 0.00334      |
------------------------------------------
------------------------------------------
| rollout/                |              |
|    ep_len_mean          | 118          |
|    ep_rew_mean          | -0.775       |
| time/                   |              |
|    fps                  | 91           |
|    iterations           | 175          |
|    time_elapsed         | 488          |
|    total_timesteps      | 84992        |
| train/                  |              |
|    approx_kl            | 0.0012284426 |
|    clip_fraction        | 0            |
|    clip_range           | 0.2          |
|    entropy_loss         | -3.03        |
|    explained_variance   | -0.00462     |
|    learning_rate        | 0.0003       |
|    loss                 | -0.0383      |
|    n_updates            | 3310         |
|    policy_gradient_loss | -0.000535    |
|    std                  | 1.11         |
|    value_loss           | 0.00364      |
------------------------------------------
-----------------------------------------
| rollout/                |             |
|    ep_len_mean          | 118         |
|    ep_rew_mean          | -0.783      |
| time/                   |             |
|    fps                  | 91          |
|    iterations           | 176         |
|    time_elapsed         | 491         |
|    total_timesteps      | 85248       |
| train/                  |             |
|    approx_kl            | 0.003970871 |
|    clip_fraction        | 0.0938      |
|    clip_range           | 0.2         |
|    entropy_loss         | -3.03       |
|    explained_variance   | 0.00423     |
|    learning_rate        | 0.0003      |
|    loss                 | -0.0328     |
|    n_updates            | 3320        |
|    policy_gradient_loss | -0.00582    |
|    std                  | 1.11        |
|    value_loss           | 0.00245     |
-----------------------------------------
------------------------------------------
| rollout/                |              |
|    ep_len_mean          | 118          |
|    ep_rew_mean          | -0.778       |
| time/                   |              |
|    fps                  | 91           |
|    iterations           | 177          |
|    time_elapsed         | 493          |
|    total_timesteps      | 85504        |
| train/                  |              |
|    approx_kl            | 0.0052634487 |
|    clip_fraction        | 0.0496       |
|    clip_range           | 0.2          |
|    entropy_loss         | -3.03        |
|    explained_variance   | -0.000427    |
|    learning_rate        | 0.0003       |
|    loss                 | -0.0356      |
|    n_updates            | 3330         |
|    policy_gradient_loss | -0.00478     |
|    std                  | 1.11         |
|    value_loss           | 0.00217      |
------------------------------------------
------------------------------------------
| rollout/                |              |
|    ep_len_mean          | 118          |
|    ep_rew_mean          | -0.778       |
| time/                   |              |
|    fps                  | 91           |
|    iterations           | 178          |
|    time_elapsed         | 496          |
|    total_timesteps      | 85760        |
| train/                  |              |
|    approx_kl            | 0.0049011214 |
|    clip_fraction        | 0.0441       |
|    clip_range           | 0.2          |
|    entropy_loss         | -3.03        |
|    explained_variance   | -0.00282     |
|    learning_rate        | 0.0003       |
|    loss                 | -0.0424      |
|    n_updates            | 3340         |
|    policy_gradient_loss | -0.00371     |
|    std                  | 1.12         |
|    value_loss           | 0.00284      |
------------------------------------------
-----------------------------------------
| rollout/                |             |
|    ep_len_mean          | 116         |
|    ep_rew_mean          | -0.566      |
| time/                   |             |
|    fps                  | 91          |
|    iterations           | 179         |
|    time_elapsed         | 499         |
|    total_timesteps      | 86016       |
| train/                  |             |
|    approx_kl            | 0.011252755 |
|    clip_fraction        | 0.0945      |
|    clip_range           | 0.2         |
|    entropy_loss         | -3.04       |
|    explained_variance   | -0.000988   |
|    learning_rate        | 0.0003      |
|    loss                 | -0.00399    |
|    n_updates            | 3350        |
|    policy_gradient_loss | -0.00396    |
|    std                  | 1.12        |
|    value_loss           | 0.00302     |
-----------------------------------------
-----------------------------------------
| rollout/                |             |
|    ep_len_mean          | 116         |
|    ep_rew_mean          | -0.569      |
| time/                   |             |
|    fps                  | 91          |
|    iterations           | 180         |
|    time_elapsed         | 501         |
|    total_timesteps      | 86272       |
| train/                  |             |
|    approx_kl            | 0.014067613 |
|    clip_fraction        | 0.114       |
|    clip_range           | 0.2         |
|    entropy_loss         | -3.05       |
|    explained_variance   | -6.28e-05   |
|    learning_rate        | 0.0003      |
|    loss                 | 3.39        |
|    n_updates            | 3360        |
|    policy_gradient_loss | -0.00957    |
|    std                  | 1.12        |
|    value_loss           | 1.72        |
-----------------------------------------
------------------------------------------
| rollout/                |              |
|    ep_len_mean          | 116          |
|    ep_rew_mean          | -0.566       |
| time/                   |              |
|    fps                  | 91           |
|    iterations           | 181          |
|    time_elapsed         | 504          |
|    total_timesteps      | 86528        |
| train/                  |              |
|    approx_kl            | 0.0045017204 |
|    clip_fraction        | 0.025        |
|    clip_range           | 0.2          |
|    entropy_loss         | -3.05        |
|    explained_variance   | 0.0085       |
|    learning_rate        | 0.0003       |
|    loss                 | -0.0307      |
|    n_updates            | 3370         |
|    policy_gradient_loss | -0.00248     |
|    std                  | 1.12         |
|    value_loss           | 0.00407      |
------------------------------------------
------------------------------------------
| rollout/                |              |
|    ep_len_mean          | 116          |
|    ep_rew_mean          | -0.572       |
| time/                   |              |
|    fps                  | 91           |
|    iterations           | 182          |
|    time_elapsed         | 507          |
|    total_timesteps      | 86784        |
| train/                  |              |
|    approx_kl            | 0.0048295883 |
|    clip_fraction        | 0.0488       |
|    clip_range           | 0.2          |
|    entropy_loss         | -3.05        |
|    explained_variance   | 0.0114       |
|    learning_rate        | 0.0003       |
|    loss                 | -0.0265      |
|    n_updates            | 3380         |
|    policy_gradient_loss | -0.00395     |
|    std                  | 1.13         |
|    value_loss           | 0.00297      |
------------------------------------------
------------------------------------------
| rollout/                |              |
|    ep_len_mean          | 116          |
|    ep_rew_mean          | -0.58        |
| time/                   |              |
|    fps                  | 91           |
|    iterations           | 183          |
|    time_elapsed         | 509          |
|    total_timesteps      | 87040        |
| train/                  |              |
|    approx_kl            | 0.0043394435 |
|    clip_fraction        | 0.0391       |
|    clip_range           | 0.2          |
|    entropy_loss         | -3.05        |
|    explained_variance   | -0.00716     |
|    learning_rate        | 0.0003       |
|    loss                 | -0.0343      |
|    n_updates            | 3390         |
|    policy_gradient_loss | -0.00404     |
|    std                  | 1.13         |
|    value_loss           | 0.00269      |
------------------------------------------
-----------------------------------------
| rollout/                |             |
|    ep_len_mean          | 118         |
|    ep_rew_mean          | -0.789      |
| time/                   |             |
|    fps                  | 91          |
|    iterations           | 184         |
|    time_elapsed         | 512         |
|    total_timesteps      | 87296       |
| train/                  |             |
|    approx_kl            | 0.009528392 |
|    clip_fraction        | 0.101       |
|    clip_range           | 0.2         |
|    entropy_loss         | -3.06       |
|    explained_variance   | -6.37e-05   |
|    learning_rate        | 0.0003      |
|    loss                 | -0.034      |
|    n_updates            | 3400        |
|    policy_gradient_loss | -0.00732    |
|    std                  | 1.13        |
|    value_loss           | 0.00287     |
-----------------------------------------
------------------------------------------
| rollout/                |              |
|    ep_len_mean          | 118          |
|    ep_rew_mean          | -0.79        |
| time/                   |              |
|    fps                  | 91           |
|    iterations           | 185          |
|    time_elapsed         | 515          |
|    total_timesteps      | 87552        |
| train/                  |              |
|    approx_kl            | 0.0039401697 |
|    clip_fraction        | 0.0461       |
|    clip_range           | 0.2          |
|    entropy_loss         | -3.05        |
|    explained_variance   | -0.000101    |
|    learning_rate        | 0.0003       |
|    loss                 | -0.0231      |
|    n_updates            | 3410         |
|    policy_gradient_loss | -0.00142     |
|    std                  | 1.13         |
|    value_loss           | 0.00386      |
------------------------------------------
------------------------------------------
| rollout/                |              |
|    ep_len_mean          | 118          |
|    ep_rew_mean          | -0.792       |
| time/                   |              |
|    fps                  | 91           |
|    iterations           | 186          |
|    time_elapsed         | 517          |
|    total_timesteps      | 87808        |
| train/                  |              |
|    approx_kl            | 0.0052521774 |
|    clip_fraction        | 0.0496       |
|    clip_range           | 0.2          |
|    entropy_loss         | -3.06        |
|    explained_variance   | -0.00306     |
|    learning_rate        | 0.0003       |
|    loss                 | -0.0582      |
|    n_updates            | 3420         |
|    policy_gradient_loss | -0.00616     |
|    std                  | 1.13         |
|    value_loss           | 0.00339      |
------------------------------------------
------------------------------------------
| rollout/                |              |
|    ep_len_mean          | 118          |
|    ep_rew_mean          | -0.79        |
| time/                   |              |
|    fps                  | 91           |
|    iterations           | 187          |
|    time_elapsed         | 520          |
|    total_timesteps      | 88064        |
| train/                  |              |
|    approx_kl            | 0.0095639955 |
|    clip_fraction        | 0.128        |
|    clip_range           | 0.2          |
|    entropy_loss         | -3.06        |
|    explained_variance   | 0.00121      |
|    learning_rate        | 0.0003       |
|    loss                 | -0.039       |
|    n_updates            | 3430         |
|    policy_gradient_loss | -0.00998     |
|    std                  | 1.13         |
|    value_loss           | 0.00321      |
------------------------------------------
-------------------------------------------
| rollout/                |               |
|    ep_len_mean          | 118           |
|    ep_rew_mean          | -0.785        |
| time/                   |               |
|    fps                  | 92            |
|    iterations           | 188           |
|    time_elapsed         | 523           |
|    total_timesteps      | 88320         |
| train/                  |               |
|    approx_kl            | 0.00069730496 |
|    clip_fraction        | 0             |
|    clip_range           | 0.2           |
|    entropy_loss         | -3.06         |
|    explained_variance   | -0.000101     |
|    learning_rate        | 0.0003        |
|    loss                 | -0.0347       |
|    n_updates            | 3440          |
|    policy_gradient_loss | -2.43e-05     |
|    std                  | 1.13          |
|    value_loss           | 0.00331       |
-------------------------------------------
------------------------------------------
| rollout/                |              |
|    ep_len_mean          | 118          |
|    ep_rew_mean          | -0.781       |
| time/                   |              |
|    fps                  | 92           |
|    iterations           | 189          |
|    time_elapsed         | 525          |
|    total_timesteps      | 88576        |
| train/                  |              |
|    approx_kl            | 0.0027344662 |
|    clip_fraction        | 0.00508      |
|    clip_range           | 0.2          |
|    entropy_loss         | -3.06        |
|    explained_variance   | -0.0029      |
|    learning_rate        | 0.0003       |
|    loss                 | -0.0432      |
|    n_updates            | 3450         |
|    policy_gradient_loss | -0.00122     |
|    std                  | 1.14         |
|    value_loss           | 0.00292      |
------------------------------------------
-----------------------------------------
| rollout/                |             |
|    ep_len_mean          | 118         |
|    ep_rew_mean          | -0.78       |
| time/                   |             |
|    fps                  | 92          |
|    iterations           | 190         |
|    time_elapsed         | 528         |
|    total_timesteps      | 88832       |
| train/                  |             |
|    approx_kl            | 0.007393441 |
|    clip_fraction        | 0.0539      |
|    clip_range           | 0.2         |
|    entropy_loss         | -3.06       |
|    explained_variance   | 0.00987     |
|    learning_rate        | 0.0003      |
|    loss                 | -0.0328     |
|    n_updates            | 3460        |
|    policy_gradient_loss | -0.00396    |
|    std                  | 1.13        |
|    value_loss           | 0.00289     |
-----------------------------------------
-----------------------------------------
| rollout/                |             |
|    ep_len_mean          | 118         |
|    ep_rew_mean          | -0.782      |
| time/                   |             |
|    fps                  | 92          |
|    iterations           | 191         |
|    time_elapsed         | 531         |
|    total_timesteps      | 89088       |
| train/                  |             |
|    approx_kl            | 0.004697757 |
|    clip_fraction        | 0.00547     |
|    clip_range           | 0.2         |
|    entropy_loss         | -3.05       |
|    explained_variance   | -0.00195    |
|    learning_rate        | 0.0003      |
|    loss                 | -0.0346     |
|    n_updates            | 3470        |
|    policy_gradient_loss | -0.00151    |
|    std                  | 1.13        |
|    value_loss           | 0.00368     |
-----------------------------------------
-----------------------------------------
| rollout/                |             |
|    ep_len_mean          | 118         |
|    ep_rew_mean          | -0.783      |
| time/                   |             |
|    fps                  | 92          |
|    iterations           | 192         |
|    time_elapsed         | 533         |
|    total_timesteps      | 89344       |
| train/                  |             |
|    approx_kl            | 0.005222247 |
|    clip_fraction        | 0.0344      |
|    clip_range           | 0.2         |
|    entropy_loss         | -3.05       |
|    explained_variance   | -0.00118    |
|    learning_rate        | 0.0003      |
|    loss                 | -0.0189     |
|    n_updates            | 3480        |
|    policy_gradient_loss | -0.00435    |
|    std                  | 1.13        |
|    value_loss           | 0.0034      |
-----------------------------------------
------------------------------------------
| rollout/                |              |
|    ep_len_mean          | 118          |
|    ep_rew_mean          | -0.786       |
| time/                   |              |
|    fps                  | 92           |
|    iterations           | 193          |
|    time_elapsed         | 536          |
|    total_timesteps      | 89600        |
| train/                  |              |
|    approx_kl            | 0.0074017257 |
|    clip_fraction        | 0.117        |
|    clip_range           | 0.2          |
|    entropy_loss         | -3.05        |
|    explained_variance   | 0.00348      |
|    learning_rate        | 0.0003       |
|    loss                 | -0.0264      |
|    n_updates            | 3490         |
|    policy_gradient_loss | -0.0131      |
|    std                  | 1.13         |
|    value_loss           | 0.00282      |
------------------------------------------
----------------------------------------
| rollout/                |            |
|    ep_len_mean          | 118        |
|    ep_rew_mean          | -0.786     |
| time/                   |            |
|    fps                  | 92         |
|    iterations           | 194        |
|    time_elapsed         | 538        |
|    total_timesteps      | 89856      |
| train/                  |            |
|    approx_kl            | 0.00485077 |
|    clip_fraction        | 0.0793     |
|    clip_range           | 0.2        |
|    entropy_loss         | -3.06      |
|    explained_variance   | -0.00403   |
|    learning_rate        | 0.0003     |
|    loss                 | -0.0522    |
|    n_updates            | 3500       |
|    policy_gradient_loss | -0.00761   |
|    std                  | 1.13       |
|    value_loss           | 0.00336    |
----------------------------------------
-----------------------------------------
| rollout/                |             |
|    ep_len_mean          | 118         |
|    ep_rew_mean          | -0.786      |
| time/                   |             |
|    fps                  | 92          |
|    iterations           | 195         |
|    time_elapsed         | 541         |
|    total_timesteps      | 90112       |
| train/                  |             |
|    approx_kl            | 0.005638767 |
|    clip_fraction        | 0.0418      |
|    clip_range           | 0.2         |
|    entropy_loss         | -3.06       |
|    explained_variance   | 0.00268     |
|    learning_rate        | 0.0003      |
|    loss                 | -0.023      |
|    n_updates            | 3510        |
|    policy_gradient_loss | -0.00336    |
|    std                  | 1.13        |
|    value_loss           | 0.00277     |
-----------------------------------------
------------------------------------------
| rollout/                |              |
|    ep_len_mean          | 118          |
|    ep_rew_mean          | -0.785       |
| time/                   |              |
|    fps                  | 91           |
|    iterations           | 196          |
|    time_elapsed         | 545          |
|    total_timesteps      | 90368        |
| train/                  |              |
|    approx_kl            | 0.0059457486 |
|    clip_fraction        | 0.0875       |
|    clip_range           | 0.2          |
|    entropy_loss         | -3.05        |
|    explained_variance   | 0.027        |
|    learning_rate        | 0.0003       |
|    loss                 | -0.0435      |
|    n_updates            | 3520         |
|    policy_gradient_loss | -0.00787     |
|    std                  | 1.12         |
|    value_loss           | 0.00332      |
------------------------------------------
------------------------------------------
| rollout/                |              |
|    ep_len_mean          | 118          |
|    ep_rew_mean          | -0.782       |
| time/                   |              |
|    fps                  | 91           |
|    iterations           | 197          |
|    time_elapsed         | 548          |
|    total_timesteps      | 90624        |
| train/                  |              |
|    approx_kl            | 0.0077409884 |
|    clip_fraction        | 0.0293       |
|    clip_range           | 0.2          |
|    entropy_loss         | -3.05        |
|    explained_variance   | 0.0416       |
|    learning_rate        | 0.0003       |
|    loss                 | -0.0281      |
|    n_updates            | 3530         |
|    policy_gradient_loss | -0.00292     |
|    std                  | 1.13         |
|    value_loss           | 0.00357      |
------------------------------------------
------------------------------------------
| rollout/                |              |
|    ep_len_mean          | 118          |
|    ep_rew_mean          | -0.783       |
| time/                   |              |
|    fps                  | 91           |
|    iterations           | 198          |
|    time_elapsed         | 552          |
|    total_timesteps      | 90880        |
| train/                  |              |
|    approx_kl            | 0.0058092317 |
|    clip_fraction        | 0.0469       |
|    clip_range           | 0.2          |
|    entropy_loss         | -3.05        |
|    explained_variance   | -0.0164      |
|    learning_rate        | 0.0003       |
|    loss                 | -0.0403      |
|    n_updates            | 3540         |
|    policy_gradient_loss | -0.004       |
|    std                  | 1.12         |
|    value_loss           | 0.0041       |
------------------------------------------
------------------------------------------
| rollout/                |              |
|    ep_len_mean          | 118          |
|    ep_rew_mean          | -0.787       |
| time/                   |              |
|    fps                  | 91           |
|    iterations           | 199          |
|    time_elapsed         | 555          |
|    total_timesteps      | 91136        |
| train/                  |              |
|    approx_kl            | 0.0038826086 |
|    clip_fraction        | 0.0223       |
|    clip_range           | 0.2          |
|    entropy_loss         | -3.04        |
|    explained_variance   | -0.0118      |
|    learning_rate        | 0.0003       |
|    loss                 | -0.0325      |
|    n_updates            | 3550         |
|    policy_gradient_loss | -0.00195     |
|    std                  | 1.12         |
|    value_loss           | 0.00435      |
------------------------------------------
------------------------------------------
| rollout/                |              |
|    ep_len_mean          | 118          |
|    ep_rew_mean          | -0.78        |
| time/                   |              |
|    fps                  | 91           |
|    iterations           | 200          |
|    time_elapsed         | 560          |
|    total_timesteps      | 91392        |
| train/                  |              |
|    approx_kl            | 0.0033827317 |
|    clip_fraction        | 0.0289       |
|    clip_range           | 0.2          |
|    entropy_loss         | -3.04        |
|    explained_variance   | -0.00116     |
|    learning_rate        | 0.0003       |
|    loss                 | -0.0363      |
|    n_updates            | 3560         |
|    policy_gradient_loss | -0.00222     |
|    std                  | 1.12         |
|    value_loss           | 0.00478      |
------------------------------------------
-----------------------------------------
| rollout/                |             |
|    ep_len_mean          | 118         |
|    ep_rew_mean          | -0.781      |
| time/                   |             |
|    fps                  | 91          |
|    iterations           | 201         |
|    time_elapsed         | 562         |
|    total_timesteps      | 91648       |
| train/                  |             |
|    approx_kl            | 0.008281272 |
|    clip_fraction        | 0.073       |
|    clip_range           | 0.2         |
|    entropy_loss         | -3.05       |
|    explained_variance   | 0.00519     |
|    learning_rate        | 0.0003      |
|    loss                 | -0.0397     |
|    n_updates            | 3570        |
|    policy_gradient_loss | -0.00717    |
|    std                  | 1.13        |
|    value_loss           | 0.00388     |
-----------------------------------------
-----------------------------------------
| rollout/                |             |
|    ep_len_mean          | 118         |
|    ep_rew_mean          | -0.78       |
| time/                   |             |
|    fps                  | 91          |
|    iterations           | 202         |
|    time_elapsed         | 565         |
|    total_timesteps      | 91904       |
| train/                  |             |
|    approx_kl            | 0.005145632 |
|    clip_fraction        | 0.0457      |
|    clip_range           | 0.2         |
|    entropy_loss         | -3.05       |
|    explained_variance   | 0.023       |
|    learning_rate        | 0.0003      |
|    loss                 | -0.0202     |
|    n_updates            | 3580        |
|    policy_gradient_loss | -0.0033     |
|    std                  | 1.13        |
|    value_loss           | 0.0047      |
-----------------------------------------
------------------------------------------
| rollout/                |              |
|    ep_len_mean          | 118          |
|    ep_rew_mean          | -0.776       |
| time/                   |              |
|    fps                  | 91           |
|    iterations           | 203          |
|    time_elapsed         | 569          |
|    total_timesteps      | 92160        |
| train/                  |              |
|    approx_kl            | 0.0049190186 |
|    clip_fraction        | 0.0328       |
|    clip_range           | 0.2          |
|    entropy_loss         | -3.05        |
|    explained_variance   | 0.0301       |
|    learning_rate        | 0.0003       |
|    loss                 | -0.0263      |
|    n_updates            | 3590         |
|    policy_gradient_loss | -0.00213     |
|    std                  | 1.13         |
|    value_loss           | 0.00427      |
------------------------------------------
-----------------------------------------
| rollout/                |             |
|    ep_len_mean          | 119         |
|    ep_rew_mean          | -0.986      |
| time/                   |             |
|    fps                  | 91          |
|    iterations           | 204         |
|    time_elapsed         | 572         |
|    total_timesteps      | 92416       |
| train/                  |             |
|    approx_kl            | 0.005039267 |
|    clip_fraction        | 0.00977     |
|    clip_range           | 0.2         |
|    entropy_loss         | -3.05       |
|    explained_variance   | -0.0527     |
|    learning_rate        | 0.0003      |
|    loss                 | -0.0338     |
|    n_updates            | 3600        |
|    policy_gradient_loss | -0.00149    |
|    std                  | 1.13        |
|    value_loss           | 0.00458     |
-----------------------------------------
-----------------------------------------
| rollout/                |             |
|    ep_len_mean          | 118         |
|    ep_rew_mean          | -0.774      |
| time/                   |             |
|    fps                  | 91          |
|    iterations           | 205         |
|    time_elapsed         | 575         |
|    total_timesteps      | 92672       |
| train/                  |             |
|    approx_kl            | 0.008331408 |
|    clip_fraction        | 0.112       |
|    clip_range           | 0.2         |
|    entropy_loss         | -3.06       |
|    explained_variance   | -0.00921    |
|    learning_rate        | 0.0003      |
|    loss                 | -0.0505     |
|    n_updates            | 3610        |
|    policy_gradient_loss | -0.0122     |
|    std                  | 1.14        |
|    value_loss           | 0.00375     |
-----------------------------------------
-----------------------------------------
| rollout/                |             |
|    ep_len_mean          | 118         |
|    ep_rew_mean          | -0.776      |
| time/                   |             |
|    fps                  | 91          |
|    iterations           | 206         |
|    time_elapsed         | 578         |
|    total_timesteps      | 92928       |
| train/                  |             |
|    approx_kl            | 0.004243152 |
|    clip_fraction        | 0.0332      |
|    clip_range           | 0.2         |
|    entropy_loss         | -3.06       |
|    explained_variance   | 0.000454    |
|    learning_rate        | 0.0003      |
|    loss                 | -0.0261     |
|    n_updates            | 3620        |
|    policy_gradient_loss | -0.00201    |
|    std                  | 1.14        |
|    value_loss           | 1.72        |
-----------------------------------------
-----------------------------------------
| rollout/                |             |
|    ep_len_mean          | 118         |
|    ep_rew_mean          | -0.786      |
| time/                   |             |
|    fps                  | 91          |
|    iterations           | 207         |
|    time_elapsed         | 580         |
|    total_timesteps      | 93184       |
| train/                  |             |
|    approx_kl            | 0.007719317 |
|    clip_fraction        | 0.106       |
|    clip_range           | 0.2         |
|    entropy_loss         | -3.06       |
|    explained_variance   | 0.00304     |
|    learning_rate        | 0.0003      |
|    loss                 | -0.0407     |
|    n_updates            | 3630        |
|    policy_gradient_loss | -0.00895    |
|    std                  | 1.14        |
|    value_loss           | 0.0039      |
-----------------------------------------
-----------------------------------------
| rollout/                |             |
|    ep_len_mean          | 118         |
|    ep_rew_mean          | -0.788      |
| time/                   |             |
|    fps                  | 91          |
|    iterations           | 208         |
|    time_elapsed         | 583         |
|    total_timesteps      | 93440       |
| train/                  |             |
|    approx_kl            | 0.009059352 |
|    clip_fraction        | 0.132       |
|    clip_range           | 0.2         |
|    entropy_loss         | -3.07       |
|    explained_variance   | 0.009       |
|    learning_rate        | 0.0003      |
|    loss                 | -0.0567     |
|    n_updates            | 3640        |
|    policy_gradient_loss | -0.0108     |
|    std                  | 1.14        |
|    value_loss           | 0.00439     |
-----------------------------------------
-----------------------------------------
| rollout/                |             |
|    ep_len_mean          | 118         |
|    ep_rew_mean          | -0.786      |
| time/                   |             |
|    fps                  | 91          |
|    iterations           | 209         |
|    time_elapsed         | 585         |
|    total_timesteps      | 93696       |
| train/                  |             |
|    approx_kl            | 0.002588073 |
|    clip_fraction        | 0.00273     |
|    clip_range           | 0.2         |
|    entropy_loss         | -3.07       |
|    explained_variance   | 0.0358      |
|    learning_rate        | 0.0003      |
|    loss                 | -0.0346     |
|    n_updates            | 3650        |
|    policy_gradient_loss | -0.000132   |
|    std                  | 1.14        |
|    value_loss           | 0.00324     |
-----------------------------------------
------------------------------------------
| rollout/                |              |
|    ep_len_mean          | 118          |
|    ep_rew_mean          | -0.79        |
| time/                   |              |
|    fps                  | 91           |
|    iterations           | 210          |
|    time_elapsed         | 588          |
|    total_timesteps      | 93952        |
| train/                  |              |
|    approx_kl            | 0.0011500565 |
|    clip_fraction        | 0            |
|    clip_range           | 0.2          |
|    entropy_loss         | -3.07        |
|    explained_variance   | 0.0158       |
|    learning_rate        | 0.0003       |
|    loss                 | -0.0251      |
|    n_updates            | 3660         |
|    policy_gradient_loss | -0.00114     |
|    std                  | 1.14         |
|    value_loss           | 0.00361      |
------------------------------------------
-----------------------------------------
| rollout/                |             |
|    ep_len_mean          | 118         |
|    ep_rew_mean          | -0.785      |
| time/                   |             |
|    fps                  | 91          |
|    iterations           | 211         |
|    time_elapsed         | 591         |
|    total_timesteps      | 94208       |
| train/                  |             |
|    approx_kl            | 0.005784642 |
|    clip_fraction        | 0.0785      |
|    clip_range           | 0.2         |
|    entropy_loss         | -3.07       |
|    explained_variance   | 0.0124      |
|    learning_rate        | 0.0003      |
|    loss                 | -0.0298     |
|    n_updates            | 3670        |
|    policy_gradient_loss | -0.00646    |
|    std                  | 1.14        |
|    value_loss           | 0.00363     |
-----------------------------------------
------------------------------------------
| rollout/                |              |
|    ep_len_mean          | 118          |
|    ep_rew_mean          | -0.787       |
| time/                   |              |
|    fps                  | 91           |
|    iterations           | 212          |
|    time_elapsed         | 593          |
|    total_timesteps      | 94464        |
| train/                  |              |
|    approx_kl            | 0.0044910614 |
|    clip_fraction        | 0.0402       |
|    clip_range           | 0.2          |
|    entropy_loss         | -3.07        |
|    explained_variance   | 0.0208       |
|    learning_rate        | 0.0003       |
|    loss                 | -0.0426      |
|    n_updates            | 3680         |
|    policy_gradient_loss | -0.00651     |
|    std                  | 1.14         |
|    value_loss           | 0.00353      |
------------------------------------------
------------------------------------------
| rollout/                |              |
|    ep_len_mean          | 118          |
|    ep_rew_mean          | -0.792       |
| time/                   |              |
|    fps                  | 91           |
|    iterations           | 213          |
|    time_elapsed         | 596          |
|    total_timesteps      | 94720        |
| train/                  |              |
|    approx_kl            | 0.0068598255 |
|    clip_fraction        | 0.0602       |
|    clip_range           | 0.2          |
|    entropy_loss         | -3.07        |
|    explained_variance   | -0.00126     |
|    learning_rate        | 0.0003       |
|    loss                 | -0.0337      |
|    n_updates            | 3690         |
|    policy_gradient_loss | -0.00549     |
|    std                  | 1.14         |
|    value_loss           | 0.00321      |
------------------------------------------
------------------------------------------
| rollout/                |              |
|    ep_len_mean          | 118          |
|    ep_rew_mean          | -0.789       |
| time/                   |              |
|    fps                  | 91           |
|    iterations           | 214          |
|    time_elapsed         | 599          |
|    total_timesteps      | 94976        |
| train/                  |              |
|    approx_kl            | 0.0034344543 |
|    clip_fraction        | 0.00352      |
|    clip_range           | 0.2          |
|    entropy_loss         | -3.07        |
|    explained_variance   | -0.0195      |
|    learning_rate        | 0.0003       |
|    loss                 | -0.0304      |
|    n_updates            | 3700         |
|    policy_gradient_loss | -0.000588    |
|    std                  | 1.15         |
|    value_loss           | 0.00344      |
------------------------------------------
------------------------------------------
| rollout/                |              |
|    ep_len_mean          | 116          |
|    ep_rew_mean          | -0.581       |
| time/                   |              |
|    fps                  | 91           |
|    iterations           | 215          |
|    time_elapsed         | 604          |
|    total_timesteps      | 95232        |
| train/                  |              |
|    approx_kl            | 0.0074532516 |
|    clip_fraction        | 0.133        |
|    clip_range           | 0.2          |
|    entropy_loss         | -3.08        |
|    explained_variance   | 0.00438      |
|    learning_rate        | 0.0003       |
|    loss                 | -0.0476      |
|    n_updates            | 3710         |
|    policy_gradient_loss | -0.0122      |
|    std                  | 1.15         |
|    value_loss           | 0.00298      |
------------------------------------------
------------------------------------------
| rollout/                |              |
|    ep_len_mean          | 115          |
|    ep_rew_mean          | -0.368       |
| time/                   |              |
|    fps                  | 91           |
|    iterations           | 216          |
|    time_elapsed         | 606          |
|    total_timesteps      | 95488        |
| train/                  |              |
|    approx_kl            | 0.0069607566 |
|    clip_fraction        | 0.034        |
|    clip_range           | 0.2          |
|    entropy_loss         | -3.08        |
|    explained_variance   | -0.00012     |
|    learning_rate        | 0.0003       |
|    loss                 | 3.4          |
|    n_updates            | 3720         |
|    policy_gradient_loss | -0.00471     |
|    std                  | 1.15         |
|    value_loss           | 1.73         |
------------------------------------------
-----------------------------------------
| rollout/                |             |
|    ep_len_mean          | 115         |
|    ep_rew_mean          | -0.367      |
| time/                   |             |
|    fps                  | 91          |
|    iterations           | 217         |
|    time_elapsed         | 609         |
|    total_timesteps      | 95744       |
| train/                  |             |
|    approx_kl            | 0.002740758 |
|    clip_fraction        | 0.00469     |
|    clip_range           | 0.2         |
|    entropy_loss         | -3.07       |
|    explained_variance   | -6.18e-05   |
|    learning_rate        | 0.0003      |
|    loss                 | 3.41        |
|    n_updates            | 3730        |
|    policy_gradient_loss | -0.00073    |
|    std                  | 1.15        |
|    value_loss           | 1.72        |
-----------------------------------------
------------------------------------------
| rollout/                |              |
|    ep_len_mean          | 115          |
|    ep_rew_mean          | -0.37        |
| time/                   |              |
|    fps                  | 91           |
|    iterations           | 218          |
|    time_elapsed         | 612          |
|    total_timesteps      | 96000        |
| train/                  |              |
|    approx_kl            | 0.0014305504 |
|    clip_fraction        | 0            |
|    clip_range           | 0.2          |
|    entropy_loss         | -3.08        |
|    explained_variance   | -0.027       |
|    learning_rate        | 0.0003       |
|    loss                 | -0.0249      |
|    n_updates            | 3740         |
|    policy_gradient_loss | -0.000175    |
|    std                  | 1.15         |
|    value_loss           | 0.00321      |
------------------------------------------
------------------------------------------
| rollout/                |              |
|    ep_len_mean          | 115          |
|    ep_rew_mean          | -0.367       |
| time/                   |              |
|    fps                  | 91           |
|    iterations           | 219          |
|    time_elapsed         | 614          |
|    total_timesteps      | 96256        |
| train/                  |              |
|    approx_kl            | 0.0044798316 |
|    clip_fraction        | 0.0199       |
|    clip_range           | 0.2          |
|    entropy_loss         | -3.08        |
|    explained_variance   | -0.0236      |
|    learning_rate        | 0.0003       |
|    loss                 | -0.0289      |
|    n_updates            | 3750         |
|    policy_gradient_loss | -0.00319     |
|    std                  | 1.15         |
|    value_loss           | 0.00307      |
------------------------------------------
------------------------------------------
| rollout/                |              |
|    ep_len_mean          | 115          |
|    ep_rew_mean          | -0.362       |
| time/                   |              |
|    fps                  | 91           |
|    iterations           | 220          |
|    time_elapsed         | 617          |
|    total_timesteps      | 96512        |
| train/                  |              |
|    approx_kl            | 0.0064494684 |
|    clip_fraction        | 0.0449       |
|    clip_range           | 0.2          |
|    entropy_loss         | -3.09        |
|    explained_variance   | -0.00678     |
|    learning_rate        | 0.0003       |
|    loss                 | -0.0439      |
|    n_updates            | 3760         |
|    policy_gradient_loss | -0.00369     |
|    std                  | 1.15         |
|    value_loss           | 0.0038       |
------------------------------------------
------------------------------------------
| rollout/                |              |
|    ep_len_mean          | 115          |
|    ep_rew_mean          | -0.361       |
| time/                   |              |
|    fps                  | 91           |
|    iterations           | 221          |
|    time_elapsed         | 620          |
|    total_timesteps      | 96768        |
| train/                  |              |
|    approx_kl            | 0.0067368466 |
|    clip_fraction        | 0.0898       |
|    clip_range           | 0.2          |
|    entropy_loss         | -3.08        |
|    explained_variance   | -0.00676     |
|    learning_rate        | 0.0003       |
|    loss                 | -0.0424      |
|    n_updates            | 3770         |
|    policy_gradient_loss | -0.00863     |
|    std                  | 1.15         |
|    value_loss           | 0.00314      |
------------------------------------------
------------------------------------------
| rollout/                |              |
|    ep_len_mean          | 115          |
|    ep_rew_mean          | -0.37        |
| time/                   |              |
|    fps                  | 91           |
|    iterations           | 222          |
|    time_elapsed         | 622          |
|    total_timesteps      | 97024        |
| train/                  |              |
|    approx_kl            | 0.0029898945 |
|    clip_fraction        | 0.0457       |
|    clip_range           | 0.2          |
|    entropy_loss         | -3.08        |
|    explained_variance   | -0.0152      |
|    learning_rate        | 0.0003       |
|    loss                 | -0.0324      |
|    n_updates            | 3780         |
|    policy_gradient_loss | -0.00419     |
|    std                  | 1.15         |
|    value_loss           | 0.00367      |
------------------------------------------
------------------------------------------
| rollout/                |              |
|    ep_len_mean          | 115          |
|    ep_rew_mean          | -0.369       |
| time/                   |              |
|    fps                  | 91           |
|    iterations           | 223          |
|    time_elapsed         | 625          |
|    total_timesteps      | 97280        |
| train/                  |              |
|    approx_kl            | 0.0059434157 |
|    clip_fraction        | 0.0695       |
|    clip_range           | 0.2          |
|    entropy_loss         | -3.08        |
|    explained_variance   | 0.000241     |
|    learning_rate        | 0.0003       |
|    loss                 | -0.034       |
|    n_updates            | 3790         |
|    policy_gradient_loss | -0.00884     |
|    std                  | 1.15         |
|    value_loss           | 0.00329      |
------------------------------------------
------------------------------------------
| rollout/                |              |
|    ep_len_mean          | 116          |
|    ep_rew_mean          | -0.586       |
| time/                   |              |
|    fps                  | 91           |
|    iterations           | 224          |
|    time_elapsed         | 628          |
|    total_timesteps      | 97536        |
| train/                  |              |
|    approx_kl            | 0.0061857337 |
|    clip_fraction        | 0.041        |
|    clip_range           | 0.2          |
|    entropy_loss         | -3.08        |
|    explained_variance   | 0.00178      |
|    learning_rate        | 0.0003       |
|    loss                 | -0.0604      |
|    n_updates            | 3800         |
|    policy_gradient_loss | -0.00287     |
|    std                  | 1.15         |
|    value_loss           | 0.004        |
------------------------------------------
------------------------------------------
| rollout/                |              |
|    ep_len_mean          | 116          |
|    ep_rew_mean          | -0.582       |
| time/                   |              |
|    fps                  | 91           |
|    iterations           | 225          |
|    time_elapsed         | 632          |
|    total_timesteps      | 97792        |
| train/                  |              |
|    approx_kl            | 0.0049140183 |
|    clip_fraction        | 0.043        |
|    clip_range           | 0.2          |
|    entropy_loss         | -3.08        |
|    explained_variance   | -0.0119      |
|    learning_rate        | 0.0003       |
|    loss                 | -0.0482      |
|    n_updates            | 3810         |
|    policy_gradient_loss | -0.0058      |
|    std                  | 1.14         |
|    value_loss           | 0.0042       |
------------------------------------------
-----------------------------------------
| rollout/                |             |
|    ep_len_mean          | 116         |
|    ep_rew_mean          | -0.585      |
| time/                   |             |
|    fps                  | 90          |
|    iterations           | 226         |
|    time_elapsed         | 636         |
|    total_timesteps      | 98048       |
| train/                  |             |
|    approx_kl            | 0.006724366 |
|    clip_fraction        | 0.0332      |
|    clip_range           | 0.2         |
|    entropy_loss         | -3.08       |
|    explained_variance   | -0.00354    |
|    learning_rate        | 0.0003      |
|    loss                 | -0.0403     |
|    n_updates            | 3820        |
|    policy_gradient_loss | -0.00265    |
|    std                  | 1.14        |
|    value_loss           | 0.0047      |
-----------------------------------------
-----------------------------------------
| rollout/                |             |
|    ep_len_mean          | 116         |
|    ep_rew_mean          | -0.583      |
| time/                   |             |
|    fps                  | 90          |
|    iterations           | 227         |
|    time_elapsed         | 639         |
|    total_timesteps      | 98304       |
| train/                  |             |
|    approx_kl            | 0.007933513 |
|    clip_fraction        | 0.104       |
|    clip_range           | 0.2         |
|    entropy_loss         | -3.07       |
|    explained_variance   | 0.000271    |
|    learning_rate        | 0.0003      |
|    loss                 | -0.0445     |
|    n_updates            | 3830        |
|    policy_gradient_loss | -0.0105     |
|    std                  | 1.14        |
|    value_loss           | 0.00387     |
-----------------------------------------
-----------------------------------------
| rollout/                |             |
|    ep_len_mean          | 116         |
|    ep_rew_mean          | -0.577      |
| time/                   |             |
|    fps                  | 90          |
|    iterations           | 228         |
|    time_elapsed         | 641         |
|    total_timesteps      | 98560       |
| train/                  |             |
|    approx_kl            | 0.005940686 |
|    clip_fraction        | 0.0133      |
|    clip_range           | 0.2         |
|    entropy_loss         | -3.07       |
|    explained_variance   | -0.00313    |
|    learning_rate        | 0.0003      |
|    loss                 | -0.0356     |
|    n_updates            | 3840        |
|    policy_gradient_loss | -0.00168    |
|    std                  | 1.14        |
|    value_loss           | 0.00417     |
-----------------------------------------
------------------------------------------
| rollout/                |              |
|    ep_len_mean          | 116          |
|    ep_rew_mean          | -0.573       |
| time/                   |              |
|    fps                  | 90           |
|    iterations           | 229          |
|    time_elapsed         | 644          |
|    total_timesteps      | 98816        |
| train/                  |              |
|    approx_kl            | 0.0072424626 |
|    clip_fraction        | 0.0461       |
|    clip_range           | 0.2          |
|    entropy_loss         | -3.08        |
|    explained_variance   | -0.00279     |
|    learning_rate        | 0.0003       |
|    loss                 | -0.0208      |
|    n_updates            | 3850         |
|    policy_gradient_loss | -0.00312     |
|    std                  | 1.15         |
|    value_loss           | 0.00438      |
------------------------------------------
------------------------------------------
| rollout/                |              |
|    ep_len_mean          | 116          |
|    ep_rew_mean          | -0.574       |
| time/                   |              |
|    fps                  | 90           |
|    iterations           | 230          |
|    time_elapsed         | 647          |
|    total_timesteps      | 99072        |
| train/                  |              |
|    approx_kl            | 0.0038907651 |
|    clip_fraction        | 0.0352       |
|    clip_range           | 0.2          |
|    entropy_loss         | -3.08        |
|    explained_variance   | -0.00051     |
|    learning_rate        | 0.0003       |
|    loss                 | -0.0404      |
|    n_updates            | 3860         |
|    policy_gradient_loss | -0.0038      |
|    std                  | 1.15         |
|    value_loss           | 0.00465      |
------------------------------------------
-----------------------------------------
| rollout/                |             |
|    ep_len_mean          | 116         |
|    ep_rew_mean          | -0.574      |
| time/                   |             |
|    fps                  | 90          |
|    iterations           | 231         |
|    time_elapsed         | 649         |
|    total_timesteps      | 99328       |
| train/                  |             |
|    approx_kl            | 0.007085851 |
|    clip_fraction        | 0.0941      |
|    clip_range           | 0.2         |
|    entropy_loss         | -3.08       |
|    explained_variance   | 0.00483     |
|    learning_rate        | 0.0003      |
|    loss                 | -0.0338     |
|    n_updates            | 3870        |
|    policy_gradient_loss | -0.00856    |
|    std                  | 1.14        |
|    value_loss           | 0.00472     |
-----------------------------------------
------------------------------------------
| rollout/                |              |
|    ep_len_mean          | 116          |
|    ep_rew_mean          | -0.575       |
| time/                   |              |
|    fps                  | 91           |
|    iterations           | 232          |
|    time_elapsed         | 652          |
|    total_timesteps      | 99584        |
| train/                  |              |
|    approx_kl            | 0.0054322924 |
|    clip_fraction        | 0.0938       |
|    clip_range           | 0.2          |
|    entropy_loss         | -3.06        |
|    explained_variance   | -0.00573     |
|    learning_rate        | 0.0003       |
|    loss                 | -0.0459      |
|    n_updates            | 3880         |
|    policy_gradient_loss | -0.00821     |
|    std                  | 1.14         |
|    value_loss           | 0.0048       |
------------------------------------------
-----------------------------------------
| rollout/                |             |
|    ep_len_mean          | 116         |
|    ep_rew_mean          | -0.572      |
| time/                   |             |
|    fps                  | 91          |
|    iterations           | 233         |
|    time_elapsed         | 655         |
|    total_timesteps      | 99840       |
| train/                  |             |
|    approx_kl            | 0.003788837 |
|    clip_fraction        | 0.0121      |
|    clip_range           | 0.2         |
|    entropy_loss         | -3.06       |
|    explained_variance   | -0.000207   |
|    learning_rate        | 0.0003      |
|    loss                 | -0.0449     |
|    n_updates            | 3890        |
|    policy_gradient_loss | -0.00163    |
|    std                  | 1.13        |
|    value_loss           | 0.00393     |
-----------------------------------------
------------------------------------------
| rollout/                |              |
|    ep_len_mean          | 116          |
|    ep_rew_mean          | -0.574       |
| time/                   |              |
|    fps                  | 91           |
|    iterations           | 234          |
|    time_elapsed         | 657          |
|    total_timesteps      | 100096       |
| train/                  |              |
|    approx_kl            | 0.0059770076 |
|    clip_fraction        | 0.0531       |
|    clip_range           | 0.2          |
|    entropy_loss         | -3.06        |
|    explained_variance   | -0.00881     |
|    learning_rate        | 0.0003       |
|    loss                 | -0.0475      |
|    n_updates            | 3900         |
|    policy_gradient_loss | -0.0027      |
|    std                  | 1.14         |
|    value_loss           | 0.00449      |
------------------------------------------
-----------------------------------------
| rollout/                |             |
|    ep_len_mean          | 116         |
|    ep_rew_mean          | -0.573      |
| time/                   |             |
|    fps                  | 91          |
|    iterations           | 235         |
|    time_elapsed         | 660         |
|    total_timesteps      | 100352      |
| train/                  |             |
|    approx_kl            | 0.008805019 |
|    clip_fraction        | 0.0488      |
|    clip_range           | 0.2         |
|    entropy_loss         | -3.06       |
|    explained_variance   | -0.0179     |
|    learning_rate        | 0.0003      |
|    loss                 | -0.0447     |
|    n_updates            | 3910        |
|    policy_gradient_loss | -0.00267    |
|    std                  | 1.13        |
|    value_loss           | 0.00503     |
-----------------------------------------
------------------------------------------
| rollout/                |              |
|    ep_len_mean          | 116          |
|    ep_rew_mean          | -0.571       |
| time/                   |              |
|    fps                  | 91           |
|    iterations           | 236          |
|    time_elapsed         | 663          |
|    total_timesteps      | 100608       |
| train/                  |              |
|    approx_kl            | 0.0052519087 |
|    clip_fraction        | 0.0402       |
|    clip_range           | 0.2          |
|    entropy_loss         | -3.06        |
|    explained_variance   | -0.00609     |
|    learning_rate        | 0.0003       |
|    loss                 | -0.0258      |
|    n_updates            | 3920         |
|    policy_gradient_loss | -0.00148     |
|    std                  | 1.13         |
|    value_loss           | 0.0039       |
------------------------------------------
----------------------------------------
| rollout/                |            |
|    ep_len_mean          | 116        |
|    ep_rew_mean          | -0.568     |
| time/                   |            |
|    fps                  | 91         |
|    iterations           | 237        |
|    time_elapsed         | 665        |
|    total_timesteps      | 100864     |
| train/                  |            |
|    approx_kl            | 0.00390743 |
|    clip_fraction        | 0.00703    |
|    clip_range           | 0.2        |
|    entropy_loss         | -3.06      |
|    explained_variance   | -0.00336   |
|    learning_rate        | 0.0003     |
|    loss                 | -0.0233    |
|    n_updates            | 3930       |
|    policy_gradient_loss | -0.000387  |
|    std                  | 1.13       |
|    value_loss           | 0.0043     |
----------------------------------------
-----------------------------------------
| rollout/                |             |
|    ep_len_mean          | 116         |
|    ep_rew_mean          | -0.563      |
| time/                   |             |
|    fps                  | 91          |
|    iterations           | 238         |
|    time_elapsed         | 668         |
|    total_timesteps      | 101120      |
| train/                  |             |
|    approx_kl            | 0.004265347 |
|    clip_fraction        | 0.0414      |
|    clip_range           | 0.2         |
|    entropy_loss         | -3.06       |
|    explained_variance   | 0.00364     |
|    learning_rate        | 0.0003      |
|    loss                 | -0.0408     |
|    n_updates            | 3940        |
|    policy_gradient_loss | -0.00388    |
|    std                  | 1.14        |
|    value_loss           | 0.00422     |
-----------------------------------------
-----------------------------------------
| rollout/                |             |
|    ep_len_mean          | 116         |
|    ep_rew_mean          | -0.563      |
| time/                   |             |
|    fps                  | 90          |
|    iterations           | 239         |
|    time_elapsed         | 672         |
|    total_timesteps      | 101376      |
| train/                  |             |
|    approx_kl            | 0.009648331 |
|    clip_fraction        | 0.0414      |
|    clip_range           | 0.2         |
|    entropy_loss         | -3.06       |
|    explained_variance   | -0.000137   |
|    learning_rate        | 0.0003      |
|    loss                 | -0.0368     |
|    n_updates            | 3950        |
|    policy_gradient_loss | -0.00575    |
|    std                  | 1.14        |
|    value_loss           | 0.00362     |
-----------------------------------------
------------------------------------------
| rollout/                |              |
|    ep_len_mean          | 116          |
|    ep_rew_mean          | -0.567       |
| time/                   |              |
|    fps                  | 90           |
|    iterations           | 240          |
|    time_elapsed         | 675          |
|    total_timesteps      | 101632       |
| train/                  |              |
|    approx_kl            | 0.0032079178 |
|    clip_fraction        | 0.00273      |
|    clip_range           | 0.2          |
|    entropy_loss         | -3.06        |
|    explained_variance   | 0.00487      |
|    learning_rate        | 0.0003       |
|    loss                 | -0.0427      |
|    n_updates            | 3960         |
|    policy_gradient_loss | -0.00154     |
|    std                  | 1.14         |
|    value_loss           | 0.00406      |
------------------------------------------
-----------------------------------------
| rollout/                |             |
|    ep_len_mean          | 116         |
|    ep_rew_mean          | -0.566      |
| time/                   |             |
|    fps                  | 90          |
|    iterations           | 241         |
|    time_elapsed         | 678         |
|    total_timesteps      | 101888      |
| train/                  |             |
|    approx_kl            | 0.006335828 |
|    clip_fraction        | 0.0523      |
|    clip_range           | 0.2         |
|    entropy_loss         | -3.06       |
|    explained_variance   | 0.0154      |
|    learning_rate        | 0.0003      |
|    loss                 | -0.0521     |
|    n_updates            | 3970        |
|    policy_gradient_loss | -0.00495    |
|    std                  | 1.14        |
|    value_loss           | 0.00459     |
-----------------------------------------
------------------------------------------
| rollout/                |              |
|    ep_len_mean          | 116          |
|    ep_rew_mean          | -0.566       |
| time/                   |              |
|    fps                  | 91           |
|    iterations           | 242          |
|    time_elapsed         | 680          |
|    total_timesteps      | 102144       |
| train/                  |              |
|    approx_kl            | 0.0077761533 |
|    clip_fraction        | 0.109        |
|    clip_range           | 0.2          |
|    entropy_loss         | -3.05        |
|    explained_variance   | 0.023        |
|    learning_rate        | 0.0003       |
|    loss                 | -0.0356      |
|    n_updates            | 3980         |
|    policy_gradient_loss | -0.00858     |
|    std                  | 1.13         |
|    value_loss           | 0.00391      |
------------------------------------------
-----------------------------------------
| rollout/                |             |
|    ep_len_mean          | 116         |
|    ep_rew_mean          | -0.566      |
| time/                   |             |
|    fps                  | 91          |
|    iterations           | 243         |
|    time_elapsed         | 683         |
|    total_timesteps      | 102400      |
| train/                  |             |
|    approx_kl            | 0.005400748 |
|    clip_fraction        | 0.0621      |
|    clip_range           | 0.2         |
|    entropy_loss         | -3.04       |
|    explained_variance   | 0.0268      |
|    learning_rate        | 0.0003      |
|    loss                 | -0.0214     |
|    n_updates            | 3990        |
|    policy_gradient_loss | -0.00567    |
|    std                  | 1.12        |
|    value_loss           | 0.00423     |
-----------------------------------------
-----------------------------------------
| rollout/                |             |
|    ep_len_mean          | 116         |
|    ep_rew_mean          | -0.563      |
| time/                   |             |
|    fps                  | 91          |
|    iterations           | 244         |
|    time_elapsed         | 686         |
|    total_timesteps      | 102656      |
| train/                  |             |
|    approx_kl            | 0.009101032 |
|    clip_fraction        | 0.135       |
|    clip_range           | 0.2         |
|    entropy_loss         | -3.03       |
|    explained_variance   | 0.0325      |
|    learning_rate        | 0.0003      |
|    loss                 | -0.0466     |
|    n_updates            | 4000        |
|    policy_gradient_loss | -0.015      |
|    std                  | 1.12        |
|    value_loss           | 0.00417     |
-----------------------------------------
-----------------------------------------
| rollout/                |             |
|    ep_len_mean          | 116         |
|    ep_rew_mean          | -0.564      |
| time/                   |             |
|    fps                  | 90          |
|    iterations           | 245         |
|    time_elapsed         | 690         |
|    total_timesteps      | 102912      |
| train/                  |             |
|    approx_kl            | 0.010807225 |
|    clip_fraction        | 0.115       |
|    clip_range           | 0.2         |
|    entropy_loss         | -3.03       |
|    explained_variance   | -0.0361     |
|    learning_rate        | 0.0003      |
|    loss                 | -0.0475     |
|    n_updates            | 4010        |
|    policy_gradient_loss | -0.0104     |
|    std                  | 1.13        |
|    value_loss           | 0.00383     |
-----------------------------------------
-----------------------------------------
| rollout/                |             |
|    ep_len_mean          | 116         |
|    ep_rew_mean          | -0.564      |
| time/                   |             |
|    fps                  | 90          |
|    iterations           | 246         |
|    time_elapsed         | 693         |
|    total_timesteps      | 103168      |
| train/                  |             |
|    approx_kl            | 0.007881253 |
|    clip_fraction        | 0.0531      |
|    clip_range           | 0.2         |
|    entropy_loss         | -3.05       |
|    explained_variance   | 0.0314      |
|    learning_rate        | 0.0003      |
|    loss                 | -0.0269     |
|    n_updates            | 4020        |
|    policy_gradient_loss | -0.00492    |
|    std                  | 1.14        |
|    value_loss           | 0.00277     |
-----------------------------------------
-----------------------------------------
| rollout/                |             |
|    ep_len_mean          | 116         |
|    ep_rew_mean          | -0.566      |
| time/                   |             |
|    fps                  | 90          |
|    iterations           | 247         |
|    time_elapsed         | 697         |
|    total_timesteps      | 103424      |
| train/                  |             |
|    approx_kl            | 0.006168996 |
|    clip_fraction        | 0.0336      |
|    clip_range           | 0.2         |
|    entropy_loss         | -3.05       |
|    explained_variance   | 0.0291      |
|    learning_rate        | 0.0003      |
|    loss                 | -0.0567     |
|    n_updates            | 4030        |
|    policy_gradient_loss | -0.00203    |
|    std                  | 1.14        |
|    value_loss           | 0.00379     |
-----------------------------------------
-----------------------------------------
| rollout/                |             |
|    ep_len_mean          | 116         |
|    ep_rew_mean          | -0.572      |
| time/                   |             |
|    fps                  | 90          |
|    iterations           | 248         |
|    time_elapsed         | 701         |
|    total_timesteps      | 103680      |
| train/                  |             |
|    approx_kl            | 0.009941274 |
|    clip_fraction        | 0.0645      |
|    clip_range           | 0.2         |
|    entropy_loss         | -3.05       |
|    explained_variance   | -0.0172     |
|    learning_rate        | 0.0003      |
|    loss                 | -0.0294     |
|    n_updates            | 4040        |
|    policy_gradient_loss | -0.00536    |
|    std                  | 1.14        |
|    value_loss           | 0.00353     |
-----------------------------------------
------------------------------------------
| rollout/                |              |
|    ep_len_mean          | 116          |
|    ep_rew_mean          | -0.576       |
| time/                   |              |
|    fps                  | 90           |
|    iterations           | 249          |
|    time_elapsed         | 704          |
|    total_timesteps      | 103936       |
| train/                  |              |
|    approx_kl            | 0.0027533814 |
|    clip_fraction        | 0.00586      |
|    clip_range           | 0.2          |
|    entropy_loss         | -3.05        |
|    explained_variance   | -0.029       |
|    learning_rate        | 0.0003       |
|    loss                 | -0.0341      |
|    n_updates            | 4050         |
|    policy_gradient_loss | -0.00242     |
|    std                  | 1.13         |
|    value_loss           | 0.00337      |
------------------------------------------
------------------------------------------
| rollout/                |              |
|    ep_len_mean          | 116          |
|    ep_rew_mean          | -0.575       |
| time/                   |              |
|    fps                  | 90           |
|    iterations           | 250          |
|    time_elapsed         | 707          |
|    total_timesteps      | 104192       |
| train/                  |              |
|    approx_kl            | 0.0061809886 |
|    clip_fraction        | 0.0406       |
|    clip_range           | 0.2          |
|    entropy_loss         | -3.04        |
|    explained_variance   | 0.0207       |
|    learning_rate        | 0.0003       |
|    loss                 | -0.064       |
|    n_updates            | 4060         |
|    policy_gradient_loss | -0.00224     |
|    std                  | 1.13         |
|    value_loss           | 0.00355      |
------------------------------------------
------------------------------------------
| rollout/                |              |
|    ep_len_mean          | 118          |
|    ep_rew_mean          | -0.792       |
| time/                   |              |
|    fps                  | 90           |
|    iterations           | 251          |
|    time_elapsed         | 710          |
|    total_timesteps      | 104448       |
| train/                  |              |
|    approx_kl            | 0.0034562848 |
|    clip_fraction        | 0.00859      |
|    clip_range           | 0.2          |
|    entropy_loss         | -3.05        |
|    explained_variance   | 0.00773      |
|    learning_rate        | 0.0003       |
|    loss                 | -0.0322      |
|    n_updates            | 4070         |
|    policy_gradient_loss | -0.00189     |
|    std                  | 1.13         |
|    value_loss           | 0.00349      |
------------------------------------------
------------------------------------------
| rollout/                |              |
|    ep_len_mean          | 118          |
|    ep_rew_mean          | -0.788       |
| time/                   |              |
|    fps                  | 90           |
|    iterations           | 252          |
|    time_elapsed         | 712          |
|    total_timesteps      | 104704       |
| train/                  |              |
|    approx_kl            | 0.0066631334 |
|    clip_fraction        | 0.0531       |
|    clip_range           | 0.2          |
|    entropy_loss         | -3.04        |
|    explained_variance   | -0.0198      |
|    learning_rate        | 0.0003       |
|    loss                 | -0.0423      |
|    n_updates            | 4080         |
|    policy_gradient_loss | -0.00594     |
|    std                  | 1.13         |
|    value_loss           | 0.00319      |
------------------------------------------
-----------------------------------------
| rollout/                |             |
|    ep_len_mean          | 118         |
|    ep_rew_mean          | -0.782      |
| time/                   |             |
|    fps                  | 90          |
|    iterations           | 253         |
|    time_elapsed         | 715         |
|    total_timesteps      | 104960      |
| train/                  |             |
|    approx_kl            | 0.006084338 |
|    clip_fraction        | 0.0637      |
|    clip_range           | 0.2         |
|    entropy_loss         | -3.03       |
|    explained_variance   | 0.0061      |
|    learning_rate        | 0.0003      |
|    loss                 | -0.043      |
|    n_updates            | 4090        |
|    policy_gradient_loss | -0.00543    |
|    std                  | 1.13        |
|    value_loss           | 0.00307     |
-----------------------------------------
-----------------------------------------
| rollout/                |             |
|    ep_len_mean          | 118         |
|    ep_rew_mean          | -0.778      |
| time/                   |             |
|    fps                  | 90          |
|    iterations           | 254         |
|    time_elapsed         | 717         |
|    total_timesteps      | 105216      |
| train/                  |             |
|    approx_kl            | 0.007141965 |
|    clip_fraction        | 0.0613      |
|    clip_range           | 0.2         |
|    entropy_loss         | -3.03       |
|    explained_variance   | 0.0971      |
|    learning_rate        | 0.0003      |
|    loss                 | -0.0451     |
|    n_updates            | 4100        |
|    policy_gradient_loss | -0.00503    |
|    std                  | 1.12        |
|    value_loss           | 0.00245     |
-----------------------------------------
-----------------------------------------
| rollout/                |             |
|    ep_len_mean          | 118         |
|    ep_rew_mean          | -0.779      |
| time/                   |             |
|    fps                  | 90          |
|    iterations           | 255         |
|    time_elapsed         | 722         |
|    total_timesteps      | 105472      |
| train/                  |             |
|    approx_kl            | 0.004785644 |
|    clip_fraction        | 0.0844      |
|    clip_range           | 0.2         |
|    entropy_loss         | -3.02       |
|    explained_variance   | 0.0345      |
|    learning_rate        | 0.0003      |
|    loss                 | -0.0358     |
|    n_updates            | 4110        |
|    policy_gradient_loss | -0.00769    |
|    std                  | 1.12        |
|    value_loss           | 0.00292     |
-----------------------------------------
-----------------------------------------
| rollout/                |             |
|    ep_len_mean          | 118         |
|    ep_rew_mean          | -0.773      |
| time/                   |             |
|    fps                  | 90          |
|    iterations           | 256         |
|    time_elapsed         | 726         |
|    total_timesteps      | 105728      |
| train/                  |             |
|    approx_kl            | 0.008992445 |
|    clip_fraction        | 0.136       |
|    clip_range           | 0.2         |
|    entropy_loss         | -3.02       |
|    explained_variance   | -0.0971     |
|    learning_rate        | 0.0003      |
|    loss                 | -0.0374     |
|    n_updates            | 4120        |
|    policy_gradient_loss | -0.00971    |
|    std                  | 1.12        |
|    value_loss           | 0.00333     |
-----------------------------------------
-----------------------------------------
| rollout/                |             |
|    ep_len_mean          | 118         |
|    ep_rew_mean          | -0.775      |
| time/                   |             |
|    fps                  | 90          |
|    iterations           | 257         |
|    time_elapsed         | 729         |
|    total_timesteps      | 105984      |
| train/                  |             |
|    approx_kl            | 0.005904349 |
|    clip_fraction        | 0.0121      |
|    clip_range           | 0.2         |
|    entropy_loss         | -3.02       |
|    explained_variance   | 0.00139     |
|    learning_rate        | 0.0003      |
|    loss                 | -0.0436     |
|    n_updates            | 4130        |
|    policy_gradient_loss | -0.00205    |
|    std                  | 1.12        |
|    value_loss           | 0.00305     |
-----------------------------------------
------------------------------------------
| rollout/                |              |
|    ep_len_mean          | 118          |
|    ep_rew_mean          | -0.775       |
| time/                   |              |
|    fps                  | 90           |
|    iterations           | 258          |
|    time_elapsed         | 731          |
|    total_timesteps      | 106240       |
| train/                  |              |
|    approx_kl            | 0.0067385384 |
|    clip_fraction        | 0.0988       |
|    clip_range           | 0.2          |
|    entropy_loss         | -3.02        |
|    explained_variance   | 0.00582      |
|    learning_rate        | 0.0003       |
|    loss                 | -0.0376      |
|    n_updates            | 4140         |
|    policy_gradient_loss | -0.0109      |
|    std                  | 1.12         |
|    value_loss           | 0.00294      |
------------------------------------------
------------------------------------------
| rollout/                |              |
|    ep_len_mean          | 118          |
|    ep_rew_mean          | -0.774       |
| time/                   |              |
|    fps                  | 90           |
|    iterations           | 259          |
|    time_elapsed         | 736          |
|    total_timesteps      | 106496       |
| train/                  |              |
|    approx_kl            | 0.0035743916 |
|    clip_fraction        | 0.0789       |
|    clip_range           | 0.2          |
|    entropy_loss         | -3.03        |
|    explained_variance   | 0.0435       |
|    learning_rate        | 0.0003       |
|    loss                 | -0.0355      |
|    n_updates            | 4150         |
|    policy_gradient_loss | -0.0063      |
|    std                  | 1.13         |
|    value_loss           | 0.00344      |
------------------------------------------
------------------------------------------
| rollout/                |              |
|    ep_len_mean          | 118          |
|    ep_rew_mean          | -0.776       |
| time/                   |              |
|    fps                  | 90           |
|    iterations           | 260          |
|    time_elapsed         | 739          |
|    total_timesteps      | 106752       |
| train/                  |              |
|    approx_kl            | 0.0061830133 |
|    clip_fraction        | 0.0773       |
|    clip_range           | 0.2          |
|    entropy_loss         | -3.04        |
|    explained_variance   | -0.0194      |
|    learning_rate        | 0.0003       |
|    loss                 | -0.0549      |
|    n_updates            | 4160         |
|    policy_gradient_loss | -0.00884     |
|    std                  | 1.13         |
|    value_loss           | 0.00268      |
------------------------------------------
-----------------------------------------
| rollout/                |             |
|    ep_len_mean          | 119         |
|    ep_rew_mean          | -0.987      |
| time/                   |             |
|    fps                  | 90          |
|    iterations           | 261         |
|    time_elapsed         | 741         |
|    total_timesteps      | 107008      |
| train/                  |             |
|    approx_kl            | 0.008646436 |
|    clip_fraction        | 0.136       |
|    clip_range           | 0.2         |
|    entropy_loss         | -3.05       |
|    explained_variance   | 0.113       |
|    learning_rate        | 0.0003      |
|    loss                 | -0.0288     |
|    n_updates            | 4170        |
|    policy_gradient_loss | -0.0133     |
|    std                  | 1.14        |
|    value_loss           | 0.00285     |
-----------------------------------------
-----------------------------------------
| rollout/                |             |
|    ep_len_mean          | 119         |
|    ep_rew_mean          | -0.984      |
| time/                   |             |
|    fps                  | 90          |
|    iterations           | 262         |
|    time_elapsed         | 744         |
|    total_timesteps      | 107264      |
| train/                  |             |
|    approx_kl            | 0.004248634 |
|    clip_fraction        | 0.0273      |
|    clip_range           | 0.2         |
|    entropy_loss         | -3.06       |
|    explained_variance   | 0.0636      |
|    learning_rate        | 0.0003      |
|    loss                 | -0.0325     |
|    n_updates            | 4180        |
|    policy_gradient_loss | -0.00318    |
|    std                  | 1.14        |
|    value_loss           | 0.00283     |
-----------------------------------------
-----------------------------------------
| rollout/                |             |
|    ep_len_mean          | 120         |
|    ep_rew_mean          | -1.19       |
| time/                   |             |
|    fps                  | 90          |
|    iterations           | 263         |
|    time_elapsed         | 747         |
|    total_timesteps      | 107520      |
| train/                  |             |
|    approx_kl            | 0.006908669 |
|    clip_fraction        | 0.016       |
|    clip_range           | 0.2         |
|    entropy_loss         | -3.06       |
|    explained_variance   | 0.00133     |
|    learning_rate        | 0.0003      |
|    loss                 | -0.0215     |
|    n_updates            | 4190        |
|    policy_gradient_loss | -0.00135    |
|    std                  | 1.14        |
|    value_loss           | 0.00295     |
-----------------------------------------
------------------------------------------
| rollout/                |              |
|    ep_len_mean          | 120          |
|    ep_rew_mean          | -1.19        |
| time/                   |              |
|    fps                  | 90           |
|    iterations           | 264          |
|    time_elapsed         | 749          |
|    total_timesteps      | 107776       |
| train/                  |              |
|    approx_kl            | 0.0042862077 |
|    clip_fraction        | 0.0496       |
|    clip_range           | 0.2          |
|    entropy_loss         | -3.07        |
|    explained_variance   | 0.0019       |
|    learning_rate        | 0.0003       |
|    loss                 | -0.0194      |
|    n_updates            | 4200         |
|    policy_gradient_loss | -0.00323     |
|    std                  | 1.15         |
|    value_loss           | 0.00279      |
------------------------------------------
-----------------------------------------
| rollout/                |             |
|    ep_len_mean          | 120         |
|    ep_rew_mean          | -1.19       |
| time/                   |             |
|    fps                  | 89          |
|    iterations           | 265         |
|    time_elapsed         | 754         |
|    total_timesteps      | 108032      |
| train/                  |             |
|    approx_kl            | 0.008917367 |
|    clip_fraction        | 0.129       |
|    clip_range           | 0.2         |
|    entropy_loss         | -3.07       |
|    explained_variance   | 0.0893      |
|    learning_rate        | 0.0003      |
|    loss                 | -0.0294     |
|    n_updates            | 4210        |
|    policy_gradient_loss | -0.0116     |
|    std                  | 1.15        |
|    value_loss           | 0.00263     |
-----------------------------------------
------------------------------------------
| rollout/                |              |
|    ep_len_mean          | 120          |
|    ep_rew_mean          | -1.19        |
| time/                   |              |
|    fps                  | 89           |
|    iterations           | 266          |
|    time_elapsed         | 758          |
|    total_timesteps      | 108288       |
| train/                  |              |
|    approx_kl            | 0.0075199623 |
|    clip_fraction        | 0.0676       |
|    clip_range           | 0.2          |
|    entropy_loss         | -3.08        |
|    explained_variance   | 0.0394       |
|    learning_rate        | 0.0003       |
|    loss                 | -0.0405      |
|    n_updates            | 4220         |
|    policy_gradient_loss | -0.00402     |
|    std                  | 1.15         |
|    value_loss           | 0.00283      |
------------------------------------------
-----------------------------------------
| rollout/                |             |
|    ep_len_mean          | 120         |
|    ep_rew_mean          | -1.19       |
| time/                   |             |
|    fps                  | 89          |
|    iterations           | 267         |
|    time_elapsed         | 761         |
|    total_timesteps      | 108544      |
| train/                  |             |
|    approx_kl            | 0.007340937 |
|    clip_fraction        | 0.057       |
|    clip_range           | 0.2         |
|    entropy_loss         | -3.09       |
|    explained_variance   | -0.0287     |
|    learning_rate        | 0.0003      |
|    loss                 | -0.0286     |
|    n_updates            | 4230        |
|    policy_gradient_loss | -0.00527    |
|    std                  | 1.15        |
|    value_loss           | 0.00308     |
-----------------------------------------
-----------------------------------------
| rollout/                |             |
|    ep_len_mean          | 120         |
|    ep_rew_mean          | -1.19       |
| time/                   |             |
|    fps                  | 89          |
|    iterations           | 268         |
|    time_elapsed         | 763         |
|    total_timesteps      | 108800      |
| train/                  |             |
|    approx_kl            | 0.007496438 |
|    clip_fraction        | 0.122       |
|    clip_range           | 0.2         |
|    entropy_loss         | -3.09       |
|    explained_variance   | 0.00727     |
|    learning_rate        | 0.0003      |
|    loss                 | -0.032      |
|    n_updates            | 4240        |
|    policy_gradient_loss | -0.0116     |
|    std                  | 1.15        |
|    value_loss           | 0.00267     |
-----------------------------------------
------------------------------------------
| rollout/                |              |
|    ep_len_mean          | 120          |
|    ep_rew_mean          | -1.19        |
| time/                   |              |
|    fps                  | 89           |
|    iterations           | 269          |
|    time_elapsed         | 766          |
|    total_timesteps      | 109056       |
| train/                  |              |
|    approx_kl            | 0.0025099725 |
|    clip_fraction        | 0.00586      |
|    clip_range           | 0.2          |
|    entropy_loss         | -3.09        |
|    explained_variance   | 0.0913       |
|    learning_rate        | 0.0003       |
|    loss                 | -0.0463      |
|    n_updates            | 4250         |
|    policy_gradient_loss | -0.000277    |
|    std                  | 1.16         |
|    value_loss           | 0.00253      |
------------------------------------------
------------------------------------------
| rollout/                |              |
|    ep_len_mean          | 120          |
|    ep_rew_mean          | -1.18        |
| time/                   |              |
|    fps                  | 89           |
|    iterations           | 270          |
|    time_elapsed         | 769          |
|    total_timesteps      | 109312       |
| train/                  |              |
|    approx_kl            | 0.0021600274 |
|    clip_fraction        | 0.00469      |
|    clip_range           | 0.2          |
|    entropy_loss         | -3.1         |
|    explained_variance   | 0.0853       |
|    learning_rate        | 0.0003       |
|    loss                 | -0.0287      |
|    n_updates            | 4260         |
|    policy_gradient_loss | -0.000827    |
|    std                  | 1.16         |
|    value_loss           | 0.00252      |
------------------------------------------
------------------------------------------
| rollout/                |              |
|    ep_len_mean          | 120          |
|    ep_rew_mean          | -1.18        |
| time/                   |              |
|    fps                  | 89           |
|    iterations           | 271          |
|    time_elapsed         | 771          |
|    total_timesteps      | 109568       |
| train/                  |              |
|    approx_kl            | 0.0027415613 |
|    clip_fraction        | 0.0148       |
|    clip_range           | 0.2          |
|    entropy_loss         | -3.1         |
|    explained_variance   | 0.0175       |
|    learning_rate        | 0.0003       |
|    loss                 | -0.0351      |
|    n_updates            | 4270         |
|    policy_gradient_loss | -0.0037      |
|    std                  | 1.17         |
|    value_loss           | 0.00294      |
------------------------------------------
-----------------------------------------
| rollout/                |             |
|    ep_len_mean          | 120         |
|    ep_rew_mean          | -1.18       |
| time/                   |             |
|    fps                  | 89          |
|    iterations           | 272         |
|    time_elapsed         | 774         |
|    total_timesteps      | 109824      |
| train/                  |             |
|    approx_kl            | 0.006898134 |
|    clip_fraction        | 0.106       |
|    clip_range           | 0.2         |
|    entropy_loss         | -3.11       |
|    explained_variance   | 0.0871      |
|    learning_rate        | 0.0003      |
|    loss                 | -0.045      |
|    n_updates            | 4280        |
|    policy_gradient_loss | -0.01       |
|    std                  | 1.17        |
|    value_loss           | 0.00308     |
-----------------------------------------
-----------------------------------------
| rollout/                |             |
|    ep_len_mean          | 120         |
|    ep_rew_mean          | -1.18       |
| time/                   |             |
|    fps                  | 89          |
|    iterations           | 273         |
|    time_elapsed         | 776         |
|    total_timesteps      | 110080      |
| train/                  |             |
|    approx_kl            | 0.003280076 |
|    clip_fraction        | 0.027       |
|    clip_range           | 0.2         |
|    entropy_loss         | -3.12       |
|    explained_variance   | 0.0251      |
|    learning_rate        | 0.0003      |
|    loss                 | -0.0297     |
|    n_updates            | 4290        |
|    policy_gradient_loss | -0.0026     |
|    std                  | 1.17        |
|    value_loss           | 0.00281     |
-----------------------------------------
-----------------------------------------
| rollout/                |             |
|    ep_len_mean          | 120         |
|    ep_rew_mean          | -1.18       |
| time/                   |             |
|    fps                  | 89          |
|    iterations           | 274         |
|    time_elapsed         | 779         |
|    total_timesteps      | 110336      |
| train/                  |             |
|    approx_kl            | 0.007916447 |
|    clip_fraction        | 0.034       |
|    clip_range           | 0.2         |
|    entropy_loss         | -3.12       |
|    explained_variance   | -0.123      |
|    learning_rate        | 0.0003      |
|    loss                 | 0.0076      |
|    n_updates            | 4300        |
|    policy_gradient_loss | -0.0036     |
|    std                  | 1.17        |
|    value_loss           | 0.00288     |
-----------------------------------------
------------------------------------------
| rollout/                |              |
|    ep_len_mean          | 120          |
|    ep_rew_mean          | -1.18        |
| time/                   |              |
|    fps                  | 89           |
|    iterations           | 275          |
|    time_elapsed         | 782          |
|    total_timesteps      | 110592       |
| train/                  |              |
|    approx_kl            | 0.0067745065 |
|    clip_fraction        | 0.0242       |
|    clip_range           | 0.2          |
|    entropy_loss         | -3.12        |
|    explained_variance   | -0.021       |
|    learning_rate        | 0.0003       |
|    loss                 | -0.0151      |
|    n_updates            | 4310         |
|    policy_gradient_loss | -0.0017      |
|    std                  | 1.18         |
|    value_loss           | 0.00295      |
------------------------------------------
----------------------------------------
| rollout/                |            |
|    ep_len_mean          | 120        |
|    ep_rew_mean          | -1.19      |
| time/                   |            |
|    fps                  | 90         |
|    iterations           | 276        |
|    time_elapsed         | 784        |
|    total_timesteps      | 110848     |
| train/                  |            |
|    approx_kl            | 0.00470498 |
|    clip_fraction        | 0.0465     |
|    clip_range           | 0.2        |
|    entropy_loss         | -3.12      |
|    explained_variance   | -0.000901  |
|    learning_rate        | 0.0003     |
|    loss                 | -0.0369    |
|    n_updates            | 4320       |
|    policy_gradient_loss | -0.00364   |
|    std                  | 1.17       |
|    value_loss           | 0.00267    |
----------------------------------------
-----------------------------------------
| rollout/                |             |
|    ep_len_mean          | 120         |
|    ep_rew_mean          | -1.19       |
| time/                   |             |
|    fps                  | 89          |
|    iterations           | 277         |
|    time_elapsed         | 789         |
|    total_timesteps      | 111104      |
| train/                  |             |
|    approx_kl            | 0.008295853 |
|    clip_fraction        | 0.0836      |
|    clip_range           | 0.2         |
|    entropy_loss         | -3.12       |
|    explained_variance   | -0.0127     |
|    learning_rate        | 0.0003      |
|    loss                 | -0.0609     |
|    n_updates            | 4330        |
|    policy_gradient_loss | -0.00975    |
|    std                  | 1.18        |
|    value_loss           | 0.00331     |
-----------------------------------------
-----------------------------------------
| rollout/                |             |
|    ep_len_mean          | 120         |
|    ep_rew_mean          | -1.19       |
| time/                   |             |
|    fps                  | 89          |
|    iterations           | 278         |
|    time_elapsed         | 793         |
|    total_timesteps      | 111360      |
| train/                  |             |
|    approx_kl            | 0.008056163 |
|    clip_fraction        | 0.098       |
|    clip_range           | 0.2         |
|    entropy_loss         | -3.13       |
|    explained_variance   | 0.0126      |
|    learning_rate        | 0.0003      |
|    loss                 | -0.0446     |
|    n_updates            | 4340        |
|    policy_gradient_loss | -0.0102     |
|    std                  | 1.18        |
|    value_loss           | 0.00262     |
-----------------------------------------
------------------------------------------
| rollout/                |              |
|    ep_len_mean          | 120          |
|    ep_rew_mean          | -1.19        |
| time/                   |              |
|    fps                  | 89           |
|    iterations           | 279          |
|    time_elapsed         | 797          |
|    total_timesteps      | 111616       |
| train/                  |              |
|    approx_kl            | 0.0021835058 |
|    clip_fraction        | 0            |
|    clip_range           | 0.2          |
|    entropy_loss         | -3.13        |
|    explained_variance   | 0.00487      |
|    learning_rate        | 0.0003       |
|    loss                 | -0.027       |
|    n_updates            | 4350         |
|    policy_gradient_loss | 0.000458     |
|    std                  | 1.18         |
|    value_loss           | 0.0028       |
------------------------------------------
------------------------------------------
| rollout/                |              |
|    ep_len_mean          | 120          |
|    ep_rew_mean          | -1.19        |
| time/                   |              |
|    fps                  | 89           |
|    iterations           | 280          |
|    time_elapsed         | 802          |
|    total_timesteps      | 111872       |
| train/                  |              |
|    approx_kl            | 0.0066972687 |
|    clip_fraction        | 0.0414       |
|    clip_range           | 0.2          |
|    entropy_loss         | -3.13        |
|    explained_variance   | 0.0152       |
|    learning_rate        | 0.0003       |
|    loss                 | -0.0453      |
|    n_updates            | 4360         |
|    policy_gradient_loss | -0.00376     |
|    std                  | 1.17         |
|    value_loss           | 0.00274      |
------------------------------------------
-----------------------------------------
| rollout/                |             |
|    ep_len_mean          | 120         |
|    ep_rew_mean          | -1.18       |
| time/                   |             |
|    fps                  | 89          |
|    iterations           | 281         |
|    time_elapsed         | 807         |
|    total_timesteps      | 112128      |
| train/                  |             |
|    approx_kl            | 0.006996763 |
|    clip_fraction        | 0.0625      |
|    clip_range           | 0.2         |
|    entropy_loss         | -3.12       |
|    explained_variance   | -0.00225    |
|    learning_rate        | 0.0003      |
|    loss                 | -0.0483     |
|    n_updates            | 4370        |
|    policy_gradient_loss | -0.00782    |
|    std                  | 1.18        |
|    value_loss           | 0.0026      |
-----------------------------------------
----------------------------------------
| rollout/                |            |
|    ep_len_mean          | 120        |
|    ep_rew_mean          | -1.19      |
| time/                   |            |
|    fps                  | 89         |
|    iterations           | 282        |
|    time_elapsed         | 809        |
|    total_timesteps      | 112384     |
| train/                  |            |
|    approx_kl            | 0.00662273 |
|    clip_fraction        | 0.0457     |
|    clip_range           | 0.2        |
|    entropy_loss         | -3.13      |
|    explained_variance   | 0.000587   |
|    learning_rate        | 0.0003     |
|    loss                 | -0.0283    |
|    n_updates            | 4380       |
|    policy_gradient_loss | -0.00385   |
|    std                  | 1.18       |
|    value_loss           | 0.00263    |
----------------------------------------
-----------------------------------------
| rollout/                |             |
|    ep_len_mean          | 120         |
|    ep_rew_mean          | -1.19       |
| time/                   |             |
|    fps                  | 89          |
|    iterations           | 283         |
|    time_elapsed         | 812         |
|    total_timesteps      | 112640      |
| train/                  |             |
|    approx_kl            | 0.006963506 |
|    clip_fraction        | 0.0516      |
|    clip_range           | 0.2         |
|    entropy_loss         | -3.12       |
|    explained_variance   | 0.00113     |
|    learning_rate        | 0.0003      |
|    loss                 | -0.0229     |
|    n_updates            | 4390        |
|    policy_gradient_loss | -0.00406    |
|    std                  | 1.17        |
|    value_loss           | 0.00274     |
-----------------------------------------
------------------------------------------
| rollout/                |              |
|    ep_len_mean          | 120          |
|    ep_rew_mean          | -1.19        |
| time/                   |              |
|    fps                  | 89           |
|    iterations           | 284          |
|    time_elapsed         | 816          |
|    total_timesteps      | 112896       |
| train/                  |              |
|    approx_kl            | 0.0065168007 |
|    clip_fraction        | 0.0191       |
|    clip_range           | 0.2          |
|    entropy_loss         | -3.11        |
|    explained_variance   | 0.0113       |
|    learning_rate        | 0.0003       |
|    loss                 | -0.0212      |
|    n_updates            | 4400         |
|    policy_gradient_loss | -0.00165     |
|    std                  | 1.17         |
|    value_loss           | 0.00307      |
------------------------------------------
------------------------------------------
| rollout/                |              |
|    ep_len_mean          | 120          |
|    ep_rew_mean          | -1.19        |
| time/                   |              |
|    fps                  | 89           |
|    iterations           | 285          |
|    time_elapsed         | 819          |
|    total_timesteps      | 113152       |
| train/                  |              |
|    approx_kl            | 0.0064348825 |
|    clip_fraction        | 0.0426       |
|    clip_range           | 0.2          |
|    entropy_loss         | -3.11        |
|    explained_variance   | -0.00117     |
|    learning_rate        | 0.0003       |
|    loss                 | -0.0157      |
|    n_updates            | 4410         |
|    policy_gradient_loss | -0.00606     |
|    std                  | 1.17         |
|    value_loss           | 0.00241      |
------------------------------------------
-----------------------------------------
| rollout/                |             |
|    ep_len_mean          | 120         |
|    ep_rew_mean          | -1.19       |
| time/                   |             |
|    fps                  | 89          |
|    iterations           | 286         |
|    time_elapsed         | 821         |
|    total_timesteps      | 113408      |
| train/                  |             |
|    approx_kl            | 0.005278197 |
|    clip_fraction        | 0.0859      |
|    clip_range           | 0.2         |
|    entropy_loss         | -3.11       |
|    explained_variance   | -0.00289    |
|    learning_rate        | 0.0003      |
|    loss                 | -0.0453     |
|    n_updates            | 4420        |
|    policy_gradient_loss | -0.00729    |
|    std                  | 1.16        |
|    value_loss           | 0.00263     |
-----------------------------------------
------------------------------------------
| rollout/                |              |
|    ep_len_mean          | 120          |
|    ep_rew_mean          | -1.19        |
| time/                   |              |
|    fps                  | 89           |
|    iterations           | 287          |
|    time_elapsed         | 824          |
|    total_timesteps      | 113664       |
| train/                  |              |
|    approx_kl            | 0.0036000547 |
|    clip_fraction        | 0.0293       |
|    clip_range           | 0.2          |
|    entropy_loss         | -3.1         |
|    explained_variance   | 0.0205       |
|    learning_rate        | 0.0003       |
|    loss                 | -0.0503      |
|    n_updates            | 4430         |
|    policy_gradient_loss | -0.00251     |
|    std                  | 1.15         |
|    value_loss           | 0.00234      |
------------------------------------------
------------------------------------------
| rollout/                |              |
|    ep_len_mean          | 120          |
|    ep_rew_mean          | -1.19        |
| time/                   |              |
|    fps                  | 89           |
|    iterations           | 288          |
|    time_elapsed         | 827          |
|    total_timesteps      | 113920       |
| train/                  |              |
|    approx_kl            | 0.0037901069 |
|    clip_fraction        | 0.0168       |
|    clip_range           | 0.2          |
|    entropy_loss         | -3.08        |
|    explained_variance   | -0.0177      |
|    learning_rate        | 0.0003       |
|    loss                 | -0.0437      |
|    n_updates            | 4440         |
|    policy_gradient_loss | -0.00182     |
|    std                  | 1.15         |
|    value_loss           | 0.00224      |
------------------------------------------
-----------------------------------------
| rollout/                |             |
|    ep_len_mean          | 119         |
|    ep_rew_mean          | -0.983      |
| time/                   |             |
|    fps                  | 88          |
|    iterations           | 289         |
|    time_elapsed         | 832         |
|    total_timesteps      | 114176      |
| train/                  |             |
|    approx_kl            | 0.002817733 |
|    clip_fraction        | 0           |
|    clip_range           | 0.2         |
|    entropy_loss         | -3.08       |
|    explained_variance   | 0.00164     |
|    learning_rate        | 0.0003      |
|    loss                 | -0.0382     |
|    n_updates            | 4450        |
|    policy_gradient_loss | -7.36e-05   |
|    std                  | 1.15        |
|    value_loss           | 0.00268     |
-----------------------------------------
------------------------------------------
| rollout/                |              |
|    ep_len_mean          | 119          |
|    ep_rew_mean          | -0.981       |
| time/                   |              |
|    fps                  | 88           |
|    iterations           | 290          |
|    time_elapsed         | 834          |
|    total_timesteps      | 114432       |
| train/                  |              |
|    approx_kl            | 0.0016968839 |
|    clip_fraction        | 0            |
|    clip_range           | 0.2          |
|    entropy_loss         | -3.08        |
|    explained_variance   | -0.000313    |
|    learning_rate        | 0.0003       |
|    loss                 | -0.0147      |
|    n_updates            | 4460         |
|    policy_gradient_loss | 0.000331     |
|    std                  | 1.15         |
|    value_loss           | 1.72         |
------------------------------------------
-----------------------------------------
| rollout/                |             |
|    ep_len_mean          | 119         |
|    ep_rew_mean          | -0.983      |
| time/                   |             |
|    fps                  | 88          |
|    iterations           | 291         |
|    time_elapsed         | 837         |
|    total_timesteps      | 114688      |
| train/                  |             |
|    approx_kl            | 0.005145753 |
|    clip_fraction        | 0.0461      |
|    clip_range           | 0.2         |
|    entropy_loss         | -3.07       |
|    explained_variance   | 0.00746     |
|    learning_rate        | 0.0003      |
|    loss                 | -0.0328     |
|    n_updates            | 4470        |
|    policy_gradient_loss | -0.00461    |
|    std                  | 1.14        |
|    value_loss           | 0.00245     |
-----------------------------------------
-----------------------------------------
| rollout/                |             |
|    ep_len_mean          | 119         |
|    ep_rew_mean          | -0.984      |
| time/                   |             |
|    fps                  | 89          |
|    iterations           | 292         |
|    time_elapsed         | 839         |
|    total_timesteps      | 114944      |
| train/                  |             |
|    approx_kl            | 0.006440758 |
|    clip_fraction        | 0.0289      |
|    clip_range           | 0.2         |
|    entropy_loss         | -3.07       |
|    explained_variance   | 0.00197     |
|    learning_rate        | 0.0003      |
|    loss                 | -0.0406     |
|    n_updates            | 4480        |
|    policy_gradient_loss | -0.00214    |
|    std                  | 1.14        |
|    value_loss           | 0.00237     |
-----------------------------------------
-----------------------------------------
| rollout/                |             |
|    ep_len_mean          | 119         |
|    ep_rew_mean          | -0.985      |
| time/                   |             |
|    fps                  | 88          |
|    iterations           | 293         |
|    time_elapsed         | 844         |
|    total_timesteps      | 115200      |
| train/                  |             |
|    approx_kl            | 0.008861721 |
|    clip_fraction        | 0.0891      |
|    clip_range           | 0.2         |
|    entropy_loss         | -3.07       |
|    explained_variance   | -0.026      |
|    learning_rate        | 0.0003      |
|    loss                 | -0.0645     |
|    n_updates            | 4490        |
|    policy_gradient_loss | -0.00785    |
|    std                  | 1.14        |
|    value_loss           | 0.0026      |
-----------------------------------------
-----------------------------------------
| rollout/                |             |
|    ep_len_mean          | 119         |
|    ep_rew_mean          | -0.982      |
| time/                   |             |
|    fps                  | 88          |
|    iterations           | 294         |
|    time_elapsed         | 846         |
|    total_timesteps      | 115456      |
| train/                  |             |
|    approx_kl            | 0.008301923 |
|    clip_fraction        | 0.0711      |
|    clip_range           | 0.2         |
|    entropy_loss         | -3.07       |
|    explained_variance   | -0.00132    |
|    learning_rate        | 0.0003      |
|    loss                 | -0.0322     |
|    n_updates            | 4500        |
|    policy_gradient_loss | -0.00442    |
|    std                  | 1.14        |
|    value_loss           | 0.00232     |
-----------------------------------------
------------------------------------------
| rollout/                |              |
|    ep_len_mean          | 119          |
|    ep_rew_mean          | -0.979       |
| time/                   |              |
|    fps                  | 88           |
|    iterations           | 295          |
|    time_elapsed         | 849          |
|    total_timesteps      | 115712       |
| train/                  |              |
|    approx_kl            | 0.0039797826 |
|    clip_fraction        | 0.0563       |
|    clip_range           | 0.2          |
|    entropy_loss         | -3.07        |
|    explained_variance   | 0.0191       |
|    learning_rate        | 0.0003       |
|    loss                 | -0.0343      |
|    n_updates            | 4510         |
|    policy_gradient_loss | -0.00574     |
|    std                  | 1.14         |
|    value_loss           | 0.00289      |
------------------------------------------
------------------------------------------
| rollout/                |              |
|    ep_len_mean          | 119          |
|    ep_rew_mean          | -0.977       |
| time/                   |              |
|    fps                  | 88           |
|    iterations           | 296          |
|    time_elapsed         | 852          |
|    total_timesteps      | 115968       |
| train/                  |              |
|    approx_kl            | 0.0063593173 |
|    clip_fraction        | 0.0668       |
|    clip_range           | 0.2          |
|    entropy_loss         | -3.07        |
|    explained_variance   | -0.00164     |
|    learning_rate        | 0.0003       |
|    loss                 | -0.0449      |
|    n_updates            | 4520         |
|    policy_gradient_loss | -0.00425     |
|    std                  | 1.14         |
|    value_loss           | 0.00279      |
------------------------------------------
-----------------------------------------
| rollout/                |             |
|    ep_len_mean          | 119         |
|    ep_rew_mean          | -0.974      |
| time/                   |             |
|    fps                  | 88          |
|    iterations           | 297         |
|    time_elapsed         | 855         |
|    total_timesteps      | 116224      |
| train/                  |             |
|    approx_kl            | 0.004133784 |
|    clip_fraction        | 0.0117      |
|    clip_range           | 0.2         |
|    entropy_loss         | -3.07       |
|    explained_variance   | -0.00461    |
|    learning_rate        | 0.0003      |
|    loss                 | -0.0442     |
|    n_updates            | 4530        |
|    policy_gradient_loss | -0.00194    |
|    std                  | 1.14        |
|    value_loss           | 0.00264     |
-----------------------------------------
-----------------------------------------
| rollout/                |             |
|    ep_len_mean          | 119         |
|    ep_rew_mean          | -0.976      |
| time/                   |             |
|    fps                  | 88          |
|    iterations           | 298         |
|    time_elapsed         | 859         |
|    total_timesteps      | 116480      |
| train/                  |             |
|    approx_kl            | 0.006535923 |
|    clip_fraction        | 0.0527      |
|    clip_range           | 0.2         |
|    entropy_loss         | -3.07       |
|    explained_variance   | 0.00624     |
|    learning_rate        | 0.0003      |
|    loss                 | -0.0447     |
|    n_updates            | 4540        |
|    policy_gradient_loss | -0.00398    |
|    std                  | 1.14        |
|    value_loss           | 0.00267     |
-----------------------------------------
------------------------------------------
| rollout/                |              |
|    ep_len_mean          | 119          |
|    ep_rew_mean          | -0.979       |
| time/                   |              |
|    fps                  | 88           |
|    iterations           | 299          |
|    time_elapsed         | 862          |
|    total_timesteps      | 116736       |
| train/                  |              |
|    approx_kl            | 0.0075368574 |
|    clip_fraction        | 0.1          |
|    clip_range           | 0.2          |
|    entropy_loss         | -3.07        |
|    explained_variance   | -0.0187      |
|    learning_rate        | 0.0003       |
|    loss                 | -0.0448      |
|    n_updates            | 4550         |
|    policy_gradient_loss | -0.0109      |
|    std                  | 1.14         |
|    value_loss           | 0.00287      |
------------------------------------------
------------------------------------------
| rollout/                |              |
|    ep_len_mean          | 119          |
|    ep_rew_mean          | -0.978       |
| time/                   |              |
|    fps                  | 88           |
|    iterations           | 300          |
|    time_elapsed         | 864          |
|    total_timesteps      | 116992       |
| train/                  |              |
|    approx_kl            | 0.0068250606 |
|    clip_fraction        | 0.116        |
|    clip_range           | 0.2          |
|    entropy_loss         | -3.07        |
|    explained_variance   | 0.000724     |
|    learning_rate        | 0.0003       |
|    loss                 | -0.0568      |
|    n_updates            | 4560         |
|    policy_gradient_loss | -0.0101      |
|    std                  | 1.14         |
|    value_loss           | 0.00281      |
------------------------------------------
-----------------------------------------
| rollout/                |             |
|    ep_len_mean          | 119         |
|    ep_rew_mean          | -0.979      |
| time/                   |             |
|    fps                  | 88          |
|    iterations           | 301         |
|    time_elapsed         | 867         |
|    total_timesteps      | 117248      |
| train/                  |             |
|    approx_kl            | 0.008700561 |
|    clip_fraction        | 0.12        |
|    clip_range           | 0.2         |
|    entropy_loss         | -3.07       |
|    explained_variance   | -0.00769    |
|    learning_rate        | 0.0003      |
|    loss                 | -0.0573     |
|    n_updates            | 4570        |
|    policy_gradient_loss | -0.0101     |
|    std                  | 1.15        |
|    value_loss           | 0.00262     |
-----------------------------------------
------------------------------------------
| rollout/                |              |
|    ep_len_mean          | 119          |
|    ep_rew_mean          | -0.981       |
| time/                   |              |
|    fps                  | 88           |
|    iterations           | 302          |
|    time_elapsed         | 869          |
|    total_timesteps      | 117504       |
| train/                  |              |
|    approx_kl            | 0.0064407107 |
|    clip_fraction        | 0.0746       |
|    clip_range           | 0.2          |
|    entropy_loss         | -3.08        |
|    explained_variance   | -0.0139      |
|    learning_rate        | 0.0003       |
|    loss                 | -0.0348      |
|    n_updates            | 4580         |
|    policy_gradient_loss | -0.00824     |
|    std                  | 1.15         |
|    value_loss           | 0.00272      |
------------------------------------------
------------------------------------------
| rollout/                |              |
|    ep_len_mean          | 119          |
|    ep_rew_mean          | -0.98        |
| time/                   |              |
|    fps                  | 88           |
|    iterations           | 303          |
|    time_elapsed         | 872          |
|    total_timesteps      | 117760       |
| train/                  |              |
|    approx_kl            | 0.0066198315 |
|    clip_fraction        | 0.0906       |
|    clip_range           | 0.2          |
|    entropy_loss         | -3.08        |
|    explained_variance   | 8.98e-05     |
|    learning_rate        | 0.0003       |
|    loss                 | -0.0264      |
|    n_updates            | 4590         |
|    policy_gradient_loss | -0.00676     |
|    std                  | 1.15         |
|    value_loss           | 0.00294      |
------------------------------------------
-----------------------------------------
| rollout/                |             |
|    ep_len_mean          | 119         |
|    ep_rew_mean          | -0.98       |
| time/                   |             |
|    fps                  | 88          |
|    iterations           | 304         |
|    time_elapsed         | 875         |
|    total_timesteps      | 118016      |
| train/                  |             |
|    approx_kl            | 0.009524672 |
|    clip_fraction        | 0.0961      |
|    clip_range           | 0.2         |
|    entropy_loss         | -3.08       |
|    explained_variance   | 0.000791    |
|    learning_rate        | 0.0003      |
|    loss                 | -0.0478     |
|    n_updates            | 4600        |
|    policy_gradient_loss | -0.00982    |
|    std                  | 1.15        |
|    value_loss           | 0.00251     |
-----------------------------------------
------------------------------------------
| rollout/                |              |
|    ep_len_mean          | 119          |
|    ep_rew_mean          | -0.979       |
| time/                   |              |
|    fps                  | 88           |
|    iterations           | 305          |
|    time_elapsed         | 877          |
|    total_timesteps      | 118272       |
| train/                  |              |
|    approx_kl            | 0.0094649065 |
|    clip_fraction        | 0.052        |
|    clip_range           | 0.2          |
|    entropy_loss         | -3.07        |
|    explained_variance   | -0.00335     |
|    learning_rate        | 0.0003       |
|    loss                 | -0.0367      |
|    n_updates            | 4610         |
|    policy_gradient_loss | -0.00281     |
|    std                  | 1.14         |
|    value_loss           | 0.00269      |
------------------------------------------
-----------------------------------------
| rollout/                |             |
|    ep_len_mean          | 119         |
|    ep_rew_mean          | -0.977      |
| time/                   |             |
|    fps                  | 88          |
|    iterations           | 306         |
|    time_elapsed         | 880         |
|    total_timesteps      | 118528      |
| train/                  |             |
|    approx_kl            | 0.003932967 |
|    clip_fraction        | 0.00391     |
|    clip_range           | 0.2         |
|    entropy_loss         | -3.07       |
|    explained_variance   | 0.00664     |
|    learning_rate        | 0.0003      |
|    loss                 | -0.0459     |
|    n_updates            | 4620        |
|    policy_gradient_loss | -0.000885   |
|    std                  | 1.15        |
|    value_loss           | 0.00282     |
-----------------------------------------
------------------------------------------
| rollout/                |              |
|    ep_len_mean          | 119          |
|    ep_rew_mean          | -0.978       |
| time/                   |              |
|    fps                  | 88           |
|    iterations           | 307          |
|    time_elapsed         | 883          |
|    total_timesteps      | 118784       |
| train/                  |              |
|    approx_kl            | 0.0041327253 |
|    clip_fraction        | 0.00781      |
|    clip_range           | 0.2          |
|    entropy_loss         | -3.08        |
|    explained_variance   | 0.00332      |
|    learning_rate        | 0.0003       |
|    loss                 | -0.0387      |
|    n_updates            | 4630         |
|    policy_gradient_loss | -0.000951    |
|    std                  | 1.15         |
|    value_loss           | 0.0028       |
------------------------------------------
-----------------------------------------
| rollout/                |             |
|    ep_len_mean          | 119         |
|    ep_rew_mean          | -0.976      |
| time/                   |             |
|    fps                  | 89          |
|    iterations           | 308         |
|    time_elapsed         | 885         |
|    total_timesteps      | 119040      |
| train/                  |             |
|    approx_kl            | 0.010753627 |
|    clip_fraction        | 0.0832      |
|    clip_range           | 0.2         |
|    entropy_loss         | -3.09       |
|    explained_variance   | -0.0249     |
|    learning_rate        | 0.0003      |
|    loss                 | -0.0381     |
|    n_updates            | 4640        |
|    policy_gradient_loss | -0.00507    |
|    std                  | 1.15        |
|    value_loss           | 0.0025      |
-----------------------------------------
-----------------------------------------
| rollout/                |             |
|    ep_len_mean          | 119         |
|    ep_rew_mean          | -0.978      |
| time/                   |             |
|    fps                  | 89          |
|    iterations           | 309         |
|    time_elapsed         | 888         |
|    total_timesteps      | 119296      |
| train/                  |             |
|    approx_kl            | 0.007891367 |
|    clip_fraction        | 0.103       |
|    clip_range           | 0.2         |
|    entropy_loss         | -3.09       |
|    explained_variance   | 0.000464    |
|    learning_rate        | 0.0003      |
|    loss                 | -0.0398     |
|    n_updates            | 4650        |
|    policy_gradient_loss | -0.00847    |
|    std                  | 1.16        |
|    value_loss           | 0.00231     |
-----------------------------------------
------------------------------------------
| rollout/                |              |
|    ep_len_mean          | 119          |
|    ep_rew_mean          | -0.977       |
| time/                   |              |
|    fps                  | 89           |
|    iterations           | 310          |
|    time_elapsed         | 891          |
|    total_timesteps      | 119552       |
| train/                  |              |
|    approx_kl            | 0.0073712533 |
|    clip_fraction        | 0.0199       |
|    clip_range           | 0.2          |
|    entropy_loss         | -3.09        |
|    explained_variance   | 0.00397      |
|    learning_rate        | 0.0003       |
|    loss                 | -0.0475      |
|    n_updates            | 4660         |
|    policy_gradient_loss | -0.0021      |
|    std                  | 1.16         |
|    value_loss           | 0.00255      |
------------------------------------------
-----------------------------------------
| rollout/                |             |
|    ep_len_mean          | 119         |
|    ep_rew_mean          | -0.978      |
| time/                   |             |
|    fps                  | 89          |
|    iterations           | 311         |
|    time_elapsed         | 893         |
|    total_timesteps      | 119808      |
| train/                  |             |
|    approx_kl            | 0.003706971 |
|    clip_fraction        | 0.0391      |
|    clip_range           | 0.2         |
|    entropy_loss         | -3.1        |
|    explained_variance   | -0.00432    |
|    learning_rate        | 0.0003      |
|    loss                 | -0.0568     |
|    n_updates            | 4670        |
|    policy_gradient_loss | -0.00431    |
|    std                  | 1.16        |
|    value_loss           | 0.00292     |
-----------------------------------------
-----------------------------------------
| rollout/                |             |
|    ep_len_mean          | 119         |
|    ep_rew_mean          | -0.98       |
| time/                   |             |
|    fps                  | 89          |
|    iterations           | 312         |
|    time_elapsed         | 896         |
|    total_timesteps      | 120064      |
| train/                  |             |
|    approx_kl            | 0.005122628 |
|    clip_fraction        | 0.0324      |
|    clip_range           | 0.2         |
|    entropy_loss         | -3.11       |
|    explained_variance   | -0.00148    |
|    learning_rate        | 0.0003      |
|    loss                 | -0.0383     |
|    n_updates            | 4680        |
|    policy_gradient_loss | -0.00311    |
|    std                  | 1.17        |
|    value_loss           | 0.00291     |
-----------------------------------------
----------------------------------------
| rollout/                |            |
|    ep_len_mean          | 119        |
|    ep_rew_mean          | -0.981     |
| time/                   |            |
|    fps                  | 89         |
|    iterations           | 313        |
|    time_elapsed         | 899        |
|    total_timesteps      | 120320     |
| train/                  |            |
|    approx_kl            | 0.00453612 |
|    clip_fraction        | 0.0527     |
|    clip_range           | 0.2        |
|    entropy_loss         | -3.11      |
|    explained_variance   | -0.00506   |
|    learning_rate        | 0.0003     |
|    loss                 | -0.0363    |
|    n_updates            | 4690       |
|    policy_gradient_loss | -0.00609   |
|    std                  | 1.16       |
|    value_loss           | 0.00252    |
----------------------------------------
-----------------------------------------
| rollout/                |             |
|    ep_len_mean          | 119         |
|    ep_rew_mean          | -0.98       |
| time/                   |             |
|    fps                  | 89          |
|    iterations           | 314         |
|    time_elapsed         | 901         |
|    total_timesteps      | 120576      |
| train/                  |             |
|    approx_kl            | 0.005934866 |
|    clip_fraction        | 0.0844      |
|    clip_range           | 0.2         |
|    entropy_loss         | -3.11       |
|    explained_variance   | -0.0142     |
|    learning_rate        | 0.0003      |
|    loss                 | -0.0202     |
|    n_updates            | 4700        |
|    policy_gradient_loss | -0.0101     |
|    std                  | 1.17        |
|    value_loss           | 0.00251     |
-----------------------------------------
------------------------------------------
| rollout/                |              |
|    ep_len_mean          | 119          |
|    ep_rew_mean          | -0.979       |
| time/                   |              |
|    fps                  | 89           |
|    iterations           | 315          |
|    time_elapsed         | 904          |
|    total_timesteps      | 120832       |
| train/                  |              |
|    approx_kl            | 0.0026219194 |
|    clip_fraction        | 0.0359       |
|    clip_range           | 0.2          |
|    entropy_loss         | -3.11        |
|    explained_variance   | -0.0111      |
|    learning_rate        | 0.0003       |
|    loss                 | -0.0333      |
|    n_updates            | 4710         |
|    policy_gradient_loss | -0.00334     |
|    std                  | 1.17         |
|    value_loss           | 0.00285      |
------------------------------------------
------------------------------------------
| rollout/                |              |
|    ep_len_mean          | 119          |
|    ep_rew_mean          | -0.979       |
| time/                   |              |
|    fps                  | 89           |
|    iterations           | 316          |
|    time_elapsed         | 906          |
|    total_timesteps      | 121088       |
| train/                  |              |
|    approx_kl            | 0.0034119175 |
|    clip_fraction        | 0.0187       |
|    clip_range           | 0.2          |
|    entropy_loss         | -3.11        |
|    explained_variance   | 0.00118      |
|    learning_rate        | 0.0003       |
|    loss                 | -0.0219      |
|    n_updates            | 4720         |
|    policy_gradient_loss | -0.00244     |
|    std                  | 1.17         |
|    value_loss           | 0.00291      |
------------------------------------------
------------------------------------------
| rollout/                |              |
|    ep_len_mean          | 118          |
|    ep_rew_mean          | -0.77        |
| time/                   |              |
|    fps                  | 89           |
|    iterations           | 317          |
|    time_elapsed         | 909          |
|    total_timesteps      | 121344       |
| train/                  |              |
|    approx_kl            | 0.0059966324 |
|    clip_fraction        | 0.0895       |
|    clip_range           | 0.2          |
|    entropy_loss         | -3.11        |
|    explained_variance   | 0.00812      |
|    learning_rate        | 0.0003       |
|    loss                 | -0.0359      |
|    n_updates            | 4730         |
|    policy_gradient_loss | -0.00778     |
|    std                  | 1.17         |
|    value_loss           | 0.00255      |
------------------------------------------
-----------------------------------------
| rollout/                |             |
|    ep_len_mean          | 118         |
|    ep_rew_mean          | -0.771      |
| time/                   |             |
|    fps                  | 89          |
|    iterations           | 318         |
|    time_elapsed         | 912         |
|    total_timesteps      | 121600      |
| train/                  |             |
|    approx_kl            | 0.007982534 |
|    clip_fraction        | 0.0187      |
|    clip_range           | 0.2         |
|    entropy_loss         | -3.12       |
|    explained_variance   | -0.000581   |
|    learning_rate        | 0.0003      |
|    loss                 | -0.0309     |
|    n_updates            | 4740        |
|    policy_gradient_loss | -0.00253    |
|    std                  | 1.17        |
|    value_loss           | 1.72        |
-----------------------------------------
------------------------------------------
| rollout/                |              |
|    ep_len_mean          | 118          |
|    ep_rew_mean          | -0.776       |
| time/                   |              |
|    fps                  | 89           |
|    iterations           | 319          |
|    time_elapsed         | 916          |
|    total_timesteps      | 121856       |
| train/                  |              |
|    approx_kl            | 0.0051860954 |
|    clip_fraction        | 0.0629       |
|    clip_range           | 0.2          |
|    entropy_loss         | -3.12        |
|    explained_variance   | 0.0135       |
|    learning_rate        | 0.0003       |
|    loss                 | -0.0282      |
|    n_updates            | 4750         |
|    policy_gradient_loss | -0.00528     |
|    std                  | 1.17         |
|    value_loss           | 0.00308      |
------------------------------------------
------------------------------------------
| rollout/                |              |
|    ep_len_mean          | 118          |
|    ep_rew_mean          | -0.779       |
| time/                   |              |
|    fps                  | 89           |
|    iterations           | 320          |
|    time_elapsed         | 919          |
|    total_timesteps      | 122112       |
| train/                  |              |
|    approx_kl            | 0.0013784186 |
|    clip_fraction        | 0            |
|    clip_range           | 0.2          |
|    entropy_loss         | -3.12        |
|    explained_variance   | -0.000113    |
|    learning_rate        | 0.0003       |
|    loss                 | -0.0233      |
|    n_updates            | 4760         |
|    policy_gradient_loss | -2.62e-05    |
|    std                  | 1.17         |
|    value_loss           | 0.00277      |
------------------------------------------
------------------------------------------
| rollout/                |              |
|    ep_len_mean          | 118          |
|    ep_rew_mean          | -0.776       |
| time/                   |              |
|    fps                  | 89           |
|    iterations           | 321          |
|    time_elapsed         | 922          |
|    total_timesteps      | 122368       |
| train/                  |              |
|    approx_kl            | 0.0073996875 |
|    clip_fraction        | 0.0363       |
|    clip_range           | 0.2          |
|    entropy_loss         | -3.12        |
|    explained_variance   | 0.000678     |
|    learning_rate        | 0.0003       |
|    loss                 | -0.0567      |
|    n_updates            | 4770         |
|    policy_gradient_loss | -0.00236     |
|    std                  | 1.17         |
|    value_loss           | 0.00308      |
------------------------------------------
-----------------------------------------
| rollout/                |             |
|    ep_len_mean          | 118         |
|    ep_rew_mean          | -0.776      |
| time/                   |             |
|    fps                  | 89          |
|    iterations           | 322         |
|    time_elapsed         | 924         |
|    total_timesteps      | 122624      |
| train/                  |             |
|    approx_kl            | 0.005361855 |
|    clip_fraction        | 0.0328      |
|    clip_range           | 0.2         |
|    entropy_loss         | -3.11       |
|    explained_variance   | 0.00436     |
|    learning_rate        | 0.0003      |
|    loss                 | -0.0396     |
|    n_updates            | 4780        |
|    policy_gradient_loss | -0.0039     |
|    std                  | 1.17        |
|    value_loss           | 0.00284     |
-----------------------------------------
------------------------------------------
| rollout/                |              |
|    ep_len_mean          | 118          |
|    ep_rew_mean          | -0.774       |
| time/                   |              |
|    fps                  | 88           |
|    iterations           | 323          |
|    time_elapsed         | 929          |
|    total_timesteps      | 122880       |
| train/                  |              |
|    approx_kl            | 0.0048423717 |
|    clip_fraction        | 0.00547      |
|    clip_range           | 0.2          |
|    entropy_loss         | -3.11        |
|    explained_variance   | 0.0218       |
|    learning_rate        | 0.0003       |
|    loss                 | -0.0227      |
|    n_updates            | 4790         |
|    policy_gradient_loss | -0.00139     |
|    std                  | 1.17         |
|    value_loss           | 0.00293      |
------------------------------------------
------------------------------------------
| rollout/                |              |
|    ep_len_mean          | 118          |
|    ep_rew_mean          | -0.774       |
| time/                   |              |
|    fps                  | 88           |
|    iterations           | 324          |
|    time_elapsed         | 933          |
|    total_timesteps      | 123136       |
| train/                  |              |
|    approx_kl            | 0.0051345504 |
|    clip_fraction        | 0.0426       |
|    clip_range           | 0.2          |
|    entropy_loss         | -3.11        |
|    explained_variance   | 0.0207       |
|    learning_rate        | 0.0003       |
|    loss                 | -0.0315      |
|    n_updates            | 4800         |
|    policy_gradient_loss | -0.00287     |
|    std                  | 1.17         |
|    value_loss           | 0.00275      |
------------------------------------------
-----------------------------------------
| rollout/                |             |
|    ep_len_mean          | 118         |
|    ep_rew_mean          | -0.775      |
| time/                   |             |
|    fps                  | 88          |
|    iterations           | 325         |
|    time_elapsed         | 936         |
|    total_timesteps      | 123392      |
| train/                  |             |
|    approx_kl            | 0.005482656 |
|    clip_fraction        | 0.0543      |
|    clip_range           | 0.2         |
|    entropy_loss         | -3.11       |
|    explained_variance   | 0.0115      |
|    learning_rate        | 0.0003      |
|    loss                 | -0.0332     |
|    n_updates            | 4810        |
|    policy_gradient_loss | -0.00329    |
|    std                  | 1.17        |
|    value_loss           | 0.00248     |
-----------------------------------------
-----------------------------------------
| rollout/                |             |
|    ep_len_mean          | 118         |
|    ep_rew_mean          | -0.775      |
| time/                   |             |
|    fps                  | 88          |
|    iterations           | 326         |
|    time_elapsed         | 938         |
|    total_timesteps      | 123648      |
| train/                  |             |
|    approx_kl            | 0.004834107 |
|    clip_fraction        | 0.018       |
|    clip_range           | 0.2         |
|    entropy_loss         | -3.11       |
|    explained_variance   | -0.00923    |
|    learning_rate        | 0.0003      |
|    loss                 | -0.0373     |
|    n_updates            | 4820        |
|    policy_gradient_loss | -0.00256    |
|    std                  | 1.17        |
|    value_loss           | 0.00233     |
-----------------------------------------
------------------------------------------
| rollout/                |              |
|    ep_len_mean          | 116          |
|    ep_rew_mean          | -0.566       |
| time/                   |              |
|    fps                  | 88           |
|    iterations           | 327          |
|    time_elapsed         | 943          |
|    total_timesteps      | 123904       |
| train/                  |              |
|    approx_kl            | 0.0052355435 |
|    clip_fraction        | 0.0516       |
|    clip_range           | 0.2          |
|    entropy_loss         | -3.12        |
|    explained_variance   | 0.0139       |
|    learning_rate        | 0.0003       |
|    loss                 | -0.0298      |
|    n_updates            | 4830         |
|    policy_gradient_loss | -0.00421     |
|    std                  | 1.17         |
|    value_loss           | 0.00254      |
------------------------------------------
-----------------------------------------
| rollout/                |             |
|    ep_len_mean          | 116         |
|    ep_rew_mean          | -0.566      |
| time/                   |             |
|    fps                  | 88          |
|    iterations           | 328         |
|    time_elapsed         | 946         |
|    total_timesteps      | 124160      |
| train/                  |             |
|    approx_kl            | 0.008370689 |
|    clip_fraction        | 0.0855      |
|    clip_range           | 0.2         |
|    entropy_loss         | -3.13       |
|    explained_variance   | 0.00086     |
|    learning_rate        | 0.0003      |
|    loss                 | -0.046      |
|    n_updates            | 4840        |
|    policy_gradient_loss | -0.00595    |
|    std                  | 1.18        |
|    value_loss           | 1.72        |
-----------------------------------------
-----------------------------------------
| rollout/                |             |
|    ep_len_mean          | 116         |
|    ep_rew_mean          | -0.566      |
| time/                   |             |
|    fps                  | 88          |
|    iterations           | 329         |
|    time_elapsed         | 948         |
|    total_timesteps      | 124416      |
| train/                  |             |
|    approx_kl            | 0.006109558 |
|    clip_fraction        | 0.0598      |
|    clip_range           | 0.2         |
|    entropy_loss         | -3.13       |
|    explained_variance   | 0.0427      |
|    learning_rate        | 0.0003      |
|    loss                 | -0.0264     |
|    n_updates            | 4850        |
|    policy_gradient_loss | -0.00637    |
|    std                  | 1.18        |
|    value_loss           | 0.00254     |
-----------------------------------------
------------------------------------------
| rollout/                |              |
|    ep_len_mean          | 116          |
|    ep_rew_mean          | -0.565       |
| time/                   |              |
|    fps                  | 88           |
|    iterations           | 330          |
|    time_elapsed         | 951          |
|    total_timesteps      | 124672       |
| train/                  |              |
|    approx_kl            | 0.0070527177 |
|    clip_fraction        | 0.0652       |
|    clip_range           | 0.2          |
|    entropy_loss         | -3.13        |
|    explained_variance   | -0.00987     |
|    learning_rate        | 0.0003       |
|    loss                 | -0.0395      |
|    n_updates            | 4860         |
|    policy_gradient_loss | -0.00736     |
|    std                  | 1.17         |
|    value_loss           | 0.00255      |
------------------------------------------
-----------------------------------------
| rollout/                |             |
|    ep_len_mean          | 116         |
|    ep_rew_mean          | -0.565      |
| time/                   |             |
|    fps                  | 88          |
|    iterations           | 331         |
|    time_elapsed         | 953         |
|    total_timesteps      | 124928      |
| train/                  |             |
|    approx_kl            | 0.004069754 |
|    clip_fraction        | 0.068       |
|    clip_range           | 0.2         |
|    entropy_loss         | -3.12       |
|    explained_variance   | 0.0118      |
|    learning_rate        | 0.0003      |
|    loss                 | -0.0368     |
|    n_updates            | 4870        |
|    policy_gradient_loss | -0.00922    |
|    std                  | 1.18        |
|    value_loss           | 0.00234     |
-----------------------------------------
-----------------------------------------
| rollout/                |             |
|    ep_len_mean          | 116         |
|    ep_rew_mean          | -0.564      |
| time/                   |             |
|    fps                  | 88          |
|    iterations           | 332         |
|    time_elapsed         | 956         |
|    total_timesteps      | 125184      |
| train/                  |             |
|    approx_kl            | 0.008140333 |
|    clip_fraction        | 0.136       |
|    clip_range           | 0.2         |
|    entropy_loss         | -3.13       |
|    explained_variance   | 0.0504      |
|    learning_rate        | 0.0003      |
|    loss                 | -0.0284     |
|    n_updates            | 4880        |
|    policy_gradient_loss | -0.0122     |
|    std                  | 1.18        |
|    value_loss           | 0.00237     |
-----------------------------------------
------------------------------------------
| rollout/                |              |
|    ep_len_mean          | 116          |
|    ep_rew_mean          | -0.564       |
| time/                   |              |
|    fps                  | 88           |
|    iterations           | 333          |
|    time_elapsed         | 962          |
|    total_timesteps      | 125440       |
| train/                  |              |
|    approx_kl            | 0.0037086594 |
|    clip_fraction        | 0.00937      |
|    clip_range           | 0.2          |
|    entropy_loss         | -3.14        |
|    explained_variance   | -0.0603      |
|    learning_rate        | 0.0003       |
|    loss                 | -0.0232      |
|    n_updates            | 4890         |
|    policy_gradient_loss | -0.00119     |
|    std                  | 1.18         |
|    value_loss           | 0.00236      |
------------------------------------------
-----------------------------------------
| rollout/                |             |
|    ep_len_mean          | 116         |
|    ep_rew_mean          | -0.564      |
| time/                   |             |
|    fps                  | 88          |
|    iterations           | 334         |
|    time_elapsed         | 965         |
|    total_timesteps      | 125696      |
| train/                  |             |
|    approx_kl            | 0.005314245 |
|    clip_fraction        | 0.0113      |
|    clip_range           | 0.2         |
|    entropy_loss         | -3.14       |
|    explained_variance   | 0.0566      |
|    learning_rate        | 0.0003      |
|    loss                 | -0.00729    |
|    n_updates            | 4900        |
|    policy_gradient_loss | -0.000514   |
|    std                  | 1.18        |
|    value_loss           | 0.00272     |
-----------------------------------------
------------------------------------------
| rollout/                |              |
|    ep_len_mean          | 118          |
|    ep_rew_mean          | -0.775       |
| time/                   |              |
|    fps                  | 88           |
|    iterations           | 335          |
|    time_elapsed         | 968          |
|    total_timesteps      | 125952       |
| train/                  |              |
|    approx_kl            | 0.0054765325 |
|    clip_fraction        | 0.0793       |
|    clip_range           | 0.2          |
|    entropy_loss         | -3.14        |
|    explained_variance   | 0.0173       |
|    learning_rate        | 0.0003       |
|    loss                 | -0.0369      |
|    n_updates            | 4910         |
|    policy_gradient_loss | -0.00797     |
|    std                  | 1.18         |
|    value_loss           | 0.00233      |
------------------------------------------
-----------------------------------------
| rollout/                |             |
|    ep_len_mean          | 118         |
|    ep_rew_mean          | -0.775      |
| time/                   |             |
|    fps                  | 88          |
|    iterations           | 336         |
|    time_elapsed         | 970         |
|    total_timesteps      | 126208      |
| train/                  |             |
|    approx_kl            | 0.003127674 |
|    clip_fraction        | 0.00195     |
|    clip_range           | 0.2         |
|    entropy_loss         | -3.14       |
|    explained_variance   | -0.0038     |
|    learning_rate        | 0.0003      |
|    loss                 | -0.0238     |
|    n_updates            | 4920        |
|    policy_gradient_loss | -0.000525   |
|    std                  | 1.18        |
|    value_loss           | 0.00225     |
-----------------------------------------
------------------------------------------
| rollout/                |              |
|    ep_len_mean          | 118          |
|    ep_rew_mean          | -0.776       |
| time/                   |              |
|    fps                  | 88           |
|    iterations           | 337          |
|    time_elapsed         | 973          |
|    total_timesteps      | 126464       |
| train/                  |              |
|    approx_kl            | 0.0054963743 |
|    clip_fraction        | 0.0277       |
|    clip_range           | 0.2          |
|    entropy_loss         | -3.13        |
|    explained_variance   | -0.00797     |
|    learning_rate        | 0.0003       |
|    loss                 | -0.0301      |
|    n_updates            | 4930         |
|    policy_gradient_loss | -0.00526     |
|    std                  | 1.18         |
|    value_loss           | 0.00266      |
------------------------------------------
-----------------------------------------
| rollout/                |             |
|    ep_len_mean          | 118         |
|    ep_rew_mean          | -0.776      |
| time/                   |             |
|    fps                  | 88          |
|    iterations           | 338         |
|    time_elapsed         | 977         |
|    total_timesteps      | 126720      |
| train/                  |             |
|    approx_kl            | 0.007354878 |
|    clip_fraction        | 0.0582      |
|    clip_range           | 0.2         |
|    entropy_loss         | -3.14       |
|    explained_variance   | 0.0317      |
|    learning_rate        | 0.0003      |
|    loss                 | -0.0192     |
|    n_updates            | 4940        |
|    policy_gradient_loss | -0.00768    |
|    std                  | 1.18        |
|    value_loss           | 0.00285     |
-----------------------------------------
------------------------------------------
| rollout/                |              |
|    ep_len_mean          | 118          |
|    ep_rew_mean          | -0.777       |
| time/                   |              |
|    fps                  | 88           |
|    iterations           | 339          |
|    time_elapsed         | 980          |
|    total_timesteps      | 126976       |
| train/                  |              |
|    approx_kl            | 0.0055952007 |
|    clip_fraction        | 0.0457       |
|    clip_range           | 0.2          |
|    entropy_loss         | -3.14        |
|    explained_variance   | 0.0295       |
|    learning_rate        | 0.0003       |
|    loss                 | -0.0234      |
|    n_updates            | 4950         |
|    policy_gradient_loss | -0.00356     |
|    std                  | 1.19         |
|    value_loss           | 0.00268      |
------------------------------------------
-----------------------------------------
| rollout/                |             |
|    ep_len_mean          | 116         |
|    ep_rew_mean          | -0.565      |
| time/                   |             |
|    fps                  | 88          |
|    iterations           | 340         |
|    time_elapsed         | 983         |
|    total_timesteps      | 127232      |
| train/                  |             |
|    approx_kl            | 0.008551333 |
|    clip_fraction        | 0.148       |
|    clip_range           | 0.2         |
|    entropy_loss         | -3.15       |
|    explained_variance   | 0.0246      |
|    learning_rate        | 0.0003      |
|    loss                 | -0.0373     |
|    n_updates            | 4960        |
|    policy_gradient_loss | -0.0152     |
|    std                  | 1.19        |
|    value_loss           | 0.00247     |
-----------------------------------------
-----------------------------------------
| rollout/                |             |
|    ep_len_mean          | 116         |
|    ep_rew_mean          | -0.565      |
| time/                   |             |
|    fps                  | 88          |
|    iterations           | 341         |
|    time_elapsed         | 985         |
|    total_timesteps      | 127488      |
| train/                  |             |
|    approx_kl            | 0.005740662 |
|    clip_fraction        | 0.0387      |
|    clip_range           | 0.2         |
|    entropy_loss         | -3.14       |
|    explained_variance   | 0.00012     |
|    learning_rate        | 0.0003      |
|    loss                 | 3.4         |
|    n_updates            | 4970        |
|    policy_gradient_loss | -0.00226    |
|    std                  | 1.18        |
|    value_loss           | 1.72        |
-----------------------------------------
------------------------------------------
| rollout/                |              |
|    ep_len_mean          | 116          |
|    ep_rew_mean          | -0.565       |
| time/                   |              |
|    fps                  | 88           |
|    iterations           | 342          |
|    time_elapsed         | 988          |
|    total_timesteps      | 127744       |
| train/                  |              |
|    approx_kl            | 0.0040538935 |
|    clip_fraction        | 0.0613       |
|    clip_range           | 0.2          |
|    entropy_loss         | -3.13        |
|    explained_variance   | -0.0103      |
|    learning_rate        | 0.0003       |
|    loss                 | -0.0133      |
|    n_updates            | 4980         |
|    policy_gradient_loss | -0.00489     |
|    std                  | 1.18         |
|    value_loss           | 0.00233      |
------------------------------------------
-----------------------------------------
| rollout/                |             |
|    ep_len_mean          | 116         |
|    ep_rew_mean          | -0.566      |
| time/                   |             |
|    fps                  | 88          |
|    iterations           | 343         |
|    time_elapsed         | 991         |
|    total_timesteps      | 128000      |
| train/                  |             |
|    approx_kl            | 0.003260817 |
|    clip_fraction        | 0.0184      |
|    clip_range           | 0.2         |
|    entropy_loss         | -3.13       |
|    explained_variance   | -0.0103     |
|    learning_rate        | 0.0003      |
|    loss                 | -0.0445     |
|    n_updates            | 4990        |
|    policy_gradient_loss | -0.00313    |
|    std                  | 1.18        |
|    value_loss           | 0.00238     |
-----------------------------------------
-----------------------------------------
| rollout/                |             |
|    ep_len_mean          | 116         |
|    ep_rew_mean          | -0.566      |
| time/                   |             |
|    fps                  | 88          |
|    iterations           | 344         |
|    time_elapsed         | 993         |
|    total_timesteps      | 128256      |
| train/                  |             |
|    approx_kl            | 0.004789631 |
|    clip_fraction        | 0.0387      |
|    clip_range           | 0.2         |
|    entropy_loss         | -3.14       |
|    explained_variance   | -0.0225     |
|    learning_rate        | 0.0003      |
|    loss                 | -0.0442     |
|    n_updates            | 5000        |
|    policy_gradient_loss | -0.00505    |
|    std                  | 1.19        |
|    value_loss           | 0.00252     |
-----------------------------------------
-----------------------------------------
| rollout/                |             |
|    ep_len_mean          | 116         |
|    ep_rew_mean          | -0.567      |
| time/                   |             |
|    fps                  | 88          |
|    iterations           | 345         |
|    time_elapsed         | 996         |
|    total_timesteps      | 128512      |
| train/                  |             |
|    approx_kl            | 0.006641945 |
|    clip_fraction        | 0.107       |
|    clip_range           | 0.2         |
|    entropy_loss         | -3.14       |
|    explained_variance   | 0.072       |
|    learning_rate        | 0.0003      |
|    loss                 | -0.0519     |
|    n_updates            | 5010        |
|    policy_gradient_loss | -0.0124     |
|    std                  | 1.19        |
|    value_loss           | 0.0026      |
-----------------------------------------
------------------------------------------
| rollout/                |              |
|    ep_len_mean          | 116          |
|    ep_rew_mean          | -0.567       |
| time/                   |              |
|    fps                  | 88           |
|    iterations           | 346          |
|    time_elapsed         | 999          |
|    total_timesteps      | 128768       |
| train/                  |              |
|    approx_kl            | 0.0056440663 |
|    clip_fraction        | 0.091        |
|    clip_range           | 0.2          |
|    entropy_loss         | -3.14        |
|    explained_variance   | 0.00566      |
|    learning_rate        | 0.0003       |
|    loss                 | -0.0397      |
|    n_updates            | 5020         |
|    policy_gradient_loss | -0.00846     |
|    std                  | 1.19         |
|    value_loss           | 0.00268      |
------------------------------------------
-----------------------------------------
| rollout/                |             |
|    ep_len_mean          | 116         |
|    ep_rew_mean          | -0.567      |
| time/                   |             |
|    fps                  | 88          |
|    iterations           | 347         |
|    time_elapsed         | 1001        |
|    total_timesteps      | 129024      |
| train/                  |             |
|    approx_kl            | 0.009264056 |
|    clip_fraction        | 0.0953      |
|    clip_range           | 0.2         |
|    entropy_loss         | -3.14       |
|    explained_variance   | 0.0148      |
|    learning_rate        | 0.0003      |
|    loss                 | -0.073      |
|    n_updates            | 5030        |
|    policy_gradient_loss | -0.0084     |
|    std                  | 1.19        |
|    value_loss           | 0.00231     |
-----------------------------------------
----------------------------------------
| rollout/                |            |
|    ep_len_mean          | 115        |
|    ep_rew_mean          | -0.359     |
| time/                   |            |
|    fps                  | 88         |
|    iterations           | 348        |
|    time_elapsed         | 1006       |
|    total_timesteps      | 129280     |
| train/                  |            |
|    approx_kl            | 0.00845621 |
|    clip_fraction        | 0.101      |
|    clip_range           | 0.2        |
|    entropy_loss         | -3.15      |
|    explained_variance   | 0.00374    |
|    learning_rate        | 0.0003     |
|    loss                 | -0.0627    |
|    n_updates            | 5040       |
|    policy_gradient_loss | -0.00954   |
|    std                  | 1.19       |
|    value_loss           | 0.00236    |
----------------------------------------
------------------------------------------
| rollout/                |              |
|    ep_len_mean          | 115          |
|    ep_rew_mean          | -0.359       |
| time/                   |              |
|    fps                  | 88           |
|    iterations           | 349          |
|    time_elapsed         | 1009         |
|    total_timesteps      | 129536       |
| train/                  |              |
|    approx_kl            | 0.0055543967 |
|    clip_fraction        | 0.0305       |
|    clip_range           | 0.2          |
|    entropy_loss         | -3.15        |
|    explained_variance   | -0.000352    |
|    learning_rate        | 0.0003       |
|    loss                 | -0.0297      |
|    n_updates            | 5050         |
|    policy_gradient_loss | -0.0032      |
|    std                  | 1.19         |
|    value_loss           | 1.72         |
------------------------------------------
------------------------------------------
| rollout/                |              |
|    ep_len_mean          | 115          |
|    ep_rew_mean          | -0.359       |
| time/                   |              |
|    fps                  | 88           |
|    iterations           | 350          |
|    time_elapsed         | 1011         |
|    total_timesteps      | 129792       |
| train/                  |              |
|    approx_kl            | 0.0036588016 |
|    clip_fraction        | 0.0402       |
|    clip_range           | 0.2          |
|    entropy_loss         | -3.15        |
|    explained_variance   | 0.00679      |
|    learning_rate        | 0.0003       |
|    loss                 | -0.032       |
|    n_updates            | 5060         |
|    policy_gradient_loss | -0.00332     |
|    std                  | 1.2          |
|    value_loss           | 0.00231      |
------------------------------------------
-----------------------------------------
| rollout/                |             |
|    ep_len_mean          | 115         |
|    ep_rew_mean          | -0.359      |
| time/                   |             |
|    fps                  | 88          |
|    iterations           | 351         |
|    time_elapsed         | 1014        |
|    total_timesteps      | 130048      |
| train/                  |             |
|    approx_kl            | 0.004011129 |
|    clip_fraction        | 0.0211      |
|    clip_range           | 0.2         |
|    entropy_loss         | -3.16       |
|    explained_variance   | -0.00349    |
|    learning_rate        | 0.0003      |
|    loss                 | -0.0267     |
|    n_updates            | 5070        |
|    policy_gradient_loss | -0.00224    |
|    std                  | 1.2         |
|    value_loss           | 0.00234     |
-----------------------------------------
------------------------------------------
| rollout/                |              |
|    ep_len_mean          | 115          |
|    ep_rew_mean          | -0.359       |
| time/                   |              |
|    fps                  | 88           |
|    iterations           | 352          |
|    time_elapsed         | 1017         |
|    total_timesteps      | 130304       |
| train/                  |              |
|    approx_kl            | 0.0056746523 |
|    clip_fraction        | 0.0379       |
|    clip_range           | 0.2          |
|    entropy_loss         | -3.16        |
|    explained_variance   | 0.0224       |
|    learning_rate        | 0.0003       |
|    loss                 | -0.0326      |
|    n_updates            | 5080         |
|    policy_gradient_loss | -0.00289     |
|    std                  | 1.2          |
|    value_loss           | 0.00231      |
------------------------------------------
-----------------------------------------
| rollout/                |             |
|    ep_len_mean          | 115         |
|    ep_rew_mean          | -0.359      |
| time/                   |             |
|    fps                  | 88          |
|    iterations           | 353         |
|    time_elapsed         | 1019        |
|    total_timesteps      | 130560      |
| train/                  |             |
|    approx_kl            | 0.005316647 |
|    clip_fraction        | 0.059       |
|    clip_range           | 0.2         |
|    entropy_loss         | -3.16       |
|    explained_variance   | 0.00312     |
|    learning_rate        | 0.0003      |
|    loss                 | -0.0463     |
|    n_updates            | 5090        |
|    policy_gradient_loss | -0.00511    |
|    std                  | 1.19        |
|    value_loss           | 0.00258     |
-----------------------------------------
------------------------------------------
| rollout/                |              |
|    ep_len_mean          | 115          |
|    ep_rew_mean          | -0.359       |
| time/                   |              |
|    fps                  | 88           |
|    iterations           | 354          |
|    time_elapsed         | 1022         |
|    total_timesteps      | 130816       |
| train/                  |              |
|    approx_kl            | 0.0052984916 |
|    clip_fraction        | 0.0191       |
|    clip_range           | 0.2          |
|    entropy_loss         | -3.14        |
|    explained_variance   | 0.00582      |
|    learning_rate        | 0.0003       |
|    loss                 | -0.0383      |
|    n_updates            | 5100         |
|    policy_gradient_loss | -0.00214     |
|    std                  | 1.18         |
|    value_loss           | 0.00247      |
------------------------------------------
------------------------------------------
| rollout/                |              |
|    ep_len_mean          | 115          |
|    ep_rew_mean          | -0.359       |
| time/                   |              |
|    fps                  | 88           |
|    iterations           | 355          |
|    time_elapsed         | 1024         |
|    total_timesteps      | 131072       |
| train/                  |              |
|    approx_kl            | 0.0041262787 |
|    clip_fraction        | 0.0516       |
|    clip_range           | 0.2          |
|    entropy_loss         | -3.14        |
|    explained_variance   | -0.0259      |
|    learning_rate        | 0.0003       |
|    loss                 | -0.0341      |
|    n_updates            | 5110         |
|    policy_gradient_loss | -0.00541     |
|    std                  | 1.18         |
|    value_loss           | 0.00227      |
------------------------------------------
------------------------------------------
| rollout/                |              |
|    ep_len_mean          | 115          |
|    ep_rew_mean          | -0.36        |
| time/                   |              |
|    fps                  | 88           |
|    iterations           | 356          |
|    time_elapsed         | 1027         |
|    total_timesteps      | 131328       |
| train/                  |              |
|    approx_kl            | 0.0053723617 |
|    clip_fraction        | 0.041        |
|    clip_range           | 0.2          |
|    entropy_loss         | -3.13        |
|    explained_variance   | -0.023       |
|    learning_rate        | 0.0003       |
|    loss                 | -0.0396      |
|    n_updates            | 5120         |
|    policy_gradient_loss | -0.00539     |
|    std                  | 1.18         |
|    value_loss           | 0.00244      |
------------------------------------------
-----------------------------------------
| rollout/                |             |
|    ep_len_mean          | 114         |
|    ep_rew_mean          | -0.146      |
| time/                   |             |
|    fps                  | 88          |
|    iterations           | 357         |
|    time_elapsed         | 1030        |
|    total_timesteps      | 131584      |
| train/                  |             |
|    approx_kl            | 0.008652564 |
|    clip_fraction        | 0.119       |
|    clip_range           | 0.2         |
|    entropy_loss         | -3.14       |
|    explained_variance   | 0.0205      |
|    learning_rate        | 0.0003      |
|    loss                 | -0.0292     |
|    n_updates            | 5130        |
|    policy_gradient_loss | -0.00919    |
|    std                  | 1.19        |
|    value_loss           | 0.00222     |
-----------------------------------------
------------------------------------------
| rollout/                |              |
|    ep_len_mean          | 114          |
|    ep_rew_mean          | -0.147       |
| time/                   |              |
|    fps                  | 88           |
|    iterations           | 358          |
|    time_elapsed         | 1033         |
|    total_timesteps      | 131840       |
| train/                  |              |
|    approx_kl            | 0.0066857403 |
|    clip_fraction        | 0.0523       |
|    clip_range           | 0.2          |
|    entropy_loss         | -3.14        |
|    explained_variance   | 3.74e-05     |
|    learning_rate        | 0.0003       |
|    loss                 | -0.0401      |
|    n_updates            | 5140         |
|    policy_gradient_loss | -0.00498     |
|    std                  | 1.19         |
|    value_loss           | 1.71         |
------------------------------------------
------------------------------------------
| rollout/                |              |
|    ep_len_mean          | 114          |
|    ep_rew_mean          | -0.147       |
| time/                   |              |
|    fps                  | 88           |
|    iterations           | 359          |
|    time_elapsed         | 1039         |
|    total_timesteps      | 132096       |
| train/                  |              |
|    approx_kl            | 0.0070514726 |
|    clip_fraction        | 0.109        |
|    clip_range           | 0.2          |
|    entropy_loss         | -3.14        |
|    explained_variance   | 0.000482     |
|    learning_rate        | 0.0003       |
|    loss                 | -0.0359      |
|    n_updates            | 5150         |
|    policy_gradient_loss | -0.00852     |
|    std                  | 1.19         |
|    value_loss           | 0.0023       |
------------------------------------------
-----------------------------------------
| rollout/                |             |
|    ep_len_mean          | 114         |
|    ep_rew_mean          | -0.146      |
| time/                   |             |
|    fps                  | 88          |
|    iterations           | 360         |
|    time_elapsed         | 1043        |
|    total_timesteps      | 132352      |
| train/                  |             |
|    approx_kl            | 0.010783475 |
|    clip_fraction        | 0.117       |
|    clip_range           | 0.2         |
|    entropy_loss         | -3.14       |
|    explained_variance   | -0.00589    |
|    learning_rate        | 0.0003      |
|    loss                 | -0.0656     |
|    n_updates            | 5160        |
|    policy_gradient_loss | -0.0124     |
|    std                  | 1.19        |
|    value_loss           | 0.00269     |
-----------------------------------------
------------------------------------------
| rollout/                |              |
|    ep_len_mean          | 114          |
|    ep_rew_mean          | -0.144       |
| time/                   |              |
|    fps                  | 88           |
|    iterations           | 361          |
|    time_elapsed         | 1046         |
|    total_timesteps      | 132608       |
| train/                  |              |
|    approx_kl            | 0.0054104966 |
|    clip_fraction        | 0.0637       |
|    clip_range           | 0.2          |
|    entropy_loss         | -3.14        |
|    explained_variance   | 0.0197       |
|    learning_rate        | 0.0003       |
|    loss                 | -0.0261      |
|    n_updates            | 5170         |
|    policy_gradient_loss | -0.00581     |
|    std                  | 1.19         |
|    value_loss           | 0.00251      |
------------------------------------------
-----------------------------------------
| rollout/                |             |
|    ep_len_mean          | 115         |
|    ep_rew_mean          | -0.356      |
| time/                   |             |
|    fps                  | 88          |
|    iterations           | 362         |
|    time_elapsed         | 1049        |
|    total_timesteps      | 132864      |
| train/                  |             |
|    approx_kl            | 0.007396682 |
|    clip_fraction        | 0.122       |
|    clip_range           | 0.2         |
|    entropy_loss         | -3.14       |
|    explained_variance   | 0.00547     |
|    learning_rate        | 0.0003      |
|    loss                 | -0.0428     |
|    n_updates            | 5180        |
|    policy_gradient_loss | -0.0108     |
|    std                  | 1.19        |
|    value_loss           | 0.00241     |
-----------------------------------------
-----------------------------------------
| rollout/                |             |
|    ep_len_mean          | 115         |
|    ep_rew_mean          | -0.356      |
| time/                   |             |
|    fps                  | 88          |
|    iterations           | 363         |
|    time_elapsed         | 1051        |
|    total_timesteps      | 133120      |
| train/                  |             |
|    approx_kl            | 0.005675831 |
|    clip_fraction        | 0.0398      |
|    clip_range           | 0.2         |
|    entropy_loss         | -3.14       |
|    explained_variance   | 0.0475      |
|    learning_rate        | 0.0003      |
|    loss                 | -0.0574     |
|    n_updates            | 5190        |
|    policy_gradient_loss | -0.00375    |
|    std                  | 1.19        |
|    value_loss           | 0.00235     |
-----------------------------------------
------------------------------------------
| rollout/                |              |
|    ep_len_mean          | 115          |
|    ep_rew_mean          | -0.356       |
| time/                   |              |
|    fps                  | 88           |
|    iterations           | 364          |
|    time_elapsed         | 1056         |
|    total_timesteps      | 133376       |
| train/                  |              |
|    approx_kl            | 0.0061262716 |
|    clip_fraction        | 0.0715       |
|    clip_range           | 0.2          |
|    entropy_loss         | -3.14        |
|    explained_variance   | -0.0569      |
|    learning_rate        | 0.0003       |
|    loss                 | -0.0503      |
|    n_updates            | 5200         |
|    policy_gradient_loss | -0.00454     |
|    std                  | 1.19         |
|    value_loss           | 0.00265      |
------------------------------------------
-----------------------------------------
| rollout/                |             |
|    ep_len_mean          | 115         |
|    ep_rew_mean          | -0.354      |
| time/                   |             |
|    fps                  | 88          |
|    iterations           | 365         |
|    time_elapsed         | 1060        |
|    total_timesteps      | 133632      |
| train/                  |             |
|    approx_kl            | 0.014120508 |
|    clip_fraction        | 0.183       |
|    clip_range           | 0.2         |
|    entropy_loss         | -3.15       |
|    explained_variance   | -9.08e-05   |
|    learning_rate        | 0.0003      |
|    loss                 | -0.047      |
|    n_updates            | 5210        |
|    policy_gradient_loss | -0.0197     |
|    std                  | 1.19        |
|    value_loss           | 0.00265     |
-----------------------------------------
-----------------------------------------
| rollout/                |             |
|    ep_len_mean          | 115         |
|    ep_rew_mean          | -0.354      |
| time/                   |             |
|    fps                  | 88          |
|    iterations           | 366         |
|    time_elapsed         | 1063        |
|    total_timesteps      | 133888      |
| train/                  |             |
|    approx_kl            | 0.006751892 |
|    clip_fraction        | 0.073       |
|    clip_range           | 0.2         |
|    entropy_loss         | -3.15       |
|    explained_variance   | -0.000768   |
|    learning_rate        | 0.0003      |
|    loss                 | -0.00921    |
|    n_updates            | 5220        |
|    policy_gradient_loss | -0.00992    |
|    std                  | 1.19        |
|    value_loss           | 0.00272     |
-----------------------------------------
------------------------------------------
| rollout/                |              |
|    ep_len_mean          | 115          |
|    ep_rew_mean          | -0.353       |
| time/                   |              |
|    fps                  | 88           |
|    iterations           | 367          |
|    time_elapsed         | 1066         |
|    total_timesteps      | 134144       |
| train/                  |              |
|    approx_kl            | 0.0074109565 |
|    clip_fraction        | 0.0582       |
|    clip_range           | 0.2          |
|    entropy_loss         | -3.15        |
|    explained_variance   | 0.0144       |
|    learning_rate        | 0.0003       |
|    loss                 | -0.0198      |
|    n_updates            | 5230         |
|    policy_gradient_loss | -0.00479     |
|    std                  | 1.19         |
|    value_loss           | 0.00254      |
------------------------------------------
-----------------------------------------
| rollout/                |             |
|    ep_len_mean          | 115         |
|    ep_rew_mean          | -0.352      |
| time/                   |             |
|    fps                  | 88          |
|    iterations           | 368         |
|    time_elapsed         | 1068        |
|    total_timesteps      | 134400      |
| train/                  |             |
|    approx_kl            | 0.004361093 |
|    clip_fraction        | 0.00469     |
|    clip_range           | 0.2         |
|    entropy_loss         | -3.15       |
|    explained_variance   | 0.00945     |
|    learning_rate        | 0.0003      |
|    loss                 | -0.044      |
|    n_updates            | 5240        |
|    policy_gradient_loss | -0.000643   |
|    std                  | 1.19        |
|    value_loss           | 0.00242     |
-----------------------------------------
------------------------------------------
| rollout/                |              |
|    ep_len_mean          | 115          |
|    ep_rew_mean          | -0.353       |
| time/                   |              |
|    fps                  | 88           |
|    iterations           | 369          |
|    time_elapsed         | 1073         |
|    total_timesteps      | 134656       |
| train/                  |              |
|    approx_kl            | 0.0063625164 |
|    clip_fraction        | 0.0961       |
|    clip_range           | 0.2          |
|    entropy_loss         | -3.14        |
|    explained_variance   | 0.0008       |
|    learning_rate        | 0.0003       |
|    loss                 | -0.0488      |
|    n_updates            | 5250         |
|    policy_gradient_loss | -0.0089      |
|    std                  | 1.19         |
|    value_loss           | 0.00266      |
------------------------------------------
------------------------------------------
| rollout/                |              |
|    ep_len_mean          | 115          |
|    ep_rew_mean          | -0.353       |
| time/                   |              |
|    fps                  | 88           |
|    iterations           | 370          |
|    time_elapsed         | 1075         |
|    total_timesteps      | 134912       |
| train/                  |              |
|    approx_kl            | 0.0055428883 |
|    clip_fraction        | 0.0215       |
|    clip_range           | 0.2          |
|    entropy_loss         | -3.14        |
|    explained_variance   | 0.0247       |
|    learning_rate        | 0.0003       |
|    loss                 | -0.0476      |
|    n_updates            | 5260         |
|    policy_gradient_loss | -0.00282     |
|    std                  | 1.19         |
|    value_loss           | 0.00256      |
------------------------------------------
------------------------------------------
| rollout/                |              |
|    ep_len_mean          | 115          |
|    ep_rew_mean          | -0.353       |
| time/                   |              |
|    fps                  | 88           |
|    iterations           | 371          |
|    time_elapsed         | 1078         |
|    total_timesteps      | 135168       |
| train/                  |              |
|    approx_kl            | 0.0063223867 |
|    clip_fraction        | 0.0395       |
|    clip_range           | 0.2          |
|    entropy_loss         | -3.14        |
|    explained_variance   | -0.0179      |
|    learning_rate        | 0.0003       |
|    loss                 | -0.0246      |
|    n_updates            | 5270         |
|    policy_gradient_loss | -0.00362     |
|    std                  | 1.18         |
|    value_loss           | 0.00255      |
------------------------------------------
-----------------------------------------
| rollout/                |             |
|    ep_len_mean          | 116         |
|    ep_rew_mean          | -0.566      |
| time/                   |             |
|    fps                  | 87          |
|    iterations           | 372         |
|    time_elapsed         | 1082        |
|    total_timesteps      | 135424      |
| train/                  |             |
|    approx_kl            | 0.004870494 |
|    clip_fraction        | 0.0492      |
|    clip_range           | 0.2         |
|    entropy_loss         | -3.13       |
|    explained_variance   | 0.00522     |
|    learning_rate        | 0.0003      |
|    loss                 | -0.0231     |
|    n_updates            | 5280        |
|    policy_gradient_loss | -0.00543    |
|    std                  | 1.18        |
|    value_loss           | 0.00241     |
-----------------------------------------
------------------------------------------
| rollout/                |              |
|    ep_len_mean          | 116          |
|    ep_rew_mean          | -0.565       |
| time/                   |              |
|    fps                  | 87           |
|    iterations           | 373          |
|    time_elapsed         | 1087         |
|    total_timesteps      | 135680       |
| train/                  |              |
|    approx_kl            | 0.0030217092 |
|    clip_fraction        | 0.00859      |
|    clip_range           | 0.2          |
|    entropy_loss         | -3.13        |
|    explained_variance   | 0.00618      |
|    learning_rate        | 0.0003       |
|    loss                 | -0.036       |
|    n_updates            | 5290         |
|    policy_gradient_loss | -0.00172     |
|    std                  | 1.18         |
|    value_loss           | 0.00256      |
------------------------------------------
------------------------------------------
| rollout/                |              |
|    ep_len_mean          | 116          |
|    ep_rew_mean          | -0.565       |
| time/                   |              |
|    fps                  | 87           |
|    iterations           | 374          |
|    time_elapsed         | 1091         |
|    total_timesteps      | 135936       |
| train/                  |              |
|    approx_kl            | 0.0042171357 |
|    clip_fraction        | 0.00469      |
|    clip_range           | 0.2          |
|    entropy_loss         | -3.13        |
|    explained_variance   | 0.0801       |
|    learning_rate        | 0.0003       |
|    loss                 | -0.0344      |
|    n_updates            | 5300         |
|    policy_gradient_loss | -0.00131     |
|    std                  | 1.18         |
|    value_loss           | 0.00229      |
------------------------------------------
------------------------------------------
| rollout/                |              |
|    ep_len_mean          | 116          |
|    ep_rew_mean          | -0.565       |
| time/                   |              |
|    fps                  | 87           |
|    iterations           | 375          |
|    time_elapsed         | 1094         |
|    total_timesteps      | 136192       |
| train/                  |              |
|    approx_kl            | 0.0045439904 |
|    clip_fraction        | 0.0539       |
|    clip_range           | 0.2          |
|    entropy_loss         | -3.13        |
|    explained_variance   | 0.0128       |
|    learning_rate        | 0.0003       |
|    loss                 | -0.0232      |
|    n_updates            | 5310         |
|    policy_gradient_loss | -0.00331     |
|    std                  | 1.18         |
|    value_loss           | 0.0025       |
------------------------------------------
-----------------------------------------
| rollout/                |             |
|    ep_len_mean          | 116         |
|    ep_rew_mean          | -0.566      |
| time/                   |             |
|    fps                  | 87          |
|    iterations           | 376         |
|    time_elapsed         | 1097        |
|    total_timesteps      | 136448      |
| train/                  |             |
|    approx_kl            | 0.002913418 |
|    clip_fraction        | 0.048       |
|    clip_range           | 0.2         |
|    entropy_loss         | -3.13       |
|    explained_variance   | 0.00275     |
|    learning_rate        | 0.0003      |
|    loss                 | -0.038      |
|    n_updates            | 5320        |
|    policy_gradient_loss | -0.00399    |
|    std                  | 1.17        |
|    value_loss           | 0.00252     |
-----------------------------------------
------------------------------------------
| rollout/                |              |
|    ep_len_mean          | 116          |
|    ep_rew_mean          | -0.567       |
| time/                   |              |
|    fps                  | 87           |
|    iterations           | 377          |
|    time_elapsed         | 1099         |
|    total_timesteps      | 136704       |
| train/                  |              |
|    approx_kl            | 0.0044646654 |
|    clip_fraction        | 0.0762       |
|    clip_range           | 0.2          |
|    entropy_loss         | -3.12        |
|    explained_variance   | 0.00286      |
|    learning_rate        | 0.0003       |
|    loss                 | -0.0349      |
|    n_updates            | 5330         |
|    policy_gradient_loss | -0.00517     |
|    std                  | 1.17         |
|    value_loss           | 0.00262      |
------------------------------------------
-----------------------------------------
| rollout/                |             |
|    ep_len_mean          | 116         |
|    ep_rew_mean          | -0.568      |
| time/                   |             |
|    fps                  | 87          |
|    iterations           | 378         |
|    time_elapsed         | 1102        |
|    total_timesteps      | 136960      |
| train/                  |             |
|    approx_kl            | 0.004149519 |
|    clip_fraction        | 0.0305      |
|    clip_range           | 0.2         |
|    entropy_loss         | -3.12       |
|    explained_variance   | 0.0647      |
|    learning_rate        | 0.0003      |
|    loss                 | -0.0262     |
|    n_updates            | 5340        |
|    policy_gradient_loss | -0.0032     |
|    std                  | 1.17        |
|    value_loss           | 0.00244     |
-----------------------------------------
------------------------------------------
| rollout/                |              |
|    ep_len_mean          | 116          |
|    ep_rew_mean          | -0.567       |
| time/                   |              |
|    fps                  | 87           |
|    iterations           | 379          |
|    time_elapsed         | 1107         |
|    total_timesteps      | 137216       |
| train/                  |              |
|    approx_kl            | 0.0047687413 |
|    clip_fraction        | 0.00664      |
|    clip_range           | 0.2          |
|    entropy_loss         | -3.11        |
|    explained_variance   | 0.00752      |
|    learning_rate        | 0.0003       |
|    loss                 | -0.0421      |
|    n_updates            | 5350         |
|    policy_gradient_loss | -0.00142     |
|    std                  | 1.17         |
|    value_loss           | 0.00247      |
------------------------------------------
------------------------------------------
| rollout/                |              |
|    ep_len_mean          | 116          |
|    ep_rew_mean          | -0.565       |
| time/                   |              |
|    fps                  | 87           |
|    iterations           | 380          |
|    time_elapsed         | 1109         |
|    total_timesteps      | 137472       |
| train/                  |              |
|    approx_kl            | 0.0053111613 |
|    clip_fraction        | 0.0211       |
|    clip_range           | 0.2          |
|    entropy_loss         | -3.11        |
|    explained_variance   | 0.0157       |
|    learning_rate        | 0.0003       |
|    loss                 | -0.00969     |
|    n_updates            | 5360         |
|    policy_gradient_loss | -0.0028      |
|    std                  | 1.16         |
|    value_loss           | 0.00237      |
------------------------------------------
------------------------------------------
| rollout/                |              |
|    ep_len_mean          | 116          |
|    ep_rew_mean          | -0.565       |
| time/                   |              |
|    fps                  | 87           |
|    iterations           | 381          |
|    time_elapsed         | 1112         |
|    total_timesteps      | 137728       |
| train/                  |              |
|    approx_kl            | 0.0043638106 |
|    clip_fraction        | 0.00664      |
|    clip_range           | 0.2          |
|    entropy_loss         | -3.1         |
|    explained_variance   | -0.016       |
|    learning_rate        | 0.0003       |
|    loss                 | -0.0355      |
|    n_updates            | 5370         |
|    policy_gradient_loss | -0.000481    |
|    std                  | 1.16         |
|    value_loss           | 0.00244      |
------------------------------------------
-----------------------------------------
| rollout/                |             |
|    ep_len_mean          | 115         |
|    ep_rew_mean          | -0.353      |
| time/                   |             |
|    fps                  | 87          |
|    iterations           | 382         |
|    time_elapsed         | 1117        |
|    total_timesteps      | 137984      |
| train/                  |             |
|    approx_kl            | 0.006435236 |
|    clip_fraction        | 0.0965      |
|    clip_range           | 0.2         |
|    entropy_loss         | -3.11       |
|    explained_variance   | -0.0239     |
|    learning_rate        | 0.0003      |
|    loss                 | -0.0588     |
|    n_updates            | 5380        |
|    policy_gradient_loss | -0.0125     |
|    std                  | 1.17        |
|    value_loss           | 0.00298     |
-----------------------------------------
-----------------------------------------
| rollout/                |             |
|    ep_len_mean          | 115         |
|    ep_rew_mean          | -0.353      |
| time/                   |             |
|    fps                  | 87          |
|    iterations           | 383         |
|    time_elapsed         | 1121        |
|    total_timesteps      | 138240      |
| train/                  |             |
|    approx_kl            | 0.005769726 |
|    clip_fraction        | 0.0652      |
|    clip_range           | 0.2         |
|    entropy_loss         | -3.11       |
|    explained_variance   | 0.000285    |
|    learning_rate        | 0.0003      |
|    loss                 | -0.046      |
|    n_updates            | 5390        |
|    policy_gradient_loss | -0.0058     |
|    std                  | 1.17        |
|    value_loss           | 1.72        |
-----------------------------------------
------------------------------------------
| rollout/                |              |
|    ep_len_mean          | 115          |
|    ep_rew_mean          | -0.353       |
| time/                   |              |
|    fps                  | 87           |
|    iterations           | 384          |
|    time_elapsed         | 1124         |
|    total_timesteps      | 138496       |
| train/                  |              |
|    approx_kl            | 0.0047200094 |
|    clip_fraction        | 0.0168       |
|    clip_range           | 0.2          |
|    entropy_loss         | -3.1         |
|    explained_variance   | 0.0137       |
|    learning_rate        | 0.0003       |
|    loss                 | -0.0308      |
|    n_updates            | 5400         |
|    policy_gradient_loss | -0.00253     |
|    std                  | 1.16         |
|    value_loss           | 0.00244      |
------------------------------------------
------------------------------------------
| rollout/                |              |
|    ep_len_mean          | 116          |
|    ep_rew_mean          | -0.565       |
| time/                   |              |
|    fps                  | 87           |
|    iterations           | 385          |
|    time_elapsed         | 1126         |
|    total_timesteps      | 138752       |
| train/                  |              |
|    approx_kl            | 0.0048571634 |
|    clip_fraction        | 0.0469       |
|    clip_range           | 0.2          |
|    entropy_loss         | -3.1         |
|    explained_variance   | 0.00193      |
|    learning_rate        | 0.0003       |
|    loss                 | -0.0334      |
|    n_updates            | 5410         |
|    policy_gradient_loss | -0.00298     |
|    std                  | 1.16         |
|    value_loss           | 0.00274      |
------------------------------------------
------------------------------------------
| rollout/                |              |
|    ep_len_mean          | 115          |
|    ep_rew_mean          | -0.353       |
| time/                   |              |
|    fps                  | 87           |
|    iterations           | 386          |
|    time_elapsed         | 1129         |
|    total_timesteps      | 139008       |
| train/                  |              |
|    approx_kl            | 0.0049402067 |
|    clip_fraction        | 0.0285       |
|    clip_range           | 0.2          |
|    entropy_loss         | -3.1         |
|    explained_variance   | -0.0298      |
|    learning_rate        | 0.0003       |
|    loss                 | -0.0389      |
|    n_updates            | 5420         |
|    policy_gradient_loss | -0.00341     |
|    std                  | 1.16         |
|    value_loss           | 0.00279      |
------------------------------------------
------------------------------------------
| rollout/                |              |
|    ep_len_mean          | 115          |
|    ep_rew_mean          | -0.353       |
| time/                   |              |
|    fps                  | 87           |
|    iterations           | 387          |
|    time_elapsed         | 1134         |
|    total_timesteps      | 139264       |
| train/                  |              |
|    approx_kl            | 0.0070659956 |
|    clip_fraction        | 0.0684       |
|    clip_range           | 0.2          |
|    entropy_loss         | -3.1         |
|    explained_variance   | -0.000395    |
|    learning_rate        | 0.0003       |
|    loss                 | -0.0386      |
|    n_updates            | 5430         |
|    policy_gradient_loss | -0.00493     |
|    std                  | 1.16         |
|    value_loss           | 1.72         |
------------------------------------------
------------------------------------------
| rollout/                |              |
|    ep_len_mean          | 115          |
|    ep_rew_mean          | -0.354       |
| time/                   |              |
|    fps                  | 87           |
|    iterations           | 388          |
|    time_elapsed         | 1138         |
|    total_timesteps      | 139520       |
| train/                  |              |
|    approx_kl            | 0.0043274737 |
|    clip_fraction        | 0.0328       |
|    clip_range           | 0.2          |
|    entropy_loss         | -3.09        |
|    explained_variance   | 0.00319      |
|    learning_rate        | 0.0003       |
|    loss                 | -0.0442      |
|    n_updates            | 5440         |
|    policy_gradient_loss | -0.00335     |
|    std                  | 1.16         |
|    value_loss           | 0.00227      |
------------------------------------------
------------------------------------------
| rollout/                |              |
|    ep_len_mean          | 115          |
|    ep_rew_mean          | -0.354       |
| time/                   |              |
|    fps                  | 87           |
|    iterations           | 389          |
|    time_elapsed         | 1141         |
|    total_timesteps      | 139776       |
| train/                  |              |
|    approx_kl            | 0.0059626624 |
|    clip_fraction        | 0.0707       |
|    clip_range           | 0.2          |
|    entropy_loss         | -3.09        |
|    explained_variance   | 0.000226     |
|    learning_rate        | 0.0003       |
|    loss                 | -0.0356      |
|    n_updates            | 5450         |
|    policy_gradient_loss | -0.00497     |
|    std                  | 1.16         |
|    value_loss           | 0.00258      |
------------------------------------------
-----------------------------------------
| rollout/                |             |
|    ep_len_mean          | 115         |
|    ep_rew_mean          | -0.353      |
| time/                   |             |
|    fps                  | 87          |
|    iterations           | 390         |
|    time_elapsed         | 1145        |
|    total_timesteps      | 140032      |
| train/                  |             |
|    approx_kl            | 0.007626509 |
|    clip_fraction        | 0.121       |
|    clip_range           | 0.2         |
|    entropy_loss         | -3.09       |
|    explained_variance   | 0.00667     |
|    learning_rate        | 0.0003      |
|    loss                 | -0.0484     |
|    n_updates            | 5460        |
|    policy_gradient_loss | -0.0122     |
|    std                  | 1.16        |
|    value_loss           | 0.00251     |
-----------------------------------------
-----------------------------------------
| rollout/                |             |
|    ep_len_mean          | 115         |
|    ep_rew_mean          | -0.353      |
| time/                   |             |
|    fps                  | 87          |
|    iterations           | 391         |
|    time_elapsed         | 1148        |
|    total_timesteps      | 140288      |
| train/                  |             |
|    approx_kl            | 0.005702185 |
|    clip_fraction        | 0.0504      |
|    clip_range           | 0.2         |
|    entropy_loss         | -3.09       |
|    explained_variance   | -0.0594     |
|    learning_rate        | 0.0003      |
|    loss                 | -0.0294     |
|    n_updates            | 5470        |
|    policy_gradient_loss | -0.00664    |
|    std                  | 1.16        |
|    value_loss           | 0.00241     |
-----------------------------------------
------------------------------------------
| rollout/                |              |
|    ep_len_mean          | 115          |
|    ep_rew_mean          | -0.352       |
| time/                   |              |
|    fps                  | 87           |
|    iterations           | 392          |
|    time_elapsed         | 1150         |
|    total_timesteps      | 140544       |
| train/                  |              |
|    approx_kl            | 0.0045543304 |
|    clip_fraction        | 0.0543       |
|    clip_range           | 0.2          |
|    entropy_loss         | -3.09        |
|    explained_variance   | -0.000702    |
|    learning_rate        | 0.0003       |
|    loss                 | -0.0374      |
|    n_updates            | 5480         |
|    policy_gradient_loss | -0.00546     |
|    std                  | 1.16         |
|    value_loss           | 0.00282      |
------------------------------------------
-----------------------------------------
| rollout/                |             |
|    ep_len_mean          | 115         |
|    ep_rew_mean          | -0.352      |
| time/                   |             |
|    fps                  | 87          |
|    iterations           | 393         |
|    time_elapsed         | 1153        |
|    total_timesteps      | 140800      |
| train/                  |             |
|    approx_kl            | 0.006708711 |
|    clip_fraction        | 0.075       |
|    clip_range           | 0.2         |
|    entropy_loss         | -3.09       |
|    explained_variance   | 0.00894     |
|    learning_rate        | 0.0003      |
|    loss                 | -0.0419     |
|    n_updates            | 5490        |
|    policy_gradient_loss | -0.00689    |
|    std                  | 1.16        |
|    value_loss           | 0.00262     |
-----------------------------------------
------------------------------------------
| rollout/                |              |
|    ep_len_mean          | 116          |
|    ep_rew_mean          | -0.564       |
| time/                   |              |
|    fps                  | 87           |
|    iterations           | 394          |
|    time_elapsed         | 1158         |
|    total_timesteps      | 141056       |
| train/                  |              |
|    approx_kl            | 0.0023666574 |
|    clip_fraction        | 0.00977      |
|    clip_range           | 0.2          |
|    entropy_loss         | -3.09        |
|    explained_variance   | 0.0219       |
|    learning_rate        | 0.0003       |
|    loss                 | -0.0349      |
|    n_updates            | 5500         |
|    policy_gradient_loss | -0.0013      |
|    std                  | 1.16         |
|    value_loss           | 0.0024       |
------------------------------------------
------------------------------------------
| rollout/                |              |
|    ep_len_mean          | 116          |
|    ep_rew_mean          | -0.563       |
| time/                   |              |
|    fps                  | 87           |
|    iterations           | 395          |
|    time_elapsed         | 1160         |
|    total_timesteps      | 141312       |
| train/                  |              |
|    approx_kl            | 0.0033616857 |
|    clip_fraction        | 0.00117      |
|    clip_range           | 0.2          |
|    entropy_loss         | -3.08        |
|    explained_variance   | -0.00501     |
|    learning_rate        | 0.0003       |
|    loss                 | -0.0417      |
|    n_updates            | 5510         |
|    policy_gradient_loss | -0.000986    |
|    std                  | 1.15         |
|    value_loss           | 0.00259      |
------------------------------------------
-----------------------------------------
| rollout/                |             |
|    ep_len_mean          | 116         |
|    ep_rew_mean          | -0.563      |
| time/                   |             |
|    fps                  | 87          |
|    iterations           | 396         |
|    time_elapsed         | 1165        |
|    total_timesteps      | 141568      |
| train/                  |             |
|    approx_kl            | 0.006313333 |
|    clip_fraction        | 0.0566      |
|    clip_range           | 0.2         |
|    entropy_loss         | -3.08       |
|    explained_variance   | 0.00549     |
|    learning_rate        | 0.0003      |
|    loss                 | -0.0478     |
|    n_updates            | 5520        |
|    policy_gradient_loss | -0.00576    |
|    std                  | 1.15        |
|    value_loss           | 0.00267     |
-----------------------------------------
-----------------------------------------
| rollout/                |             |
|    ep_len_mean          | 116         |
|    ep_rew_mean          | -0.564      |
| time/                   |             |
|    fps                  | 87          |
|    iterations           | 397         |
|    time_elapsed         | 1167        |
|    total_timesteps      | 141824      |
| train/                  |             |
|    approx_kl            | 0.008855502 |
|    clip_fraction        | 0.103       |
|    clip_range           | 0.2         |
|    entropy_loss         | -3.08       |
|    explained_variance   | -0.00326    |
|    learning_rate        | 0.0003      |
|    loss                 | -0.0569     |
|    n_updates            | 5530        |
|    policy_gradient_loss | -0.0105     |
|    std                  | 1.15        |
|    value_loss           | 0.0028      |
-----------------------------------------
------------------------------------------
| rollout/                |              |
|    ep_len_mean          | 116          |
|    ep_rew_mean          | -0.564       |
| time/                   |              |
|    fps                  | 87           |
|    iterations           | 398          |
|    time_elapsed         | 1170         |
|    total_timesteps      | 142080       |
| train/                  |              |
|    approx_kl            | 0.0075284326 |
|    clip_fraction        | 0.0777       |
|    clip_range           | 0.2          |
|    entropy_loss         | -3.08        |
|    explained_variance   | -0.00505     |
|    learning_rate        | 0.0003       |
|    loss                 | -0.0476      |
|    n_updates            | 5540         |
|    policy_gradient_loss | -0.00357     |
|    std                  | 1.15         |
|    value_loss           | 0.00279      |
------------------------------------------
------------------------------------------
| rollout/                |              |
|    ep_len_mean          | 116          |
|    ep_rew_mean          | -0.564       |
| time/                   |              |
|    fps                  | 86           |
|    iterations           | 399          |
|    time_elapsed         | 1174         |
|    total_timesteps      | 142336       |
| train/                  |              |
|    approx_kl            | 0.0044993684 |
|    clip_fraction        | 0.0082       |
|    clip_range           | 0.2          |
|    entropy_loss         | -3.07        |
|    explained_variance   | 0.00686      |
|    learning_rate        | 0.0003       |
|    loss                 | -0.0332      |
|    n_updates            | 5550         |
|    policy_gradient_loss | -0.00127     |
|    std                  | 1.15         |
|    value_loss           | 0.0027       |
------------------------------------------
-----------------------------------------
| rollout/                |             |
|    ep_len_mean          | 116         |
|    ep_rew_mean          | -0.563      |
| time/                   |             |
|    fps                  | 86          |
|    iterations           | 400         |
|    time_elapsed         | 1177        |
|    total_timesteps      | 142592      |
| train/                  |             |
|    approx_kl            | 0.008409394 |
|    clip_fraction        | 0.131       |
|    clip_range           | 0.2         |
|    entropy_loss         | -3.06       |
|    explained_variance   | 0.00385     |
|    learning_rate        | 0.0003      |
|    loss                 | -0.0367     |
|    n_updates            | 5560        |
|    policy_gradient_loss | -0.0133     |
|    std                  | 1.14        |
|    value_loss           | 0.00283     |
-----------------------------------------
-----------------------------------------
| rollout/                |             |
|    ep_len_mean          | 116         |
|    ep_rew_mean          | -0.564      |
| time/                   |             |
|    fps                  | 86          |
|    iterations           | 401         |
|    time_elapsed         | 1180        |
|    total_timesteps      | 142848      |
| train/                  |             |
|    approx_kl            | 0.007591064 |
|    clip_fraction        | 0.0832      |
|    clip_range           | 0.2         |
|    entropy_loss         | -3.05       |
|    explained_variance   | 0.0196      |
|    learning_rate        | 0.0003      |
|    loss                 | -0.0275     |
|    n_updates            | 5570        |
|    policy_gradient_loss | -0.0066     |
|    std                  | 1.14        |
|    value_loss           | 0.00267     |
-----------------------------------------
-----------------------------------------
| rollout/                |             |
|    ep_len_mean          | 116         |
|    ep_rew_mean          | -0.565      |
| time/                   |             |
|    fps                  | 86          |
|    iterations           | 402         |
|    time_elapsed         | 1183        |
|    total_timesteps      | 143104      |
| train/                  |             |
|    approx_kl            | 0.009369135 |
|    clip_fraction        | 0.0785      |
|    clip_range           | 0.2         |
|    entropy_loss         | -3.04       |
|    explained_variance   | -0.032      |
|    learning_rate        | 0.0003      |
|    loss                 | -0.0181     |
|    n_updates            | 5580        |
|    policy_gradient_loss | -0.00731    |
|    std                  | 1.13        |
|    value_loss           | 0.00221     |
-----------------------------------------
-----------------------------------------
| rollout/                |             |
|    ep_len_mean          | 118         |
|    ep_rew_mean          | -0.777      |
| time/                   |             |
|    fps                  | 87          |
|    iterations           | 403         |
|    time_elapsed         | 1185        |
|    total_timesteps      | 143360      |
| train/                  |             |
|    approx_kl            | 0.004717661 |
|    clip_fraction        | 0.0555      |
|    clip_range           | 0.2         |
|    entropy_loss         | -3.04       |
|    explained_variance   | 0.0271      |
|    learning_rate        | 0.0003      |
|    loss                 | -0.0419     |
|    n_updates            | 5590        |
|    policy_gradient_loss | -0.0047     |
|    std                  | 1.13        |
|    value_loss           | 0.00242     |
-----------------------------------------
------------------------------------------
| rollout/                |              |
|    ep_len_mean          | 118          |
|    ep_rew_mean          | -0.777       |
| time/                   |              |
|    fps                  | 87           |
|    iterations           | 404          |
|    time_elapsed         | 1188         |
|    total_timesteps      | 143616       |
| train/                  |              |
|    approx_kl            | 0.0067773825 |
|    clip_fraction        | 0.0895       |
|    clip_range           | 0.2          |
|    entropy_loss         | -3.04        |
|    explained_variance   | 0.0144       |
|    learning_rate        | 0.0003       |
|    loss                 | -0.0358      |
|    n_updates            | 5600         |
|    policy_gradient_loss | -0.00909     |
|    std                  | 1.14         |
|    value_loss           | 0.00279      |
------------------------------------------
------------------------------------------
| rollout/                |              |
|    ep_len_mean          | 118          |
|    ep_rew_mean          | -0.777       |
| time/                   |              |
|    fps                  | 87           |
|    iterations           | 405          |
|    time_elapsed         | 1190         |
|    total_timesteps      | 143872       |
| train/                  |              |
|    approx_kl            | 0.0038533884 |
|    clip_fraction        | 0.034        |
|    clip_range           | 0.2          |
|    entropy_loss         | -3.05        |
|    explained_variance   | 0.000549     |
|    learning_rate        | 0.0003       |
|    loss                 | -0.0361      |
|    n_updates            | 5610         |
|    policy_gradient_loss | -0.00319     |
|    std                  | 1.14         |
|    value_loss           | 0.00223      |
------------------------------------------
------------------------------------------
| rollout/                |              |
|    ep_len_mean          | 118          |
|    ep_rew_mean          | -0.777       |
| time/                   |              |
|    fps                  | 87           |
|    iterations           | 406          |
|    time_elapsed         | 1193         |
|    total_timesteps      | 144128       |
| train/                  |              |
|    approx_kl            | 0.0065231733 |
|    clip_fraction        | 0.0387       |
|    clip_range           | 0.2          |
|    entropy_loss         | -3.05        |
|    explained_variance   | -0.0125      |
|    learning_rate        | 0.0003       |
|    loss                 | -0.0355      |
|    n_updates            | 5620         |
|    policy_gradient_loss | -0.00295     |
|    std                  | 1.14         |
|    value_loss           | 0.00234      |
------------------------------------------
------------------------------------------
| rollout/                |              |
|    ep_len_mean          | 118          |
|    ep_rew_mean          | -0.779       |
| time/                   |              |
|    fps                  | 87           |
|    iterations           | 407          |
|    time_elapsed         | 1196         |
|    total_timesteps      | 144384       |
| train/                  |              |
|    approx_kl            | 0.0042641303 |
|    clip_fraction        | 0.00313      |
|    clip_range           | 0.2          |
|    entropy_loss         | -3.06        |
|    explained_variance   | -0.0158      |
|    learning_rate        | 0.0003       |
|    loss                 | -0.0507      |
|    n_updates            | 5630         |
|    policy_gradient_loss | -0.00075     |
|    std                  | 1.14         |
|    value_loss           | 0.00232      |
------------------------------------------
------------------------------------------
| rollout/                |              |
|    ep_len_mean          | 118          |
|    ep_rew_mean          | -0.779       |
| time/                   |              |
|    fps                  | 87           |
|    iterations           | 408          |
|    time_elapsed         | 1198         |
|    total_timesteps      | 144640       |
| train/                  |              |
|    approx_kl            | 0.0044180593 |
|    clip_fraction        | 0.0148       |
|    clip_range           | 0.2          |
|    entropy_loss         | -3.06        |
|    explained_variance   | 0.0205       |
|    learning_rate        | 0.0003       |
|    loss                 | -0.0505      |
|    n_updates            | 5640         |
|    policy_gradient_loss | -0.00292     |
|    std                  | 1.14         |
|    value_loss           | 0.00257      |
------------------------------------------
------------------------------------------
| rollout/                |              |
|    ep_len_mean          | 118          |
|    ep_rew_mean          | -0.78        |
| time/                   |              |
|    fps                  | 87           |
|    iterations           | 409          |
|    time_elapsed         | 1201         |
|    total_timesteps      | 144896       |
| train/                  |              |
|    approx_kl            | 0.0053415094 |
|    clip_fraction        | 0.0262       |
|    clip_range           | 0.2          |
|    entropy_loss         | -3.07        |
|    explained_variance   | -0.00128     |
|    learning_rate        | 0.0003       |
|    loss                 | -0.0453      |
|    n_updates            | 5650         |
|    policy_gradient_loss | -0.00236     |
|    std                  | 1.15         |
|    value_loss           | 0.00239      |
------------------------------------------
-----------------------------------------
| rollout/                |             |
|    ep_len_mean          | 118         |
|    ep_rew_mean          | -0.78       |
| time/                   |             |
|    fps                  | 87          |
|    iterations           | 410         |
|    time_elapsed         | 1206        |
|    total_timesteps      | 145152      |
| train/                  |             |
|    approx_kl            | 0.005016974 |
|    clip_fraction        | 0.0469      |
|    clip_range           | 0.2         |
|    entropy_loss         | -3.07       |
|    explained_variance   | -0.000785   |
|    learning_rate        | 0.0003      |
|    loss                 | -0.0417     |
|    n_updates            | 5660        |
|    policy_gradient_loss | -0.00237    |
|    std                  | 1.15        |
|    value_loss           | 0.00255     |
-----------------------------------------
------------------------------------------
| rollout/                |              |
|    ep_len_mean          | 116          |
|    ep_rew_mean          | -0.568       |
| time/                   |              |
|    fps                  | 87           |
|    iterations           | 411          |
|    time_elapsed         | 1208         |
|    total_timesteps      | 145408       |
| train/                  |              |
|    approx_kl            | 0.0049042753 |
|    clip_fraction        | 0.0605       |
|    clip_range           | 0.2          |
|    entropy_loss         | -3.08        |
|    explained_variance   | 0.00212      |
|    learning_rate        | 0.0003       |
|    loss                 | -0.0414      |
|    n_updates            | 5670         |
|    policy_gradient_loss | -0.00717     |
|    std                  | 1.16         |
|    value_loss           | 0.00217      |
------------------------------------------
-----------------------------------------
| rollout/                |             |
|    ep_len_mean          | 115         |
|    ep_rew_mean          | -0.358      |
| time/                   |             |
|    fps                  | 87          |
|    iterations           | 412         |
|    time_elapsed         | 1211        |
|    total_timesteps      | 145664      |
| train/                  |             |
|    approx_kl            | 0.009953754 |
|    clip_fraction        | 0.0664      |
|    clip_range           | 0.2         |
|    entropy_loss         | -3.08       |
|    explained_variance   | 0.00047     |
|    learning_rate        | 0.0003      |
|    loss                 | 3.4         |
|    n_updates            | 5680        |
|    policy_gradient_loss | -0.00648    |
|    std                  | 1.16        |
|    value_loss           | 1.72        |
-----------------------------------------
-----------------------------------------
| rollout/                |             |
|    ep_len_mean          | 115         |
|    ep_rew_mean          | -0.358      |
| time/                   |             |
|    fps                  | 87          |
|    iterations           | 413         |
|    time_elapsed         | 1214        |
|    total_timesteps      | 145920      |
| train/                  |             |
|    approx_kl            | 0.007885164 |
|    clip_fraction        | 0.0633      |
|    clip_range           | 0.2         |
|    entropy_loss         | -3.09       |
|    explained_variance   | 0.00037     |
|    learning_rate        | 0.0003      |
|    loss                 | 3.39        |
|    n_updates            | 5690        |
|    policy_gradient_loss | -0.00334    |
|    std                  | 1.16        |
|    value_loss           | 1.71        |
-----------------------------------------
------------------------------------------
| rollout/                |              |
|    ep_len_mean          | 115          |
|    ep_rew_mean          | -0.358       |
| time/                   |              |
|    fps                  | 87           |
|    iterations           | 414          |
|    time_elapsed         | 1217         |
|    total_timesteps      | 146176       |
| train/                  |              |
|    approx_kl            | 0.0048689963 |
|    clip_fraction        | 0.0664       |
|    clip_range           | 0.2          |
|    entropy_loss         | -3.08        |
|    explained_variance   | 0.0172       |
|    learning_rate        | 0.0003       |
|    loss                 | -0.0454      |
|    n_updates            | 5700         |
|    policy_gradient_loss | -0.00568     |
|    std                  | 1.16         |
|    value_loss           | 0.00241      |
------------------------------------------
------------------------------------------
| rollout/                |              |
|    ep_len_mean          | 114          |
|    ep_rew_mean          | -0.146       |
| time/                   |              |
|    fps                  | 87           |
|    iterations           | 415          |
|    time_elapsed         | 1219         |
|    total_timesteps      | 146432       |
| train/                  |              |
|    approx_kl            | 0.0024255116 |
|    clip_fraction        | 0.000781     |
|    clip_range           | 0.2          |
|    entropy_loss         | -3.09        |
|    explained_variance   | -0.0144      |
|    learning_rate        | 0.0003       |
|    loss                 | -0.0225      |
|    n_updates            | 5710         |
|    policy_gradient_loss | -0.000505    |
|    std                  | 1.16         |
|    value_loss           | 0.00242      |
------------------------------------------
-----------------------------------------
| rollout/                |             |
|    ep_len_mean          | 114         |
|    ep_rew_mean          | -0.146      |
| time/                   |             |
|    fps                  | 87          |
|    iterations           | 416         |
|    time_elapsed         | 1222        |
|    total_timesteps      | 146688      |
| train/                  |             |
|    approx_kl            | 0.003907359 |
|    clip_fraction        | 0.018       |
|    clip_range           | 0.2         |
|    entropy_loss         | -3.09       |
|    explained_variance   | 0.00028     |
|    learning_rate        | 0.0003      |
|    loss                 | -0.0424     |
|    n_updates            | 5720        |
|    policy_gradient_loss | -0.000573   |
|    std                  | 1.16        |
|    value_loss           | 1.71        |
-----------------------------------------
-----------------------------------------
| rollout/                |             |
|    ep_len_mean          | 114         |
|    ep_rew_mean          | -0.145      |
| time/                   |             |
|    fps                  | 87          |
|    iterations           | 417         |
|    time_elapsed         | 1225        |
|    total_timesteps      | 146944      |
| train/                  |             |
|    approx_kl            | 0.009220951 |
|    clip_fraction        | 0.157       |
|    clip_range           | 0.2         |
|    entropy_loss         | -3.09       |
|    explained_variance   | -0.0178     |
|    learning_rate        | 0.0003      |
|    loss                 | -0.0527     |
|    n_updates            | 5730        |
|    policy_gradient_loss | -0.0154     |
|    std                  | 1.16        |
|    value_loss           | 0.00244     |
-----------------------------------------
----------------------------------------
| rollout/                |            |
|    ep_len_mean          | 114        |
|    ep_rew_mean          | -0.145     |
| time/                   |            |
|    fps                  | 87         |
|    iterations           | 418        |
|    time_elapsed         | 1228       |
|    total_timesteps      | 147200     |
| train/                  |            |
|    approx_kl            | 0.00994076 |
|    clip_fraction        | 0.0609     |
|    clip_range           | 0.2        |
|    entropy_loss         | -3.09      |
|    explained_variance   | -0.0029    |
|    learning_rate        | 0.0003     |
|    loss                 | -0.0303    |
|    n_updates            | 5740       |
|    policy_gradient_loss | -0.00587   |
|    std                  | 1.17       |
|    value_loss           | 0.00244    |
----------------------------------------
-----------------------------------------
| rollout/                |             |
|    ep_len_mean          | 114         |
|    ep_rew_mean          | -0.145      |
| time/                   |             |
|    fps                  | 87          |
|    iterations           | 419         |
|    time_elapsed         | 1232        |
|    total_timesteps      | 147456      |
| train/                  |             |
|    approx_kl            | 0.007375587 |
|    clip_fraction        | 0.0246      |
|    clip_range           | 0.2         |
|    entropy_loss         | -3.1        |
|    explained_variance   | -0.0063     |
|    learning_rate        | 0.0003      |
|    loss                 | -0.0272     |
|    n_updates            | 5750        |
|    policy_gradient_loss | -0.00329    |
|    std                  | 1.17        |
|    value_loss           | 0.00258     |
-----------------------------------------
-----------------------------------------
| rollout/                |             |
|    ep_len_mean          | 114         |
|    ep_rew_mean          | -0.144      |
| time/                   |             |
|    fps                  | 87          |
|    iterations           | 420         |
|    time_elapsed         | 1235        |
|    total_timesteps      | 147712      |
| train/                  |             |
|    approx_kl            | 0.004649316 |
|    clip_fraction        | 0.0273      |
|    clip_range           | 0.2         |
|    entropy_loss         | -3.11       |
|    explained_variance   | -0.0397     |
|    learning_rate        | 0.0003      |
|    loss                 | -0.0338     |
|    n_updates            | 5760        |
|    policy_gradient_loss | -0.0028     |
|    std                  | 1.18        |
|    value_loss           | 0.00242     |
-----------------------------------------
------------------------------------------
| rollout/                |              |
|    ep_len_mean          | 114          |
|    ep_rew_mean          | -0.143       |
| time/                   |              |
|    fps                  | 87           |
|    iterations           | 421          |
|    time_elapsed         | 1237         |
|    total_timesteps      | 147968       |
| train/                  |              |
|    approx_kl            | 0.0036204595 |
|    clip_fraction        | 0.0566       |
|    clip_range           | 0.2          |
|    entropy_loss         | -3.12        |
|    explained_variance   | 0.0104       |
|    learning_rate        | 0.0003       |
|    loss                 | -0.0319      |
|    n_updates            | 5770         |
|    policy_gradient_loss | -0.00353     |
|    std                  | 1.18         |
|    value_loss           | 0.00262      |
------------------------------------------
-----------------------------------------
| rollout/                |             |
|    ep_len_mean          | 114         |
|    ep_rew_mean          | -0.142      |
| time/                   |             |
|    fps                  | 87          |
|    iterations           | 422         |
|    time_elapsed         | 1240        |
|    total_timesteps      | 148224      |
| train/                  |             |
|    approx_kl            | 0.003918179 |
|    clip_fraction        | 0.0223      |
|    clip_range           | 0.2         |
|    entropy_loss         | -3.13       |
|    explained_variance   | -0.00147    |
|    learning_rate        | 0.0003      |
|    loss                 | -0.0338     |
|    n_updates            | 5780        |
|    policy_gradient_loss | -0.00265    |
|    std                  | 1.18        |
|    value_loss           | 0.00255     |
-----------------------------------------
------------------------------------------
| rollout/                |              |
|    ep_len_mean          | 114          |
|    ep_rew_mean          | -0.143       |
| time/                   |              |
|    fps                  | 87           |
|    iterations           | 423          |
|    time_elapsed         | 1242         |
|    total_timesteps      | 148480       |
| train/                  |              |
|    approx_kl            | 0.0034169955 |
|    clip_fraction        | 0.00313      |
|    clip_range           | 0.2          |
|    entropy_loss         | -3.13        |
|    explained_variance   | -0.00374     |
|    learning_rate        | 0.0003       |
|    loss                 | -0.0399      |
|    n_updates            | 5790         |
|    policy_gradient_loss | -0.00117     |
|    std                  | 1.19         |
|    value_loss           | 0.00256      |
------------------------------------------
------------------------------------------
| rollout/                |              |
|    ep_len_mean          | 114          |
|    ep_rew_mean          | -0.145       |
| time/                   |              |
|    fps                  | 87           |
|    iterations           | 424          |
|    time_elapsed         | 1247         |
|    total_timesteps      | 148736       |
| train/                  |              |
|    approx_kl            | 0.0050014104 |
|    clip_fraction        | 0.0668       |
|    clip_range           | 0.2          |
|    entropy_loss         | -3.13        |
|    explained_variance   | -0.01        |
|    learning_rate        | 0.0003       |
|    loss                 | -0.0403      |
|    n_updates            | 5800         |
|    policy_gradient_loss | -0.00449     |
|    std                  | 1.19         |
|    value_loss           | 0.00261      |
------------------------------------------
-----------------------------------------
| rollout/                |             |
|    ep_len_mean          | 114         |
|    ep_rew_mean          | -0.145      |
| time/                   |             |
|    fps                  | 87          |
|    iterations           | 425         |
|    time_elapsed         | 1250        |
|    total_timesteps      | 148992      |
| train/                  |             |
|    approx_kl            | 0.009348176 |
|    clip_fraction        | 0.124       |
|    clip_range           | 0.2         |
|    entropy_loss         | -3.14       |
|    explained_variance   | 0.0166      |
|    learning_rate        | 0.0003      |
|    loss                 | -0.038      |
|    n_updates            | 5810        |
|    policy_gradient_loss | -0.0133     |
|    std                  | 1.19        |
|    value_loss           | 0.00253     |
-----------------------------------------
------------------------------------------
| rollout/                |              |
|    ep_len_mean          | 114          |
|    ep_rew_mean          | -0.144       |
| time/                   |              |
|    fps                  | 86           |
|    iterations           | 426          |
|    time_elapsed         | 1254         |
|    total_timesteps      | 149248       |
| train/                  |              |
|    approx_kl            | 0.0072274953 |
|    clip_fraction        | 0.0648       |
|    clip_range           | 0.2          |
|    entropy_loss         | -3.14        |
|    explained_variance   | -0.00815     |
|    learning_rate        | 0.0003       |
|    loss                 | -0.0426      |
|    n_updates            | 5820         |
|    policy_gradient_loss | -0.00563     |
|    std                  | 1.19         |
|    value_loss           | 0.00222      |
------------------------------------------
-----------------------------------------
| rollout/                |             |
|    ep_len_mean          | 115         |
|    ep_rew_mean          | -0.356      |
| time/                   |             |
|    fps                  | 86          |
|    iterations           | 427         |
|    time_elapsed         | 1257        |
|    total_timesteps      | 149504      |
| train/                  |             |
|    approx_kl            | 0.003301095 |
|    clip_fraction        | 0.05        |
|    clip_range           | 0.2         |
|    entropy_loss         | -3.14       |
|    explained_variance   | 0.0211      |
|    learning_rate        | 0.0003      |
|    loss                 | -0.0301     |
|    n_updates            | 5830        |
|    policy_gradient_loss | -0.00523    |
|    std                  | 1.2         |
|    value_loss           | 0.00253     |
-----------------------------------------
------------------------------------------
| rollout/                |              |
|    ep_len_mean          | 115          |
|    ep_rew_mean          | -0.356       |
| time/                   |              |
|    fps                  | 86           |
|    iterations           | 428          |
|    time_elapsed         | 1259         |
|    total_timesteps      | 149760       |
| train/                  |              |
|    approx_kl            | 0.0025743635 |
|    clip_fraction        | 0.00195      |
|    clip_range           | 0.2          |
|    entropy_loss         | -3.15        |
|    explained_variance   | -0.0289      |
|    learning_rate        | 0.0003       |
|    loss                 | -0.0294      |
|    n_updates            | 5840         |
|    policy_gradient_loss | -0.000758    |
|    std                  | 1.2          |
|    value_loss           | 0.00253      |
------------------------------------------
-----------------------------------------
| rollout/                |             |
|    ep_len_mean          | 115         |
|    ep_rew_mean          | -0.355      |
| time/                   |             |
|    fps                  | 86          |
|    iterations           | 429         |
|    time_elapsed         | 1262        |
|    total_timesteps      | 150016      |
| train/                  |             |
|    approx_kl            | 0.008126012 |
|    clip_fraction        | 0.0781      |
|    clip_range           | 0.2         |
|    entropy_loss         | -3.16       |
|    explained_variance   | 0.00948     |
|    learning_rate        | 0.0003      |
|    loss                 | -0.04       |
|    n_updates            | 5850        |
|    policy_gradient_loss | -0.00617    |
|    std                  | 1.2         |
|    value_loss           | 0.00238     |
-----------------------------------------
-----------------------------------------
| rollout/                |             |
|    ep_len_mean          | 115         |
|    ep_rew_mean          | -0.356      |
| time/                   |             |
|    fps                  | 86          |
|    iterations           | 430         |
|    time_elapsed         | 1266        |
|    total_timesteps      | 150272      |
| train/                  |             |
|    approx_kl            | 0.008255773 |
|    clip_fraction        | 0.0859      |
|    clip_range           | 0.2         |
|    entropy_loss         | -3.16       |
|    explained_variance   | 0.0132      |
|    learning_rate        | 0.0003      |
|    loss                 | -0.0505     |
|    n_updates            | 5860        |
|    policy_gradient_loss | -0.0082     |
|    std                  | 1.2         |
|    value_loss           | 0.0023      |
-----------------------------------------
-----------------------------------------
| rollout/                |             |
|    ep_len_mean          | 116         |
|    ep_rew_mean          | -0.569      |
| time/                   |             |
|    fps                  | 86          |
|    iterations           | 431         |
|    time_elapsed         | 1269        |
|    total_timesteps      | 150528      |
| train/                  |             |
|    approx_kl            | 0.012304326 |
|    clip_fraction        | 0.154       |
|    clip_range           | 0.2         |
|    entropy_loss         | -3.16       |
|    explained_variance   | -0.0214     |
|    learning_rate        | 0.0003      |
|    loss                 | -0.029      |
|    n_updates            | 5870        |
|    policy_gradient_loss | -0.016      |
|    std                  | 1.21        |
|    value_loss           | 0.00239     |
-----------------------------------------
------------------------------------------
| rollout/                |              |
|    ep_len_mean          | 116          |
|    ep_rew_mean          | -0.567       |
| time/                   |              |
|    fps                  | 86           |
|    iterations           | 432          |
|    time_elapsed         | 1274         |
|    total_timesteps      | 150784       |
| train/                  |              |
|    approx_kl            | 0.0026903076 |
|    clip_fraction        | 0.0309       |
|    clip_range           | 0.2          |
|    entropy_loss         | -3.16        |
|    explained_variance   | -0.0101      |
|    learning_rate        | 0.0003       |
|    loss                 | -0.025       |
|    n_updates            | 5880         |
|    policy_gradient_loss | -0.00123     |
|    std                  | 1.2          |
|    value_loss           | 0.00238      |
------------------------------------------
-----------------------------------------
| rollout/                |             |
|    ep_len_mean          | 116         |
|    ep_rew_mean          | -0.567      |
| time/                   |             |
|    fps                  | 86          |
|    iterations           | 433         |
|    time_elapsed         | 1276        |
|    total_timesteps      | 151040      |
| train/                  |             |
|    approx_kl            | 0.007562657 |
|    clip_fraction        | 0.0672      |
|    clip_range           | 0.2         |
|    entropy_loss         | -3.16       |
|    explained_variance   | -0.00679    |
|    learning_rate        | 0.0003      |
|    loss                 | -0.0311     |
|    n_updates            | 5890        |
|    policy_gradient_loss | -0.00663    |
|    std                  | 1.2         |
|    value_loss           | 0.0023      |
-----------------------------------------
-----------------------------------------
| rollout/                |             |
|    ep_len_mean          | 116         |
|    ep_rew_mean          | -0.567      |
| time/                   |             |
|    fps                  | 86          |
|    iterations           | 434         |
|    time_elapsed         | 1281        |
|    total_timesteps      | 151296      |
| train/                  |             |
|    approx_kl            | 0.010988741 |
|    clip_fraction        | 0.0543      |
|    clip_range           | 0.2         |
|    entropy_loss         | -3.16       |
|    explained_variance   | -0.000579   |
|    learning_rate        | 0.0003      |
|    loss                 | -0.0249     |
|    n_updates            | 5900        |
|    policy_gradient_loss | -0.00648    |
|    std                  | 1.2         |
|    value_loss           | 0.00256     |
-----------------------------------------
-----------------------------------------
| rollout/                |             |
|    ep_len_mean          | 116         |
|    ep_rew_mean          | -0.567      |
| time/                   |             |
|    fps                  | 86          |
|    iterations           | 435         |
|    time_elapsed         | 1285        |
|    total_timesteps      | 151552      |
| train/                  |             |
|    approx_kl            | 0.008777254 |
|    clip_fraction        | 0.13        |
|    clip_range           | 0.2         |
|    entropy_loss         | -3.17       |
|    explained_variance   | -0.00873    |
|    learning_rate        | 0.0003      |
|    loss                 | -0.0553     |
|    n_updates            | 5910        |
|    policy_gradient_loss | -0.0154     |
|    std                  | 1.21        |
|    value_loss           | 0.00243     |
-----------------------------------------
------------------------------------------
| rollout/                |              |
|    ep_len_mean          | 116          |
|    ep_rew_mean          | -0.567       |
| time/                   |              |
|    fps                  | 86           |
|    iterations           | 436          |
|    time_elapsed         | 1288         |
|    total_timesteps      | 151808       |
| train/                  |              |
|    approx_kl            | 0.0037319635 |
|    clip_fraction        | 0.00313      |
|    clip_range           | 0.2          |
|    entropy_loss         | -3.17        |
|    explained_variance   | -2.32e-05    |
|    learning_rate        | 0.0003       |
|    loss                 | -0.031       |
|    n_updates            | 5920         |
|    policy_gradient_loss | -0.000336    |
|    std                  | 1.21         |
|    value_loss           | 0.00258      |
------------------------------------------
-----------------------------------------
| rollout/                |             |
|    ep_len_mean          | 116         |
|    ep_rew_mean          | -0.567      |
| time/                   |             |
|    fps                  | 86          |
|    iterations           | 437         |
|    time_elapsed         | 1292        |
|    total_timesteps      | 152064      |
| train/                  |             |
|    approx_kl            | 0.010248879 |
|    clip_fraction        | 0.0738      |
|    clip_range           | 0.2         |
|    entropy_loss         | -3.17       |
|    explained_variance   | -0.00067    |
|    learning_rate        | 0.0003      |
|    loss                 | -0.0134     |
|    n_updates            | 5930        |
|    policy_gradient_loss | -0.00366    |
|    std                  | 1.21        |
|    value_loss           | 0.00262     |
-----------------------------------------
------------------------------------------
| rollout/                |              |
|    ep_len_mean          | 116          |
|    ep_rew_mean          | -0.567       |
| time/                   |              |
|    fps                  | 86           |
|    iterations           | 438          |
|    time_elapsed         | 1295         |
|    total_timesteps      | 152320       |
| train/                  |              |
|    approx_kl            | 0.0058665727 |
|    clip_fraction        | 0.0344       |
|    clip_range           | 0.2          |
|    entropy_loss         | -3.17        |
|    explained_variance   | -0.00458     |
|    learning_rate        | 0.0003       |
|    loss                 | -0.0297      |
|    n_updates            | 5940         |
|    policy_gradient_loss | -0.00343     |
|    std                  | 1.2          |
|    value_loss           | 0.00256      |
------------------------------------------
------------------------------------------
| rollout/                |              |
|    ep_len_mean          | 116          |
|    ep_rew_mean          | -0.566       |
| time/                   |              |
|    fps                  | 86           |
|    iterations           | 439          |
|    time_elapsed         | 1297         |
|    total_timesteps      | 152576       |
| train/                  |              |
|    approx_kl            | 0.0070549734 |
|    clip_fraction        | 0.0688       |
|    clip_range           | 0.2          |
|    entropy_loss         | -3.17        |
|    explained_variance   | 0.00312      |
|    learning_rate        | 0.0003       |
|    loss                 | -0.00687     |
|    n_updates            | 5950         |
|    policy_gradient_loss | -0.00318     |
|    std                  | 1.2          |
|    value_loss           | 0.00249      |
------------------------------------------
------------------------------------------
| rollout/                |              |
|    ep_len_mean          | 116          |
|    ep_rew_mean          | -0.566       |
| time/                   |              |
|    fps                  | 86           |
|    iterations           | 440          |
|    time_elapsed         | 1300         |
|    total_timesteps      | 152832       |
| train/                  |              |
|    approx_kl            | 0.0057633864 |
|    clip_fraction        | 0.034        |
|    clip_range           | 0.2          |
|    entropy_loss         | -3.17        |
|    explained_variance   | 0.00364      |
|    learning_rate        | 0.0003       |
|    loss                 | -0.0286      |
|    n_updates            | 5960         |
|    policy_gradient_loss | -0.00359     |
|    std                  | 1.21         |
|    value_loss           | 0.00244      |
------------------------------------------
------------------------------------------
| rollout/                |              |
|    ep_len_mean          | 116          |
|    ep_rew_mean          | -0.567       |
| time/                   |              |
|    fps                  | 86           |
|    iterations           | 441          |
|    time_elapsed         | 1303         |
|    total_timesteps      | 153088       |
| train/                  |              |
|    approx_kl            | 0.0032088195 |
|    clip_fraction        | 0.0402       |
|    clip_range           | 0.2          |
|    entropy_loss         | -3.17        |
|    explained_variance   | 0.00176      |
|    learning_rate        | 0.0003       |
|    loss                 | -0.0326      |
|    n_updates            | 5970         |
|    policy_gradient_loss | -0.00425     |
|    std                  | 1.21         |
|    value_loss           | 0.0028       |
------------------------------------------
-----------------------------------------
| rollout/                |             |
|    ep_len_mean          | 116         |
|    ep_rew_mean          | -0.566      |
| time/                   |             |
|    fps                  | 86          |
|    iterations           | 442         |
|    time_elapsed         | 1305        |
|    total_timesteps      | 153344      |
| train/                  |             |
|    approx_kl            | 0.008080134 |
|    clip_fraction        | 0.0578      |
|    clip_range           | 0.2         |
|    entropy_loss         | -3.17       |
|    explained_variance   | -0.0218     |
|    learning_rate        | 0.0003      |
|    loss                 | -0.0288     |
|    n_updates            | 5980        |
|    policy_gradient_loss | -0.00609    |
|    std                  | 1.21        |
|    value_loss           | 0.00254     |
-----------------------------------------
------------------------------------------
| rollout/                |              |
|    ep_len_mean          | 116          |
|    ep_rew_mean          | -0.565       |
| time/                   |              |
|    fps                  | 86           |
|    iterations           | 443          |
|    time_elapsed         | 1308         |
|    total_timesteps      | 153600       |
| train/                  |              |
|    approx_kl            | 0.0035808207 |
|    clip_fraction        | 0.0219       |
|    clip_range           | 0.2          |
|    entropy_loss         | -3.18        |
|    explained_variance   | 0.0183       |
|    learning_rate        | 0.0003       |
|    loss                 | -0.0261      |
|    n_updates            | 5990         |
|    policy_gradient_loss | -0.00234     |
|    std                  | 1.21         |
|    value_loss           | 0.00278      |
------------------------------------------
------------------------------------------
| rollout/                |              |
|    ep_len_mean          | 116          |
|    ep_rew_mean          | -0.566       |
| time/                   |              |
|    fps                  | 86           |
|    iterations           | 444          |
|    time_elapsed         | 1310         |
|    total_timesteps      | 153856       |
| train/                  |              |
|    approx_kl            | 0.0064385687 |
|    clip_fraction        | 0.0551       |
|    clip_range           | 0.2          |
|    entropy_loss         | -3.17        |
|    explained_variance   | -0.0153      |
|    learning_rate        | 0.0003       |
|    loss                 | -0.0517      |
|    n_updates            | 6000         |
|    policy_gradient_loss | -0.00714     |
|    std                  | 1.21         |
|    value_loss           | 0.0025       |
------------------------------------------
-----------------------------------------
| rollout/                |             |
|    ep_len_mean          | 115         |
|    ep_rew_mean          | -0.355      |
| time/                   |             |
|    fps                  | 86          |
|    iterations           | 445         |
|    time_elapsed         | 1313        |
|    total_timesteps      | 154112      |
| train/                  |             |
|    approx_kl            | 0.006087153 |
|    clip_fraction        | 0.0324      |
|    clip_range           | 0.2         |
|    entropy_loss         | -3.16       |
|    explained_variance   | 0.0111      |
|    learning_rate        | 0.0003      |
|    loss                 | -0.0376     |
|    n_updates            | 6010        |
|    policy_gradient_loss | -0.00126    |
|    std                  | 1.21        |
|    value_loss           | 0.00251     |
-----------------------------------------
-----------------------------------------
| rollout/                |             |
|    ep_len_mean          | 115         |
|    ep_rew_mean          | -0.354      |
| time/                   |             |
|    fps                  | 86          |
|    iterations           | 446         |
|    time_elapsed         | 1316        |
|    total_timesteps      | 154368      |
| train/                  |             |
|    approx_kl            | 0.009451607 |
|    clip_fraction        | 0.0746      |
|    clip_range           | 0.2         |
|    entropy_loss         | -3.16       |
|    explained_variance   | -8.71e-05   |
|    learning_rate        | 0.0003      |
|    loss                 | -0.0451     |
|    n_updates            | 6020        |
|    policy_gradient_loss | -0.0087     |
|    std                  | 1.2         |
|    value_loss           | 1.72        |
-----------------------------------------
------------------------------------------
| rollout/                |              |
|    ep_len_mean          | 115          |
|    ep_rew_mean          | -0.353       |
| time/                   |              |
|    fps                  | 86           |
|    iterations           | 447          |
|    time_elapsed         | 1321         |
|    total_timesteps      | 154624       |
| train/                  |              |
|    approx_kl            | 0.0064647114 |
|    clip_fraction        | 0.118        |
|    clip_range           | 0.2          |
|    entropy_loss         | -3.16        |
|    explained_variance   | -0.0112      |
|    learning_rate        | 0.0003       |
|    loss                 | -0.0423      |
|    n_updates            | 6030         |
|    policy_gradient_loss | -0.00729     |
|    std                  | 1.2          |
|    value_loss           | 0.00271      |
------------------------------------------
-----------------------------------------
| rollout/                |             |
|    ep_len_mean          | 115         |
|    ep_rew_mean          | -0.353      |
| time/                   |             |
|    fps                  | 86          |
|    iterations           | 448         |
|    time_elapsed         | 1323        |
|    total_timesteps      | 154880      |
| train/                  |             |
|    approx_kl            | 0.006525455 |
|    clip_fraction        | 0.0297      |
|    clip_range           | 0.2         |
|    entropy_loss         | -3.16       |
|    explained_variance   | 3.78e-05    |
|    learning_rate        | 0.0003      |
|    loss                 | -0.0286     |
|    n_updates            | 6040        |
|    policy_gradient_loss | -0.00385    |
|    std                  | 1.21        |
|    value_loss           | 0.00266     |
-----------------------------------------
------------------------------------------
| rollout/                |              |
|    ep_len_mean          | 115          |
|    ep_rew_mean          | -0.354       |
| time/                   |              |
|    fps                  | 86           |
|    iterations           | 449          |
|    time_elapsed         | 1326         |
|    total_timesteps      | 155136       |
| train/                  |              |
|    approx_kl            | 0.0073932037 |
|    clip_fraction        | 0.0777       |
|    clip_range           | 0.2          |
|    entropy_loss         | -3.16        |
|    explained_variance   | -0.00136     |
|    learning_rate        | 0.0003       |
|    loss                 | -0.0467      |
|    n_updates            | 6050         |
|    policy_gradient_loss | -0.0072      |
|    std                  | 1.21         |
|    value_loss           | 0.0024       |
------------------------------------------
------------------------------------------
| rollout/                |              |
|    ep_len_mean          | 115          |
|    ep_rew_mean          | -0.354       |
| time/                   |              |
|    fps                  | 86           |
|    iterations           | 450          |
|    time_elapsed         | 1328         |
|    total_timesteps      | 155392       |
| train/                  |              |
|    approx_kl            | 0.0054481095 |
|    clip_fraction        | 0.0563       |
|    clip_range           | 0.2          |
|    entropy_loss         | -3.16        |
|    explained_variance   | -0.000237    |
|    learning_rate        | 0.0003       |
|    loss                 | -0.0305      |
|    n_updates            | 6060         |
|    policy_gradient_loss | -0.00562     |
|    std                  | 1.2          |
|    value_loss           | 0.00255      |
------------------------------------------
------------------------------------------
| rollout/                |              |
|    ep_len_mean          | 115          |
|    ep_rew_mean          | -0.353       |
| time/                   |              |
|    fps                  | 86           |
|    iterations           | 451          |
|    time_elapsed         | 1335         |
|    total_timesteps      | 155648       |
| train/                  |              |
|    approx_kl            | 0.0060118926 |
|    clip_fraction        | 0.0492       |
|    clip_range           | 0.2          |
|    entropy_loss         | -3.16        |
|    explained_variance   | -0.00569     |
|    learning_rate        | 0.0003       |
|    loss                 | -0.0601      |
|    n_updates            | 6070         |
|    policy_gradient_loss | -0.00383     |
|    std                  | 1.21         |
|    value_loss           | 0.00283      |
------------------------------------------
-----------------------------------------
| rollout/                |             |
|    ep_len_mean          | 115         |
|    ep_rew_mean          | -0.353      |
| time/                   |             |
|    fps                  | 86          |
|    iterations           | 452         |
|    time_elapsed         | 1337        |
|    total_timesteps      | 155904      |
| train/                  |             |
|    approx_kl            | 0.006468199 |
|    clip_fraction        | 0.0391      |
|    clip_range           | 0.2         |
|    entropy_loss         | -3.17       |
|    explained_variance   | 0.000146    |
|    learning_rate        | 0.0003      |
|    loss                 | -0.0394     |
|    n_updates            | 6080        |
|    policy_gradient_loss | -0.00423    |
|    std                  | 1.21        |
|    value_loss           | 0.00258     |
-----------------------------------------
------------------------------------------
| rollout/                |              |
|    ep_len_mean          | 115          |
|    ep_rew_mean          | -0.352       |
| time/                   |              |
|    fps                  | 86           |
|    iterations           | 453          |
|    time_elapsed         | 1340         |
|    total_timesteps      | 156160       |
| train/                  |              |
|    approx_kl            | 0.0030350685 |
|    clip_fraction        | 0.00195      |
|    clip_range           | 0.2          |
|    entropy_loss         | -3.17        |
|    explained_variance   | 0.0128       |
|    learning_rate        | 0.0003       |
|    loss                 | -0.0331      |
|    n_updates            | 6090         |
|    policy_gradient_loss | -0.000404    |
|    std                  | 1.21         |
|    value_loss           | 0.00258      |
------------------------------------------
------------------------------------------
| rollout/                |              |
|    ep_len_mean          | 115          |
|    ep_rew_mean          | -0.351       |
| time/                   |              |
|    fps                  | 86           |
|    iterations           | 454          |
|    time_elapsed         | 1342         |
|    total_timesteps      | 156416       |
| train/                  |              |
|    approx_kl            | 0.0053876513 |
|    clip_fraction        | 0.0418       |
|    clip_range           | 0.2          |
|    entropy_loss         | -3.17        |
|    explained_variance   | -0.0284      |
|    learning_rate        | 0.0003       |
|    loss                 | -0.0401      |
|    n_updates            | 6100         |
|    policy_gradient_loss | -0.00321     |
|    std                  | 1.21         |
|    value_loss           | 0.00286      |
------------------------------------------
-----------------------------------------
| rollout/                |             |
|    ep_len_mean          | 115         |
|    ep_rew_mean          | -0.35       |
| time/                   |             |
|    fps                  | 86          |
|    iterations           | 455         |
|    time_elapsed         | 1345        |
|    total_timesteps      | 156672      |
| train/                  |             |
|    approx_kl            | 0.005645617 |
|    clip_fraction        | 0.0578      |
|    clip_range           | 0.2         |
|    entropy_loss         | -3.16       |
|    explained_variance   | -0.00948    |
|    learning_rate        | 0.0003      |
|    loss                 | -0.0541     |
|    n_updates            | 6110        |
|    policy_gradient_loss | -0.00586    |
|    std                  | 1.2         |
|    value_loss           | 0.0025      |
-----------------------------------------
-----------------------------------------
| rollout/                |             |
|    ep_len_mean          | 115         |
|    ep_rew_mean          | -0.35       |
| time/                   |             |
|    fps                  | 86          |
|    iterations           | 456         |
|    time_elapsed         | 1348        |
|    total_timesteps      | 156928      |
| train/                  |             |
|    approx_kl            | 0.006467974 |
|    clip_fraction        | 0.0734      |
|    clip_range           | 0.2         |
|    entropy_loss         | -3.15       |
|    explained_variance   | 0.000859    |
|    learning_rate        | 0.0003      |
|    loss                 | -0.0471     |
|    n_updates            | 6120        |
|    policy_gradient_loss | -0.0061     |
|    std                  | 1.2         |
|    value_loss           | 0.00243     |
-----------------------------------------
-----------------------------------------
| rollout/                |             |
|    ep_len_mean          | 116         |
|    ep_rew_mean          | -0.563      |
| time/                   |             |
|    fps                  | 86          |
|    iterations           | 457         |
|    time_elapsed         | 1350        |
|    total_timesteps      | 157184      |
| train/                  |             |
|    approx_kl            | 0.008045412 |
|    clip_fraction        | 0.05        |
|    clip_range           | 0.2         |
|    entropy_loss         | -3.15       |
|    explained_variance   | 0.00199     |
|    learning_rate        | 0.0003      |
|    loss                 | -0.0423     |
|    n_updates            | 6130        |
|    policy_gradient_loss | -0.00519    |
|    std                  | 1.19        |
|    value_loss           | 0.00251     |
-----------------------------------------
------------------------------------------
| rollout/                |              |
|    ep_len_mean          | 118          |
|    ep_rew_mean          | -0.774       |
| time/                   |              |
|    fps                  | 86           |
|    iterations           | 458          |
|    time_elapsed         | 1353         |
|    total_timesteps      | 157440       |
| train/                  |              |
|    approx_kl            | 0.0059012417 |
|    clip_fraction        | 0.0285       |
|    clip_range           | 0.2          |
|    entropy_loss         | -3.14        |
|    explained_variance   | -0.015       |
|    learning_rate        | 0.0003       |
|    loss                 | -0.041       |
|    n_updates            | 6140         |
|    policy_gradient_loss | -0.00316     |
|    std                  | 1.19         |
|    value_loss           | 0.00245      |
------------------------------------------
------------------------------------------
| rollout/                |              |
|    ep_len_mean          | 118          |
|    ep_rew_mean          | -0.775       |
| time/                   |              |
|    fps                  | 86           |
|    iterations           | 459          |
|    time_elapsed         | 1356         |
|    total_timesteps      | 157696       |
| train/                  |              |
|    approx_kl            | 0.0019064846 |
|    clip_fraction        | 0.000781     |
|    clip_range           | 0.2          |
|    entropy_loss         | -3.14        |
|    explained_variance   | -0.00974     |
|    learning_rate        | 0.0003       |
|    loss                 | -0.0343      |
|    n_updates            | 6150         |
|    policy_gradient_loss | -0.000169    |
|    std                  | 1.19         |
|    value_loss           | 0.00271      |
------------------------------------------
-----------------------------------------
| rollout/                |             |
|    ep_len_mean          | 118         |
|    ep_rew_mean          | -0.774      |
| time/                   |             |
|    fps                  | 86          |
|    iterations           | 460         |
|    time_elapsed         | 1358        |
|    total_timesteps      | 157952      |
| train/                  |             |
|    approx_kl            | 0.007283248 |
|    clip_fraction        | 0.0352      |
|    clip_range           | 0.2         |
|    entropy_loss         | -3.14       |
|    explained_variance   | -0.000583   |
|    learning_rate        | 0.0003      |
|    loss                 | -0.0429     |
|    n_updates            | 6160        |
|    policy_gradient_loss | -0.00292    |
|    std                  | 1.19        |
|    value_loss           | 0.00248     |
-----------------------------------------
-----------------------------------------
| rollout/                |             |
|    ep_len_mean          | 118         |
|    ep_rew_mean          | -0.774      |
| time/                   |             |
|    fps                  | 86          |
|    iterations           | 461         |
|    time_elapsed         | 1361        |
|    total_timesteps      | 158208      |
| train/                  |             |
|    approx_kl            | 0.007914869 |
|    clip_fraction        | 0.143       |
|    clip_range           | 0.2         |
|    entropy_loss         | -3.14       |
|    explained_variance   | 0.00423     |
|    learning_rate        | 0.0003      |
|    loss                 | -0.0276     |
|    n_updates            | 6170        |
|    policy_gradient_loss | -0.0138     |
|    std                  | 1.19        |
|    value_loss           | 0.00255     |
-----------------------------------------
------------------------------------------
| rollout/                |              |
|    ep_len_mean          | 119          |
|    ep_rew_mean          | -0.986       |
| time/                   |              |
|    fps                  | 86           |
|    iterations           | 462          |
|    time_elapsed         | 1364         |
|    total_timesteps      | 158464       |
| train/                  |              |
|    approx_kl            | 0.0053961542 |
|    clip_fraction        | 0.043        |
|    clip_range           | 0.2          |
|    entropy_loss         | -3.14        |
|    explained_variance   | 0.000191     |
|    learning_rate        | 0.0003       |
|    loss                 | -0.034       |
|    n_updates            | 6180         |
|    policy_gradient_loss | -0.00408     |
|    std                  | 1.19         |
|    value_loss           | 0.00225      |
------------------------------------------
-----------------------------------------
| rollout/                |             |
|    ep_len_mean          | 119         |
|    ep_rew_mean          | -0.987      |
| time/                   |             |
|    fps                  | 86          |
|    iterations           | 463         |
|    time_elapsed         | 1366        |
|    total_timesteps      | 158720      |
| train/                  |             |
|    approx_kl            | 0.005269049 |
|    clip_fraction        | 0.032       |
|    clip_range           | 0.2         |
|    entropy_loss         | -3.14       |
|    explained_variance   | 0.00512     |
|    learning_rate        | 0.0003      |
|    loss                 | -0.0286     |
|    n_updates            | 6190        |
|    policy_gradient_loss | -0.00407    |
|    std                  | 1.19        |
|    value_loss           | 0.00244     |
-----------------------------------------
-----------------------------------------
| rollout/                |             |
|    ep_len_mean          | 119         |
|    ep_rew_mean          | -0.987      |
| time/                   |             |
|    fps                  | 86          |
|    iterations           | 464         |
|    time_elapsed         | 1371        |
|    total_timesteps      | 158976      |
| train/                  |             |
|    approx_kl            | 0.006972402 |
|    clip_fraction        | 0.0887      |
|    clip_range           | 0.2         |
|    entropy_loss         | -3.14       |
|    explained_variance   | -0.00539    |
|    learning_rate        | 0.0003      |
|    loss                 | -0.05       |
|    n_updates            | 6200        |
|    policy_gradient_loss | -0.0106     |
|    std                  | 1.19        |
|    value_loss           | 0.00236     |
-----------------------------------------
-----------------------------------------
| rollout/                |             |
|    ep_len_mean          | 119         |
|    ep_rew_mean          | -0.987      |
| time/                   |             |
|    fps                  | 86          |
|    iterations           | 465         |
|    time_elapsed         | 1373        |
|    total_timesteps      | 159232      |
| train/                  |             |
|    approx_kl            | 0.008244268 |
|    clip_fraction        | 0.0707      |
|    clip_range           | 0.2         |
|    entropy_loss         | -3.14       |
|    explained_variance   | 0.026       |
|    learning_rate        | 0.0003      |
|    loss                 | -0.0312     |
|    n_updates            | 6210        |
|    policy_gradient_loss | -0.00896    |
|    std                  | 1.19        |
|    value_loss           | 0.00275     |
-----------------------------------------
------------------------------------------
| rollout/                |              |
|    ep_len_mean          | 119          |
|    ep_rew_mean          | -0.987       |
| time/                   |              |
|    fps                  | 86           |
|    iterations           | 466          |
|    time_elapsed         | 1376         |
|    total_timesteps      | 159488       |
| train/                  |              |
|    approx_kl            | 0.0040108524 |
|    clip_fraction        | 0.0266       |
|    clip_range           | 0.2          |
|    entropy_loss         | -3.14        |
|    explained_variance   | 0.00305      |
|    learning_rate        | 0.0003       |
|    loss                 | -0.0288      |
|    n_updates            | 6220         |
|    policy_gradient_loss | -0.00294     |
|    std                  | 1.19         |
|    value_loss           | 0.00263      |
------------------------------------------
------------------------------------------
| rollout/                |              |
|    ep_len_mean          | 119          |
|    ep_rew_mean          | -0.987       |
| time/                   |              |
|    fps                  | 86           |
|    iterations           | 467          |
|    time_elapsed         | 1379         |
|    total_timesteps      | 159744       |
| train/                  |              |
|    approx_kl            | 0.0046197837 |
|    clip_fraction        | 0.0293       |
|    clip_range           | 0.2          |
|    entropy_loss         | -3.14        |
|    explained_variance   | 0.00272      |
|    learning_rate        | 0.0003       |
|    loss                 | -0.0371      |
|    n_updates            | 6230         |
|    policy_gradient_loss | -0.00329     |
|    std                  | 1.19         |
|    value_loss           | 0.00254      |
------------------------------------------
------------------------------------------
| rollout/                |              |
|    ep_len_mean          | 119          |
|    ep_rew_mean          | -0.988       |
| time/                   |              |
|    fps                  | 86           |
|    iterations           | 468          |
|    time_elapsed         | 1383         |
|    total_timesteps      | 160000       |
| train/                  |              |
|    approx_kl            | 0.0055555725 |
|    clip_fraction        | 0.0945       |
|    clip_range           | 0.2          |
|    entropy_loss         | -3.14        |
|    explained_variance   | -0.0211      |
|    learning_rate        | 0.0003       |
|    loss                 | -0.0304      |
|    n_updates            | 6240         |
|    policy_gradient_loss | -0.00871     |
|    std                  | 1.19         |
|    value_loss           | 0.00242      |
------------------------------------------
-----------------------------------------
| rollout/                |             |
|    ep_len_mean          | 119         |
|    ep_rew_mean          | -0.987      |
| time/                   |             |
|    fps                  | 86          |
|    iterations           | 469         |
|    time_elapsed         | 1386        |
|    total_timesteps      | 160256      |
| train/                  |             |
|    approx_kl            | 0.008155873 |
|    clip_fraction        | 0.0594      |
|    clip_range           | 0.2         |
|    entropy_loss         | -3.14       |
|    explained_variance   | -0.00334    |
|    learning_rate        | 0.0003      |
|    loss                 | -0.0253     |
|    n_updates            | 6250        |
|    policy_gradient_loss | -0.00424    |
|    std                  | 1.19        |
|    value_loss           | 0.00246     |
-----------------------------------------
------------------------------------------
| rollout/                |              |
|    ep_len_mean          | 119          |
|    ep_rew_mean          | -0.988       |
| time/                   |              |
|    fps                  | 86           |
|    iterations           | 470          |
|    time_elapsed         | 1388         |
|    total_timesteps      | 160512       |
| train/                  |              |
|    approx_kl            | 0.0054535656 |
|    clip_fraction        | 0.0371       |
|    clip_range           | 0.2          |
|    entropy_loss         | -3.15        |
|    explained_variance   | 0.0137       |
|    learning_rate        | 0.0003       |
|    loss                 | -0.0312      |
|    n_updates            | 6260         |
|    policy_gradient_loss | -0.00262     |
|    std                  | 1.19         |
|    value_loss           | 0.00217      |
------------------------------------------
------------------------------------------
| rollout/                |              |
|    ep_len_mean          | 119          |
|    ep_rew_mean          | -0.989       |
| time/                   |              |
|    fps                  | 86           |
|    iterations           | 471          |
|    time_elapsed         | 1391         |
|    total_timesteps      | 160768       |
| train/                  |              |
|    approx_kl            | 0.0016225365 |
|    clip_fraction        | 0.00117      |
|    clip_range           | 0.2          |
|    entropy_loss         | -3.15        |
|    explained_variance   | 0.00694      |
|    learning_rate        | 0.0003       |
|    loss                 | -0.029       |
|    n_updates            | 6270         |
|    policy_gradient_loss | -0.000164    |
|    std                  | 1.19         |
|    value_loss           | 0.00211      |
------------------------------------------
-----------------------------------------
| rollout/                |             |
|    ep_len_mean          | 119         |
|    ep_rew_mean          | -0.989      |
| time/                   |             |
|    fps                  | 86          |
|    iterations           | 472         |
|    time_elapsed         | 1394        |
|    total_timesteps      | 161024      |
| train/                  |             |
|    approx_kl            | 0.008608992 |
|    clip_fraction        | 0.0801      |
|    clip_range           | 0.2         |
|    entropy_loss         | -3.15       |
|    explained_variance   | -0.00584    |
|    learning_rate        | 0.0003      |
|    loss                 | -0.0628     |
|    n_updates            | 6280        |
|    policy_gradient_loss | -0.00689    |
|    std                  | 1.2         |
|    value_loss           | 0.00235     |
-----------------------------------------
------------------------------------------
| rollout/                |              |
|    ep_len_mean          | 119          |
|    ep_rew_mean          | -0.989       |
| time/                   |              |
|    fps                  | 86           |
|    iterations           | 473          |
|    time_elapsed         | 1396         |
|    total_timesteps      | 161280       |
| train/                  |              |
|    approx_kl            | 0.0035658127 |
|    clip_fraction        | 0.0156       |
|    clip_range           | 0.2          |
|    entropy_loss         | -3.16        |
|    explained_variance   | -0.0052      |
|    learning_rate        | 0.0003       |
|    loss                 | -0.0349      |
|    n_updates            | 6290         |
|    policy_gradient_loss | -0.000608    |
|    std                  | 1.2          |
|    value_loss           | 0.00259      |
------------------------------------------
------------------------------------------
| rollout/                |              |
|    ep_len_mean          | 119          |
|    ep_rew_mean          | -0.99        |
| time/                   |              |
|    fps                  | 86           |
|    iterations           | 474          |
|    time_elapsed         | 1399         |
|    total_timesteps      | 161536       |
| train/                  |              |
|    approx_kl            | 0.0066579334 |
|    clip_fraction        | 0.0758       |
|    clip_range           | 0.2          |
|    entropy_loss         | -3.16        |
|    explained_variance   | -0.00021     |
|    learning_rate        | 0.0003       |
|    loss                 | -0.0444      |
|    n_updates            | 6300         |
|    policy_gradient_loss | -0.00692     |
|    std                  | 1.2          |
|    value_loss           | 0.00241      |
------------------------------------------
------------------------------------------
| rollout/                |              |
|    ep_len_mean          | 119          |
|    ep_rew_mean          | -0.99        |
| time/                   |              |
|    fps                  | 86           |
|    iterations           | 475          |
|    time_elapsed         | 1401         |
|    total_timesteps      | 161792       |
| train/                  |              |
|    approx_kl            | 0.0061026625 |
|    clip_fraction        | 0.0535       |
|    clip_range           | 0.2          |
|    entropy_loss         | -3.16        |
|    explained_variance   | 0.0209       |
|    learning_rate        | 0.0003       |
|    loss                 | -0.0156      |
|    n_updates            | 6310         |
|    policy_gradient_loss | -0.00467     |
|    std                  | 1.2          |
|    value_loss           | 0.00242      |
------------------------------------------
------------------------------------------
| rollout/                |              |
|    ep_len_mean          | 119          |
|    ep_rew_mean          | -0.989       |
| time/                   |              |
|    fps                  | 86           |
|    iterations           | 476          |
|    time_elapsed         | 1404         |
|    total_timesteps      | 162048       |
| train/                  |              |
|    approx_kl            | 0.0069656842 |
|    clip_fraction        | 0.0355       |
|    clip_range           | 0.2          |
|    entropy_loss         | -3.16        |
|    explained_variance   | -0.0377      |
|    learning_rate        | 0.0003       |
|    loss                 | -0.033       |
|    n_updates            | 6320         |
|    policy_gradient_loss | -0.00367     |
|    std                  | 1.19         |
|    value_loss           | 0.0026       |
------------------------------------------
------------------------------------------
| rollout/                |              |
|    ep_len_mean          | 119          |
|    ep_rew_mean          | -0.989       |
| time/                   |              |
|    fps                  | 86           |
|    iterations           | 477          |
|    time_elapsed         | 1407         |
|    total_timesteps      | 162304       |
| train/                  |              |
|    approx_kl            | 0.0065373024 |
|    clip_fraction        | 0.0219       |
|    clip_range           | 0.2          |
|    entropy_loss         | -3.15        |
|    explained_variance   | 0.000761     |
|    learning_rate        | 0.0003       |
|    loss                 | -0.00684     |
|    n_updates            | 6330         |
|    policy_gradient_loss | -0.00277     |
|    std                  | 1.19         |
|    value_loss           | 0.00251      |
------------------------------------------
-----------------------------------------
| rollout/                |             |
|    ep_len_mean          | 119         |
|    ep_rew_mean          | -0.99       |
| time/                   |             |
|    fps                  | 86          |
|    iterations           | 478         |
|    time_elapsed         | 1410        |
|    total_timesteps      | 162560      |
| train/                  |             |
|    approx_kl            | 0.007716179 |
|    clip_fraction        | 0.0488      |
|    clip_range           | 0.2         |
|    entropy_loss         | -3.14       |
|    explained_variance   | -0.00081    |
|    learning_rate        | 0.0003      |
|    loss                 | -0.0534     |
|    n_updates            | 6340        |
|    policy_gradient_loss | -0.00486    |
|    std                  | 1.18        |
|    value_loss           | 0.00249     |
-----------------------------------------
------------------------------------------
| rollout/                |              |
|    ep_len_mean          | 119          |
|    ep_rew_mean          | -0.99        |
| time/                   |              |
|    fps                  | 86           |
|    iterations           | 479          |
|    time_elapsed         | 1414         |
|    total_timesteps      | 162816       |
| train/                  |              |
|    approx_kl            | 0.0048768893 |
|    clip_fraction        | 0.025        |
|    clip_range           | 0.2          |
|    entropy_loss         | -3.13        |
|    explained_variance   | -0.00165     |
|    learning_rate        | 0.0003       |
|    loss                 | -0.042       |
|    n_updates            | 6350         |
|    policy_gradient_loss | -0.00234     |
|    std                  | 1.18         |
|    value_loss           | 0.00228      |
------------------------------------------
------------------------------------------
| rollout/                |              |
|    ep_len_mean          | 119          |
|    ep_rew_mean          | -0.99        |
| time/                   |              |
|    fps                  | 86           |
|    iterations           | 480          |
|    time_elapsed         | 1418         |
|    total_timesteps      | 163072       |
| train/                  |              |
|    approx_kl            | 0.0068943603 |
|    clip_fraction        | 0.0746       |
|    clip_range           | 0.2          |
|    entropy_loss         | -3.13        |
|    explained_variance   | 0.00472      |
|    learning_rate        | 0.0003       |
|    loss                 | -0.0245      |
|    n_updates            | 6360         |
|    policy_gradient_loss | -0.0078      |
|    std                  | 1.19         |
|    value_loss           | 0.00255      |
------------------------------------------
-----------------------------------------
| rollout/                |             |
|    ep_len_mean          | 119         |
|    ep_rew_mean          | -0.99       |
| time/                   |             |
|    fps                  | 86          |
|    iterations           | 481         |
|    time_elapsed         | 1425        |
|    total_timesteps      | 163328      |
| train/                  |             |
|    approx_kl            | 0.008299112 |
|    clip_fraction        | 0.105       |
|    clip_range           | 0.2         |
|    entropy_loss         | -3.13       |
|    explained_variance   | -0.00882    |
|    learning_rate        | 0.0003      |
|    loss                 | -0.0352     |
|    n_updates            | 6370        |
|    policy_gradient_loss | -0.00973    |
|    std                  | 1.18        |
|    value_loss           | 0.00267     |
-----------------------------------------
------------------------------------------
| rollout/                |              |
|    ep_len_mean          | 119          |
|    ep_rew_mean          | -0.991       |
| time/                   |              |
|    fps                  | 86           |
|    iterations           | 482          |
|    time_elapsed         | 1429         |
|    total_timesteps      | 163584       |
| train/                  |              |
|    approx_kl            | 0.0058674077 |
|    clip_fraction        | 0.0312       |
|    clip_range           | 0.2          |
|    entropy_loss         | -3.13        |
|    explained_variance   | -0.016       |
|    learning_rate        | 0.0003       |
|    loss                 | -0.0498      |
|    n_updates            | 6380         |
|    policy_gradient_loss | -0.00199     |
|    std                  | 1.18         |
|    value_loss           | 0.00229      |
------------------------------------------
------------------------------------------
| rollout/                |              |
|    ep_len_mean          | 119          |
|    ep_rew_mean          | -0.991       |
| time/                   |              |
|    fps                  | 86           |
|    iterations           | 483          |
|    time_elapsed         | 1432         |
|    total_timesteps      | 163840       |
| train/                  |              |
|    approx_kl            | 0.0065425946 |
|    clip_fraction        | 0.117        |
|    clip_range           | 0.2          |
|    entropy_loss         | -3.13        |
|    explained_variance   | -0.00413     |
|    learning_rate        | 0.0003       |
|    loss                 | -0.0348      |
|    n_updates            | 6390         |
|    policy_gradient_loss | -0.012       |
|    std                  | 1.18         |
|    value_loss           | 0.00245      |
------------------------------------------
-----------------------------------------
| rollout/                |             |
|    ep_len_mean          | 119         |
|    ep_rew_mean          | -0.992      |
| time/                   |             |
|    fps                  | 86          |
|    iterations           | 484         |
|    time_elapsed         | 1434        |
|    total_timesteps      | 164096      |
| train/                  |             |
|    approx_kl            | 0.009353739 |
|    clip_fraction        | 0.123       |
|    clip_range           | 0.2         |
|    entropy_loss         | -3.12       |
|    explained_variance   | -0.000708   |
|    learning_rate        | 0.0003      |
|    loss                 | -0.0398     |
|    n_updates            | 6400        |
|    policy_gradient_loss | -0.0116     |
|    std                  | 1.18        |
|    value_loss           | 0.00242     |
-----------------------------------------
------------------------------------------
| rollout/                |              |
|    ep_len_mean          | 118          |
|    ep_rew_mean          | -0.779       |
| time/                   |              |
|    fps                  | 86           |
|    iterations           | 485          |
|    time_elapsed         | 1439         |
|    total_timesteps      | 164352       |
| train/                  |              |
|    approx_kl            | 0.0044738115 |
|    clip_fraction        | 0.0211       |
|    clip_range           | 0.2          |
|    entropy_loss         | -3.12        |
|    explained_variance   | 0.000108     |
|    learning_rate        | 0.0003       |
|    loss                 | -0.0296      |
|    n_updates            | 6410         |
|    policy_gradient_loss | -0.00167     |
|    std                  | 1.18         |
|    value_loss           | 0.00223      |
------------------------------------------
-----------------------------------------
| rollout/                |             |
|    ep_len_mean          | 118         |
|    ep_rew_mean          | -0.779      |
| time/                   |             |
|    fps                  | 86          |
|    iterations           | 486         |
|    time_elapsed         | 1442        |
|    total_timesteps      | 164608      |
| train/                  |             |
|    approx_kl            | 0.005073974 |
|    clip_fraction        | 0.0441      |
|    clip_range           | 0.2         |
|    entropy_loss         | -3.13       |
|    explained_variance   | -7.84e-05   |
|    learning_rate        | 0.0003      |
|    loss                 | 3.38        |
|    n_updates            | 6420        |
|    policy_gradient_loss | -0.00482    |
|    std                  | 1.18        |
|    value_loss           | 1.72        |
-----------------------------------------
------------------------------------------
| rollout/                |              |
|    ep_len_mean          | 116          |
|    ep_rew_mean          | -0.568       |
| time/                   |              |
|    fps                  | 86           |
|    iterations           | 487          |
|    time_elapsed         | 1445         |
|    total_timesteps      | 164864       |
| train/                  |              |
|    approx_kl            | 0.0042697126 |
|    clip_fraction        | 0.0312       |
|    clip_range           | 0.2          |
|    entropy_loss         | -3.12        |
|    explained_variance   | 0.0197       |
|    learning_rate        | 0.0003       |
|    loss                 | -0.043       |
|    n_updates            | 6430         |
|    policy_gradient_loss | -0.00238     |
|    std                  | 1.18         |
|    value_loss           | 0.00238      |
------------------------------------------
-----------------------------------------
| rollout/                |             |
|    ep_len_mean          | 115         |
|    ep_rew_mean          | -0.357      |
| time/                   |             |
|    fps                  | 86          |
|    iterations           | 488         |
|    time_elapsed         | 1448        |
|    total_timesteps      | 165120      |
| train/                  |             |
|    approx_kl            | 0.008330048 |
|    clip_fraction        | 0.0734      |
|    clip_range           | 0.2         |
|    entropy_loss         | -3.12       |
|    explained_variance   | -0.000223   |
|    learning_rate        | 0.0003      |
|    loss                 | -0.058      |
|    n_updates            | 6440        |
|    policy_gradient_loss | -0.00677    |
|    std                  | 1.18        |
|    value_loss           | 1.72        |
-----------------------------------------
------------------------------------------
| rollout/                |              |
|    ep_len_mean          | 115          |
|    ep_rew_mean          | -0.356       |
| time/                   |              |
|    fps                  | 86           |
|    iterations           | 489          |
|    time_elapsed         | 1452         |
|    total_timesteps      | 165376       |
| train/                  |              |
|    approx_kl            | 0.0049577663 |
|    clip_fraction        | 0.0242       |
|    clip_range           | 0.2          |
|    entropy_loss         | -3.11        |
|    explained_variance   | 1.66e-05     |
|    learning_rate        | 0.0003       |
|    loss                 | -0.0329      |
|    n_updates            | 6450         |
|    policy_gradient_loss | -0.00167     |
|    std                  | 1.17         |
|    value_loss           | 1.71         |
------------------------------------------
-----------------------------------------
| rollout/                |             |
|    ep_len_mean          | 115         |
|    ep_rew_mean          | -0.356      |
| time/                   |             |
|    fps                  | 86          |
|    iterations           | 490         |
|    time_elapsed         | 1455        |
|    total_timesteps      | 165632      |
| train/                  |             |
|    approx_kl            | 0.002403651 |
|    clip_fraction        | 0.00391     |
|    clip_range           | 0.2         |
|    entropy_loss         | -3.11       |
|    explained_variance   | -0.0109     |
|    learning_rate        | 0.0003      |
|    loss                 | -0.0257     |
|    n_updates            | 6460        |
|    policy_gradient_loss | -0.000169   |
|    std                  | 1.17        |
|    value_loss           | 0.00255     |
-----------------------------------------
------------------------------------------
| rollout/                |              |
|    ep_len_mean          | 115          |
|    ep_rew_mean          | -0.357       |
| time/                   |              |
|    fps                  | 86           |
|    iterations           | 491          |
|    time_elapsed         | 1459         |
|    total_timesteps      | 165888       |
| train/                  |              |
|    approx_kl            | 0.0029748334 |
|    clip_fraction        | 0.0273       |
|    clip_range           | 0.2          |
|    entropy_loss         | -3.11        |
|    explained_variance   | 0.00342      |
|    learning_rate        | 0.0003       |
|    loss                 | -0.0379      |
|    n_updates            | 6470         |
|    policy_gradient_loss | -0.0038      |
|    std                  | 1.18         |
|    value_loss           | 0.00253      |
------------------------------------------
-----------------------------------------
| rollout/                |             |
|    ep_len_mean          | 114         |
|    ep_rew_mean          | -0.144      |
| time/                   |             |
|    fps                  | 86          |
|    iterations           | 492         |
|    time_elapsed         | 1463        |
|    total_timesteps      | 166144      |
| train/                  |             |
|    approx_kl            | 0.009094753 |
|    clip_fraction        | 0.0258      |
|    clip_range           | 0.2         |
|    entropy_loss         | -3.11       |
|    explained_variance   | 2.34e-05    |
|    learning_rate        | 0.0003      |
|    loss                 | -0.0153     |
|    n_updates            | 6480        |
|    policy_gradient_loss | -0.00148    |
|    std                  | 1.17        |
|    value_loss           | 1.71        |
-----------------------------------------
-----------------------------------------
| rollout/                |             |
|    ep_len_mean          | 114         |
|    ep_rew_mean          | -0.145      |
| time/                   |             |
|    fps                  | 86          |
|    iterations           | 493         |
|    time_elapsed         | 1467        |
|    total_timesteps      | 166400      |
| train/                  |             |
|    approx_kl            | 0.008990749 |
|    clip_fraction        | 0.0707      |
|    clip_range           | 0.2         |
|    entropy_loss         | -3.11       |
|    explained_variance   | -1.24e-05   |
|    learning_rate        | 0.0003      |
|    loss                 | -0.0342     |
|    n_updates            | 6490        |
|    policy_gradient_loss | -0.00344    |
|    std                  | 1.17        |
|    value_loss           | 1.7         |
-----------------------------------------
------------------------------------------
| rollout/                |              |
|    ep_len_mean          | 114          |
|    ep_rew_mean          | -0.144       |
| time/                   |              |
|    fps                  | 86           |
|    iterations           | 494          |
|    time_elapsed         | 1470         |
|    total_timesteps      | 166656       |
| train/                  |              |
|    approx_kl            | 0.0039170543 |
|    clip_fraction        | 0.00586      |
|    clip_range           | 0.2          |
|    entropy_loss         | -3.11        |
|    explained_variance   | 0.00358      |
|    learning_rate        | 0.0003       |
|    loss                 | -0.042       |
|    n_updates            | 6500         |
|    policy_gradient_loss | -0.000712    |
|    std                  | 1.18         |
|    value_loss           | 0.0025       |
------------------------------------------
------------------------------------------
| rollout/                |              |
|    ep_len_mean          | 114          |
|    ep_rew_mean          | -0.145       |
| time/                   |              |
|    fps                  | 86           |
|    iterations           | 495          |
|    time_elapsed         | 1472         |
|    total_timesteps      | 166912       |
| train/                  |              |
|    approx_kl            | 0.0059559457 |
|    clip_fraction        | 0.041        |
|    clip_range           | 0.2          |
|    entropy_loss         | -3.11        |
|    explained_variance   | -0.00661     |
|    learning_rate        | 0.0003       |
|    loss                 | -0.0453      |
|    n_updates            | 6510         |
|    policy_gradient_loss | -0.00386     |
|    std                  | 1.17         |
|    value_loss           | 0.00248      |
------------------------------------------
-----------------------------------------
| rollout/                |             |
|    ep_len_mean          | 113         |
|    ep_rew_mean          | 0.0674      |
| time/                   |             |
|    fps                  | 85          |
|    iterations           | 496         |
|    time_elapsed         | 1477        |
|    total_timesteps      | 167168      |
| train/                  |             |
|    approx_kl            | 0.008504583 |
|    clip_fraction        | 0.142       |
|    clip_range           | 0.2         |
|    entropy_loss         | -3.1        |
|    explained_variance   | 0.00464     |
|    learning_rate        | 0.0003      |
|    loss                 | -0.0375     |
|    n_updates            | 6520        |
|    policy_gradient_loss | -0.0116     |
|    std                  | 1.17        |
|    value_loss           | 0.00267     |
-----------------------------------------
-----------------------------------------
| rollout/                |             |
|    ep_len_mean          | 113         |
|    ep_rew_mean          | 0.0684      |
| time/                   |             |
|    fps                  | 85          |
|    iterations           | 497         |
|    time_elapsed         | 1480        |
|    total_timesteps      | 167424      |
| train/                  |             |
|    approx_kl            | 0.001888366 |
|    clip_fraction        | 0           |
|    clip_range           | 0.2         |
|    entropy_loss         | -3.1        |
|    explained_variance   | 2.78e-05    |
|    learning_rate        | 0.0003      |
|    loss                 | -0.0306     |
|    n_updates            | 6530        |
|    policy_gradient_loss | -0.000295   |
|    std                  | 1.17        |
|    value_loss           | 1.71        |
-----------------------------------------
------------------------------------------
| rollout/                |              |
|    ep_len_mean          | 113          |
|    ep_rew_mean          | 0.0684       |
| time/                   |              |
|    fps                  | 85           |
|    iterations           | 498          |
|    time_elapsed         | 1482         |
|    total_timesteps      | 167680       |
| train/                  |              |
|    approx_kl            | 0.0047729826 |
|    clip_fraction        | 0.0551       |
|    clip_range           | 0.2          |
|    entropy_loss         | -3.1         |
|    explained_variance   | -0.00634     |
|    learning_rate        | 0.0003       |
|    loss                 | -0.0267      |
|    n_updates            | 6540         |
|    policy_gradient_loss | -0.00635     |
|    std                  | 1.17         |
|    value_loss           | 0.00249      |
------------------------------------------
-----------------------------------------
| rollout/                |             |
|    ep_len_mean          | 113         |
|    ep_rew_mean          | 0.0688      |
| time/                   |             |
|    fps                  | 86          |
|    iterations           | 499         |
|    time_elapsed         | 1485        |
|    total_timesteps      | 167936      |
| train/                  |             |
|    approx_kl            | 0.010313302 |
|    clip_fraction        | 0.12        |
|    clip_range           | 0.2         |
|    entropy_loss         | -3.09       |
|    explained_variance   | 0.000984    |
|    learning_rate        | 0.0003      |
|    loss                 | -0.0238     |
|    n_updates            | 6550        |
|    policy_gradient_loss | -0.0119     |
|    std                  | 1.17        |
|    value_loss           | 0.00264     |
-----------------------------------------
------------------------------------------
| rollout/                |              |
|    ep_len_mean          | 113          |
|    ep_rew_mean          | 0.0693       |
| time/                   |              |
|    fps                  | 86           |
|    iterations           | 500          |
|    time_elapsed         | 1488         |
|    total_timesteps      | 168192       |
| train/                  |              |
|    approx_kl            | 0.0028767204 |
|    clip_fraction        | 0.0105       |
|    clip_range           | 0.2          |
|    entropy_loss         | -3.09        |
|    explained_variance   | 0.0158       |
|    learning_rate        | 0.0003       |
|    loss                 | -0.0374      |
|    n_updates            | 6560         |
|    policy_gradient_loss | -0.000915    |
|    std                  | 1.17         |
|    value_loss           | 0.00237      |
------------------------------------------
-----------------------------------------
| rollout/                |             |
|    ep_len_mean          | 113         |
|    ep_rew_mean          | 0.0704      |
| time/                   |             |
|    fps                  | 86          |
|    iterations           | 501         |
|    time_elapsed         | 1490        |
|    total_timesteps      | 168448      |
| train/                  |             |
|    approx_kl            | 0.006101489 |
|    clip_fraction        | 0.111       |
|    clip_range           | 0.2         |
|    entropy_loss         | -3.09       |
|    explained_variance   | -0.00819    |
|    learning_rate        | 0.0003      |
|    loss                 | -0.0605     |
|    n_updates            | 6570        |
|    policy_gradient_loss | -0.0108     |
|    std                  | 1.17        |
|    value_loss           | 0.00243     |
-----------------------------------------
-----------------------------------------
| rollout/                |             |
|    ep_len_mean          | 113         |
|    ep_rew_mean          | 0.0704      |
| time/                   |             |
|    fps                  | 86          |
|    iterations           | 502         |
|    time_elapsed         | 1493        |
|    total_timesteps      | 168704      |
| train/                  |             |
|    approx_kl            | 0.006362701 |
|    clip_fraction        | 0.0852      |
|    clip_range           | 0.2         |
|    entropy_loss         | -3.1        |
|    explained_variance   | -0.00474    |
|    learning_rate        | 0.0003      |
|    loss                 | -0.0387     |
|    n_updates            | 6580        |
|    policy_gradient_loss | -0.00889    |
|    std                  | 1.17        |
|    value_loss           | 0.0024      |
-----------------------------------------
-----------------------------------------
| rollout/                |             |
|    ep_len_mean          | 112         |
|    ep_rew_mean          | 0.282       |
| time/                   |             |
|    fps                  | 85          |
|    iterations           | 503         |
|    time_elapsed         | 1498        |
|    total_timesteps      | 168960      |
| train/                  |             |
|    approx_kl            | 0.006779237 |
|    clip_fraction        | 0.0973      |
|    clip_range           | 0.2         |
|    entropy_loss         | -3.09       |
|    explained_variance   | -0.0236     |
|    learning_rate        | 0.0003      |
|    loss                 | -0.0404     |
|    n_updates            | 6590        |
|    policy_gradient_loss | -0.00762    |
|    std                  | 1.16        |
|    value_loss           | 0.00243     |
-----------------------------------------
-----------------------------------------
| rollout/                |             |
|    ep_len_mean          | 112         |
|    ep_rew_mean          | 0.282       |
| time/                   |             |
|    fps                  | 85          |
|    iterations           | 504         |
|    time_elapsed         | 1500        |
|    total_timesteps      | 169216      |
| train/                  |             |
|    approx_kl            | 0.008491254 |
|    clip_fraction        | 0.0652      |
|    clip_range           | 0.2         |
|    entropy_loss         | -3.09       |
|    explained_variance   | -9.72e-05   |
|    learning_rate        | 0.0003      |
|    loss                 | -0.02       |
|    n_updates            | 6600        |
|    policy_gradient_loss | -0.00407    |
|    std                  | 1.17        |
|    value_loss           | 1.72        |
-----------------------------------------
-----------------------------------------
| rollout/                |             |
|    ep_len_mean          | 112         |
|    ep_rew_mean          | 0.283       |
| time/                   |             |
|    fps                  | 86          |
|    iterations           | 505         |
|    time_elapsed         | 1503        |
|    total_timesteps      | 169472      |
| train/                  |             |
|    approx_kl            | 0.005192694 |
|    clip_fraction        | 0.093       |
|    clip_range           | 0.2         |
|    entropy_loss         | -3.1        |
|    explained_variance   | 0.0097      |
|    learning_rate        | 0.0003      |
|    loss                 | -0.0247     |
|    n_updates            | 6610        |
|    policy_gradient_loss | -0.00617    |
|    std                  | 1.17        |
|    value_loss           | 0.00263     |
-----------------------------------------
-----------------------------------------
| rollout/                |             |
|    ep_len_mean          | 112         |
|    ep_rew_mean          | 0.284       |
| time/                   |             |
|    fps                  | 86          |
|    iterations           | 506         |
|    time_elapsed         | 1505        |
|    total_timesteps      | 169728      |
| train/                  |             |
|    approx_kl            | 0.005219396 |
|    clip_fraction        | 0.0184      |
|    clip_range           | 0.2         |
|    entropy_loss         | -3.1        |
|    explained_variance   | -0.0316     |
|    learning_rate        | 0.0003      |
|    loss                 | -0.0444     |
|    n_updates            | 6620        |
|    policy_gradient_loss | -0.00195    |
|    std                  | 1.17        |
|    value_loss           | 0.00245     |
-----------------------------------------
------------------------------------------
| rollout/                |              |
|    ep_len_mean          | 112          |
|    ep_rew_mean          | 0.283        |
| time/                   |              |
|    fps                  | 85           |
|    iterations           | 507          |
|    time_elapsed         | 1510         |
|    total_timesteps      | 169984       |
| train/                  |              |
|    approx_kl            | 0.0070642405 |
|    clip_fraction        | 0.082        |
|    clip_range           | 0.2          |
|    entropy_loss         | -3.1         |
|    explained_variance   | 0.0134       |
|    learning_rate        | 0.0003       |
|    loss                 | -0.0398      |
|    n_updates            | 6630         |
|    policy_gradient_loss | -0.00786     |
|    std                  | 1.17         |
|    value_loss           | 0.00263      |
------------------------------------------
------------------------------------------
| rollout/                |              |
|    ep_len_mean          | 112          |
|    ep_rew_mean          | 0.283        |
| time/                   |              |
|    fps                  | 85           |
|    iterations           | 508          |
|    time_elapsed         | 1514         |
|    total_timesteps      | 170240       |
| train/                  |              |
|    approx_kl            | 0.0090777185 |
|    clip_fraction        | 0.0621       |
|    clip_range           | 0.2          |
|    entropy_loss         | -3.1         |
|    explained_variance   | 0.00685      |
|    learning_rate        | 0.0003       |
|    loss                 | -0.0323      |
|    n_updates            | 6640         |
|    policy_gradient_loss | -0.00411     |
|    std                  | 1.17         |
|    value_loss           | 0.00233      |
------------------------------------------
------------------------------------------
| rollout/                |              |
|    ep_len_mean          | 112          |
|    ep_rew_mean          | 0.283        |
| time/                   |              |
|    fps                  | 85           |
|    iterations           | 509          |
|    time_elapsed         | 1517         |
|    total_timesteps      | 170496       |
| train/                  |              |
|    approx_kl            | 0.0049609076 |
|    clip_fraction        | 0.0301       |
|    clip_range           | 0.2          |
|    entropy_loss         | -3.1         |
|    explained_variance   | 0.00672      |
|    learning_rate        | 0.0003       |
|    loss                 | -0.0523      |
|    n_updates            | 6650         |
|    policy_gradient_loss | -0.0025      |
|    std                  | 1.17         |
|    value_loss           | 0.00261      |
------------------------------------------
------------------------------------------
| rollout/                |              |
|    ep_len_mean          | 112          |
|    ep_rew_mean          | 0.282        |
| time/                   |              |
|    fps                  | 85           |
|    iterations           | 510          |
|    time_elapsed         | 1520         |
|    total_timesteps      | 170752       |
| train/                  |              |
|    approx_kl            | 0.0055885576 |
|    clip_fraction        | 0.0707       |
|    clip_range           | 0.2          |
|    entropy_loss         | -3.09        |
|    explained_variance   | -0.000638    |
|    learning_rate        | 0.0003       |
|    loss                 | -0.0425      |
|    n_updates            | 6660         |
|    policy_gradient_loss | -0.00554     |
|    std                  | 1.16         |
|    value_loss           | 0.00263      |
------------------------------------------
-----------------------------------------
| rollout/                |             |
|    ep_len_mean          | 112         |
|    ep_rew_mean          | 0.283       |
| time/                   |             |
|    fps                  | 85          |
|    iterations           | 511         |
|    time_elapsed         | 1524        |
|    total_timesteps      | 171008      |
| train/                  |             |
|    approx_kl            | 0.007221669 |
|    clip_fraction        | 0.0594      |
|    clip_range           | 0.2         |
|    entropy_loss         | -3.09       |
|    explained_variance   | -0.00166    |
|    learning_rate        | 0.0003      |
|    loss                 | -0.0281     |
|    n_updates            | 6670        |
|    policy_gradient_loss | -0.00461    |
|    std                  | 1.16        |
|    value_loss           | 0.00247     |
-----------------------------------------
------------------------------------------
| rollout/                |              |
|    ep_len_mean          | 112          |
|    ep_rew_mean          | 0.282        |
| time/                   |              |
|    fps                  | 85           |
|    iterations           | 512          |
|    time_elapsed         | 1527         |
|    total_timesteps      | 171264       |
| train/                  |              |
|    approx_kl            | 0.0027430726 |
|    clip_fraction        | 0.0309       |
|    clip_range           | 0.2          |
|    entropy_loss         | -3.08        |
|    explained_variance   | -0.00593     |
|    learning_rate        | 0.0003       |
|    loss                 | -0.0372      |
|    n_updates            | 6680         |
|    policy_gradient_loss | -0.00371     |
|    std                  | 1.16         |
|    value_loss           | 0.00259      |
------------------------------------------
----------------------------------------
| rollout/                |            |
|    ep_len_mean          | 112        |
|    ep_rew_mean          | 0.282      |
| time/                   |            |
|    fps                  | 85         |
|    iterations           | 513        |
|    time_elapsed         | 1531       |
|    total_timesteps      | 171520     |
| train/                  |            |
|    approx_kl            | 0.00473152 |
|    clip_fraction        | 0.0328     |
|    clip_range           | 0.2        |
|    entropy_loss         | -3.08      |
|    explained_variance   | -0.000626  |
|    learning_rate        | 0.0003     |
|    loss                 | -0.0487    |
|    n_updates            | 6690       |
|    policy_gradient_loss | -0.00387   |
|    std                  | 1.16       |
|    value_loss           | 0.00247    |
----------------------------------------
------------------------------------------
| rollout/                |              |
|    ep_len_mean          | 110          |
|    ep_rew_mean          | 0.495        |
| time/                   |              |
|    fps                  | 85           |
|    iterations           | 514          |
|    time_elapsed         | 1534         |
|    total_timesteps      | 171776       |
| train/                  |              |
|    approx_kl            | 0.0071215346 |
|    clip_fraction        | 0.0281       |
|    clip_range           | 0.2          |
|    entropy_loss         | -3.09        |
|    explained_variance   | -0.00541     |
|    learning_rate        | 0.0003       |
|    loss                 | -0.0355      |
|    n_updates            | 6700         |
|    policy_gradient_loss | -0.00232     |
|    std                  | 1.17         |
|    value_loss           | 0.00265      |
------------------------------------------
-----------------------------------------
| rollout/                |             |
|    ep_len_mean          | 110         |
|    ep_rew_mean          | 0.496       |
| time/                   |             |
|    fps                  | 85          |
|    iterations           | 515         |
|    time_elapsed         | 1537        |
|    total_timesteps      | 172032      |
| train/                  |             |
|    approx_kl            | 0.005262928 |
|    clip_fraction        | 0.0625      |
|    clip_range           | 0.2         |
|    entropy_loss         | -3.09       |
|    explained_variance   | 0.000138    |
|    learning_rate        | 0.0003      |
|    loss                 | -0.0402     |
|    n_updates            | 6710        |
|    policy_gradient_loss | -0.00321    |
|    std                  | 1.17        |
|    value_loss           | 1.72        |
-----------------------------------------
-----------------------------------------
| rollout/                |             |
|    ep_len_mean          | 110         |
|    ep_rew_mean          | 0.497       |
| time/                   |             |
|    fps                  | 85          |
|    iterations           | 516         |
|    time_elapsed         | 1539        |
|    total_timesteps      | 172288      |
| train/                  |             |
|    approx_kl            | 0.006633362 |
|    clip_fraction        | 0.111       |
|    clip_range           | 0.2         |
|    entropy_loss         | -3.09       |
|    explained_variance   | -0.00744    |
|    learning_rate        | 0.0003      |
|    loss                 | -0.0567     |
|    n_updates            | 6720        |
|    policy_gradient_loss | -0.00883    |
|    std                  | 1.16        |
|    value_loss           | 0.00237     |
-----------------------------------------
------------------------------------------
| rollout/                |              |
|    ep_len_mean          | 110          |
|    ep_rew_mean          | 0.498        |
| time/                   |              |
|    fps                  | 85           |
|    iterations           | 517          |
|    time_elapsed         | 1542         |
|    total_timesteps      | 172544       |
| train/                  |              |
|    approx_kl            | 0.0016549593 |
|    clip_fraction        | 0.00352      |
|    clip_range           | 0.2          |
|    entropy_loss         | -3.09        |
|    explained_variance   | 0.00325      |
|    learning_rate        | 0.0003       |
|    loss                 | -0.0222      |
|    n_updates            | 6730         |
|    policy_gradient_loss | 0.000192     |
|    std                  | 1.17         |
|    value_loss           | 0.00283      |
------------------------------------------
------------------------------------------
| rollout/                |              |
|    ep_len_mean          | 110          |
|    ep_rew_mean          | 0.498        |
| time/                   |              |
|    fps                  | 85           |
|    iterations           | 518          |
|    time_elapsed         | 1546         |
|    total_timesteps      | 172800       |
| train/                  |              |
|    approx_kl            | 0.0043929247 |
|    clip_fraction        | 0.0945       |
|    clip_range           | 0.2          |
|    entropy_loss         | -3.1         |
|    explained_variance   | 0.0353       |
|    learning_rate        | 0.0003       |
|    loss                 | -0.0623      |
|    n_updates            | 6740         |
|    policy_gradient_loss | -0.0133      |
|    std                  | 1.17         |
|    value_loss           | 0.0025       |
------------------------------------------
-----------------------------------------
| rollout/                |             |
|    ep_len_mean          | 110         |
|    ep_rew_mean          | 0.497       |
| time/                   |             |
|    fps                  | 85          |
|    iterations           | 519         |
|    time_elapsed         | 1549        |
|    total_timesteps      | 173056      |
| train/                  |             |
|    approx_kl            | 0.005598167 |
|    clip_fraction        | 0.0656      |
|    clip_range           | 0.2         |
|    entropy_loss         | -3.1        |
|    explained_variance   | -0.00942    |
|    learning_rate        | 0.0003      |
|    loss                 | -0.0343     |
|    n_updates            | 6750        |
|    policy_gradient_loss | -0.0072     |
|    std                  | 1.17        |
|    value_loss           | 0.00246     |
-----------------------------------------
------------------------------------------
| rollout/                |              |
|    ep_len_mean          | 110          |
|    ep_rew_mean          | 0.497        |
| time/                   |              |
|    fps                  | 85           |
|    iterations           | 520          |
|    time_elapsed         | 1552         |
|    total_timesteps      | 173312       |
| train/                  |              |
|    approx_kl            | 0.0041927006 |
|    clip_fraction        | 0.0793       |
|    clip_range           | 0.2          |
|    entropy_loss         | -3.09        |
|    explained_variance   | 0.00495      |
|    learning_rate        | 0.0003       |
|    loss                 | -0.0395      |
|    n_updates            | 6760         |
|    policy_gradient_loss | -0.00632     |
|    std                  | 1.16         |
|    value_loss           | 0.00254      |
------------------------------------------
------------------------------------------
| rollout/                |              |
|    ep_len_mean          | 110          |
|    ep_rew_mean          | 0.498        |
| time/                   |              |
|    fps                  | 85           |
|    iterations           | 521          |
|    time_elapsed         | 1554         |
|    total_timesteps      | 173568       |
| train/                  |              |
|    approx_kl            | 0.0011720855 |
|    clip_fraction        | 0.000391     |
|    clip_range           | 0.2          |
|    entropy_loss         | -3.09        |
|    explained_variance   | 0.0128       |
|    learning_rate        | 0.0003       |
|    loss                 | -0.0372      |
|    n_updates            | 6770         |
|    policy_gradient_loss | 0.000524     |
|    std                  | 1.16         |
|    value_loss           | 0.00241      |
------------------------------------------
-----------------------------------------
| rollout/                |             |
|    ep_len_mean          | 110         |
|    ep_rew_mean          | 0.498       |
| time/                   |             |
|    fps                  | 85          |
|    iterations           | 522         |
|    time_elapsed         | 1557        |
|    total_timesteps      | 173824      |
| train/                  |             |
|    approx_kl            | 0.001811492 |
|    clip_fraction        | 0.00195     |
|    clip_range           | 0.2         |
|    entropy_loss         | -3.09       |
|    explained_variance   | -0.00999    |
|    learning_rate        | 0.0003      |
|    loss                 | -0.0135     |
|    n_updates            | 6780        |
|    policy_gradient_loss | -0.000683   |
|    std                  | 1.16        |
|    value_loss           | 0.00264     |
-----------------------------------------
-----------------------------------------
| rollout/                |             |
|    ep_len_mean          | 110         |
|    ep_rew_mean          | 0.498       |
| time/                   |             |
|    fps                  | 85          |
|    iterations           | 523         |
|    time_elapsed         | 1562        |
|    total_timesteps      | 174080      |
| train/                  |             |
|    approx_kl            | 0.009804491 |
|    clip_fraction        | 0.107       |
|    clip_range           | 0.2         |
|    entropy_loss         | -3.08       |
|    explained_variance   | -0.0114     |
|    learning_rate        | 0.0003      |
|    loss                 | -0.0344     |
|    n_updates            | 6790        |
|    policy_gradient_loss | -0.0085     |
|    std                  | 1.16        |
|    value_loss           | 0.0026      |
-----------------------------------------
-----------------------------------------
| rollout/                |             |
|    ep_len_mean          | 110         |
|    ep_rew_mean          | 0.497       |
| time/                   |             |
|    fps                  | 85          |
|    iterations           | 524         |
|    time_elapsed         | 1568        |
|    total_timesteps      | 174336      |
| train/                  |             |
|    approx_kl            | 0.008417856 |
|    clip_fraction        | 0.048       |
|    clip_range           | 0.2         |
|    entropy_loss         | -3.08       |
|    explained_variance   | -0.00275    |
|    learning_rate        | 0.0003      |
|    loss                 | -0.0392     |
|    n_updates            | 6800        |
|    policy_gradient_loss | -0.00477    |
|    std                  | 1.16        |
|    value_loss           | 0.00245     |
-----------------------------------------
------------------------------------------
| rollout/                |              |
|    ep_len_mean          | 110          |
|    ep_rew_mean          | 0.498        |
| time/                   |              |
|    fps                  | 85           |
|    iterations           | 525          |
|    time_elapsed         | 1570         |
|    total_timesteps      | 174592       |
| train/                  |              |
|    approx_kl            | 0.0033383686 |
|    clip_fraction        | 0.00156      |
|    clip_range           | 0.2          |
|    entropy_loss         | -3.07        |
|    explained_variance   | -0.000691    |
|    learning_rate        | 0.0003       |
|    loss                 | -0.0374      |
|    n_updates            | 6810         |
|    policy_gradient_loss | -0.0011      |
|    std                  | 1.15         |
|    value_loss           | 0.0022       |
------------------------------------------
------------------------------------------
| rollout/                |              |
|    ep_len_mean          | 110          |
|    ep_rew_mean          | 0.498        |
| time/                   |              |
|    fps                  | 85           |
|    iterations           | 526          |
|    time_elapsed         | 1575         |
|    total_timesteps      | 174848       |
| train/                  |              |
|    approx_kl            | 0.0025982424 |
|    clip_fraction        | 0.00234      |
|    clip_range           | 0.2          |
|    entropy_loss         | -3.06        |
|    explained_variance   | 0.00704      |
|    learning_rate        | 0.0003       |
|    loss                 | -0.0231      |
|    n_updates            | 6820         |
|    policy_gradient_loss | -0.000667    |
|    std                  | 1.15         |
|    value_loss           | 0.00258      |
------------------------------------------
---------------------------------------
| rollout/                |           |
|    ep_len_mean          | 110       |
|    ep_rew_mean          | 0.5       |
| time/                   |           |
|    fps                  | 85        |
|    iterations           | 527       |
|    time_elapsed         | 1577      |
|    total_timesteps      | 175104    |
| train/                  |           |
|    approx_kl            | 0.0065356 |
|    clip_fraction        | 0.0535    |
|    clip_range           | 0.2       |
|    entropy_loss         | -3.06     |
|    explained_variance   | -0.00106  |
|    learning_rate        | 0.0003    |
|    loss                 | -0.0308   |
|    n_updates            | 6830      |
|    policy_gradient_loss | -0.00586  |
|    std                  | 1.15      |
|    value_loss           | 0.0025    |
---------------------------------------
------------------------------------------
| rollout/                |              |
|    ep_len_mean          | 110          |
|    ep_rew_mean          | 0.498        |
| time/                   |              |
|    fps                  | 85           |
|    iterations           | 528          |
|    time_elapsed         | 1580         |
|    total_timesteps      | 175360       |
| train/                  |              |
|    approx_kl            | 0.0035075762 |
|    clip_fraction        | 0.093        |
|    clip_range           | 0.2          |
|    entropy_loss         | -3.06        |
|    explained_variance   | 0.00294      |
|    learning_rate        | 0.0003       |
|    loss                 | -0.0226      |
|    n_updates            | 6840         |
|    policy_gradient_loss | -0.00529     |
|    std                  | 1.15         |
|    value_loss           | 0.00244      |
------------------------------------------
------------------------------------------
| rollout/                |              |
|    ep_len_mean          | 112          |
|    ep_rew_mean          | 0.286        |
| time/                   |              |
|    fps                  | 85           |
|    iterations           | 529          |
|    time_elapsed         | 1584         |
|    total_timesteps      | 175616       |
| train/                  |              |
|    approx_kl            | 0.0027926187 |
|    clip_fraction        | 0.018        |
|    clip_range           | 0.2          |
|    entropy_loss         | -3.06        |
|    explained_variance   | -0.021       |
|    learning_rate        | 0.0003       |
|    loss                 | -0.039       |
|    n_updates            | 6850         |
|    policy_gradient_loss | -0.00108     |
|    std                  | 1.15         |
|    value_loss           | 0.0025       |
------------------------------------------
-----------------------------------------
| rollout/                |             |
|    ep_len_mean          | 112         |
|    ep_rew_mean          | 0.287       |
| time/                   |             |
|    fps                  | 85          |
|    iterations           | 530         |
|    time_elapsed         | 1587        |
|    total_timesteps      | 175872      |
| train/                  |             |
|    approx_kl            | 0.009929347 |
|    clip_fraction        | 0.0867      |
|    clip_range           | 0.2         |
|    entropy_loss         | -3.05       |
|    explained_variance   | -0.00374    |
|    learning_rate        | 0.0003      |
|    loss                 | -0.0428     |
|    n_updates            | 6860        |
|    policy_gradient_loss | -0.00729    |
|    std                  | 1.14        |
|    value_loss           | 0.00276     |
-----------------------------------------
-----------------------------------------
| rollout/                |             |
|    ep_len_mean          | 112         |
|    ep_rew_mean          | 0.288       |
| time/                   |             |
|    fps                  | 85          |
|    iterations           | 531         |
|    time_elapsed         | 1592        |
|    total_timesteps      | 176128      |
| train/                  |             |
|    approx_kl            | 0.006419548 |
|    clip_fraction        | 0.0754      |
|    clip_range           | 0.2         |
|    entropy_loss         | -3.05       |
|    explained_variance   | 0.000774    |
|    learning_rate        | 0.0003      |
|    loss                 | -0.0324     |
|    n_updates            | 6870        |
|    policy_gradient_loss | -0.00785    |
|    std                  | 1.14        |
|    value_loss           | 0.00256     |
-----------------------------------------
----------------------------------------
| rollout/                |            |
|    ep_len_mean          | 113        |
|    ep_rew_mean          | 0.0768     |
| time/                   |            |
|    fps                  | 85         |
|    iterations           | 532        |
|    time_elapsed         | 1595       |
|    total_timesteps      | 176384     |
| train/                  |            |
|    approx_kl            | 0.01312217 |
|    clip_fraction        | 0.15       |
|    clip_range           | 0.2        |
|    entropy_loss         | -3.05      |
|    explained_variance   | -1.67e-05  |
|    learning_rate        | 0.0003     |
|    loss                 | -0.0502    |
|    n_updates            | 6880       |
|    policy_gradient_loss | -0.0153    |
|    std                  | 1.14       |
|    value_loss           | 1.72       |
----------------------------------------
------------------------------------------
| rollout/                |              |
|    ep_len_mean          | 113          |
|    ep_rew_mean          | 0.0768       |
| time/                   |              |
|    fps                  | 85           |
|    iterations           | 533          |
|    time_elapsed         | 1597         |
|    total_timesteps      | 176640       |
| train/                  |              |
|    approx_kl            | 0.0033598926 |
|    clip_fraction        | 0.0203       |
|    clip_range           | 0.2          |
|    entropy_loss         | -3.06        |
|    explained_variance   | 0.00527      |
|    learning_rate        | 0.0003       |
|    loss                 | -0.038       |
|    n_updates            | 6890         |
|    policy_gradient_loss | -0.00543     |
|    std                  | 1.15         |
|    value_loss           | 0.00278      |
------------------------------------------
-----------------------------------------
| rollout/                |             |
|    ep_len_mean          | 113         |
|    ep_rew_mean          | 0.0776      |
| time/                   |             |
|    fps                  | 85          |
|    iterations           | 534         |
|    time_elapsed         | 1600        |
|    total_timesteps      | 176896      |
| train/                  |             |
|    approx_kl            | 0.005202599 |
|    clip_fraction        | 0.0125      |
|    clip_range           | 0.2         |
|    entropy_loss         | -3.07       |
|    explained_variance   | 0.00537     |
|    learning_rate        | 0.0003      |
|    loss                 | -0.0594     |
|    n_updates            | 6900        |
|    policy_gradient_loss | -0.00191    |
|    std                  | 1.15        |
|    value_loss           | 0.00249     |
-----------------------------------------
------------------------------------------
| rollout/                |              |
|    ep_len_mean          | 113          |
|    ep_rew_mean          | 0.0778       |
| time/                   |              |
|    fps                  | 85           |
|    iterations           | 535          |
|    time_elapsed         | 1602         |
|    total_timesteps      | 177152       |
| train/                  |              |
|    approx_kl            | 0.0065087993 |
|    clip_fraction        | 0.0953       |
|    clip_range           | 0.2          |
|    entropy_loss         | -3.06        |
|    explained_variance   | -0.00356     |
|    learning_rate        | 0.0003       |
|    loss                 | -0.0431      |
|    n_updates            | 6910         |
|    policy_gradient_loss | -0.00816     |
|    std                  | 1.15         |
|    value_loss           | 0.0026       |
------------------------------------------
-----------------------------------------
| rollout/                |             |
|    ep_len_mean          | 114         |
|    ep_rew_mean          | -0.134      |
| time/                   |             |
|    fps                  | 85          |
|    iterations           | 536         |
|    time_elapsed         | 1605        |
|    total_timesteps      | 177408      |
| train/                  |             |
|    approx_kl            | 0.005278666 |
|    clip_fraction        | 0.0391      |
|    clip_range           | 0.2         |
|    entropy_loss         | -3.07       |
|    explained_variance   | -0.0302     |
|    learning_rate        | 0.0003      |
|    loss                 | -0.0363     |
|    n_updates            | 6920        |
|    policy_gradient_loss | -0.00385    |
|    std                  | 1.15        |
|    value_loss           | 0.00262     |
-----------------------------------------
-----------------------------------------
| rollout/                |             |
|    ep_len_mean          | 115         |
|    ep_rew_mean          | -0.345      |
| time/                   |             |
|    fps                  | 85          |
|    iterations           | 537         |
|    time_elapsed         | 1608        |
|    total_timesteps      | 177664      |
| train/                  |             |
|    approx_kl            | 0.006299057 |
|    clip_fraction        | 0.0344      |
|    clip_range           | 0.2         |
|    entropy_loss         | -3.07       |
|    explained_variance   | -0.00663    |
|    learning_rate        | 0.0003      |
|    loss                 | -0.0167     |
|    n_updates            | 6930        |
|    policy_gradient_loss | -0.00269    |
|    std                  | 1.16        |
|    value_loss           | 0.00292     |
-----------------------------------------
------------------------------------------
| rollout/                |              |
|    ep_len_mean          | 115          |
|    ep_rew_mean          | -0.345       |
| time/                   |              |
|    fps                  | 85           |
|    iterations           | 538          |
|    time_elapsed         | 1611         |
|    total_timesteps      | 177920       |
| train/                  |              |
|    approx_kl            | 0.0038795327 |
|    clip_fraction        | 0.102        |
|    clip_range           | 0.2          |
|    entropy_loss         | -3.07        |
|    explained_variance   | 0.00844      |
|    learning_rate        | 0.0003       |
|    loss                 | -0.0559      |
|    n_updates            | 6940         |
|    policy_gradient_loss | -0.0087      |
|    std                  | 1.16         |
|    value_loss           | 0.00271      |
------------------------------------------
-----------------------------------------
| rollout/                |             |
|    ep_len_mean          | 115         |
|    ep_rew_mean          | -0.346      |
| time/                   |             |
|    fps                  | 85          |
|    iterations           | 539         |
|    time_elapsed         | 1613        |
|    total_timesteps      | 178176      |
| train/                  |             |
|    approx_kl            | 0.004519228 |
|    clip_fraction        | 0.00898     |
|    clip_range           | 0.2         |
|    entropy_loss         | -3.08       |
|    explained_variance   | 0.00306     |
|    learning_rate        | 0.0003      |
|    loss                 | -0.0485     |
|    n_updates            | 6950        |
|    policy_gradient_loss | -0.00102    |
|    std                  | 1.16        |
|    value_loss           | 0.00208     |
-----------------------------------------
-----------------------------------------
| rollout/                |             |
|    ep_len_mean          | 115         |
|    ep_rew_mean          | -0.346      |
| time/                   |             |
|    fps                  | 85          |
|    iterations           | 540         |
|    time_elapsed         | 1616        |
|    total_timesteps      | 178432      |
| train/                  |             |
|    approx_kl            | 0.008395092 |
|    clip_fraction        | 0.0258      |
|    clip_range           | 0.2         |
|    entropy_loss         | -3.08       |
|    explained_variance   | 0.00657     |
|    learning_rate        | 0.0003      |
|    loss                 | -0.0329     |
|    n_updates            | 6960        |
|    policy_gradient_loss | -0.00117    |
|    std                  | 1.16        |
|    value_loss           | 0.00279     |
-----------------------------------------
------------------------------------------
| rollout/                |              |
|    ep_len_mean          | 115          |
|    ep_rew_mean          | -0.346       |
| time/                   |              |
|    fps                  | 85           |
|    iterations           | 541          |
|    time_elapsed         | 1618         |
|    total_timesteps      | 178688       |
| train/                  |              |
|    approx_kl            | 0.0053468216 |
|    clip_fraction        | 0.0672       |
|    clip_range           | 0.2          |
|    entropy_loss         | -3.08        |
|    explained_variance   | -0.00776     |
|    learning_rate        | 0.0003       |
|    loss                 | -0.0591      |
|    n_updates            | 6970         |
|    policy_gradient_loss | -0.00713     |
|    std                  | 1.16         |
|    value_loss           | 0.00244      |
------------------------------------------
------------------------------------------
| rollout/                |              |
|    ep_len_mean          | 116          |
|    ep_rew_mean          | -0.558       |
| time/                   |              |
|    fps                  | 85           |
|    iterations           | 542          |
|    time_elapsed         | 1621         |
|    total_timesteps      | 178944       |
| train/                  |              |
|    approx_kl            | 0.0040223524 |
|    clip_fraction        | 0.0387       |
|    clip_range           | 0.2          |
|    entropy_loss         | -3.08        |
|    explained_variance   | -0.00301     |
|    learning_rate        | 0.0003       |
|    loss                 | -0.0327      |
|    n_updates            | 6980         |
|    policy_gradient_loss | -0.0023      |
|    std                  | 1.16         |
|    value_loss           | 0.00244      |
------------------------------------------
-----------------------------------------
| rollout/                |             |
|    ep_len_mean          | 116         |
|    ep_rew_mean          | -0.558      |
| time/                   |             |
|    fps                  | 85          |
|    iterations           | 543         |
|    time_elapsed         | 1624        |
|    total_timesteps      | 179200      |
| train/                  |             |
|    approx_kl            | 0.009660067 |
|    clip_fraction        | 0.101       |
|    clip_range           | 0.2         |
|    entropy_loss         | -3.08       |
|    explained_variance   | -6.72e-05   |
|    learning_rate        | 0.0003      |
|    loss                 | -0.0446     |
|    n_updates            | 6990        |
|    policy_gradient_loss | -0.0103     |
|    std                  | 1.16        |
|    value_loss           | 0.00274     |
-----------------------------------------
-----------------------------------------
| rollout/                |             |
|    ep_len_mean          | 116         |
|    ep_rew_mean          | -0.558      |
| time/                   |             |
|    fps                  | 85          |
|    iterations           | 544         |
|    time_elapsed         | 1628        |
|    total_timesteps      | 179456      |
| train/                  |             |
|    approx_kl            | 0.005054637 |
|    clip_fraction        | 0.0609      |
|    clip_range           | 0.2         |
|    entropy_loss         | -3.08       |
|    explained_variance   | 0.0102      |
|    learning_rate        | 0.0003      |
|    loss                 | -0.0263     |
|    n_updates            | 7000        |
|    policy_gradient_loss | -0.00521    |
|    std                  | 1.16        |
|    value_loss           | 0.00282     |
-----------------------------------------
-----------------------------------------
| rollout/                |             |
|    ep_len_mean          | 116         |
|    ep_rew_mean          | -0.559      |
| time/                   |             |
|    fps                  | 85          |
|    iterations           | 545         |
|    time_elapsed         | 1631        |
|    total_timesteps      | 179712      |
| train/                  |             |
|    approx_kl            | 0.007834934 |
|    clip_fraction        | 0.0594      |
|    clip_range           | 0.2         |
|    entropy_loss         | -3.08       |
|    explained_variance   | -0.00941    |
|    learning_rate        | 0.0003      |
|    loss                 | -0.0512     |
|    n_updates            | 7010        |
|    policy_gradient_loss | -0.0028     |
|    std                  | 1.16        |
|    value_loss           | 0.00279     |
-----------------------------------------
------------------------------------------
| rollout/                |              |
|    ep_len_mean          | 116          |
|    ep_rew_mean          | -0.558       |
| time/                   |              |
|    fps                  | 85           |
|    iterations           | 546          |
|    time_elapsed         | 1633         |
|    total_timesteps      | 179968       |
| train/                  |              |
|    approx_kl            | 0.0074533382 |
|    clip_fraction        | 0.0434       |
|    clip_range           | 0.2          |
|    entropy_loss         | -3.08        |
|    explained_variance   | -0.000648    |
|    learning_rate        | 0.0003       |
|    loss                 | -0.0381      |
|    n_updates            | 7020         |
|    policy_gradient_loss | -0.00371     |
|    std                  | 1.16         |
|    value_loss           | 0.00215      |
------------------------------------------
-----------------------------------------
| rollout/                |             |
|    ep_len_mean          | 116         |
|    ep_rew_mean          | -0.558      |
| time/                   |             |
|    fps                  | 85          |
|    iterations           | 547         |
|    time_elapsed         | 1636        |
|    total_timesteps      | 180224      |
| train/                  |             |
|    approx_kl            | 0.007495177 |
|    clip_fraction        | 0.0613      |
|    clip_range           | 0.2         |
|    entropy_loss         | -3.08       |
|    explained_variance   | 0.00101     |
|    learning_rate        | 0.0003      |
|    loss                 | -0.0362     |
|    n_updates            | 7030        |
|    policy_gradient_loss | -0.00584    |
|    std                  | 1.16        |
|    value_loss           | 0.00257     |
-----------------------------------------
-----------------------------------------
| rollout/                |             |
|    ep_len_mean          | 116         |
|    ep_rew_mean          | -0.559      |
| time/                   |             |
|    fps                  | 85          |
|    iterations           | 548         |
|    time_elapsed         | 1640        |
|    total_timesteps      | 180480      |
| train/                  |             |
|    approx_kl            | 0.011371506 |
|    clip_fraction        | 0.109       |
|    clip_range           | 0.2         |
|    entropy_loss         | -3.07       |
|    explained_variance   | 0.00682     |
|    learning_rate        | 0.0003      |
|    loss                 | -0.0288     |
|    n_updates            | 7040        |
|    policy_gradient_loss | -0.0104     |
|    std                  | 1.16        |
|    value_loss           | 0.00276     |
-----------------------------------------
-----------------------------------------
| rollout/                |             |
|    ep_len_mean          | 118         |
|    ep_rew_mean          | -0.77       |
| time/                   |             |
|    fps                  | 85          |
|    iterations           | 549         |
|    time_elapsed         | 1645        |
|    total_timesteps      | 180736      |
| train/                  |             |
|    approx_kl            | 0.009210679 |
|    clip_fraction        | 0.113       |
|    clip_range           | 0.2         |
|    entropy_loss         | -3.07       |
|    explained_variance   | 0.0035      |
|    learning_rate        | 0.0003      |
|    loss                 | -0.0471     |
|    n_updates            | 7050        |
|    policy_gradient_loss | -0.0104     |
|    std                  | 1.16        |
|    value_loss           | 0.00256     |
-----------------------------------------
-----------------------------------------
| rollout/                |             |
|    ep_len_mean          | 118         |
|    ep_rew_mean          | -0.77       |
| time/                   |             |
|    fps                  | 85          |
|    iterations           | 550         |
|    time_elapsed         | 1647        |
|    total_timesteps      | 180992      |
| train/                  |             |
|    approx_kl            | 0.004094068 |
|    clip_fraction        | 0.00313     |
|    clip_range           | 0.2         |
|    entropy_loss         | -3.08       |
|    explained_variance   | 0.0115      |
|    learning_rate        | 0.0003      |
|    loss                 | -0.0409     |
|    n_updates            | 7060        |
|    policy_gradient_loss | -0.000551   |
|    std                  | 1.16        |
|    value_loss           | 0.00268     |
-----------------------------------------
------------------------------------------
| rollout/                |              |
|    ep_len_mean          | 118          |
|    ep_rew_mean          | -0.769       |
| time/                   |              |
|    fps                  | 85           |
|    iterations           | 551          |
|    time_elapsed         | 1650         |
|    total_timesteps      | 181248       |
| train/                  |              |
|    approx_kl            | 0.0079459995 |
|    clip_fraction        | 0.141        |
|    clip_range           | 0.2          |
|    entropy_loss         | -3.08        |
|    explained_variance   | 0.0114       |
|    learning_rate        | 0.0003       |
|    loss                 | -0.0444      |
|    n_updates            | 7070         |
|    policy_gradient_loss | -0.0145      |
|    std                  | 1.17         |
|    value_loss           | 0.00293      |
------------------------------------------
------------------------------------------
| rollout/                |              |
|    ep_len_mean          | 118          |
|    ep_rew_mean          | -0.77        |
| time/                   |              |
|    fps                  | 85           |
|    iterations           | 552          |
|    time_elapsed         | 1653         |
|    total_timesteps      | 181504       |
| train/                  |              |
|    approx_kl            | 0.0071959915 |
|    clip_fraction        | 0.084        |
|    clip_range           | 0.2          |
|    entropy_loss         | -3.09        |
|    explained_variance   | 0.031        |
|    learning_rate        | 0.0003       |
|    loss                 | -0.0515      |
|    n_updates            | 7080         |
|    policy_gradient_loss | -0.00918     |
|    std                  | 1.17         |
|    value_loss           | 0.00262      |
------------------------------------------
---------------------------------------
| rollout/                |           |
|    ep_len_mean          | 118       |
|    ep_rew_mean          | -0.771    |
| time/                   |           |
|    fps                  | 85        |
|    iterations           | 553       |
|    time_elapsed         | 1655      |
|    total_timesteps      | 181760    |
| train/                  |           |
|    approx_kl            | 0.0044912 |
|    clip_fraction        | 0.0711    |
|    clip_range           | 0.2       |
|    entropy_loss         | -3.09     |
|    explained_variance   | -0.000974 |
|    learning_rate        | 0.0003    |
|    loss                 | -0.045    |
|    n_updates            | 7090      |
|    policy_gradient_loss | -0.00479  |
|    std                  | 1.17      |
|    value_loss           | 0.00266   |
---------------------------------------
------------------------------------------
| rollout/                |              |
|    ep_len_mean          | 118          |
|    ep_rew_mean          | -0.77        |
| time/                   |              |
|    fps                  | 85           |
|    iterations           | 554          |
|    time_elapsed         | 1658         |
|    total_timesteps      | 182016       |
| train/                  |              |
|    approx_kl            | 0.0034869532 |
|    clip_fraction        | 0.00547      |
|    clip_range           | 0.2          |
|    entropy_loss         | -3.09        |
|    explained_variance   | 0.0275       |
|    learning_rate        | 0.0003       |
|    loss                 | -0.0215      |
|    n_updates            | 7100         |
|    policy_gradient_loss | -0.000415    |
|    std                  | 1.17         |
|    value_loss           | 0.00225      |
------------------------------------------
------------------------------------------
| rollout/                |              |
|    ep_len_mean          | 118          |
|    ep_rew_mean          | -0.77        |
| time/                   |              |
|    fps                  | 85           |
|    iterations           | 555          |
|    time_elapsed         | 1663         |
|    total_timesteps      | 182272       |
| train/                  |              |
|    approx_kl            | 0.0044703875 |
|    clip_fraction        | 0.0688       |
|    clip_range           | 0.2          |
|    entropy_loss         | -3.09        |
|    explained_variance   | -0.0403      |
|    learning_rate        | 0.0003       |
|    loss                 | -0.0287      |
|    n_updates            | 7110         |
|    policy_gradient_loss | -0.00689     |
|    std                  | 1.17         |
|    value_loss           | 0.00265      |
------------------------------------------
------------------------------------------
| rollout/                |              |
|    ep_len_mean          | 118          |
|    ep_rew_mean          | -0.77        |
| time/                   |              |
|    fps                  | 85           |
|    iterations           | 556          |
|    time_elapsed         | 1669         |
|    total_timesteps      | 182528       |
| train/                  |              |
|    approx_kl            | 0.0068517607 |
|    clip_fraction        | 0.0977       |
|    clip_range           | 0.2          |
|    entropy_loss         | -3.09        |
|    explained_variance   | -0.00306     |
|    learning_rate        | 0.0003       |
|    loss                 | -0.016       |
|    n_updates            | 7120         |
|    policy_gradient_loss | -0.0121      |
|    std                  | 1.17         |
|    value_loss           | 0.00261      |
------------------------------------------
------------------------------------------
| rollout/                |              |
|    ep_len_mean          | 118          |
|    ep_rew_mean          | -0.769       |
| time/                   |              |
|    fps                  | 85           |
|    iterations           | 557          |
|    time_elapsed         | 1673         |
|    total_timesteps      | 182784       |
| train/                  |              |
|    approx_kl            | 0.0048831627 |
|    clip_fraction        | 0.0258       |
|    clip_range           | 0.2          |
|    entropy_loss         | -3.09        |
|    explained_variance   | -0.00737     |
|    learning_rate        | 0.0003       |
|    loss                 | -0.0229      |
|    n_updates            | 7130         |
|    policy_gradient_loss | -0.00237     |
|    std                  | 1.17         |
|    value_loss           | 0.00251      |
------------------------------------------
-----------------------------------------
| rollout/                |             |
|    ep_len_mean          | 118         |
|    ep_rew_mean          | -0.769      |
| time/                   |             |
|    fps                  | 85          |
|    iterations           | 558         |
|    time_elapsed         | 1678        |
|    total_timesteps      | 183040      |
| train/                  |             |
|    approx_kl            | 0.007892009 |
|    clip_fraction        | 0.0871      |
|    clip_range           | 0.2         |
|    entropy_loss         | -3.09       |
|    explained_variance   | 0.00173     |
|    learning_rate        | 0.0003      |
|    loss                 | -0.0464     |
|    n_updates            | 7140        |
|    policy_gradient_loss | -0.00759    |
|    std                  | 1.16        |
|    value_loss           | 0.00253     |
-----------------------------------------
------------------------------------------
| rollout/                |              |
|    ep_len_mean          | 118          |
|    ep_rew_mean          | -0.769       |
| time/                   |              |
|    fps                  | 85           |
|    iterations           | 559          |
|    time_elapsed         | 1682         |
|    total_timesteps      | 183296       |
| train/                  |              |
|    approx_kl            | 0.0062142615 |
|    clip_fraction        | 0.0508       |
|    clip_range           | 0.2          |
|    entropy_loss         | -3.08        |
|    explained_variance   | 0.00737      |
|    learning_rate        | 0.0003       |
|    loss                 | -0.0345      |
|    n_updates            | 7150         |
|    policy_gradient_loss | -0.00368     |
|    std                  | 1.16         |
|    value_loss           | 0.00255      |
------------------------------------------
------------------------------------------
| rollout/                |              |
|    ep_len_mean          | 119          |
|    ep_rew_mean          | -0.981       |
| time/                   |              |
|    fps                  | 84           |
|    iterations           | 560          |
|    time_elapsed         | 1687         |
|    total_timesteps      | 183552       |
| train/                  |              |
|    approx_kl            | 0.0026431156 |
|    clip_fraction        | 0.0125       |
|    clip_range           | 0.2          |
|    entropy_loss         | -3.07        |
|    explained_variance   | 0.00568      |
|    learning_rate        | 0.0003       |
|    loss                 | -0.0279      |
|    n_updates            | 7160         |
|    policy_gradient_loss | -0.00183     |
|    std                  | 1.15         |
|    value_loss           | 0.00263      |
------------------------------------------
------------------------------------------
| rollout/                |              |
|    ep_len_mean          | 118          |
|    ep_rew_mean          | -0.77        |
| time/                   |              |
|    fps                  | 84           |
|    iterations           | 561          |
|    time_elapsed         | 1690         |
|    total_timesteps      | 183808       |
| train/                  |              |
|    approx_kl            | 0.0046186126 |
|    clip_fraction        | 0.0699       |
|    clip_range           | 0.2          |
|    entropy_loss         | -3.06        |
|    explained_variance   | 0.00329      |
|    learning_rate        | 0.0003       |
|    loss                 | -0.0285      |
|    n_updates            | 7170         |
|    policy_gradient_loss | -0.00318     |
|    std                  | 1.15         |
|    value_loss           | 0.00248      |
------------------------------------------
------------------------------------------
| rollout/                |              |
|    ep_len_mean          | 118          |
|    ep_rew_mean          | -0.771       |
| time/                   |              |
|    fps                  | 84           |
|    iterations           | 562          |
|    time_elapsed         | 1694         |
|    total_timesteps      | 184064       |
| train/                  |              |
|    approx_kl            | 0.0062768282 |
|    clip_fraction        | 0.0602       |
|    clip_range           | 0.2          |
|    entropy_loss         | -3.06        |
|    explained_variance   | 0.000128     |
|    learning_rate        | 0.0003       |
|    loss                 | -0.048       |
|    n_updates            | 7180         |
|    policy_gradient_loss | -0.00409     |
|    std                  | 1.15         |
|    value_loss           | 1.72         |
------------------------------------------
------------------------------------------
| rollout/                |              |
|    ep_len_mean          | 118          |
|    ep_rew_mean          | -0.771       |
| time/                   |              |
|    fps                  | 84           |
|    iterations           | 563          |
|    time_elapsed         | 1697         |
|    total_timesteps      | 184320       |
| train/                  |              |
|    approx_kl            | 0.0033851967 |
|    clip_fraction        | 0.0254       |
|    clip_range           | 0.2          |
|    entropy_loss         | -3.05        |
|    explained_variance   | -0.000402    |
|    learning_rate        | 0.0003       |
|    loss                 | -0.027       |
|    n_updates            | 7190         |
|    policy_gradient_loss | -0.0019      |
|    std                  | 1.14         |
|    value_loss           | 0.00244      |
------------------------------------------
------------------------------------------
| rollout/                |              |
|    ep_len_mean          | 118          |
|    ep_rew_mean          | -0.771       |
| time/                   |              |
|    fps                  | 84           |
|    iterations           | 564          |
|    time_elapsed         | 1699         |
|    total_timesteps      | 184576       |
| train/                  |              |
|    approx_kl            | 0.0074888966 |
|    clip_fraction        | 0.102        |
|    clip_range           | 0.2          |
|    entropy_loss         | -3.05        |
|    explained_variance   | -0.000752    |
|    learning_rate        | 0.0003       |
|    loss                 | -0.0386      |
|    n_updates            | 7200         |
|    policy_gradient_loss | -0.00621     |
|    std                  | 1.14         |
|    value_loss           | 0.00227      |
------------------------------------------
-----------------------------------------
| rollout/                |             |
|    ep_len_mean          | 118         |
|    ep_rew_mean          | -0.77       |
| time/                   |             |
|    fps                  | 84          |
|    iterations           | 565         |
|    time_elapsed         | 1702        |
|    total_timesteps      | 184832      |
| train/                  |             |
|    approx_kl            | 0.007217105 |
|    clip_fraction        | 0.0754      |
|    clip_range           | 0.2         |
|    entropy_loss         | -3.05       |
|    explained_variance   | 0.00719     |
|    learning_rate        | 0.0003      |
|    loss                 | -0.0297     |
|    n_updates            | 7210        |
|    policy_gradient_loss | -0.00772    |
|    std                  | 1.15        |
|    value_loss           | 0.00269     |
-----------------------------------------
-----------------------------------------
| rollout/                |             |
|    ep_len_mean          | 118         |
|    ep_rew_mean          | -0.769      |
| time/                   |             |
|    fps                  | 84          |
|    iterations           | 566         |
|    time_elapsed         | 1704        |
|    total_timesteps      | 185088      |
| train/                  |             |
|    approx_kl            | 0.004317903 |
|    clip_fraction        | 0.0164      |
|    clip_range           | 0.2         |
|    entropy_loss         | -3.05       |
|    explained_variance   | 0.00891     |
|    learning_rate        | 0.0003      |
|    loss                 | -0.0321     |
|    n_updates            | 7220        |
|    policy_gradient_loss | -0.00229    |
|    std                  | 1.15        |
|    value_loss           | 0.00246     |
-----------------------------------------
-----------------------------------------
| rollout/                |             |
|    ep_len_mean          | 118         |
|    ep_rew_mean          | -0.769      |
| time/                   |             |
|    fps                  | 84          |
|    iterations           | 567         |
|    time_elapsed         | 1711        |
|    total_timesteps      | 185344      |
| train/                  |             |
|    approx_kl            | 0.006732027 |
|    clip_fraction        | 0.0605      |
|    clip_range           | 0.2         |
|    entropy_loss         | -3.05       |
|    explained_variance   | 0.00717     |
|    learning_rate        | 0.0003      |
|    loss                 | -0.0408     |
|    n_updates            | 7230        |
|    policy_gradient_loss | -0.00596    |
|    std                  | 1.14        |
|    value_loss           | 0.00234     |
-----------------------------------------
-------------------------------------------
| rollout/                |               |
|    ep_len_mean          | 116           |
|    ep_rew_mean          | -0.556        |
| time/                   |               |
|    fps                  | 84            |
|    iterations           | 568           |
|    time_elapsed         | 1714          |
|    total_timesteps      | 185600        |
| train/                  |               |
|    approx_kl            | 0.00026439852 |
|    clip_fraction        | 0             |
|    clip_range           | 0.2           |
|    entropy_loss         | -3.05         |
|    explained_variance   | 0.0165        |
|    learning_rate        | 0.0003        |
|    loss                 | -0.0324       |
|    n_updates            | 7240          |
|    policy_gradient_loss | 0.000141      |
|    std                  | 1.15          |
|    value_loss           | 0.00269       |
-------------------------------------------
------------------------------------------
| rollout/                |              |
|    ep_len_mean          | 116          |
|    ep_rew_mean          | -0.556       |
| time/                   |              |
|    fps                  | 84           |
|    iterations           | 569          |
|    time_elapsed         | 1716         |
|    total_timesteps      | 185856       |
| train/                  |              |
|    approx_kl            | 0.0117374025 |
|    clip_fraction        | 0.126        |
|    clip_range           | 0.2          |
|    entropy_loss         | -3.05        |
|    explained_variance   | 1.49e-05     |
|    learning_rate        | 0.0003       |
|    loss                 | 3.39         |
|    n_updates            | 7250         |
|    policy_gradient_loss | -0.0104      |
|    std                  | 1.15         |
|    value_loss           | 1.72         |
------------------------------------------
-----------------------------------------
| rollout/                |             |
|    ep_len_mean          | 116         |
|    ep_rew_mean          | -0.556      |
| time/                   |             |
|    fps                  | 84          |
|    iterations           | 570         |
|    time_elapsed         | 1719        |
|    total_timesteps      | 186112      |
| train/                  |             |
|    approx_kl            | 0.009915408 |
|    clip_fraction        | 0.113       |
|    clip_range           | 0.2         |
|    entropy_loss         | -3.05       |
|    explained_variance   | 0.00691     |
|    learning_rate        | 0.0003      |
|    loss                 | -0.0519     |
|    n_updates            | 7260        |
|    policy_gradient_loss | -0.00922    |
|    std                  | 1.15        |
|    value_loss           | 0.00255     |
-----------------------------------------
------------------------------------------
| rollout/                |              |
|    ep_len_mean          | 116          |
|    ep_rew_mean          | -0.556       |
| time/                   |              |
|    fps                  | 84           |
|    iterations           | 571          |
|    time_elapsed         | 1723         |
|    total_timesteps      | 186368       |
| train/                  |              |
|    approx_kl            | 0.0077799778 |
|    clip_fraction        | 0.0578       |
|    clip_range           | 0.2          |
|    entropy_loss         | -3.05        |
|    explained_variance   | -0.0303      |
|    learning_rate        | 0.0003       |
|    loss                 | -0.0406      |
|    n_updates            | 7270         |
|    policy_gradient_loss | -0.00287     |
|    std                  | 1.15         |
|    value_loss           | 0.00257      |
------------------------------------------
-----------------------------------------
| rollout/                |             |
|    ep_len_mean          | 116         |
|    ep_rew_mean          | -0.556      |
| time/                   |             |
|    fps                  | 84          |
|    iterations           | 572         |
|    time_elapsed         | 1726        |
|    total_timesteps      | 186624      |
| train/                  |             |
|    approx_kl            | 0.010041349 |
|    clip_fraction        | 0.0461      |
|    clip_range           | 0.2         |
|    entropy_loss         | -3.05       |
|    explained_variance   | -0.000876   |
|    learning_rate        | 0.0003      |
|    loss                 | -0.0529     |
|    n_updates            | 7280        |
|    policy_gradient_loss | -0.00579    |
|    std                  | 1.15        |
|    value_loss           | 0.00244     |
-----------------------------------------
-----------------------------------------
| rollout/                |             |
|    ep_len_mean          | 116         |
|    ep_rew_mean          | -0.556      |
| time/                   |             |
|    fps                  | 84          |
|    iterations           | 573         |
|    time_elapsed         | 1729        |
|    total_timesteps      | 186880      |
| train/                  |             |
|    approx_kl            | 0.005549982 |
|    clip_fraction        | 0.0121      |
|    clip_range           | 0.2         |
|    entropy_loss         | -3.05       |
|    explained_variance   | 0.0031      |
|    learning_rate        | 0.0003      |
|    loss                 | -0.0489     |
|    n_updates            | 7290        |
|    policy_gradient_loss | -0.00168    |
|    std                  | 1.15        |
|    value_loss           | 0.00247     |
-----------------------------------------
-----------------------------------------
| rollout/                |             |
|    ep_len_mean          | 116         |
|    ep_rew_mean          | -0.556      |
| time/                   |             |
|    fps                  | 84          |
|    iterations           | 574         |
|    time_elapsed         | 1731        |
|    total_timesteps      | 187136      |
| train/                  |             |
|    approx_kl            | 0.005800057 |
|    clip_fraction        | 0.144       |
|    clip_range           | 0.2         |
|    entropy_loss         | -3.04       |
|    explained_variance   | -0.0213     |
|    learning_rate        | 0.0003      |
|    loss                 | -0.0396     |
|    n_updates            | 7300        |
|    policy_gradient_loss | -0.0101     |
|    std                  | 1.14        |
|    value_loss           | 0.00286     |
-----------------------------------------
------------------------------------------
| rollout/                |              |
|    ep_len_mean          | 116          |
|    ep_rew_mean          | -0.558       |
| time/                   |              |
|    fps                  | 84           |
|    iterations           | 575          |
|    time_elapsed         | 1734         |
|    total_timesteps      | 187392       |
| train/                  |              |
|    approx_kl            | 0.0056666355 |
|    clip_fraction        | 0.0746       |
|    clip_range           | 0.2          |
|    entropy_loss         | -3.04        |
|    explained_variance   | 0.0102       |
|    learning_rate        | 0.0003       |
|    loss                 | -0.0391      |
|    n_updates            | 7310         |
|    policy_gradient_loss | -0.00583     |
|    std                  | 1.14         |
|    value_loss           | 0.00292      |
------------------------------------------
-------------------------------------------
| rollout/                |               |
|    ep_len_mean          | 116           |
|    ep_rew_mean          | -0.558        |
| time/                   |               |
|    fps                  | 84            |
|    iterations           | 576           |
|    time_elapsed         | 1737          |
|    total_timesteps      | 187648        |
| train/                  |               |
|    approx_kl            | 0.00085157505 |
|    clip_fraction        | 0.000781      |
|    clip_range           | 0.2           |
|    entropy_loss         | -3.04         |
|    explained_variance   | 0.0102        |
|    learning_rate        | 0.0003        |
|    loss                 | -0.0377       |
|    n_updates            | 7320          |
|    policy_gradient_loss | -0.0011       |
|    std                  | 1.14          |
|    value_loss           | 0.00241       |
-------------------------------------------
------------------------------------------
| rollout/                |              |
|    ep_len_mean          | 118          |
|    ep_rew_mean          | -0.77        |
| time/                   |              |
|    fps                  | 84           |
|    iterations           | 577          |
|    time_elapsed         | 1741         |
|    total_timesteps      | 187904       |
| train/                  |              |
|    approx_kl            | 0.0071564214 |
|    clip_fraction        | 0.131        |
|    clip_range           | 0.2          |
|    entropy_loss         | -3.05        |
|    explained_variance   | 0.0151       |
|    learning_rate        | 0.0003       |
|    loss                 | -0.0516      |
|    n_updates            | 7330         |
|    policy_gradient_loss | -0.0107      |
|    std                  | 1.14         |
|    value_loss           | 0.00238      |
------------------------------------------
-----------------------------------------
| rollout/                |             |
|    ep_len_mean          | 118         |
|    ep_rew_mean          | -0.771      |
| time/                   |             |
|    fps                  | 84          |
|    iterations           | 578         |
|    time_elapsed         | 1744        |
|    total_timesteps      | 188160      |
| train/                  |             |
|    approx_kl            | 0.009084486 |
|    clip_fraction        | 0.117       |
|    clip_range           | 0.2         |
|    entropy_loss         | -3.04       |
|    explained_variance   | -0.00139    |
|    learning_rate        | 0.0003      |
|    loss                 | -0.0559     |
|    n_updates            | 7340        |
|    policy_gradient_loss | -0.0136     |
|    std                  | 1.14        |
|    value_loss           | 0.00233     |
-----------------------------------------
-----------------------------------------
| rollout/                |             |
|    ep_len_mean          | 118         |
|    ep_rew_mean          | -0.771      |
| time/                   |             |
|    fps                  | 84          |
|    iterations           | 579         |
|    time_elapsed         | 1746        |
|    total_timesteps      | 188416      |
| train/                  |             |
|    approx_kl            | 0.008492959 |
|    clip_fraction        | 0.043       |
|    clip_range           | 0.2         |
|    entropy_loss         | -3.04       |
|    explained_variance   | -0.0101     |
|    learning_rate        | 0.0003      |
|    loss                 | -0.0639     |
|    n_updates            | 7350        |
|    policy_gradient_loss | -0.00388    |
|    std                  | 1.14        |
|    value_loss           | 0.00253     |
-----------------------------------------
-----------------------------------------
| rollout/                |             |
|    ep_len_mean          | 118         |
|    ep_rew_mean          | -0.772      |
| time/                   |             |
|    fps                  | 84          |
|    iterations           | 580         |
|    time_elapsed         | 1749        |
|    total_timesteps      | 188672      |
| train/                  |             |
|    approx_kl            | 0.006916641 |
|    clip_fraction        | 0.0918      |
|    clip_range           | 0.2         |
|    entropy_loss         | -3.03       |
|    explained_variance   | -0.000218   |
|    learning_rate        | 0.0003      |
|    loss                 | -0.0117     |
|    n_updates            | 7360        |
|    policy_gradient_loss | -0.00572    |
|    std                  | 1.13        |
|    value_loss           | 0.00237     |
-----------------------------------------
------------------------------------------
| rollout/                |              |
|    ep_len_mean          | 118          |
|    ep_rew_mean          | -0.771       |
| time/                   |              |
|    fps                  | 84           |
|    iterations           | 581          |
|    time_elapsed         | 1753         |
|    total_timesteps      | 188928       |
| train/                  |              |
|    approx_kl            | 0.0073380535 |
|    clip_fraction        | 0.125        |
|    clip_range           | 0.2          |
|    entropy_loss         | -3.02        |
|    explained_variance   | -0.0166      |
|    learning_rate        | 0.0003       |
|    loss                 | -0.0526      |
|    n_updates            | 7370         |
|    policy_gradient_loss | -0.0125      |
|    std                  | 1.12         |
|    value_loss           | 0.00252      |
------------------------------------------
-----------------------------------------
| rollout/                |             |
|    ep_len_mean          | 118         |
|    ep_rew_mean          | -0.772      |
| time/                   |             |
|    fps                  | 84          |
|    iterations           | 582         |
|    time_elapsed         | 1756        |
|    total_timesteps      | 189184      |
| train/                  |             |
|    approx_kl            | 0.008547047 |
|    clip_fraction        | 0.107       |
|    clip_range           | 0.2         |
|    entropy_loss         | -3.02       |
|    explained_variance   | -0.00352    |
|    learning_rate        | 0.0003      |
|    loss                 | -0.0495     |
|    n_updates            | 7380        |
|    policy_gradient_loss | -0.012      |
|    std                  | 1.12        |
|    value_loss           | 0.00257     |
-----------------------------------------
-----------------------------------------
| rollout/                |             |
|    ep_len_mean          | 118         |
|    ep_rew_mean          | -0.772      |
| time/                   |             |
|    fps                  | 84          |
|    iterations           | 583         |
|    time_elapsed         | 1759        |
|    total_timesteps      | 189440      |
| train/                  |             |
|    approx_kl            | 0.004186016 |
|    clip_fraction        | 0.0273      |
|    clip_range           | 0.2         |
|    entropy_loss         | -3.01       |
|    explained_variance   | 0.0033      |
|    learning_rate        | 0.0003      |
|    loss                 | -0.031      |
|    n_updates            | 7390        |
|    policy_gradient_loss | -0.00411    |
|    std                  | 1.12        |
|    value_loss           | 0.00248     |
-----------------------------------------
------------------------------------------
| rollout/                |              |
|    ep_len_mean          | 118          |
|    ep_rew_mean          | -0.772       |
| time/                   |              |
|    fps                  | 84           |
|    iterations           | 584          |
|    time_elapsed         | 1763         |
|    total_timesteps      | 189696       |
| train/                  |              |
|    approx_kl            | 0.0046128538 |
|    clip_fraction        | 0.0152       |
|    clip_range           | 0.2          |
|    entropy_loss         | -3.01        |
|    explained_variance   | 0.0018       |
|    learning_rate        | 0.0003       |
|    loss                 | -0.0331      |
|    n_updates            | 7400         |
|    policy_gradient_loss | -0.00129     |
|    std                  | 1.12         |
|    value_loss           | 0.00241      |
------------------------------------------
------------------------------------------
| rollout/                |              |
|    ep_len_mean          | 118          |
|    ep_rew_mean          | -0.772       |
| time/                   |              |
|    fps                  | 84           |
|    iterations           | 585          |
|    time_elapsed         | 1766         |
|    total_timesteps      | 189952       |
| train/                  |              |
|    approx_kl            | 0.0028143371 |
|    clip_fraction        | 0.00273      |
|    clip_range           | 0.2          |
|    entropy_loss         | -3.01        |
|    explained_variance   | -0.00326     |
|    learning_rate        | 0.0003       |
|    loss                 | -0.0335      |
|    n_updates            | 7410         |
|    policy_gradient_loss | -0.000323    |
|    std                  | 1.11         |
|    value_loss           | 0.00212      |
------------------------------------------
----------------------------------------
| rollout/                |            |
|    ep_len_mean          | 118        |
|    ep_rew_mean          | -0.772     |
| time/                   |            |
|    fps                  | 84         |
|    iterations           | 586        |
|    time_elapsed         | 1768       |
|    total_timesteps      | 190208     |
| train/                  |            |
|    approx_kl            | 0.00563245 |
|    clip_fraction        | 0.0672     |
|    clip_range           | 0.2        |
|    entropy_loss         | -3         |
|    explained_variance   | -0.0229    |
|    learning_rate        | 0.0003     |
|    loss                 | -0.0233    |
|    n_updates            | 7420       |
|    policy_gradient_loss | -0.00654   |
|    std                  | 1.11       |
|    value_loss           | 0.00278    |
----------------------------------------
Saved /workspace/baseline_v7.zip
