Wrapping the env with a `Monitor` wrapper
Wrapping the env in a DummyVecEnv.
Resumed from /workspace/curriculum_p4.zip
---------------------------------
| rollout/           |          |
|    ep_len_mean     | 116      |
|    ep_rew_mean     | -0.565   |
| time/              |          |
|    fps             | 91       |
|    iterations      | 1        |
|    time_elapsed    | 2        |
|    total_timesteps | 270592   |
---------------------------------
------------------------------------------
| rollout/                |              |
|    ep_len_mean          | 116          |
|    ep_rew_mean          | -0.566       |
| time/                   |              |
|    fps                  | 95           |
|    iterations           | 2            |
|    time_elapsed         | 5            |
|    total_timesteps      | 270848       |
| train/                  |              |
|    approx_kl            | 0.0052289893 |
|    clip_fraction        | 0.0617       |
|    clip_range           | 0.2          |
|    entropy_loss         | -2.48        |
|    explained_variance   | -0.00071     |
|    learning_rate        | 0.0003       |
|    loss                 | -0.0239      |
|    n_updates            | 10570        |
|    policy_gradient_loss | -0.00559     |
|    std                  | 0.837        |
|    value_loss           | 0.00285      |
------------------------------------------
-----------------------------------------
| rollout/                |             |
|    ep_len_mean          | 116         |
|    ep_rew_mean          | -0.566      |
| time/                   |             |
|    fps                  | 96          |
|    iterations           | 3           |
|    time_elapsed         | 7           |
|    total_timesteps      | 271104      |
| train/                  |             |
|    approx_kl            | 0.004217329 |
|    clip_fraction        | 0.0383      |
|    clip_range           | 0.2         |
|    entropy_loss         | -2.48       |
|    explained_variance   | -0.000355   |
|    learning_rate        | 0.0003      |
|    loss                 | -0.0381     |
|    n_updates            | 10580       |
|    policy_gradient_loss | -0.00201    |
|    std                  | 0.836       |
|    value_loss           | 0.00265     |
-----------------------------------------
-----------------------------------------
| rollout/                |             |
|    ep_len_mean          | 116         |
|    ep_rew_mean          | -0.567      |
| time/                   |             |
|    fps                  | 97          |
|    iterations           | 4           |
|    time_elapsed         | 10          |
|    total_timesteps      | 271360      |
| train/                  |             |
|    approx_kl            | 0.005076308 |
|    clip_fraction        | 0.0254      |
|    clip_range           | 0.2         |
|    entropy_loss         | -2.48       |
|    explained_variance   | 0.000373    |
|    learning_rate        | 0.0003      |
|    loss                 | -0.0222     |
|    n_updates            | 10590       |
|    policy_gradient_loss | -0.00252    |
|    std                  | 0.834       |
|    value_loss           | 0.00243     |
-----------------------------------------
------------------------------------------
| rollout/                |              |
|    ep_len_mean          | 116          |
|    ep_rew_mean          | -0.567       |
| time/                   |              |
|    fps                  | 97           |
|    iterations           | 5            |
|    time_elapsed         | 13           |
|    total_timesteps      | 271616       |
| train/                  |              |
|    approx_kl            | 0.0033453181 |
|    clip_fraction        | 0.0293       |
|    clip_range           | 0.2          |
|    entropy_loss         | -2.48        |
|    explained_variance   | 0.00144      |
|    learning_rate        | 0.0003       |
|    loss                 | -0.0348      |
|    n_updates            | 10600        |
|    policy_gradient_loss | -0.00125     |
|    std                  | 0.835        |
|    value_loss           | 0.00248      |
------------------------------------------
------------------------------------------
| rollout/                |              |
|    ep_len_mean          | 116          |
|    ep_rew_mean          | -0.569       |
| time/                   |              |
|    fps                  | 97           |
|    iterations           | 6            |
|    time_elapsed         | 15           |
|    total_timesteps      | 271872       |
| train/                  |              |
|    approx_kl            | 0.0028044318 |
|    clip_fraction        | 0.0199       |
|    clip_range           | 0.2          |
|    entropy_loss         | -2.48        |
|    explained_variance   | -0.00393     |
|    learning_rate        | 0.0003       |
|    loss                 | -0.0257      |
|    n_updates            | 10610        |
|    policy_gradient_loss | -0.00174     |
|    std                  | 0.834        |
|    value_loss           | 0.00268      |
------------------------------------------
------------------------------------------
| rollout/                |              |
|    ep_len_mean          | 116          |
|    ep_rew_mean          | -0.568       |
| time/                   |              |
|    fps                  | 97           |
|    iterations           | 7            |
|    time_elapsed         | 18           |
|    total_timesteps      | 272128       |
| train/                  |              |
|    approx_kl            | 0.0031455068 |
|    clip_fraction        | 0.0285       |
|    clip_range           | 0.2          |
|    entropy_loss         | -2.48        |
|    explained_variance   | 0.00374      |
|    learning_rate        | 0.0003       |
|    loss                 | -0.0216      |
|    n_updates            | 10620        |
|    policy_gradient_loss | -0.00229     |
|    std                  | 0.836        |
|    value_loss           | 0.00282      |
------------------------------------------
-----------------------------------------
| rollout/                |             |
|    ep_len_mean          | 116         |
|    ep_rew_mean          | -0.572      |
| time/                   |             |
|    fps                  | 96          |
|    iterations           | 8           |
|    time_elapsed         | 21          |
|    total_timesteps      | 272384      |
| train/                  |             |
|    approx_kl            | 0.006395515 |
|    clip_fraction        | 0.149       |
|    clip_range           | 0.2         |
|    entropy_loss         | -2.48       |
|    explained_variance   | -0.00105    |
|    learning_rate        | 0.0003      |
|    loss                 | -0.0339     |
|    n_updates            | 10630       |
|    policy_gradient_loss | -0.0141     |
|    std                  | 0.836       |
|    value_loss           | 0.00261     |
-----------------------------------------
-----------------------------------------
| rollout/                |             |
|    ep_len_mean          | 116         |
|    ep_rew_mean          | -0.571      |
| time/                   |             |
|    fps                  | 90          |
|    iterations           | 9           |
|    time_elapsed         | 25          |
|    total_timesteps      | 272640      |
| train/                  |             |
|    approx_kl            | 0.005390675 |
|    clip_fraction        | 0.0492      |
|    clip_range           | 0.2         |
|    entropy_loss         | -2.48       |
|    explained_variance   | -0.00379    |
|    learning_rate        | 0.0003      |
|    loss                 | -0.0312     |
|    n_updates            | 10640       |
|    policy_gradient_loss | -0.00312    |
|    std                  | 0.837       |
|    value_loss           | 0.00256     |
-----------------------------------------
-----------------------------------------
| rollout/                |             |
|    ep_len_mean          | 116         |
|    ep_rew_mean          | -0.57       |
| time/                   |             |
|    fps                  | 90          |
|    iterations           | 10          |
|    time_elapsed         | 28          |
|    total_timesteps      | 272896      |
| train/                  |             |
|    approx_kl            | 0.004848982 |
|    clip_fraction        | 0.0785      |
|    clip_range           | 0.2         |
|    entropy_loss         | -2.48       |
|    explained_variance   | 0.00133     |
|    learning_rate        | 0.0003      |
|    loss                 | -0.0154     |
|    n_updates            | 10650       |
|    policy_gradient_loss | -0.00307    |
|    std                  | 0.836       |
|    value_loss           | 0.00287     |
-----------------------------------------
-----------------------------------------
| rollout/                |             |
|    ep_len_mean          | 116         |
|    ep_rew_mean          | -0.57       |
| time/                   |             |
|    fps                  | 91          |
|    iterations           | 11          |
|    time_elapsed         | 30          |
|    total_timesteps      | 273152      |
| train/                  |             |
|    approx_kl            | 0.006252501 |
|    clip_fraction        | 0.0848      |
|    clip_range           | 0.2         |
|    entropy_loss         | -2.48       |
|    explained_variance   | -0.00346    |
|    learning_rate        | 0.0003      |
|    loss                 | -0.0434     |
|    n_updates            | 10660       |
|    policy_gradient_loss | -0.00791    |
|    std                  | 0.837       |
|    value_loss           | 0.00246     |
-----------------------------------------
-------------------------------------------
| rollout/                |               |
|    ep_len_mean          | 116           |
|    ep_rew_mean          | -0.571        |
| time/                   |               |
|    fps                  | 87            |
|    iterations           | 12            |
|    time_elapsed         | 35            |
|    total_timesteps      | 273408        |
| train/                  |               |
|    approx_kl            | 0.00018151617 |
|    clip_fraction        | 0             |
|    clip_range           | 0.2           |
|    entropy_loss         | -2.48         |
|    explained_variance   | 0.00166       |
|    learning_rate        | 0.0003        |
|    loss                 | -0.0205       |
|    n_updates            | 10670         |
|    policy_gradient_loss | 0.000336      |
|    std                  | 0.836         |
|    value_loss           | 0.00253       |
-------------------------------------------
-----------------------------------------
| rollout/                |             |
|    ep_len_mean          | 116         |
|    ep_rew_mean          | -0.571      |
| time/                   |             |
|    fps                  | 88          |
|    iterations           | 13          |
|    time_elapsed         | 37          |
|    total_timesteps      | 273664      |
| train/                  |             |
|    approx_kl            | 0.005223998 |
|    clip_fraction        | 0.0629      |
|    clip_range           | 0.2         |
|    entropy_loss         | -2.48       |
|    explained_variance   | 0.00079     |
|    learning_rate        | 0.0003      |
|    loss                 | -0.0395     |
|    n_updates            | 10680       |
|    policy_gradient_loss | -0.00636    |
|    std                  | 0.836       |
|    value_loss           | 0.00236     |
-----------------------------------------
-----------------------------------------
| rollout/                |             |
|    ep_len_mean          | 116         |
|    ep_rew_mean          | -0.571      |
| time/                   |             |
|    fps                  | 88          |
|    iterations           | 14          |
|    time_elapsed         | 40          |
|    total_timesteps      | 273920      |
| train/                  |             |
|    approx_kl            | 0.004073511 |
|    clip_fraction        | 0.0633      |
|    clip_range           | 0.2         |
|    entropy_loss         | -2.48       |
|    explained_variance   | 0.000898    |
|    learning_rate        | 0.0003      |
|    loss                 | -0.0332     |
|    n_updates            | 10690       |
|    policy_gradient_loss | -0.00658    |
|    std                  | 0.838       |
|    value_loss           | 0.00245     |
-----------------------------------------
-----------------------------------------
| rollout/                |             |
|    ep_len_mean          | 116         |
|    ep_rew_mean          | -0.572      |
| time/                   |             |
|    fps                  | 85          |
|    iterations           | 15          |
|    time_elapsed         | 45          |
|    total_timesteps      | 274176      |
| train/                  |             |
|    approx_kl            | 0.005332766 |
|    clip_fraction        | 0.041       |
|    clip_range           | 0.2         |
|    entropy_loss         | -2.49       |
|    explained_variance   | -0.00212    |
|    learning_rate        | 0.0003      |
|    loss                 | -0.0294     |
|    n_updates            | 10700       |
|    policy_gradient_loss | -0.00451    |
|    std                  | 0.842       |
|    value_loss           | 0.00251     |
-----------------------------------------
-----------------------------------------
| rollout/                |             |
|    ep_len_mean          | 116         |
|    ep_rew_mean          | -0.572      |
| time/                   |             |
|    fps                  | 82          |
|    iterations           | 16          |
|    time_elapsed         | 49          |
|    total_timesteps      | 274432      |
| train/                  |             |
|    approx_kl            | 0.003915277 |
|    clip_fraction        | 0.032       |
|    clip_range           | 0.2         |
|    entropy_loss         | -2.49       |
|    explained_variance   | -1.44e-05   |
|    learning_rate        | 0.0003      |
|    loss                 | -0.0177     |
|    n_updates            | 10710       |
|    policy_gradient_loss | -0.00238    |
|    std                  | 0.842       |
|    value_loss           | 1.72        |
-----------------------------------------
-----------------------------------------
| rollout/                |             |
|    ep_len_mean          | 116         |
|    ep_rew_mean          | -0.572      |
| time/                   |             |
|    fps                  | 83          |
|    iterations           | 17          |
|    time_elapsed         | 52          |
|    total_timesteps      | 274688      |
| train/                  |             |
|    approx_kl            | 0.007710795 |
|    clip_fraction        | 0.0426      |
|    clip_range           | 0.2         |
|    entropy_loss         | -2.49       |
|    explained_variance   | -0.000146   |
|    learning_rate        | 0.0003      |
|    loss                 | -0.0165     |
|    n_updates            | 10720       |
|    policy_gradient_loss | -0.00352    |
|    std                  | 0.842       |
|    value_loss           | 0.00241     |
-----------------------------------------
------------------------------------------
| rollout/                |              |
|    ep_len_mean          | 116          |
|    ep_rew_mean          | -0.571       |
| time/                   |              |
|    fps                  | 81           |
|    iterations           | 18           |
|    time_elapsed         | 56           |
|    total_timesteps      | 274944       |
| train/                  |              |
|    approx_kl            | 0.0072650127 |
|    clip_fraction        | 0.0355       |
|    clip_range           | 0.2          |
|    entropy_loss         | -2.5         |
|    explained_variance   | -0.000645    |
|    learning_rate        | 0.0003       |
|    loss                 | -0.02        |
|    n_updates            | 10730        |
|    policy_gradient_loss | -0.00254     |
|    std                  | 0.844        |
|    value_loss           | 0.00238      |
------------------------------------------
------------------------------------------
| rollout/                |              |
|    ep_len_mean          | 116          |
|    ep_rew_mean          | -0.571       |
| time/                   |              |
|    fps                  | 82           |
|    iterations           | 19           |
|    time_elapsed         | 59           |
|    total_timesteps      | 275200       |
| train/                  |              |
|    approx_kl            | 0.0045374813 |
|    clip_fraction        | 0.0359       |
|    clip_range           | 0.2          |
|    entropy_loss         | -2.5         |
|    explained_variance   | 0.00104      |
|    learning_rate        | 0.0003       |
|    loss                 | -0.0359      |
|    n_updates            | 10740        |
|    policy_gradient_loss | -0.00395     |
|    std                  | 0.845        |
|    value_loss           | 0.00241      |
------------------------------------------
------------------------------------------
| rollout/                |              |
|    ep_len_mean          | 116          |
|    ep_rew_mean          | -0.572       |
| time/                   |              |
|    fps                  | 82           |
|    iterations           | 20           |
|    time_elapsed         | 61           |
|    total_timesteps      | 275456       |
| train/                  |              |
|    approx_kl            | 0.0052149817 |
|    clip_fraction        | 0.048        |
|    clip_range           | 0.2          |
|    entropy_loss         | -2.5         |
|    explained_variance   | -0.000549    |
|    learning_rate        | 0.0003       |
|    loss                 | -0.0393      |
|    n_updates            | 10750        |
|    policy_gradient_loss | -0.00427     |
|    std                  | 0.843        |
|    value_loss           | 0.00238      |
------------------------------------------
------------------------------------------
| rollout/                |              |
|    ep_len_mean          | 116          |
|    ep_rew_mean          | -0.573       |
| time/                   |              |
|    fps                  | 80           |
|    iterations           | 21           |
|    time_elapsed         | 66           |
|    total_timesteps      | 275712       |
| train/                  |              |
|    approx_kl            | 0.0029370917 |
|    clip_fraction        | 0.0641       |
|    clip_range           | 0.2          |
|    entropy_loss         | -2.49        |
|    explained_variance   | -5.2e-05     |
|    learning_rate        | 0.0003       |
|    loss                 | -0.029       |
|    n_updates            | 10760        |
|    policy_gradient_loss | -0.00272     |
|    std                  | 0.843        |
|    value_loss           | 0.00261      |
------------------------------------------
------------------------------------------
| rollout/                |              |
|    ep_len_mean          | 116          |
|    ep_rew_mean          | -0.573       |
| time/                   |              |
|    fps                  | 81           |
|    iterations           | 22           |
|    time_elapsed         | 69           |
|    total_timesteps      | 275968       |
| train/                  |              |
|    approx_kl            | 0.0018685432 |
|    clip_fraction        | 0.0215       |
|    clip_range           | 0.2          |
|    entropy_loss         | -2.49        |
|    explained_variance   | 2.37e-05     |
|    learning_rate        | 0.0003       |
|    loss                 | -0.0172      |
|    n_updates            | 10770        |
|    policy_gradient_loss | 0.00136      |
|    std                  | 0.841        |
|    value_loss           | 1.72         |
------------------------------------------
-----------------------------------------
| rollout/                |             |
|    ep_len_mean          | 115         |
|    ep_rew_mean          | -0.36       |
| time/                   |             |
|    fps                  | 81          |
|    iterations           | 23          |
|    time_elapsed         | 72          |
|    total_timesteps      | 276224      |
| train/                  |             |
|    approx_kl            | 0.008688067 |
|    clip_fraction        | 0.0945      |
|    clip_range           | 0.2         |
|    entropy_loss         | -2.49       |
|    explained_variance   | 0.00144     |
|    learning_rate        | 0.0003      |
|    loss                 | -0.0345     |
|    n_updates            | 10780       |
|    policy_gradient_loss | -0.0099     |
|    std                  | 0.842       |
|    value_loss           | 0.00275     |
-----------------------------------------
------------------------------------------
| rollout/                |              |
|    ep_len_mean          | 114          |
|    ep_rew_mean          | -0.147       |
| time/                   |              |
|    fps                  | 81           |
|    iterations           | 24           |
|    time_elapsed         | 75           |
|    total_timesteps      | 276480       |
| train/                  |              |
|    approx_kl            | 0.0019023903 |
|    clip_fraction        | 0.066        |
|    clip_range           | 0.2          |
|    entropy_loss         | -2.49        |
|    explained_variance   | -1.03e-05    |
|    learning_rate        | 0.0003       |
|    loss                 | -0.0271      |
|    n_updates            | 10790        |
|    policy_gradient_loss | -0.00304     |
|    std                  | 0.841        |
|    value_loss           | 1.71         |
------------------------------------------
-----------------------------------------
| rollout/                |             |
|    ep_len_mean          | 114         |
|    ep_rew_mean          | -0.148      |
| time/                   |             |
|    fps                  | 80          |
|    iterations           | 25          |
|    time_elapsed         | 79          |
|    total_timesteps      | 276736      |
| train/                  |             |
|    approx_kl            | 0.003626385 |
|    clip_fraction        | 0.0418      |
|    clip_range           | 0.2         |
|    entropy_loss         | -2.49       |
|    explained_variance   | 1.22e-05    |
|    learning_rate        | 0.0003      |
|    loss                 | -0.0276     |
|    n_updates            | 10800       |
|    policy_gradient_loss | -0.00308    |
|    std                  | 0.842       |
|    value_loss           | 1.7         |
-----------------------------------------
------------------------------------------
| rollout/                |              |
|    ep_len_mean          | 114          |
|    ep_rew_mean          | -0.148       |
| time/                   |              |
|    fps                  | 80           |
|    iterations           | 26           |
|    time_elapsed         | 82           |
|    total_timesteps      | 276992       |
| train/                  |              |
|    approx_kl            | 0.0045766653 |
|    clip_fraction        | 0.0484       |
|    clip_range           | 0.2          |
|    entropy_loss         | -2.5         |
|    explained_variance   | -0.00087     |
|    learning_rate        | 0.0003       |
|    loss                 | -0.038       |
|    n_updates            | 10810        |
|    policy_gradient_loss | -0.00436     |
|    std                  | 0.845        |
|    value_loss           | 0.00256      |
------------------------------------------
------------------------------------------
| rollout/                |              |
|    ep_len_mean          | 114          |
|    ep_rew_mean          | -0.148       |
| time/                   |              |
|    fps                  | 81           |
|    iterations           | 27           |
|    time_elapsed         | 85           |
|    total_timesteps      | 277248       |
| train/                  |              |
|    approx_kl            | 0.0053028725 |
|    clip_fraction        | 0.0598       |
|    clip_range           | 0.2          |
|    entropy_loss         | -2.5         |
|    explained_variance   | -0.000294    |
|    learning_rate        | 0.0003       |
|    loss                 | -0.0292      |
|    n_updates            | 10820        |
|    policy_gradient_loss | -0.0056      |
|    std                  | 0.847        |
|    value_loss           | 0.00243      |
------------------------------------------
-----------------------------------------
| rollout/                |             |
|    ep_len_mean          | 114         |
|    ep_rew_mean          | -0.149      |
| time/                   |             |
|    fps                  | 80          |
|    iterations           | 28          |
|    time_elapsed         | 89          |
|    total_timesteps      | 277504      |
| train/                  |             |
|    approx_kl            | 0.006046962 |
|    clip_fraction        | 0.0793      |
|    clip_range           | 0.2         |
|    entropy_loss         | -2.51       |
|    explained_variance   | 8.96e-05    |
|    learning_rate        | 0.0003      |
|    loss                 | -0.0172     |
|    n_updates            | 10830       |
|    policy_gradient_loss | -0.00286    |
|    std                  | 0.849       |
|    value_loss           | 0.0025      |
-----------------------------------------
------------------------------------------
| rollout/                |              |
|    ep_len_mean          | 114          |
|    ep_rew_mean          | -0.149       |
| time/                   |              |
|    fps                  | 80           |
|    iterations           | 29           |
|    time_elapsed         | 92           |
|    total_timesteps      | 277760       |
| train/                  |              |
|    approx_kl            | 0.0059676804 |
|    clip_fraction        | 0.0664       |
|    clip_range           | 0.2          |
|    entropy_loss         | -2.51        |
|    explained_variance   | 0.000614     |
|    learning_rate        | 0.0003       |
|    loss                 | -0.0339      |
|    n_updates            | 10840        |
|    policy_gradient_loss | -0.00694     |
|    std                  | 0.847        |
|    value_loss           | 0.00262      |
------------------------------------------
-----------------------------------------
| rollout/                |             |
|    ep_len_mean          | 114         |
|    ep_rew_mean          | -0.149      |
| time/                   |             |
|    fps                  | 81          |
|    iterations           | 30          |
|    time_elapsed         | 94          |
|    total_timesteps      | 278016      |
| train/                  |             |
|    approx_kl            | 0.007065404 |
|    clip_fraction        | 0.116       |
|    clip_range           | 0.2         |
|    entropy_loss         | -2.5        |
|    explained_variance   | 0.00104     |
|    learning_rate        | 0.0003      |
|    loss                 | -0.0463     |
|    n_updates            | 10850       |
|    policy_gradient_loss | -0.0132     |
|    std                  | 0.846       |
|    value_loss           | 0.00261     |
-----------------------------------------
-----------------------------------------
| rollout/                |             |
|    ep_len_mean          | 114         |
|    ep_rew_mean          | -0.149      |
| time/                   |             |
|    fps                  | 81          |
|    iterations           | 31          |
|    time_elapsed         | 97          |
|    total_timesteps      | 278272      |
| train/                  |             |
|    approx_kl            | 0.006878166 |
|    clip_fraction        | 0.101       |
|    clip_range           | 0.2         |
|    entropy_loss         | -2.5        |
|    explained_variance   | -0.00114    |
|    learning_rate        | 0.0003      |
|    loss                 | -0.0335     |
|    n_updates            | 10860       |
|    policy_gradient_loss | -0.00884    |
|    std                  | 0.845       |
|    value_loss           | 0.00248     |
-----------------------------------------
-----------------------------------------
| rollout/                |             |
|    ep_len_mean          | 114         |
|    ep_rew_mean          | -0.15       |
| time/                   |             |
|    fps                  | 81          |
|    iterations           | 32          |
|    time_elapsed         | 100         |
|    total_timesteps      | 278528      |
| train/                  |             |
|    approx_kl            | 0.005201289 |
|    clip_fraction        | 0.0437      |
|    clip_range           | 0.2         |
|    entropy_loss         | -2.5        |
|    explained_variance   | -0.000991   |
|    learning_rate        | 0.0003      |
|    loss                 | -0.00874    |
|    n_updates            | 10870       |
|    policy_gradient_loss | -0.00397    |
|    std                  | 0.845       |
|    value_loss           | 0.00227     |
-----------------------------------------
-----------------------------------------
| rollout/                |             |
|    ep_len_mean          | 114         |
|    ep_rew_mean          | -0.15       |
| time/                   |             |
|    fps                  | 82          |
|    iterations           | 33          |
|    time_elapsed         | 102         |
|    total_timesteps      | 278784      |
| train/                  |             |
|    approx_kl            | 0.003403475 |
|    clip_fraction        | 0.0523      |
|    clip_range           | 0.2         |
|    entropy_loss         | -2.5        |
|    explained_variance   | 0.00331     |
|    learning_rate        | 0.0003      |
|    loss                 | -0.0154     |
|    n_updates            | 10880       |
|    policy_gradient_loss | -0.00242    |
|    std                  | 0.845       |
|    value_loss           | 0.0025      |
-----------------------------------------
-----------------------------------------
| rollout/                |             |
|    ep_len_mean          | 114         |
|    ep_rew_mean          | -0.149      |
| time/                   |             |
|    fps                  | 81          |
|    iterations           | 34          |
|    time_elapsed         | 106         |
|    total_timesteps      | 279040      |
| train/                  |             |
|    approx_kl            | 0.004525954 |
|    clip_fraction        | 0.0688      |
|    clip_range           | 0.2         |
|    entropy_loss         | -2.5        |
|    explained_variance   | -0.00345    |
|    learning_rate        | 0.0003      |
|    loss                 | -0.0246     |
|    n_updates            | 10890       |
|    policy_gradient_loss | -0.00584    |
|    std                  | 0.847       |
|    value_loss           | 0.00236     |
-----------------------------------------
------------------------------------------
| rollout/                |              |
|    ep_len_mean          | 114          |
|    ep_rew_mean          | -0.149       |
| time/                   |              |
|    fps                  | 81           |
|    iterations           | 35           |
|    time_elapsed         | 109          |
|    total_timesteps      | 279296       |
| train/                  |              |
|    approx_kl            | 0.0072068227 |
|    clip_fraction        | 0.155        |
|    clip_range           | 0.2          |
|    entropy_loss         | -2.5         |
|    explained_variance   | 0.00182      |
|    learning_rate        | 0.0003       |
|    loss                 | -0.0449      |
|    n_updates            | 10900        |
|    policy_gradient_loss | -0.0129      |
|    std                  | 0.847        |
|    value_loss           | 0.00236      |
------------------------------------------
----------------------------------------
| rollout/                |            |
|    ep_len_mean          | 114        |
|    ep_rew_mean          | -0.148     |
| time/                   |            |
|    fps                  | 80         |
|    iterations           | 36         |
|    time_elapsed         | 113        |
|    total_timesteps      | 279552     |
| train/                  |            |
|    approx_kl            | 0.00546306 |
|    clip_fraction        | 0.0523     |
|    clip_range           | 0.2        |
|    entropy_loss         | -2.5       |
|    explained_variance   | -0.000353  |
|    learning_rate        | 0.0003     |
|    loss                 | -0.0313    |
|    n_updates            | 10910      |
|    policy_gradient_loss | -0.00524   |
|    std                  | 0.845      |
|    value_loss           | 0.00266    |
----------------------------------------
------------------------------------------
| rollout/                |              |
|    ep_len_mean          | 114          |
|    ep_rew_mean          | -0.148       |
| time/                   |              |
|    fps                  | 81           |
|    iterations           | 37           |
|    time_elapsed         | 116          |
|    total_timesteps      | 279808       |
| train/                  |              |
|    approx_kl            | 0.0031295333 |
|    clip_fraction        | 0.0273       |
|    clip_range           | 0.2          |
|    entropy_loss         | -2.5         |
|    explained_variance   | 0.00137      |
|    learning_rate        | 0.0003       |
|    loss                 | -0.028       |
|    n_updates            | 10920        |
|    policy_gradient_loss | -0.00203     |
|    std                  | 0.847        |
|    value_loss           | 0.00256      |
------------------------------------------
------------------------------------------
| rollout/                |              |
|    ep_len_mean          | 114          |
|    ep_rew_mean          | -0.147       |
| time/                   |              |
|    fps                  | 81           |
|    iterations           | 38           |
|    time_elapsed         | 119          |
|    total_timesteps      | 280064       |
| train/                  |              |
|    approx_kl            | 0.0062828218 |
|    clip_fraction        | 0.0996       |
|    clip_range           | 0.2          |
|    entropy_loss         | -2.5         |
|    explained_variance   | -0.000612    |
|    learning_rate        | 0.0003       |
|    loss                 | -0.0188      |
|    n_updates            | 10930        |
|    policy_gradient_loss | -0.011       |
|    std                  | 0.844        |
|    value_loss           | 0.00222      |
------------------------------------------
-----------------------------------------
| rollout/                |             |
|    ep_len_mean          | 114         |
|    ep_rew_mean          | -0.147      |
| time/                   |             |
|    fps                  | 81          |
|    iterations           | 39          |
|    time_elapsed         | 122         |
|    total_timesteps      | 280320      |
| train/                  |             |
|    approx_kl            | 0.009741766 |
|    clip_fraction        | 0.107       |
|    clip_range           | 0.2         |
|    entropy_loss         | -2.49       |
|    explained_variance   | 0.00292     |
|    learning_rate        | 0.0003      |
|    loss                 | -0.0122     |
|    n_updates            | 10940       |
|    policy_gradient_loss | -0.00973    |
|    std                  | 0.838       |
|    value_loss           | 0.00239     |
-----------------------------------------
------------------------------------------
| rollout/                |              |
|    ep_len_mean          | 114          |
|    ep_rew_mean          | -0.146       |
| time/                   |              |
|    fps                  | 82           |
|    iterations           | 40           |
|    time_elapsed         | 124          |
|    total_timesteps      | 280576       |
| train/                  |              |
|    approx_kl            | 0.0089032445 |
|    clip_fraction        | 0.107        |
|    clip_range           | 0.2          |
|    entropy_loss         | -2.48        |
|    explained_variance   | 0.00292      |
|    learning_rate        | 0.0003       |
|    loss                 | -0.0181      |
|    n_updates            | 10950        |
|    policy_gradient_loss | -0.0111      |
|    std                  | 0.835        |
|    value_loss           | 0.0022       |
------------------------------------------
----------------------------------------
| rollout/                |            |
|    ep_len_mean          | 114        |
|    ep_rew_mean          | -0.147     |
| time/                   |            |
|    fps                  | 81         |
|    iterations           | 41         |
|    time_elapsed         | 129        |
|    total_timesteps      | 280832     |
| train/                  |            |
|    approx_kl            | 0.00361614 |
|    clip_fraction        | 0.0551     |
|    clip_range           | 0.2        |
|    entropy_loss         | -2.48      |
|    explained_variance   | 0.00516    |
|    learning_rate        | 0.0003     |
|    loss                 | -0.0428    |
|    n_updates            | 10960      |
|    policy_gradient_loss | -0.00414   |
|    std                  | 0.838      |
|    value_loss           | 0.00241    |
----------------------------------------
-----------------------------------------
| rollout/                |             |
|    ep_len_mean          | 113         |
|    ep_rew_mean          | 0.0661      |
| time/                   |             |
|    fps                  | 81          |
|    iterations           | 42          |
|    time_elapsed         | 131         |
|    total_timesteps      | 281088      |
| train/                  |             |
|    approx_kl            | 0.009097361 |
|    clip_fraction        | 0.115       |
|    clip_range           | 0.2         |
|    entropy_loss         | -2.48       |
|    explained_variance   | 0.00489     |
|    learning_rate        | 0.0003      |
|    loss                 | -0.0591     |
|    n_updates            | 10970       |
|    policy_gradient_loss | -0.013      |
|    std                  | 0.837       |
|    value_loss           | 0.00235     |
-----------------------------------------
-----------------------------------------
| rollout/                |             |
|    ep_len_mean          | 114         |
|    ep_rew_mean          | -0.146      |
| time/                   |             |
|    fps                  | 81          |
|    iterations           | 43          |
|    time_elapsed         | 134         |
|    total_timesteps      | 281344      |
| train/                  |             |
|    approx_kl            | 0.004979939 |
|    clip_fraction        | 0.0461      |
|    clip_range           | 0.2         |
|    entropy_loss         | -2.49       |
|    explained_variance   | -9.78e-06   |
|    learning_rate        | 0.0003      |
|    loss                 | 3.39        |
|    n_updates            | 10980       |
|    policy_gradient_loss | -0.00467    |
|    std                  | 0.84        |
|    value_loss           | 1.72        |
-----------------------------------------
-----------------------------------------
| rollout/                |             |
|    ep_len_mean          | 114         |
|    ep_rew_mean          | -0.146      |
| time/                   |             |
|    fps                  | 82          |
|    iterations           | 44          |
|    time_elapsed         | 137         |
|    total_timesteps      | 281600      |
| train/                  |             |
|    approx_kl            | 0.004003578 |
|    clip_fraction        | 0.00898     |
|    clip_range           | 0.2         |
|    entropy_loss         | -2.49       |
|    explained_variance   | 0.003       |
|    learning_rate        | 0.0003      |
|    loss                 | -0.0199     |
|    n_updates            | 10990       |
|    policy_gradient_loss | -0.00208    |
|    std                  | 0.838       |
|    value_loss           | 0.00264     |
-----------------------------------------
------------------------------------------
| rollout/                |              |
|    ep_len_mean          | 114          |
|    ep_rew_mean          | -0.146       |
| time/                   |              |
|    fps                  | 82           |
|    iterations           | 45           |
|    time_elapsed         | 139          |
|    total_timesteps      | 281856       |
| train/                  |              |
|    approx_kl            | 0.0054566693 |
|    clip_fraction        | 0.00859      |
|    clip_range           | 0.2          |
|    entropy_loss         | -2.48        |
|    explained_variance   | -0.000143    |
|    learning_rate        | 0.0003       |
|    loss                 | -0.0169      |
|    n_updates            | 11000        |
|    policy_gradient_loss | -0.00125     |
|    std                  | 0.839        |
|    value_loss           | 0.00246      |
------------------------------------------
----------------------------------------
| rollout/                |            |
|    ep_len_mean          | 113        |
|    ep_rew_mean          | 0.0658     |
| time/                   |            |
|    fps                  | 82         |
|    iterations           | 46         |
|    time_elapsed         | 142        |
|    total_timesteps      | 282112     |
| train/                  |            |
|    approx_kl            | 0.00379168 |
|    clip_fraction        | 0.0145     |
|    clip_range           | 0.2        |
|    entropy_loss         | -2.48      |
|    explained_variance   | 0.00439    |
|    learning_rate        | 0.0003     |
|    loss                 | -0.0415    |
|    n_updates            | 11010      |
|    policy_gradient_loss | -0.00217   |
|    std                  | 0.835      |
|    value_loss           | 0.00254    |
----------------------------------------
------------------------------------------
| rollout/                |              |
|    ep_len_mean          | 113          |
|    ep_rew_mean          | 0.0655       |
| time/                   |              |
|    fps                  | 81           |
|    iterations           | 47           |
|    time_elapsed         | 147          |
|    total_timesteps      | 282368       |
| train/                  |              |
|    approx_kl            | 0.0039029496 |
|    clip_fraction        | 0.0441       |
|    clip_range           | 0.2          |
|    entropy_loss         | -2.48        |
|    explained_variance   | 2.3e-05      |
|    learning_rate        | 0.0003       |
|    loss                 | -0.0216      |
|    n_updates            | 11020        |
|    policy_gradient_loss | -0.00312     |
|    std                  | 0.837        |
|    value_loss           | 1.72         |
------------------------------------------
------------------------------------------
| rollout/                |              |
|    ep_len_mean          | 113          |
|    ep_rew_mean          | 0.0663       |
| time/                   |              |
|    fps                  | 82           |
|    iterations           | 48           |
|    time_elapsed         | 149          |
|    total_timesteps      | 282624       |
| train/                  |              |
|    approx_kl            | 0.0073272837 |
|    clip_fraction        | 0.13         |
|    clip_range           | 0.2          |
|    entropy_loss         | -2.48        |
|    explained_variance   | 0.000507     |
|    learning_rate        | 0.0003       |
|    loss                 | -0.0349      |
|    n_updates            | 11030        |
|    policy_gradient_loss | -0.0108      |
|    std                  | 0.838        |
|    value_loss           | 0.0022       |
------------------------------------------
-----------------------------------------
| rollout/                |             |
|    ep_len_mean          | 113         |
|    ep_rew_mean          | 0.0669      |
| time/                   |             |
|    fps                  | 82          |
|    iterations           | 49          |
|    time_elapsed         | 152         |
|    total_timesteps      | 282880      |
| train/                  |             |
|    approx_kl            | 0.008780636 |
|    clip_fraction        | 0.1         |
|    clip_range           | 0.2         |
|    entropy_loss         | -2.48       |
|    explained_variance   | -0.00247    |
|    learning_rate        | 0.0003      |
|    loss                 | -0.0179     |
|    n_updates            | 11040       |
|    policy_gradient_loss | -0.0113     |
|    std                  | 0.835       |
|    value_loss           | 0.00254     |
-----------------------------------------
-----------------------------------------
| rollout/                |             |
|    ep_len_mean          | 113         |
|    ep_rew_mean          | 0.0672      |
| time/                   |             |
|    fps                  | 82          |
|    iterations           | 50          |
|    time_elapsed         | 154         |
|    total_timesteps      | 283136      |
| train/                  |             |
|    approx_kl            | 0.005215219 |
|    clip_fraction        | 0.0367      |
|    clip_range           | 0.2         |
|    entropy_loss         | -2.47       |
|    explained_variance   | 0.00163     |
|    learning_rate        | 0.0003      |
|    loss                 | -0.0182     |
|    n_updates            | 11050       |
|    policy_gradient_loss | -0.00172    |
|    std                  | 0.834       |
|    value_loss           | 0.00254     |
-----------------------------------------
-----------------------------------------
| rollout/                |             |
|    ep_len_mean          | 113         |
|    ep_rew_mean          | 0.0682      |
| time/                   |             |
|    fps                  | 82          |
|    iterations           | 51          |
|    time_elapsed         | 157         |
|    total_timesteps      | 283392      |
| train/                  |             |
|    approx_kl            | 0.008145042 |
|    clip_fraction        | 0.093       |
|    clip_range           | 0.2         |
|    entropy_loss         | -2.47       |
|    explained_variance   | -0.000262   |
|    learning_rate        | 0.0003      |
|    loss                 | -0.0363     |
|    n_updates            | 11060       |
|    policy_gradient_loss | -0.00645    |
|    std                  | 0.834       |
|    value_loss           | 0.00255     |
-----------------------------------------
-----------------------------------------
| rollout/                |             |
|    ep_len_mean          | 113         |
|    ep_rew_mean          | 0.067       |
| time/                   |             |
|    fps                  | 83          |
|    iterations           | 52          |
|    time_elapsed         | 160         |
|    total_timesteps      | 283648      |
| train/                  |             |
|    approx_kl            | 0.007701003 |
|    clip_fraction        | 0.0875      |
|    clip_range           | 0.2         |
|    entropy_loss         | -2.48       |
|    explained_variance   | -0.000168   |
|    learning_rate        | 0.0003      |
|    loss                 | -0.0239     |
|    n_updates            | 11070       |
|    policy_gradient_loss | -0.00693    |
|    std                  | 0.838       |
|    value_loss           | 0.00235     |
-----------------------------------------
------------------------------------------
| rollout/                |              |
|    ep_len_mean          | 113          |
|    ep_rew_mean          | 0.0661       |
| time/                   |              |
|    fps                  | 82           |
|    iterations           | 53           |
|    time_elapsed         | 164          |
|    total_timesteps      | 283904       |
| train/                  |              |
|    approx_kl            | 0.0052528717 |
|    clip_fraction        | 0.0543       |
|    clip_range           | 0.2          |
|    entropy_loss         | -2.49        |
|    explained_variance   | 0.00221      |
|    learning_rate        | 0.0003       |
|    loss                 | -0.023       |
|    n_updates            | 11080        |
|    policy_gradient_loss | -0.00405     |
|    std                  | 0.839        |
|    value_loss           | 0.00237      |
------------------------------------------
------------------------------------------
| rollout/                |              |
|    ep_len_mean          | 113          |
|    ep_rew_mean          | 0.0655       |
| time/                   |              |
|    fps                  | 81           |
|    iterations           | 54           |
|    time_elapsed         | 169          |
|    total_timesteps      | 284160       |
| train/                  |              |
|    approx_kl            | 0.0047535747 |
|    clip_fraction        | 0.0801       |
|    clip_range           | 0.2          |
|    entropy_loss         | -2.49        |
|    explained_variance   | 0.00339      |
|    learning_rate        | 0.0003       |
|    loss                 | -0.0345      |
|    n_updates            | 11090        |
|    policy_gradient_loss | -0.00421     |
|    std                  | 0.845        |
|    value_loss           | 0.00235      |
------------------------------------------
-----------------------------------------
| rollout/                |             |
|    ep_len_mean          | 113         |
|    ep_rew_mean          | 0.0663      |
| time/                   |             |
|    fps                  | 81          |
|    iterations           | 55          |
|    time_elapsed         | 171         |
|    total_timesteps      | 284416      |
| train/                  |             |
|    approx_kl            | 0.005136044 |
|    clip_fraction        | 0.0246      |
|    clip_range           | 0.2         |
|    entropy_loss         | -2.5        |
|    explained_variance   | 0.00113     |
|    learning_rate        | 0.0003      |
|    loss                 | -0.0175     |
|    n_updates            | 11100       |
|    policy_gradient_loss | -0.00232    |
|    std                  | 0.844       |
|    value_loss           | 0.00233     |
-----------------------------------------
------------------------------------------
| rollout/                |              |
|    ep_len_mean          | 113          |
|    ep_rew_mean          | 0.0661       |
| time/                   |              |
|    fps                  | 82           |
|    iterations           | 56           |
|    time_elapsed         | 174          |
|    total_timesteps      | 284672       |
| train/                  |              |
|    approx_kl            | 0.0059243697 |
|    clip_fraction        | 0.0727       |
|    clip_range           | 0.2          |
|    entropy_loss         | -2.5         |
|    explained_variance   | -0.00492     |
|    learning_rate        | 0.0003       |
|    loss                 | -0.0292      |
|    n_updates            | 11110        |
|    policy_gradient_loss | -0.00696     |
|    std                  | 0.844        |
|    value_loss           | 0.00237      |
------------------------------------------
------------------------------------------
| rollout/                |              |
|    ep_len_mean          | 113          |
|    ep_rew_mean          | 0.0665       |
| time/                   |              |
|    fps                  | 81           |
|    iterations           | 57           |
|    time_elapsed         | 178          |
|    total_timesteps      | 284928       |
| train/                  |              |
|    approx_kl            | 0.0036239699 |
|    clip_fraction        | 0.0184       |
|    clip_range           | 0.2          |
|    entropy_loss         | -2.5         |
|    explained_variance   | -0.00231     |
|    learning_rate        | 0.0003       |
|    loss                 | -0.0377      |
|    n_updates            | 11120        |
|    policy_gradient_loss | -0.00281     |
|    std                  | 0.848        |
|    value_loss           | 0.00248      |
------------------------------------------
------------------------------------------
| rollout/                |              |
|    ep_len_mean          | 113          |
|    ep_rew_mean          | 0.0657       |
| time/                   |              |
|    fps                  | 80           |
|    iterations           | 58           |
|    time_elapsed         | 183          |
|    total_timesteps      | 285184       |
| train/                  |              |
|    approx_kl            | 0.0030061442 |
|    clip_fraction        | 0.00586      |
|    clip_range           | 0.2          |
|    entropy_loss         | -2.5         |
|    explained_variance   | -0.00194     |
|    learning_rate        | 0.0003       |
|    loss                 | -0.0196      |
|    n_updates            | 11130        |
|    policy_gradient_loss | -0.00216     |
|    std                  | 0.843        |
|    value_loss           | 0.00243      |
------------------------------------------
----------------------------------------
| rollout/                |            |
|    ep_len_mean          | 114        |
|    ep_rew_mean          | -0.145     |
| time/                   |            |
|    fps                  | 81         |
|    iterations           | 59         |
|    time_elapsed         | 186        |
|    total_timesteps      | 285440     |
| train/                  |            |
|    approx_kl            | 0.00293535 |
|    clip_fraction        | 0.000391   |
|    clip_range           | 0.2        |
|    entropy_loss         | -2.49      |
|    explained_variance   | -0.00202   |
|    learning_rate        | 0.0003     |
|    loss                 | -0.0261    |
|    n_updates            | 11140      |
|    policy_gradient_loss | -0.0005    |
|    std                  | 0.84       |
|    value_loss           | 0.00257    |
----------------------------------------
------------------------------------------
| rollout/                |              |
|    ep_len_mean          | 114          |
|    ep_rew_mean          | -0.144       |
| time/                   |              |
|    fps                  | 81           |
|    iterations           | 60           |
|    time_elapsed         | 188          |
|    total_timesteps      | 285696       |
| train/                  |              |
|    approx_kl            | 0.0049412916 |
|    clip_fraction        | 0.034        |
|    clip_range           | 0.2          |
|    entropy_loss         | -2.49        |
|    explained_variance   | 0.000958     |
|    learning_rate        | 0.0003       |
|    loss                 | -0.0298      |
|    n_updates            | 11150        |
|    policy_gradient_loss | -0.00352     |
|    std                  | 0.84         |
|    value_loss           | 0.0023       |
------------------------------------------
------------------------------------------
| rollout/                |              |
|    ep_len_mean          | 114          |
|    ep_rew_mean          | -0.144       |
| time/                   |              |
|    fps                  | 80           |
|    iterations           | 61           |
|    time_elapsed         | 193          |
|    total_timesteps      | 285952       |
| train/                  |              |
|    approx_kl            | 0.0029444315 |
|    clip_fraction        | 0.0367       |
|    clip_range           | 0.2          |
|    entropy_loss         | -2.49        |
|    explained_variance   | 5.44e-05     |
|    learning_rate        | 0.0003       |
|    loss                 | -0.0163      |
|    n_updates            | 11160        |
|    policy_gradient_loss | -0.00271     |
|    std                  | 0.839        |
|    value_loss           | 0.00215      |
------------------------------------------
------------------------------------------
| rollout/                |              |
|    ep_len_mean          | 114          |
|    ep_rew_mean          | -0.145       |
| time/                   |              |
|    fps                  | 81           |
|    iterations           | 62           |
|    time_elapsed         | 195          |
|    total_timesteps      | 286208       |
| train/                  |              |
|    approx_kl            | 0.0036803463 |
|    clip_fraction        | 0.0281       |
|    clip_range           | 0.2          |
|    entropy_loss         | -2.49        |
|    explained_variance   | 0.000167     |
|    learning_rate        | 0.0003       |
|    loss                 | -0.0272      |
|    n_updates            | 11170        |
|    policy_gradient_loss | -0.00166     |
|    std                  | 0.841        |
|    value_loss           | 0.0023       |
------------------------------------------
------------------------------------------
| rollout/                |              |
|    ep_len_mean          | 114          |
|    ep_rew_mean          | -0.146       |
| time/                   |              |
|    fps                  | 81           |
|    iterations           | 63           |
|    time_elapsed         | 198          |
|    total_timesteps      | 286464       |
| train/                  |              |
|    approx_kl            | 0.0047588022 |
|    clip_fraction        | 0.0312       |
|    clip_range           | 0.2          |
|    entropy_loss         | -2.49        |
|    explained_variance   | -0.000798    |
|    learning_rate        | 0.0003       |
|    loss                 | -0.0319      |
|    n_updates            | 11180        |
|    policy_gradient_loss | -0.00307     |
|    std                  | 0.84         |
|    value_loss           | 0.00221      |
------------------------------------------
------------------------------------------
| rollout/                |              |
|    ep_len_mean          | 114          |
|    ep_rew_mean          | -0.146       |
| time/                   |              |
|    fps                  | 81           |
|    iterations           | 64           |
|    time_elapsed         | 201          |
|    total_timesteps      | 286720       |
| train/                  |              |
|    approx_kl            | 0.0067579327 |
|    clip_fraction        | 0.0691       |
|    clip_range           | 0.2          |
|    entropy_loss         | -2.49        |
|    explained_variance   | 0.00382      |
|    learning_rate        | 0.0003       |
|    loss                 | -0.0404      |
|    n_updates            | 11190        |
|    policy_gradient_loss | -0.00756     |
|    std                  | 0.837        |
|    value_loss           | 0.00234      |
------------------------------------------
-----------------------------------------
| rollout/                |             |
|    ep_len_mean          | 114         |
|    ep_rew_mean          | -0.146      |
| time/                   |             |
|    fps                  | 80          |
|    iterations           | 65          |
|    time_elapsed         | 205         |
|    total_timesteps      | 286976      |
| train/                  |             |
|    approx_kl            | 0.005548984 |
|    clip_fraction        | 0.0648      |
|    clip_range           | 0.2         |
|    entropy_loss         | -2.48       |
|    explained_variance   | -0.00228    |
|    learning_rate        | 0.0003      |
|    loss                 | -0.0182     |
|    n_updates            | 11200       |
|    policy_gradient_loss | -0.00759    |
|    std                  | 0.835       |
|    value_loss           | 0.0024      |
-----------------------------------------
-----------------------------------------
| rollout/                |             |
|    ep_len_mean          | 115         |
|    ep_rew_mean          | -0.358      |
| time/                   |             |
|    fps                  | 81          |
|    iterations           | 66          |
|    time_elapsed         | 208         |
|    total_timesteps      | 287232      |
| train/                  |             |
|    approx_kl            | 0.004230912 |
|    clip_fraction        | 0.00703     |
|    clip_range           | 0.2         |
|    entropy_loss         | -2.47       |
|    explained_variance   | -0.00341    |
|    learning_rate        | 0.0003      |
|    loss                 | -0.0114     |
|    n_updates            | 11210       |
|    policy_gradient_loss | -0.00048    |
|    std                  | 0.833       |
|    value_loss           | 0.0025      |
-----------------------------------------
-----------------------------------------
| rollout/                |             |
|    ep_len_mean          | 115         |
|    ep_rew_mean          | -0.356      |
| time/                   |             |
|    fps                  | 81          |
|    iterations           | 67          |
|    time_elapsed         | 210         |
|    total_timesteps      | 287488      |
| train/                  |             |
|    approx_kl            | 0.004959477 |
|    clip_fraction        | 0.0375      |
|    clip_range           | 0.2         |
|    entropy_loss         | -2.47       |
|    explained_variance   | -0.000163   |
|    learning_rate        | 0.0003      |
|    loss                 | -0.0253     |
|    n_updates            | 11220       |
|    policy_gradient_loss | -0.00285    |
|    std                  | 0.835       |
|    value_loss           | 0.00249     |
-----------------------------------------
-----------------------------------------
| rollout/                |             |
|    ep_len_mean          | 116         |
|    ep_rew_mean          | -0.568      |
| time/                   |             |
|    fps                  | 81          |
|    iterations           | 68          |
|    time_elapsed         | 213         |
|    total_timesteps      | 287744      |
| train/                  |             |
|    approx_kl            | 0.007559361 |
|    clip_fraction        | 0.0906      |
|    clip_range           | 0.2         |
|    entropy_loss         | -2.47       |
|    explained_variance   | 0.000377    |
|    learning_rate        | 0.0003      |
|    loss                 | -0.0256     |
|    n_updates            | 11230       |
|    policy_gradient_loss | -0.00577    |
|    std                  | 0.832       |
|    value_loss           | 0.00245     |
-----------------------------------------
------------------------------------------
| rollout/                |              |
|    ep_len_mean          | 116          |
|    ep_rew_mean          | -0.568       |
| time/                   |              |
|    fps                  | 81           |
|    iterations           | 69           |
|    time_elapsed         | 216          |
|    total_timesteps      | 288000       |
| train/                  |              |
|    approx_kl            | 0.0058630765 |
|    clip_fraction        | 0.0469       |
|    clip_range           | 0.2          |
|    entropy_loss         | -2.47        |
|    explained_variance   | 0.000532     |
|    learning_rate        | 0.0003       |
|    loss                 | -0.03        |
|    n_updates            | 11240        |
|    policy_gradient_loss | -0.00348     |
|    std                  | 0.83         |
|    value_loss           | 0.0024       |
------------------------------------------
------------------------------------------
| rollout/                |              |
|    ep_len_mean          | 118          |
|    ep_rew_mean          | -0.78        |
| time/                   |              |
|    fps                  | 81           |
|    iterations           | 70           |
|    time_elapsed         | 218          |
|    total_timesteps      | 288256       |
| train/                  |              |
|    approx_kl            | 0.0065947627 |
|    clip_fraction        | 0.0723       |
|    clip_range           | 0.2          |
|    entropy_loss         | -2.46        |
|    explained_variance   | 0.000361     |
|    learning_rate        | 0.0003       |
|    loss                 | -0.0288      |
|    n_updates            | 11250        |
|    policy_gradient_loss | -0.00301     |
|    std                  | 0.828        |
|    value_loss           | 0.00234      |
------------------------------------------
-----------------------------------------
| rollout/                |             |
|    ep_len_mean          | 118         |
|    ep_rew_mean          | -0.778      |
| time/                   |             |
|    fps                  | 81          |
|    iterations           | 71          |
|    time_elapsed         | 223         |
|    total_timesteps      | 288512      |
| train/                  |             |
|    approx_kl            | 0.005510644 |
|    clip_fraction        | 0.0445      |
|    clip_range           | 0.2         |
|    entropy_loss         | -2.46       |
|    explained_variance   | 0.0019      |
|    learning_rate        | 0.0003      |
|    loss                 | -0.023      |
|    n_updates            | 11260       |
|    policy_gradient_loss | -0.0036     |
|    std                  | 0.829       |
|    value_loss           | 0.00225     |
-----------------------------------------
------------------------------------------
| rollout/                |              |
|    ep_len_mean          | 118          |
|    ep_rew_mean          | -0.778       |
| time/                   |              |
|    fps                  | 81           |
|    iterations           | 72           |
|    time_elapsed         | 225          |
|    total_timesteps      | 288768       |
| train/                  |              |
|    approx_kl            | 0.0039803013 |
|    clip_fraction        | 0.00313      |
|    clip_range           | 0.2          |
|    entropy_loss         | -2.47        |
|    explained_variance   | -0.0056      |
|    learning_rate        | 0.0003       |
|    loss                 | -0.019       |
|    n_updates            | 11270        |
|    policy_gradient_loss | -0.000789    |
|    std                  | 0.833        |
|    value_loss           | 0.00241      |
------------------------------------------
------------------------------------------
| rollout/                |              |
|    ep_len_mean          | 118          |
|    ep_rew_mean          | -0.778       |
| time/                   |              |
|    fps                  | 81           |
|    iterations           | 73           |
|    time_elapsed         | 228          |
|    total_timesteps      | 289024       |
| train/                  |              |
|    approx_kl            | 0.0038607598 |
|    clip_fraction        | 0.0469       |
|    clip_range           | 0.2          |
|    entropy_loss         | -2.47        |
|    explained_variance   | 0.00108      |
|    learning_rate        | 0.0003       |
|    loss                 | -0.0343      |
|    n_updates            | 11280        |
|    policy_gradient_loss | -0.00455     |
|    std                  | 0.834        |
|    value_loss           | 0.00247      |
------------------------------------------
------------------------------------------
| rollout/                |              |
|    ep_len_mean          | 118          |
|    ep_rew_mean          | -0.777       |
| time/                   |              |
|    fps                  | 81           |
|    iterations           | 74           |
|    time_elapsed         | 231          |
|    total_timesteps      | 289280       |
| train/                  |              |
|    approx_kl            | 0.0040943697 |
|    clip_fraction        | 0.0441       |
|    clip_range           | 0.2          |
|    entropy_loss         | -2.48        |
|    explained_variance   | -0.00418     |
|    learning_rate        | 0.0003       |
|    loss                 | -0.0331      |
|    n_updates            | 11290        |
|    policy_gradient_loss | -0.00332     |
|    std                  | 0.841        |
|    value_loss           | 0.00255      |
------------------------------------------
------------------------------------------
| rollout/                |              |
|    ep_len_mean          | 118          |
|    ep_rew_mean          | -0.778       |
| time/                   |              |
|    fps                  | 82           |
|    iterations           | 75           |
|    time_elapsed         | 233          |
|    total_timesteps      | 289536       |
| train/                  |              |
|    approx_kl            | 0.0057225144 |
|    clip_fraction        | 0.0789       |
|    clip_range           | 0.2          |
|    entropy_loss         | -2.49        |
|    explained_variance   | -0.000465    |
|    learning_rate        | 0.0003       |
|    loss                 | -0.0511      |
|    n_updates            | 11300        |
|    policy_gradient_loss | -0.00841     |
|    std                  | 0.844        |
|    value_loss           | 0.00234      |
------------------------------------------
------------------------------------------
| rollout/                |              |
|    ep_len_mean          | 118          |
|    ep_rew_mean          | -0.777       |
| time/                   |              |
|    fps                  | 82           |
|    iterations           | 76           |
|    time_elapsed         | 236          |
|    total_timesteps      | 289792       |
| train/                  |              |
|    approx_kl            | 0.0043471158 |
|    clip_fraction        | 0.0652       |
|    clip_range           | 0.2          |
|    entropy_loss         | -2.5         |
|    explained_variance   | 0.000206     |
|    learning_rate        | 0.0003       |
|    loss                 | -0.0375      |
|    n_updates            | 11310        |
|    policy_gradient_loss | -0.00512     |
|    std                  | 0.845        |
|    value_loss           | 0.00234      |
------------------------------------------
-----------------------------------------
| rollout/                |             |
|    ep_len_mean          | 116         |
|    ep_rew_mean          | -0.564      |
| time/                   |             |
|    fps                  | 81          |
|    iterations           | 77          |
|    time_elapsed         | 243         |
|    total_timesteps      | 290048      |
| train/                  |             |
|    approx_kl            | 0.005728719 |
|    clip_fraction        | 0.0691      |
|    clip_range           | 0.2         |
|    entropy_loss         | -2.5        |
|    explained_variance   | 6.97e-06    |
|    learning_rate        | 0.0003      |
|    loss                 | -0.0402     |
|    n_updates            | 11320       |
|    policy_gradient_loss | -0.00515    |
|    std                  | 0.842       |
|    value_loss           | 0.00243     |
-----------------------------------------
-----------------------------------------
| rollout/                |             |
|    ep_len_mean          | 116         |
|    ep_rew_mean          | -0.563      |
| time/                   |             |
|    fps                  | 80          |
|    iterations           | 78          |
|    time_elapsed         | 249         |
|    total_timesteps      | 290304      |
| train/                  |             |
|    approx_kl            | 0.010804842 |
|    clip_fraction        | 0.0996      |
|    clip_range           | 0.2         |
|    entropy_loss         | -2.49       |
|    explained_variance   | -2.38e-07   |
|    learning_rate        | 0.0003      |
|    loss                 | -0.0162     |
|    n_updates            | 11330       |
|    policy_gradient_loss | -0.00478    |
|    std                  | 0.839       |
|    value_loss           | 1.72        |
-----------------------------------------
------------------------------------------
| rollout/                |              |
|    ep_len_mean          | 116          |
|    ep_rew_mean          | -0.563       |
| time/                   |              |
|    fps                  | 80           |
|    iterations           | 79           |
|    time_elapsed         | 251          |
|    total_timesteps      | 290560       |
| train/                  |              |
|    approx_kl            | 0.0041017383 |
|    clip_fraction        | 0.0383       |
|    clip_range           | 0.2          |
|    entropy_loss         | -2.49        |
|    explained_variance   | -0.000346    |
|    learning_rate        | 0.0003       |
|    loss                 | -0.0503      |
|    n_updates            | 11340        |
|    policy_gradient_loss | -0.00443     |
|    std                  | 0.841        |
|    value_loss           | 0.00246      |
------------------------------------------
------------------------------------------
| rollout/                |              |
|    ep_len_mean          | 116          |
|    ep_rew_mean          | -0.565       |
| time/                   |              |
|    fps                  | 80           |
|    iterations           | 80           |
|    time_elapsed         | 254          |
|    total_timesteps      | 290816       |
| train/                  |              |
|    approx_kl            | 0.0066213477 |
|    clip_fraction        | 0.0672       |
|    clip_range           | 0.2          |
|    entropy_loss         | -2.49        |
|    explained_variance   | -0.00434     |
|    learning_rate        | 0.0003       |
|    loss                 | -0.0305      |
|    n_updates            | 11350        |
|    policy_gradient_loss | -0.00652     |
|    std                  | 0.838        |
|    value_loss           | 0.00237      |
------------------------------------------
-----------------------------------------
| rollout/                |             |
|    ep_len_mean          | 116         |
|    ep_rew_mean          | -0.565      |
| time/                   |             |
|    fps                  | 80          |
|    iterations           | 81          |
|    time_elapsed         | 259         |
|    total_timesteps      | 291072      |
| train/                  |             |
|    approx_kl            | 0.010204125 |
|    clip_fraction        | 0.103       |
|    clip_range           | 0.2         |
|    entropy_loss         | -2.48       |
|    explained_variance   | -0.000576   |
|    learning_rate        | 0.0003      |
|    loss                 | 0.00815     |
|    n_updates            | 11360       |
|    policy_gradient_loss | -0.00942    |
|    std                  | 0.838       |
|    value_loss           | 0.00246     |
-----------------------------------------
-----------------------------------------
| rollout/                |             |
|    ep_len_mean          | 116         |
|    ep_rew_mean          | -0.567      |
| time/                   |             |
|    fps                  | 80          |
|    iterations           | 82          |
|    time_elapsed         | 261         |
|    total_timesteps      | 291328      |
| train/                  |             |
|    approx_kl            | 0.003807839 |
|    clip_fraction        | 0.00625     |
|    clip_range           | 0.2         |
|    entropy_loss         | -2.49       |
|    explained_variance   | 0.00031     |
|    learning_rate        | 0.0003      |
|    loss                 | -0.0285     |
|    n_updates            | 11370       |
|    policy_gradient_loss | -0.00137    |
|    std                  | 0.842       |
|    value_loss           | 0.0025      |
-----------------------------------------
-----------------------------------------
| rollout/                |             |
|    ep_len_mean          | 115         |
|    ep_rew_mean          | -0.355      |
| time/                   |             |
|    fps                  | 80          |
|    iterations           | 83          |
|    time_elapsed         | 264         |
|    total_timesteps      | 291584      |
| train/                  |             |
|    approx_kl            | 0.008439781 |
|    clip_fraction        | 0.0988      |
|    clip_range           | 0.2         |
|    entropy_loss         | -2.49       |
|    explained_variance   | 8.94e-07    |
|    learning_rate        | 0.0003      |
|    loss                 | -0.0423     |
|    n_updates            | 11380       |
|    policy_gradient_loss | -0.00992    |
|    std                  | 0.842       |
|    value_loss           | 0.00216     |
-----------------------------------------
-----------------------------------------
| rollout/                |             |
|    ep_len_mean          | 115         |
|    ep_rew_mean          | -0.354      |
| time/                   |             |
|    fps                  | 80          |
|    iterations           | 84          |
|    time_elapsed         | 267         |
|    total_timesteps      | 291840      |
| train/                  |             |
|    approx_kl            | 0.005086167 |
|    clip_fraction        | 0.0402      |
|    clip_range           | 0.2         |
|    entropy_loss         | -2.49       |
|    explained_variance   | 7.03e-06    |
|    learning_rate        | 0.0003      |
|    loss                 | -0.0278     |
|    n_updates            | 11390       |
|    policy_gradient_loss | -0.00307    |
|    std                  | 0.84        |
|    value_loss           | 1.71        |
-----------------------------------------
------------------------------------------
| rollout/                |              |
|    ep_len_mean          | 114          |
|    ep_rew_mean          | -0.14        |
| time/                   |              |
|    fps                  | 79           |
|    iterations           | 85           |
|    time_elapsed         | 272          |
|    total_timesteps      | 292096       |
| train/                  |              |
|    approx_kl            | 0.0048065903 |
|    clip_fraction        | 0.0691       |
|    clip_range           | 0.2          |
|    entropy_loss         | -2.49        |
|    explained_variance   | 7.19e-05     |
|    learning_rate        | 0.0003       |
|    loss                 | -0.0282      |
|    n_updates            | 11400        |
|    policy_gradient_loss | -0.00547     |
|    std                  | 0.842        |
|    value_loss           | 0.0023       |
------------------------------------------
-----------------------------------------
| rollout/                |             |
|    ep_len_mean          | 114         |
|    ep_rew_mean          | -0.141      |
| time/                   |             |
|    fps                  | 80          |
|    iterations           | 86          |
|    time_elapsed         | 274         |
|    total_timesteps      | 292352      |
| train/                  |             |
|    approx_kl            | 0.004591775 |
|    clip_fraction        | 0.0559      |
|    clip_range           | 0.2         |
|    entropy_loss         | -2.49       |
|    explained_variance   | -5.01e-06   |
|    learning_rate        | 0.0003      |
|    loss                 | -0.0125     |
|    n_updates            | 11410       |
|    policy_gradient_loss | -0.00434    |
|    std                  | 0.842       |
|    value_loss           | 1.71        |
-----------------------------------------
-----------------------------------------
| rollout/                |             |
|    ep_len_mean          | 115         |
|    ep_rew_mean          | -0.353      |
| time/                   |             |
|    fps                  | 80          |
|    iterations           | 87          |
|    time_elapsed         | 277         |
|    total_timesteps      | 292608      |
| train/                  |             |
|    approx_kl            | 0.005925951 |
|    clip_fraction        | 0.0531      |
|    clip_range           | 0.2         |
|    entropy_loss         | -2.49       |
|    explained_variance   | -6.02e-05   |
|    learning_rate        | 0.0003      |
|    loss                 | -0.0165     |
|    n_updates            | 11420       |
|    policy_gradient_loss | -0.00416    |
|    std                  | 0.844       |
|    value_loss           | 0.00247     |
-----------------------------------------
----------------------------------------
| rollout/                |            |
|    ep_len_mean          | 115        |
|    ep_rew_mean          | -0.353     |
| time/                   |            |
|    fps                  | 79         |
|    iterations           | 88         |
|    time_elapsed         | 281        |
|    total_timesteps      | 292864     |
| train/                  |            |
|    approx_kl            | 0.00774414 |
|    clip_fraction        | 0.0996     |
|    clip_range           | 0.2        |
|    entropy_loss         | -2.49      |
|    explained_variance   | -0.000259  |
|    learning_rate        | 0.0003     |
|    loss                 | -0.0392    |
|    n_updates            | 11430      |
|    policy_gradient_loss | -0.0117    |
|    std                  | 0.842      |
|    value_loss           | 0.00241    |
----------------------------------------
-----------------------------------------
| rollout/                |             |
|    ep_len_mean          | 115         |
|    ep_rew_mean          | -0.354      |
| time/                   |             |
|    fps                  | 80          |
|    iterations           | 89          |
|    time_elapsed         | 284         |
|    total_timesteps      | 293120      |
| train/                  |             |
|    approx_kl            | 0.002974672 |
|    clip_fraction        | 0.05        |
|    clip_range           | 0.2         |
|    entropy_loss         | -2.49       |
|    explained_variance   | -0.000519   |
|    learning_rate        | 0.0003      |
|    loss                 | -0.0297     |
|    n_updates            | 11440       |
|    policy_gradient_loss | -0.00309    |
|    std                  | 0.838       |
|    value_loss           | 0.00253     |
-----------------------------------------
------------------------------------------
| rollout/                |              |
|    ep_len_mean          | 115          |
|    ep_rew_mean          | -0.353       |
| time/                   |              |
|    fps                  | 79           |
|    iterations           | 90           |
|    time_elapsed         | 288          |
|    total_timesteps      | 293376       |
| train/                  |              |
|    approx_kl            | 0.0031040828 |
|    clip_fraction        | 0.0312       |
|    clip_range           | 0.2          |
|    entropy_loss         | -2.48        |
|    explained_variance   | -0.000244    |
|    learning_rate        | 0.0003       |
|    loss                 | -0.00884     |
|    n_updates            | 11450        |
|    policy_gradient_loss | -0.00197     |
|    std                  | 0.838        |
|    value_loss           | 0.00234      |
------------------------------------------
------------------------------------------
| rollout/                |              |
|    ep_len_mean          | 116          |
|    ep_rew_mean          | -0.566       |
| time/                   |              |
|    fps                  | 79           |
|    iterations           | 91           |
|    time_elapsed         | 291          |
|    total_timesteps      | 293632       |
| train/                  |              |
|    approx_kl            | 0.0046556448 |
|    clip_fraction        | 0.0898       |
|    clip_range           | 0.2          |
|    entropy_loss         | -2.48        |
|    explained_variance   | 2.53e-05     |
|    learning_rate        | 0.0003       |
|    loss                 | -0.0319      |
|    n_updates            | 11460        |
|    policy_gradient_loss | -0.00721     |
|    std                  | 0.839        |
|    value_loss           | 0.00238      |
------------------------------------------
------------------------------------------
| rollout/                |              |
|    ep_len_mean          | 116          |
|    ep_rew_mean          | -0.563       |
| time/                   |              |
|    fps                  | 80           |
|    iterations           | 92           |
|    time_elapsed         | 294          |
|    total_timesteps      | 293888       |
| train/                  |              |
|    approx_kl            | 0.0061008655 |
|    clip_fraction        | 0.0418       |
|    clip_range           | 0.2          |
|    entropy_loss         | -2.49        |
|    explained_variance   | 0.00011      |
|    learning_rate        | 0.0003       |
|    loss                 | -0.0191      |
|    n_updates            | 11470        |
|    policy_gradient_loss | -0.00411     |
|    std                  | 0.841        |
|    value_loss           | 0.0024       |
------------------------------------------
-----------------------------------------
| rollout/                |             |
|    ep_len_mean          | 116         |
|    ep_rew_mean          | -0.562      |
| time/                   |             |
|    fps                  | 79          |
|    iterations           | 93          |
|    time_elapsed         | 298         |
|    total_timesteps      | 294144      |
| train/                  |             |
|    approx_kl            | 0.003101187 |
|    clip_fraction        | 0.0676      |
|    clip_range           | 0.2         |
|    entropy_loss         | -2.5        |
|    explained_variance   | 1.48e-05    |
|    learning_rate        | 0.0003      |
|    loss                 | -0.0261     |
|    n_updates            | 11480       |
|    policy_gradient_loss | -0.00619    |
|    std                  | 0.847       |
|    value_loss           | 0.00223     |
-----------------------------------------
-----------------------------------------
| rollout/                |             |
|    ep_len_mean          | 116         |
|    ep_rew_mean          | -0.562      |
| time/                   |             |
|    fps                  | 79          |
|    iterations           | 94          |
|    time_elapsed         | 301         |
|    total_timesteps      | 294400      |
| train/                  |             |
|    approx_kl            | 0.004878482 |
|    clip_fraction        | 0.0406      |
|    clip_range           | 0.2         |
|    entropy_loss         | -2.51       |
|    explained_variance   | -0.00201    |
|    learning_rate        | 0.0003      |
|    loss                 | -0.0432     |
|    n_updates            | 11490       |
|    policy_gradient_loss | -0.00357    |
|    std                  | 0.848       |
|    value_loss           | 0.0024      |
-----------------------------------------
------------------------------------------
| rollout/                |              |
|    ep_len_mean          | 116          |
|    ep_rew_mean          | -0.562       |
| time/                   |              |
|    fps                  | 80           |
|    iterations           | 95           |
|    time_elapsed         | 303          |
|    total_timesteps      | 294656       |
| train/                  |              |
|    approx_kl            | 0.0038971219 |
|    clip_fraction        | 0.0258       |
|    clip_range           | 0.2          |
|    entropy_loss         | -2.51        |
|    explained_variance   | -0.00037     |
|    learning_rate        | 0.0003       |
|    loss                 | -0.0375      |
|    n_updates            | 11500        |
|    policy_gradient_loss | -0.0026      |
|    std                  | 0.849        |
|    value_loss           | 0.00239      |
------------------------------------------
-----------------------------------------
| rollout/                |             |
|    ep_len_mean          | 116         |
|    ep_rew_mean          | -0.563      |
| time/                   |             |
|    fps                  | 79          |
|    iterations           | 96          |
|    time_elapsed         | 308         |
|    total_timesteps      | 294912      |
| train/                  |             |
|    approx_kl            | 0.008141032 |
|    clip_fraction        | 0.0918      |
|    clip_range           | 0.2         |
|    entropy_loss         | -2.51       |
|    explained_variance   | -0.000882   |
|    learning_rate        | 0.0003      |
|    loss                 | -0.0442     |
|    n_updates            | 11510       |
|    policy_gradient_loss | -0.00792    |
|    std                  | 0.846       |
|    value_loss           | 0.0023      |
-----------------------------------------
-----------------------------------------
| rollout/                |             |
|    ep_len_mean          | 116         |
|    ep_rew_mean          | -0.561      |
| time/                   |             |
|    fps                  | 79          |
|    iterations           | 97          |
|    time_elapsed         | 310         |
|    total_timesteps      | 295168      |
| train/                  |             |
|    approx_kl            | 0.006158921 |
|    clip_fraction        | 0.0125      |
|    clip_range           | 0.2         |
|    entropy_loss         | -2.5        |
|    explained_variance   | -0.0034     |
|    learning_rate        | 0.0003      |
|    loss                 | -0.0173     |
|    n_updates            | 11520       |
|    policy_gradient_loss | -0.00177    |
|    std                  | 0.843       |
|    value_loss           | 0.00226     |
-----------------------------------------
------------------------------------------
| rollout/                |              |
|    ep_len_mean          | 116          |
|    ep_rew_mean          | -0.561       |
| time/                   |              |
|    fps                  | 80           |
|    iterations           | 98           |
|    time_elapsed         | 313          |
|    total_timesteps      | 295424       |
| train/                  |              |
|    approx_kl            | 0.0007544586 |
|    clip_fraction        | 0.0215       |
|    clip_range           | 0.2          |
|    entropy_loss         | -2.5         |
|    explained_variance   | -0.00154     |
|    learning_rate        | 0.0003       |
|    loss                 | -0.0304      |
|    n_updates            | 11530        |
|    policy_gradient_loss | -0.00112     |
|    std                  | 0.845        |
|    value_loss           | 0.00233      |
------------------------------------------
-----------------------------------------
| rollout/                |             |
|    ep_len_mean          | 116         |
|    ep_rew_mean          | -0.561      |
| time/                   |             |
|    fps                  | 80          |
|    iterations           | 99          |
|    time_elapsed         | 316         |
|    total_timesteps      | 295680      |
| train/                  |             |
|    approx_kl            | 0.006707715 |
|    clip_fraction        | 0.0754      |
|    clip_range           | 0.2         |
|    entropy_loss         | -2.5        |
|    explained_variance   | -0.00032    |
|    learning_rate        | 0.0003      |
|    loss                 | -0.0529     |
|    n_updates            | 11540       |
|    policy_gradient_loss | -0.00555    |
|    std                  | 0.848       |
|    value_loss           | 0.00233     |
-----------------------------------------
-----------------------------------------
| rollout/                |             |
|    ep_len_mean          | 116         |
|    ep_rew_mean          | -0.561      |
| time/                   |             |
|    fps                  | 80          |
|    iterations           | 100         |
|    time_elapsed         | 318         |
|    total_timesteps      | 295936      |
| train/                  |             |
|    approx_kl            | 0.008656131 |
|    clip_fraction        | 0.124       |
|    clip_range           | 0.2         |
|    entropy_loss         | -2.51       |
|    explained_variance   | 5.85e-05    |
|    learning_rate        | 0.0003      |
|    loss                 | -0.0326     |
|    n_updates            | 11550       |
|    policy_gradient_loss | -0.00942    |
|    std                  | 0.85        |
|    value_loss           | 0.00246     |
-----------------------------------------
------------------------------------------
| rollout/                |              |
|    ep_len_mean          | 116          |
|    ep_rew_mean          | -0.559       |
| time/                   |              |
|    fps                  | 80           |
|    iterations           | 101          |
|    time_elapsed         | 321          |
|    total_timesteps      | 296192       |
| train/                  |              |
|    approx_kl            | 0.0075054266 |
|    clip_fraction        | 0.0465       |
|    clip_range           | 0.2          |
|    entropy_loss         | -2.51        |
|    explained_variance   | -0.00301     |
|    learning_rate        | 0.0003       |
|    loss                 | -0.00697     |
|    n_updates            | 11560        |
|    policy_gradient_loss | -0.0037      |
|    std                  | 0.852        |
|    value_loss           | 0.00219      |
------------------------------------------
-----------------------------------------
| rollout/                |             |
|    ep_len_mean          | 116         |
|    ep_rew_mean          | -0.56       |
| time/                   |             |
|    fps                  | 80          |
|    iterations           | 102         |
|    time_elapsed         | 325         |
|    total_timesteps      | 296448      |
| train/                  |             |
|    approx_kl            | 0.004443076 |
|    clip_fraction        | 0.0398      |
|    clip_range           | 0.2         |
|    entropy_loss         | -2.51       |
|    explained_variance   | -0.00129    |
|    learning_rate        | 0.0003      |
|    loss                 | -0.0299     |
|    n_updates            | 11570       |
|    policy_gradient_loss | -0.00242    |
|    std                  | 0.848       |
|    value_loss           | 0.00243     |
-----------------------------------------
------------------------------------------
| rollout/                |              |
|    ep_len_mean          | 116          |
|    ep_rew_mean          | -0.559       |
| time/                   |              |
|    fps                  | 80           |
|    iterations           | 103          |
|    time_elapsed         | 328          |
|    total_timesteps      | 296704       |
| train/                  |              |
|    approx_kl            | 0.0036930188 |
|    clip_fraction        | 0.0582       |
|    clip_range           | 0.2          |
|    entropy_loss         | -2.51        |
|    explained_variance   | 8.03e-05     |
|    learning_rate        | 0.0003       |
|    loss                 | -0.0232      |
|    n_updates            | 11580        |
|    policy_gradient_loss | -0.00448     |
|    std                  | 0.851        |
|    value_loss           | 0.00237      |
------------------------------------------
------------------------------------------
| rollout/                |              |
|    ep_len_mean          | 116          |
|    ep_rew_mean          | -0.56        |
| time/                   |              |
|    fps                  | 80           |
|    iterations           | 104          |
|    time_elapsed         | 331          |
|    total_timesteps      | 296960       |
| train/                  |              |
|    approx_kl            | 0.0064723073 |
|    clip_fraction        | 0.0125       |
|    clip_range           | 0.2          |
|    entropy_loss         | -2.51        |
|    explained_variance   | -0.000106    |
|    learning_rate        | 0.0003       |
|    loss                 | -0.0434      |
|    n_updates            | 11590        |
|    policy_gradient_loss | -0.00107     |
|    std                  | 0.852        |
|    value_loss           | 0.00231      |
------------------------------------------
-----------------------------------------
| rollout/                |             |
|    ep_len_mean          | 116         |
|    ep_rew_mean          | -0.56       |
| time/                   |             |
|    fps                  | 80          |
|    iterations           | 105         |
|    time_elapsed         | 333         |
|    total_timesteps      | 297216      |
| train/                  |             |
|    approx_kl            | 0.008300624 |
|    clip_fraction        | 0.0195      |
|    clip_range           | 0.2         |
|    entropy_loss         | -2.51       |
|    explained_variance   | 0.00104     |
|    learning_rate        | 0.0003      |
|    loss                 | -0.035      |
|    n_updates            | 11600       |
|    policy_gradient_loss | -0.00084    |
|    std                  | 0.85        |
|    value_loss           | 0.00253     |
-----------------------------------------
----------------------------------------
| rollout/                |            |
|    ep_len_mean          | 116        |
|    ep_rew_mean          | -0.561     |
| time/                   |            |
|    fps                  | 80         |
|    iterations           | 106        |
|    time_elapsed         | 336        |
|    total_timesteps      | 297472     |
| train/                  |            |
|    approx_kl            | 0.00775967 |
|    clip_fraction        | 0.0914     |
|    clip_range           | 0.2        |
|    entropy_loss         | -2.51      |
|    explained_variance   | -0.00268   |
|    learning_rate        | 0.0003     |
|    loss                 | -0.0307    |
|    n_updates            | 11610      |
|    policy_gradient_loss | -0.0116    |
|    std                  | 0.849      |
|    value_loss           | 0.00255    |
----------------------------------------
-----------------------------------------
| rollout/                |             |
|    ep_len_mean          | 116         |
|    ep_rew_mean          | -0.56       |
| time/                   |             |
|    fps                  | 80          |
|    iterations           | 107         |
|    time_elapsed         | 339         |
|    total_timesteps      | 297728      |
| train/                  |             |
|    approx_kl            | 0.003934799 |
|    clip_fraction        | 0.0398      |
|    clip_range           | 0.2         |
|    entropy_loss         | -2.5        |
|    explained_variance   | -0.000613   |
|    learning_rate        | 0.0003      |
|    loss                 | -0.0373     |
|    n_updates            | 11620       |
|    policy_gradient_loss | -0.00409    |
|    std                  | 0.845       |
|    value_loss           | 0.00214     |
-----------------------------------------
------------------------------------------
| rollout/                |              |
|    ep_len_mean          | 116          |
|    ep_rew_mean          | -0.559       |
| time/                   |              |
|    fps                  | 80           |
|    iterations           | 108          |
|    time_elapsed         | 341          |
|    total_timesteps      | 297984       |
| train/                  |              |
|    approx_kl            | 0.0032550609 |
|    clip_fraction        | 0.00313      |
|    clip_range           | 0.2          |
|    entropy_loss         | -2.5         |
|    explained_variance   | 0.000188     |
|    learning_rate        | 0.0003       |
|    loss                 | -0.0234      |
|    n_updates            | 11630        |
|    policy_gradient_loss | -0.000847    |
|    std                  | 0.851        |
|    value_loss           | 0.00272      |
------------------------------------------
----------------------------------------
| rollout/                |            |
|    ep_len_mean          | 116        |
|    ep_rew_mean          | -0.559     |
| time/                   |            |
|    fps                  | 81         |
|    iterations           | 109        |
|    time_elapsed         | 344        |
|    total_timesteps      | 298240     |
| train/                  |            |
|    approx_kl            | 0.00616908 |
|    clip_fraction        | 0.113      |
|    clip_range           | 0.2        |
|    entropy_loss         | -2.51      |
|    explained_variance   | 0.00302    |
|    learning_rate        | 0.0003     |
|    loss                 | -0.0407    |
|    n_updates            | 11640      |
|    policy_gradient_loss | -0.0108    |
|    std                  | 0.851      |
|    value_loss           | 0.00231    |
----------------------------------------
------------------------------------------
| rollout/                |              |
|    ep_len_mean          | 116          |
|    ep_rew_mean          | -0.558       |
| time/                   |              |
|    fps                  | 81           |
|    iterations           | 110          |
|    time_elapsed         | 347          |
|    total_timesteps      | 298496       |
| train/                  |              |
|    approx_kl            | 0.0033828856 |
|    clip_fraction        | 0.0301       |
|    clip_range           | 0.2          |
|    entropy_loss         | -2.51        |
|    explained_variance   | -0.0104      |
|    learning_rate        | 0.0003       |
|    loss                 | -0.00829     |
|    n_updates            | 11650        |
|    policy_gradient_loss | -0.00268     |
|    std                  | 0.851        |
|    value_loss           | 0.00234      |
------------------------------------------
------------------------------------------
| rollout/                |              |
|    ep_len_mean          | 116          |
|    ep_rew_mean          | -0.558       |
| time/                   |              |
|    fps                  | 80           |
|    iterations           | 111          |
|    time_elapsed         | 351          |
|    total_timesteps      | 298752       |
| train/                  |              |
|    approx_kl            | 0.0066641266 |
|    clip_fraction        | 0.034        |
|    clip_range           | 0.2          |
|    entropy_loss         | -2.51        |
|    explained_variance   | 0.00153      |
|    learning_rate        | 0.0003       |
|    loss                 | -0.0197      |
|    n_updates            | 11660        |
|    policy_gradient_loss | -0.00147     |
|    std                  | 0.852        |
|    value_loss           | 0.0023       |
------------------------------------------
------------------------------------------
| rollout/                |              |
|    ep_len_mean          | 116          |
|    ep_rew_mean          | -0.559       |
| time/                   |              |
|    fps                  | 80           |
|    iterations           | 112          |
|    time_elapsed         | 354          |
|    total_timesteps      | 299008       |
| train/                  |              |
|    approx_kl            | 0.0058679096 |
|    clip_fraction        | 0.0336       |
|    clip_range           | 0.2          |
|    entropy_loss         | -2.51        |
|    explained_variance   | 0.00237      |
|    learning_rate        | 0.0003       |
|    loss                 | -0.0192      |
|    n_updates            | 11670        |
|    policy_gradient_loss | -0.0016      |
|    std                  | 0.85         |
|    value_loss           | 0.0024       |
------------------------------------------
-----------------------------------------
| rollout/                |             |
|    ep_len_mean          | 116         |
|    ep_rew_mean          | -0.56       |
| time/                   |             |
|    fps                  | 81          |
|    iterations           | 113         |
|    time_elapsed         | 356         |
|    total_timesteps      | 299264      |
| train/                  |             |
|    approx_kl            | 0.010809482 |
|    clip_fraction        | 0.0816      |
|    clip_range           | 0.2         |
|    entropy_loss         | -2.51       |
|    explained_variance   | -0.000338   |
|    learning_rate        | 0.0003      |
|    loss                 | -0.0367     |
|    n_updates            | 11680       |
|    policy_gradient_loss | -0.00431    |
|    std                  | 0.853       |
|    value_loss           | 0.00255     |
-----------------------------------------
------------------------------------------
| rollout/                |              |
|    ep_len_mean          | 116          |
|    ep_rew_mean          | -0.559       |
| time/                   |              |
|    fps                  | 80           |
|    iterations           | 114          |
|    time_elapsed         | 361          |
|    total_timesteps      | 299520       |
| train/                  |              |
|    approx_kl            | 0.0062018028 |
|    clip_fraction        | 0.0109       |
|    clip_range           | 0.2          |
|    entropy_loss         | -2.51        |
|    explained_variance   | 0.000725     |
|    learning_rate        | 0.0003       |
|    loss                 | -0.0406      |
|    n_updates            | 11690        |
|    policy_gradient_loss | -0.000554    |
|    std                  | 0.851        |
|    value_loss           | 0.0022       |
------------------------------------------
------------------------------------------
| rollout/                |              |
|    ep_len_mean          | 116          |
|    ep_rew_mean          | -0.561       |
| time/                   |              |
|    fps                  | 80           |
|    iterations           | 115          |
|    time_elapsed         | 363          |
|    total_timesteps      | 299776       |
| train/                  |              |
|    approx_kl            | 0.0078170905 |
|    clip_fraction        | 0.113        |
|    clip_range           | 0.2          |
|    entropy_loss         | -2.51        |
|    explained_variance   | 0.000899     |
|    learning_rate        | 0.0003       |
|    loss                 | -0.0479      |
|    n_updates            | 11700        |
|    policy_gradient_loss | -0.013       |
|    std                  | 0.851        |
|    value_loss           | 0.00241      |
------------------------------------------
------------------------------------------
| rollout/                |              |
|    ep_len_mean          | 116          |
|    ep_rew_mean          | -0.561       |
| time/                   |              |
|    fps                  | 81           |
|    iterations           | 116          |
|    time_elapsed         | 366          |
|    total_timesteps      | 300032       |
| train/                  |              |
|    approx_kl            | 0.0053875204 |
|    clip_fraction        | 0.0652       |
|    clip_range           | 0.2          |
|    entropy_loss         | -2.51        |
|    explained_variance   | -0.000203    |
|    learning_rate        | 0.0003       |
|    loss                 | -0.0455      |
|    n_updates            | 11710        |
|    policy_gradient_loss | -0.00801     |
|    std                  | 0.853        |
|    value_loss           | 0.00235      |
------------------------------------------
------------------------------------------
| rollout/                |              |
|    ep_len_mean          | 116          |
|    ep_rew_mean          | -0.561       |
| time/                   |              |
|    fps                  | 81           |
|    iterations           | 117          |
|    time_elapsed         | 369          |
|    total_timesteps      | 300288       |
| train/                  |              |
|    approx_kl            | 0.0028681278 |
|    clip_fraction        | 0.0156       |
|    clip_range           | 0.2          |
|    entropy_loss         | -2.51        |
|    explained_variance   | -0.000937    |
|    learning_rate        | 0.0003       |
|    loss                 | -0.0282      |
|    n_updates            | 11720        |
|    policy_gradient_loss | -0.0028      |
|    std                  | 0.853        |
|    value_loss           | 0.00229      |
------------------------------------------
------------------------------------------
| rollout/                |              |
|    ep_len_mean          | 116          |
|    ep_rew_mean          | -0.56        |
| time/                   |              |
|    fps                  | 81           |
|    iterations           | 118          |
|    time_elapsed         | 371          |
|    total_timesteps      | 300544       |
| train/                  |              |
|    approx_kl            | 0.0051613087 |
|    clip_fraction        | 0.0223       |
|    clip_range           | 0.2          |
|    entropy_loss         | -2.52        |
|    explained_variance   | 0.00176      |
|    learning_rate        | 0.0003       |
|    loss                 | -0.0216      |
|    n_updates            | 11730        |
|    policy_gradient_loss | -0.00179     |
|    std                  | 0.855        |
|    value_loss           | 0.00248      |
------------------------------------------
------------------------------------------
| rollout/                |              |
|    ep_len_mean          | 116          |
|    ep_rew_mean          | -0.56        |
| time/                   |              |
|    fps                  | 81           |
|    iterations           | 119          |
|    time_elapsed         | 374          |
|    total_timesteps      | 300800       |
| train/                  |              |
|    approx_kl            | 0.0034585823 |
|    clip_fraction        | 0.0465       |
|    clip_range           | 0.2          |
|    entropy_loss         | -2.52        |
|    explained_variance   | -0.000171    |
|    learning_rate        | 0.0003       |
|    loss                 | -0.0254      |
|    n_updates            | 11740        |
|    policy_gradient_loss | -0.00222     |
|    std                  | 0.853        |
|    value_loss           | 0.00253      |
------------------------------------------
------------------------------------------
| rollout/                |              |
|    ep_len_mean          | 116          |
|    ep_rew_mean          | -0.559       |
| time/                   |              |
|    fps                  | 81           |
|    iterations           | 120          |
|    time_elapsed         | 376          |
|    total_timesteps      | 301056       |
| train/                  |              |
|    approx_kl            | 0.0060907025 |
|    clip_fraction        | 0.0676       |
|    clip_range           | 0.2          |
|    entropy_loss         | -2.51        |
|    explained_variance   | -0.00114     |
|    learning_rate        | 0.0003       |
|    loss                 | -0.0143      |
|    n_updates            | 11750        |
|    policy_gradient_loss | -0.00482     |
|    std                  | 0.853        |
|    value_loss           | 0.00237      |
------------------------------------------
------------------------------------------
| rollout/                |              |
|    ep_len_mean          | 116          |
|    ep_rew_mean          | -0.559       |
| time/                   |              |
|    fps                  | 80           |
|    iterations           | 121          |
|    time_elapsed         | 383          |
|    total_timesteps      | 301312       |
| train/                  |              |
|    approx_kl            | 0.0038789657 |
|    clip_fraction        | 0.0715       |
|    clip_range           | 0.2          |
|    entropy_loss         | -2.51        |
|    explained_variance   | -0.00123     |
|    learning_rate        | 0.0003       |
|    loss                 | -0.0284      |
|    n_updates            | 11760        |
|    policy_gradient_loss | -0.00582     |
|    std                  | 0.853        |
|    value_loss           | 0.00234      |
------------------------------------------
-----------------------------------------
| rollout/                |             |
|    ep_len_mean          | 116         |
|    ep_rew_mean          | -0.559      |
| time/                   |             |
|    fps                  | 80          |
|    iterations           | 122         |
|    time_elapsed         | 385         |
|    total_timesteps      | 301568      |
| train/                  |             |
|    approx_kl            | 0.008330572 |
|    clip_fraction        | 0.0957      |
|    clip_range           | 0.2         |
|    entropy_loss         | -2.51       |
|    explained_variance   | 0.00101     |
|    learning_rate        | 0.0003      |
|    loss                 | -0.0344     |
|    n_updates            | 11770       |
|    policy_gradient_loss | -0.00824    |
|    std                  | 0.854       |
|    value_loss           | 0.00226     |
-----------------------------------------
------------------------------------------
| rollout/                |              |
|    ep_len_mean          | 118          |
|    ep_rew_mean          | -0.77        |
| time/                   |              |
|    fps                  | 80           |
|    iterations           | 123          |
|    time_elapsed         | 390          |
|    total_timesteps      | 301824       |
| train/                  |              |
|    approx_kl            | 0.0047024195 |
|    clip_fraction        | 0.041        |
|    clip_range           | 0.2          |
|    entropy_loss         | -2.52        |
|    explained_variance   | -0.00349     |
|    learning_rate        | 0.0003       |
|    loss                 | -0.0382      |
|    n_updates            | 11780        |
|    policy_gradient_loss | -0.00323     |
|    std                  | 0.856        |
|    value_loss           | 0.00229      |
------------------------------------------
------------------------------------------
| rollout/                |              |
|    ep_len_mean          | 118          |
|    ep_rew_mean          | -0.77        |
| time/                   |              |
|    fps                  | 80           |
|    iterations           | 124          |
|    time_elapsed         | 392          |
|    total_timesteps      | 302080       |
| train/                  |              |
|    approx_kl            | 0.0036514474 |
|    clip_fraction        | 0.0434       |
|    clip_range           | 0.2          |
|    entropy_loss         | -2.52        |
|    explained_variance   | -0.00198     |
|    learning_rate        | 0.0003       |
|    loss                 | -0.0331      |
|    n_updates            | 11790        |
|    policy_gradient_loss | -0.00334     |
|    std                  | 0.856        |
|    value_loss           | 0.00226      |
------------------------------------------
-----------------------------------------
| rollout/                |             |
|    ep_len_mean          | 118         |
|    ep_rew_mean          | -0.772      |
| time/                   |             |
|    fps                  | 80          |
|    iterations           | 125         |
|    time_elapsed         | 397         |
|    total_timesteps      | 302336      |
| train/                  |             |
|    approx_kl            | 0.009078726 |
|    clip_fraction        | 0.0797      |
|    clip_range           | 0.2         |
|    entropy_loss         | -2.52       |
|    explained_variance   | 0.00129     |
|    learning_rate        | 0.0003      |
|    loss                 | -0.00861    |
|    n_updates            | 11800       |
|    policy_gradient_loss | -0.00525    |
|    std                  | 0.858       |
|    value_loss           | 0.00227     |
-----------------------------------------
-----------------------------------------
| rollout/                |             |
|    ep_len_mean          | 118         |
|    ep_rew_mean          | -0.771      |
| time/                   |             |
|    fps                  | 80          |
|    iterations           | 126         |
|    time_elapsed         | 401         |
|    total_timesteps      | 302592      |
| train/                  |             |
|    approx_kl            | 0.008262664 |
|    clip_fraction        | 0.052       |
|    clip_range           | 0.2         |
|    entropy_loss         | -2.53       |
|    explained_variance   | -0.000872   |
|    learning_rate        | 0.0003      |
|    loss                 | -0.0252     |
|    n_updates            | 11810       |
|    policy_gradient_loss | -0.00389    |
|    std                  | 0.859       |
|    value_loss           | 0.00223     |
-----------------------------------------
------------------------------------------
| rollout/                |              |
|    ep_len_mean          | 118          |
|    ep_rew_mean          | -0.773       |
| time/                   |              |
|    fps                  | 80           |
|    iterations           | 127          |
|    time_elapsed         | 404          |
|    total_timesteps      | 302848       |
| train/                  |              |
|    approx_kl            | 0.0035911952 |
|    clip_fraction        | 0.0516       |
|    clip_range           | 0.2          |
|    entropy_loss         | -2.53        |
|    explained_variance   | -0.001       |
|    learning_rate        | 0.0003       |
|    loss                 | -0.0375      |
|    n_updates            | 11820        |
|    policy_gradient_loss | -0.00367     |
|    std                  | 0.861        |
|    value_loss           | 0.00218      |
------------------------------------------
-----------------------------------------
| rollout/                |             |
|    ep_len_mean          | 118         |
|    ep_rew_mean          | -0.772      |
| time/                   |             |
|    fps                  | 80          |
|    iterations           | 128         |
|    time_elapsed         | 406         |
|    total_timesteps      | 303104      |
| train/                  |             |
|    approx_kl            | 0.013298093 |
|    clip_fraction        | 0.191       |
|    clip_range           | 0.2         |
|    entropy_loss         | -2.53       |
|    explained_variance   | -0.000235   |
|    learning_rate        | 0.0003      |
|    loss                 | -0.0603     |
|    n_updates            | 11830       |
|    policy_gradient_loss | -0.0164     |
|    std                  | 0.862       |
|    value_loss           | 0.00206     |
-----------------------------------------
------------------------------------------
| rollout/                |              |
|    ep_len_mean          | 119          |
|    ep_rew_mean          | -0.983       |
| time/                   |              |
|    fps                  | 80           |
|    iterations           | 129          |
|    time_elapsed         | 411          |
|    total_timesteps      | 303360       |
| train/                  |              |
|    approx_kl            | 0.0074777864 |
|    clip_fraction        | 0.124        |
|    clip_range           | 0.2          |
|    entropy_loss         | -2.53        |
|    explained_variance   | -2.74e-06    |
|    learning_rate        | 0.0003       |
|    loss                 | -0.0233      |
|    n_updates            | 11840        |
|    policy_gradient_loss | -0.0104      |
|    std                  | 0.861        |
|    value_loss           | 0.00198      |
------------------------------------------
-----------------------------------------
| rollout/                |             |
|    ep_len_mean          | 119         |
|    ep_rew_mean          | -0.984      |
| time/                   |             |
|    fps                  | 80          |
|    iterations           | 130         |
|    time_elapsed         | 414         |
|    total_timesteps      | 303616      |
| train/                  |             |
|    approx_kl            | 0.007237375 |
|    clip_fraction        | 0.0871      |
|    clip_range           | 0.2         |
|    entropy_loss         | -2.53       |
|    explained_variance   | -9.31e-05   |
|    learning_rate        | 0.0003      |
|    loss                 | -0.0254     |
|    n_updates            | 11850       |
|    policy_gradient_loss | -0.00859    |
|    std                  | 0.86        |
|    value_loss           | 0.00217     |
-----------------------------------------
------------------------------------------
| rollout/                |              |
|    ep_len_mean          | 119          |
|    ep_rew_mean          | -0.985       |
| time/                   |              |
|    fps                  | 80           |
|    iterations           | 131          |
|    time_elapsed         | 418          |
|    total_timesteps      | 303872       |
| train/                  |              |
|    approx_kl            | 0.0034151014 |
|    clip_fraction        | 0.00469      |
|    clip_range           | 0.2          |
|    entropy_loss         | -2.53        |
|    explained_variance   | 7.83e-05     |
|    learning_rate        | 0.0003       |
|    loss                 | -0.0191      |
|    n_updates            | 11860        |
|    policy_gradient_loss | -0.000379    |
|    std                  | 0.861        |
|    value_loss           | 0.00218      |
------------------------------------------
------------------------------------------
| rollout/                |              |
|    ep_len_mean          | 120          |
|    ep_rew_mean          | -1.2         |
| time/                   |              |
|    fps                  | 80           |
|    iterations           | 132          |
|    time_elapsed         | 421          |
|    total_timesteps      | 304128       |
| train/                  |              |
|    approx_kl            | 0.0070694247 |
|    clip_fraction        | 0.0652       |
|    clip_range           | 0.2          |
|    entropy_loss         | -2.54        |
|    explained_variance   | -0.000627    |
|    learning_rate        | 0.0003       |
|    loss                 | -0.0233      |
|    n_updates            | 11870        |
|    policy_gradient_loss | -0.0047      |
|    std                  | 0.865        |
|    value_loss           | 0.00214      |
------------------------------------------
-----------------------------------------
| rollout/                |             |
|    ep_len_mean          | 120         |
|    ep_rew_mean          | -1.2        |
| time/                   |             |
|    fps                  | 80          |
|    iterations           | 133         |
|    time_elapsed         | 423         |
|    total_timesteps      | 304384      |
| train/                  |             |
|    approx_kl            | 0.003508724 |
|    clip_fraction        | 0.0813      |
|    clip_range           | 0.2         |
|    entropy_loss         | -2.54       |
|    explained_variance   | -0.000361   |
|    learning_rate        | 0.0003      |
|    loss                 | -0.0279     |
|    n_updates            | 11880       |
|    policy_gradient_loss | -0.00487    |
|    std                  | 0.862       |
|    value_loss           | 0.0022      |
-----------------------------------------
------------------------------------------
| rollout/                |              |
|    ep_len_mean          | 120          |
|    ep_rew_mean          | -1.2         |
| time/                   |              |
|    fps                  | 80           |
|    iterations           | 134          |
|    time_elapsed         | 426          |
|    total_timesteps      | 304640       |
| train/                  |              |
|    approx_kl            | 0.0022605418 |
|    clip_fraction        | 0            |
|    clip_range           | 0.2          |
|    entropy_loss         | -2.53        |
|    explained_variance   | -0.000918    |
|    learning_rate        | 0.0003       |
|    loss                 | -0.0342      |
|    n_updates            | 11890        |
|    policy_gradient_loss | -0.000118    |
|    std                  | 0.86         |
|    value_loss           | 0.00199      |
------------------------------------------
-----------------------------------------
| rollout/                |             |
|    ep_len_mean          | 120         |
|    ep_rew_mean          | -1.2        |
| time/                   |             |
|    fps                  | 80          |
|    iterations           | 135         |
|    time_elapsed         | 429         |
|    total_timesteps      | 304896      |
| train/                  |             |
|    approx_kl            | 0.008167848 |
|    clip_fraction        | 0.102       |
|    clip_range           | 0.2         |
|    entropy_loss         | -2.53       |
|    explained_variance   | 0.000153    |
|    learning_rate        | 0.0003      |
|    loss                 | -0.0372     |
|    n_updates            | 11900       |
|    policy_gradient_loss | -0.00816    |
|    std                  | 0.859       |
|    value_loss           | 0.00226     |
-----------------------------------------
------------------------------------------
| rollout/                |              |
|    ep_len_mean          | 120          |
|    ep_rew_mean          | -1.19        |
| time/                   |              |
|    fps                  | 80           |
|    iterations           | 136          |
|    time_elapsed         | 433          |
|    total_timesteps      | 305152       |
| train/                  |              |
|    approx_kl            | 0.0076881666 |
|    clip_fraction        | 0.0656       |
|    clip_range           | 0.2          |
|    entropy_loss         | -2.53        |
|    explained_variance   | -0.00286     |
|    learning_rate        | 0.0003       |
|    loss                 | -0.0329      |
|    n_updates            | 11910        |
|    policy_gradient_loss | -0.00525     |
|    std                  | 0.859        |
|    value_loss           | 0.00203      |
------------------------------------------
------------------------------------------
| rollout/                |              |
|    ep_len_mean          | 120          |
|    ep_rew_mean          | -1.19        |
| time/                   |              |
|    fps                  | 80           |
|    iterations           | 137          |
|    time_elapsed         | 436          |
|    total_timesteps      | 305408       |
| train/                  |              |
|    approx_kl            | 0.0071168425 |
|    clip_fraction        | 0.0672       |
|    clip_range           | 0.2          |
|    entropy_loss         | -2.53        |
|    explained_variance   | 0.000545     |
|    learning_rate        | 0.0003       |
|    loss                 | -0.0394      |
|    n_updates            | 11920        |
|    policy_gradient_loss | -0.00422     |
|    std                  | 0.861        |
|    value_loss           | 0.00233      |
------------------------------------------
------------------------------------------
| rollout/                |              |
|    ep_len_mean          | 120          |
|    ep_rew_mean          | -1.19        |
| time/                   |              |
|    fps                  | 79           |
|    iterations           | 138          |
|    time_elapsed         | 442          |
|    total_timesteps      | 305664       |
| train/                  |              |
|    approx_kl            | 0.0055590407 |
|    clip_fraction        | 0.0566       |
|    clip_range           | 0.2          |
|    entropy_loss         | -2.54        |
|    explained_variance   | -0.00162     |
|    learning_rate        | 0.0003       |
|    loss                 | -0.0203      |
|    n_updates            | 11930        |
|    policy_gradient_loss | -0.00263     |
|    std                  | 0.865        |
|    value_loss           | 0.00189      |
------------------------------------------
-----------------------------------------
| rollout/                |             |
|    ep_len_mean          | 119         |
|    ep_rew_mean          | -0.984      |
| time/                   |             |
|    fps                  | 79          |
|    iterations           | 139         |
|    time_elapsed         | 445         |
|    total_timesteps      | 305920      |
| train/                  |             |
|    approx_kl            | 0.007378771 |
|    clip_fraction        | 0.0629      |
|    clip_range           | 0.2         |
|    entropy_loss         | -2.54       |
|    explained_variance   | 0.000855    |
|    learning_rate        | 0.0003      |
|    loss                 | -0.0244     |
|    n_updates            | 11940       |
|    policy_gradient_loss | -0.00679    |
|    std                  | 0.865       |
|    value_loss           | 0.00224     |
-----------------------------------------
-----------------------------------------
| rollout/                |             |
|    ep_len_mean          | 119         |
|    ep_rew_mean          | -0.985      |
| time/                   |             |
|    fps                  | 79          |
|    iterations           | 140         |
|    time_elapsed         | 448         |
|    total_timesteps      | 306176      |
| train/                  |             |
|    approx_kl            | 0.005907637 |
|    clip_fraction        | 0.00977     |
|    clip_range           | 0.2         |
|    entropy_loss         | -2.54       |
|    explained_variance   | -3.72e-05   |
|    learning_rate        | 0.0003      |
|    loss                 | -0.0293     |
|    n_updates            | 11950       |
|    policy_gradient_loss | -0.00223    |
|    std                  | 0.865       |
|    value_loss           | 1.72        |
-----------------------------------------
-----------------------------------------
| rollout/                |             |
|    ep_len_mean          | 119         |
|    ep_rew_mean          | -0.986      |
| time/                   |             |
|    fps                  | 80          |
|    iterations           | 141         |
|    time_elapsed         | 450         |
|    total_timesteps      | 306432      |
| train/                  |             |
|    approx_kl            | 0.003114156 |
|    clip_fraction        | 0.0707      |
|    clip_range           | 0.2         |
|    entropy_loss         | -2.54       |
|    explained_variance   | 0.000783    |
|    learning_rate        | 0.0003      |
|    loss                 | -0.0387     |
|    n_updates            | 11960       |
|    policy_gradient_loss | -0.00607    |
|    std                  | 0.867       |
|    value_loss           | 0.00265     |
-----------------------------------------
------------------------------------------
| rollout/                |              |
|    ep_len_mean          | 119          |
|    ep_rew_mean          | -0.985       |
| time/                   |              |
|    fps                  | 80           |
|    iterations           | 142          |
|    time_elapsed         | 453          |
|    total_timesteps      | 306688       |
| train/                  |              |
|    approx_kl            | 0.0044116722 |
|    clip_fraction        | 0.0844       |
|    clip_range           | 0.2          |
|    entropy_loss         | -2.55        |
|    explained_variance   | -0.000503    |
|    learning_rate        | 0.0003       |
|    loss                 | -0.0513      |
|    n_updates            | 11970        |
|    policy_gradient_loss | -0.00619     |
|    std                  | 0.868        |
|    value_loss           | 0.00229      |
------------------------------------------
------------------------------------------
| rollout/                |              |
|    ep_len_mean          | 119          |
|    ep_rew_mean          | -0.985       |
| time/                   |              |
|    fps                  | 80           |
|    iterations           | 143          |
|    time_elapsed         | 455          |
|    total_timesteps      | 306944       |
| train/                  |              |
|    approx_kl            | 0.0065844245 |
|    clip_fraction        | 0.0828       |
|    clip_range           | 0.2          |
|    entropy_loss         | -2.55        |
|    explained_variance   | 0.000184     |
|    learning_rate        | 0.0003       |
|    loss                 | -0.0263      |
|    n_updates            | 11980        |
|    policy_gradient_loss | -0.00778     |
|    std                  | 0.869        |
|    value_loss           | 0.00225      |
------------------------------------------
-----------------------------------------
| rollout/                |             |
|    ep_len_mean          | 119         |
|    ep_rew_mean          | -0.984      |
| time/                   |             |
|    fps                  | 80          |
|    iterations           | 144         |
|    time_elapsed         | 458         |
|    total_timesteps      | 307200      |
| train/                  |             |
|    approx_kl            | 0.001965318 |
|    clip_fraction        | 0.00742     |
|    clip_range           | 0.2         |
|    entropy_loss         | -2.55       |
|    explained_variance   | -0.00318    |
|    learning_rate        | 0.0003      |
|    loss                 | -0.0222     |
|    n_updates            | 11990       |
|    policy_gradient_loss | -0.000309   |
|    std                  | 0.868       |
|    value_loss           | 0.00196     |
-----------------------------------------
------------------------------------------
| rollout/                |              |
|    ep_len_mean          | 119          |
|    ep_rew_mean          | -0.983       |
| time/                   |              |
|    fps                  | 80           |
|    iterations           | 145          |
|    time_elapsed         | 461          |
|    total_timesteps      | 307456       |
| train/                  |              |
|    approx_kl            | 0.0052317595 |
|    clip_fraction        | 0.0527       |
|    clip_range           | 0.2          |
|    entropy_loss         | -2.55        |
|    explained_variance   | 0.000402     |
|    learning_rate        | 0.0003       |
|    loss                 | -0.0392      |
|    n_updates            | 12000        |
|    policy_gradient_loss | -0.00368     |
|    std                  | 0.87         |
|    value_loss           | 0.00188      |
------------------------------------------
-----------------------------------------
| rollout/                |             |
|    ep_len_mean          | 119         |
|    ep_rew_mean          | -0.982      |
| time/                   |             |
|    fps                  | 79          |
|    iterations           | 146         |
|    time_elapsed         | 467         |
|    total_timesteps      | 307712      |
| train/                  |             |
|    approx_kl            | 0.003267935 |
|    clip_fraction        | 0.0367      |
|    clip_range           | 0.2         |
|    entropy_loss         | -2.55       |
|    explained_variance   | -0.00153    |
|    learning_rate        | 0.0003      |
|    loss                 | -0.0246     |
|    n_updates            | 12010       |
|    policy_gradient_loss | -0.00211    |
|    std                  | 0.865       |
|    value_loss           | 0.00239     |
-----------------------------------------
------------------------------------------
| rollout/                |              |
|    ep_len_mean          | 119          |
|    ep_rew_mean          | -0.983       |
| time/                   |              |
|    fps                  | 80           |
|    iterations           | 147          |
|    time_elapsed         | 470          |
|    total_timesteps      | 307968       |
| train/                  |              |
|    approx_kl            | 0.0061363764 |
|    clip_fraction        | 0.0684       |
|    clip_range           | 0.2          |
|    entropy_loss         | -2.54        |
|    explained_variance   | -0.00157     |
|    learning_rate        | 0.0003       |
|    loss                 | -0.027       |
|    n_updates            | 12020        |
|    policy_gradient_loss | -0.0068      |
|    std                  | 0.863        |
|    value_loss           | 0.00195      |
------------------------------------------
------------------------------------------
| rollout/                |              |
|    ep_len_mean          | 119          |
|    ep_rew_mean          | -0.985       |
| time/                   |              |
|    fps                  | 79           |
|    iterations           | 148          |
|    time_elapsed         | 474          |
|    total_timesteps      | 308224       |
| train/                  |              |
|    approx_kl            | 0.0034676949 |
|    clip_fraction        | 0.0203       |
|    clip_range           | 0.2          |
|    entropy_loss         | -2.54        |
|    explained_variance   | -0.00265     |
|    learning_rate        | 0.0003       |
|    loss                 | -0.029       |
|    n_updates            | 12030        |
|    policy_gradient_loss | -0.00316     |
|    std                  | 0.863        |
|    value_loss           | 0.002        |
------------------------------------------
-----------------------------------------
| rollout/                |             |
|    ep_len_mean          | 119         |
|    ep_rew_mean          | -0.985      |
| time/                   |             |
|    fps                  | 79          |
|    iterations           | 149         |
|    time_elapsed         | 477         |
|    total_timesteps      | 308480      |
| train/                  |             |
|    approx_kl            | 0.005982541 |
|    clip_fraction        | 0.0988      |
|    clip_range           | 0.2         |
|    entropy_loss         | -2.54       |
|    explained_variance   | 0.000909    |
|    learning_rate        | 0.0003      |
|    loss                 | -0.0448     |
|    n_updates            | 12040       |
|    policy_gradient_loss | -0.00923    |
|    std                  | 0.865       |
|    value_loss           | 0.00216     |
-----------------------------------------
------------------------------------------
| rollout/                |              |
|    ep_len_mean          | 119          |
|    ep_rew_mean          | -0.985       |
| time/                   |              |
|    fps                  | 80           |
|    iterations           | 150          |
|    time_elapsed         | 479          |
|    total_timesteps      | 308736       |
| train/                  |              |
|    approx_kl            | 0.0021298744 |
|    clip_fraction        | 0.00547      |
|    clip_range           | 0.2          |
|    entropy_loss         | -2.55        |
|    explained_variance   | 0.00224      |
|    learning_rate        | 0.0003       |
|    loss                 | -0.0178      |
|    n_updates            | 12050        |
|    policy_gradient_loss | -0.000448    |
|    std                  | 0.87         |
|    value_loss           | 0.00221      |
------------------------------------------
-----------------------------------------
| rollout/                |             |
|    ep_len_mean          | 119         |
|    ep_rew_mean          | -0.986      |
| time/                   |             |
|    fps                  | 80          |
|    iterations           | 151         |
|    time_elapsed         | 482         |
|    total_timesteps      | 308992      |
| train/                  |             |
|    approx_kl            | 0.005871062 |
|    clip_fraction        | 0.141       |
|    clip_range           | 0.2         |
|    entropy_loss         | -2.55       |
|    explained_variance   | -0.00261    |
|    learning_rate        | 0.0003      |
|    loss                 | -0.0551     |
|    n_updates            | 12060       |
|    policy_gradient_loss | -0.0118     |
|    std                  | 0.872       |
|    value_loss           | 0.00223     |
-----------------------------------------
-----------------------------------------
| rollout/                |             |
|    ep_len_mean          | 119         |
|    ep_rew_mean          | -0.985      |
| time/                   |             |
|    fps                  | 80          |
|    iterations           | 152         |
|    time_elapsed         | 485         |
|    total_timesteps      | 309248      |
| train/                  |             |
|    approx_kl            | 0.008112708 |
|    clip_fraction        | 0.109       |
|    clip_range           | 0.2         |
|    entropy_loss         | -2.55       |
|    explained_variance   | 0.00216     |
|    learning_rate        | 0.0003      |
|    loss                 | -0.022      |
|    n_updates            | 12070       |
|    policy_gradient_loss | -0.0107     |
|    std                  | 0.868       |
|    value_loss           | 0.00187     |
-----------------------------------------
-----------------------------------------
| rollout/                |             |
|    ep_len_mean          | 119         |
|    ep_rew_mean          | -0.987      |
| time/                   |             |
|    fps                  | 79          |
|    iterations           | 153         |
|    time_elapsed         | 489         |
|    total_timesteps      | 309504      |
| train/                  |             |
|    approx_kl            | 0.005001447 |
|    clip_fraction        | 0.00898     |
|    clip_range           | 0.2         |
|    entropy_loss         | -2.55       |
|    explained_variance   | 0.00264     |
|    learning_rate        | 0.0003      |
|    loss                 | -0.022      |
|    n_updates            | 12080       |
|    policy_gradient_loss | 0.000245    |
|    std                  | 0.867       |
|    value_loss           | 0.00193     |
-----------------------------------------
-----------------------------------------
| rollout/                |             |
|    ep_len_mean          | 119         |
|    ep_rew_mean          | -0.986      |
| time/                   |             |
|    fps                  | 80          |
|    iterations           | 154         |
|    time_elapsed         | 492         |
|    total_timesteps      | 309760      |
| train/                  |             |
|    approx_kl            | 0.004270588 |
|    clip_fraction        | 0.0602      |
|    clip_range           | 0.2         |
|    entropy_loss         | -2.54       |
|    explained_variance   | -0.00463    |
|    learning_rate        | 0.0003      |
|    loss                 | -0.0251     |
|    n_updates            | 12090       |
|    policy_gradient_loss | -0.00495    |
|    std                  | 0.865       |
|    value_loss           | 0.00202     |
-----------------------------------------
------------------------------------------
| rollout/                |              |
|    ep_len_mean          | 119          |
|    ep_rew_mean          | -0.985       |
| time/                   |              |
|    fps                  | 79           |
|    iterations           | 155          |
|    time_elapsed         | 496          |
|    total_timesteps      | 310016       |
| train/                  |              |
|    approx_kl            | 0.0050838646 |
|    clip_fraction        | 0.0441       |
|    clip_range           | 0.2          |
|    entropy_loss         | -2.54        |
|    explained_variance   | 0.00147      |
|    learning_rate        | 0.0003       |
|    loss                 | -0.0394      |
|    n_updates            | 12100        |
|    policy_gradient_loss | -0.00349     |
|    std                  | 0.865        |
|    value_loss           | 0.00232      |
------------------------------------------
-----------------------------------------
| rollout/                |             |
|    ep_len_mean          | 119         |
|    ep_rew_mean          | -0.986      |
| time/                   |             |
|    fps                  | 79          |
|    iterations           | 156         |
|    time_elapsed         | 501         |
|    total_timesteps      | 310272      |
| train/                  |             |
|    approx_kl            | 0.003418507 |
|    clip_fraction        | 0.073       |
|    clip_range           | 0.2         |
|    entropy_loss         | -2.54       |
|    explained_variance   | 0.000462    |
|    learning_rate        | 0.0003      |
|    loss                 | -0.0282     |
|    n_updates            | 12110       |
|    policy_gradient_loss | -0.00561    |
|    std                  | 0.867       |
|    value_loss           | 0.00215     |
-----------------------------------------
------------------------------------------
| rollout/                |              |
|    ep_len_mean          | 119          |
|    ep_rew_mean          | -0.985       |
| time/                   |              |
|    fps                  | 79           |
|    iterations           | 157          |
|    time_elapsed         | 503          |
|    total_timesteps      | 310528       |
| train/                  |              |
|    approx_kl            | 0.0032276283 |
|    clip_fraction        | 0.0289       |
|    clip_range           | 0.2          |
|    entropy_loss         | -2.55        |
|    explained_variance   | 0.00314      |
|    learning_rate        | 0.0003       |
|    loss                 | -0.0331      |
|    n_updates            | 12120        |
|    policy_gradient_loss | -0.0027      |
|    std                  | 0.868        |
|    value_loss           | 0.00185      |
------------------------------------------
-----------------------------------------
| rollout/                |             |
|    ep_len_mean          | 118         |
|    ep_rew_mean          | -0.773      |
| time/                   |             |
|    fps                  | 79          |
|    iterations           | 158         |
|    time_elapsed         | 508         |
|    total_timesteps      | 310784      |
| train/                  |             |
|    approx_kl            | 0.005056314 |
|    clip_fraction        | 0.0469      |
|    clip_range           | 0.2         |
|    entropy_loss         | -2.54       |
|    explained_variance   | 0.004       |
|    learning_rate        | 0.0003      |
|    loss                 | -0.0489     |
|    n_updates            | 12130       |
|    policy_gradient_loss | -0.00389    |
|    std                  | 0.862       |
|    value_loss           | 0.00195     |
-----------------------------------------
------------------------------------------
| rollout/                |              |
|    ep_len_mean          | 118          |
|    ep_rew_mean          | -0.775       |
| time/                   |              |
|    fps                  | 79           |
|    iterations           | 159          |
|    time_elapsed         | 511          |
|    total_timesteps      | 311040       |
| train/                  |              |
|    approx_kl            | 0.0045036343 |
|    clip_fraction        | 0.0906       |
|    clip_range           | 0.2          |
|    entropy_loss         | -2.53        |
|    explained_variance   | 3.77e-05     |
|    learning_rate        | 0.0003       |
|    loss                 | -0.0442      |
|    n_updates            | 12140        |
|    policy_gradient_loss | -0.00633     |
|    std                  | 0.861        |
|    value_loss           | 1.71         |
------------------------------------------
------------------------------------------
| rollout/                |              |
|    ep_len_mean          | 118          |
|    ep_rew_mean          | -0.776       |
| time/                   |              |
|    fps                  | 79           |
|    iterations           | 160          |
|    time_elapsed         | 513          |
|    total_timesteps      | 311296       |
| train/                  |              |
|    approx_kl            | 0.0038766407 |
|    clip_fraction        | 0.0164       |
|    clip_range           | 0.2          |
|    entropy_loss         | -2.54        |
|    explained_variance   | 0.00132      |
|    learning_rate        | 0.0003       |
|    loss                 | -0.0314      |
|    n_updates            | 12150        |
|    policy_gradient_loss | -0.00185     |
|    std                  | 0.865        |
|    value_loss           | 0.00204      |
------------------------------------------
------------------------------------------
| rollout/                |              |
|    ep_len_mean          | 118          |
|    ep_rew_mean          | -0.775       |
| time/                   |              |
|    fps                  | 79           |
|    iterations           | 161          |
|    time_elapsed         | 516          |
|    total_timesteps      | 311552       |
| train/                  |              |
|    approx_kl            | 0.0063464604 |
|    clip_fraction        | 0.0746       |
|    clip_range           | 0.2          |
|    entropy_loss         | -2.54        |
|    explained_variance   | -0.00282     |
|    learning_rate        | 0.0003       |
|    loss                 | -0.0265      |
|    n_updates            | 12160        |
|    policy_gradient_loss | -0.00531     |
|    std                  | 0.866        |
|    value_loss           | 0.00231      |
------------------------------------------
----------------------------------------
| rollout/                |            |
|    ep_len_mean          | 118        |
|    ep_rew_mean          | -0.774     |
| time/                   |            |
|    fps                  | 79         |
|    iterations           | 162        |
|    time_elapsed         | 520        |
|    total_timesteps      | 311808     |
| train/                  |            |
|    approx_kl            | 0.00371825 |
|    clip_fraction        | 0.0738     |
|    clip_range           | 0.2        |
|    entropy_loss         | -2.54      |
|    explained_variance   | -0.00267   |
|    learning_rate        | 0.0003     |
|    loss                 | -0.0378    |
|    n_updates            | 12170      |
|    policy_gradient_loss | -0.00659   |
|    std                  | 0.866      |
|    value_loss           | 0.00232    |
----------------------------------------
------------------------------------------
| rollout/                |              |
|    ep_len_mean          | 118          |
|    ep_rew_mean          | -0.774       |
| time/                   |              |
|    fps                  | 79           |
|    iterations           | 163          |
|    time_elapsed         | 525          |
|    total_timesteps      | 312064       |
| train/                  |              |
|    approx_kl            | 0.0030077023 |
|    clip_fraction        | 0.00547      |
|    clip_range           | 0.2          |
|    entropy_loss         | -2.54        |
|    explained_variance   | 0.000229     |
|    learning_rate        | 0.0003       |
|    loss                 | -0.0361      |
|    n_updates            | 12180        |
|    policy_gradient_loss | -0.00076     |
|    std                  | 0.863        |
|    value_loss           | 0.00228      |
------------------------------------------
------------------------------------------
| rollout/                |              |
|    ep_len_mean          | 118          |
|    ep_rew_mean          | -0.775       |
| time/                   |              |
|    fps                  | 79           |
|    iterations           | 164          |
|    time_elapsed         | 527          |
|    total_timesteps      | 312320       |
| train/                  |              |
|    approx_kl            | 0.0033557564 |
|    clip_fraction        | 0.0387       |
|    clip_range           | 0.2          |
|    entropy_loss         | -2.54        |
|    explained_variance   | 0.00105      |
|    learning_rate        | 0.0003       |
|    loss                 | -0.0298      |
|    n_updates            | 12190        |
|    policy_gradient_loss | -0.00457     |
|    std                  | 0.866        |
|    value_loss           | 0.00214      |
------------------------------------------
------------------------------------------
| rollout/                |              |
|    ep_len_mean          | 118          |
|    ep_rew_mean          | -0.775       |
| time/                   |              |
|    fps                  | 79           |
|    iterations           | 165          |
|    time_elapsed         | 530          |
|    total_timesteps      | 312576       |
| train/                  |              |
|    approx_kl            | 0.0037579269 |
|    clip_fraction        | 0.0734       |
|    clip_range           | 0.2          |
|    entropy_loss         | -2.55        |
|    explained_variance   | -0.00119     |
|    learning_rate        | 0.0003       |
|    loss                 | -0.0182      |
|    n_updates            | 12200        |
|    policy_gradient_loss | -0.00444     |
|    std                  | 0.871        |
|    value_loss           | 0.00215      |
------------------------------------------
-----------------------------------------
| rollout/                |             |
|    ep_len_mean          | 118         |
|    ep_rew_mean          | -0.775      |
| time/                   |             |
|    fps                  | 79          |
|    iterations           | 166         |
|    time_elapsed         | 536         |
|    total_timesteps      | 312832      |
| train/                  |             |
|    approx_kl            | 0.003656928 |
|    clip_fraction        | 0.0371      |
|    clip_range           | 0.2         |
|    entropy_loss         | -2.56       |
|    explained_variance   | 0.000352    |
|    learning_rate        | 0.0003      |
|    loss                 | -0.0354     |
|    n_updates            | 12210       |
|    policy_gradient_loss | -0.00313    |
|    std                  | 0.875       |
|    value_loss           | 0.00197     |
-----------------------------------------
-----------------------------------------
| rollout/                |             |
|    ep_len_mean          | 118         |
|    ep_rew_mean          | -0.776      |
| time/                   |             |
|    fps                  | 78          |
|    iterations           | 167         |
|    time_elapsed         | 541         |
|    total_timesteps      | 313088      |
| train/                  |             |
|    approx_kl            | 0.007328612 |
|    clip_fraction        | 0.0527      |
|    clip_range           | 0.2         |
|    entropy_loss         | -2.57       |
|    explained_variance   | -0.00018    |
|    learning_rate        | 0.0003      |
|    loss                 | -0.0168     |
|    n_updates            | 12220       |
|    policy_gradient_loss | -0.00218    |
|    std                  | 0.877       |
|    value_loss           | 0.00215     |
-----------------------------------------
------------------------------------------
| rollout/                |              |
|    ep_len_mean          | 118          |
|    ep_rew_mean          | -0.778       |
| time/                   |              |
|    fps                  | 79           |
|    iterations           | 168          |
|    time_elapsed         | 543          |
|    total_timesteps      | 313344       |
| train/                  |              |
|    approx_kl            | 0.0022480418 |
|    clip_fraction        | 0.0285       |
|    clip_range           | 0.2          |
|    entropy_loss         | -2.57        |
|    explained_variance   | 0.000286     |
|    learning_rate        | 0.0003       |
|    loss                 | -0.0256      |
|    n_updates            | 12230        |
|    policy_gradient_loss | -0.00253     |
|    std                  | 0.881        |
|    value_loss           | 0.00223      |
------------------------------------------
------------------------------------------
| rollout/                |              |
|    ep_len_mean          | 118          |
|    ep_rew_mean          | -0.779       |
| time/                   |              |
|    fps                  | 78           |
|    iterations           | 169          |
|    time_elapsed         | 548          |
|    total_timesteps      | 313600       |
| train/                  |              |
|    approx_kl            | 0.0021665152 |
|    clip_fraction        | 0.0309       |
|    clip_range           | 0.2          |
|    entropy_loss         | -2.58        |
|    explained_variance   | -0.000924    |
|    learning_rate        | 0.0003       |
|    loss                 | -0.0195      |
|    n_updates            | 12240        |
|    policy_gradient_loss | -0.00137     |
|    std                  | 0.884        |
|    value_loss           | 0.00226      |
------------------------------------------
-----------------------------------------
| rollout/                |             |
|    ep_len_mean          | 118         |
|    ep_rew_mean          | -0.78       |
| time/                   |             |
|    fps                  | 78          |
|    iterations           | 170         |
|    time_elapsed         | 552         |
|    total_timesteps      | 313856      |
| train/                  |             |
|    approx_kl            | 0.009088861 |
|    clip_fraction        | 0.0855      |
|    clip_range           | 0.2         |
|    entropy_loss         | -2.58       |
|    explained_variance   | -0.000268   |
|    learning_rate        | 0.0003      |
|    loss                 | -0.00751    |
|    n_updates            | 12250       |
|    policy_gradient_loss | -0.0102     |
|    std                  | 0.88        |
|    value_loss           | 0.00205     |
-----------------------------------------
------------------------------------------
| rollout/                |              |
|    ep_len_mean          | 118          |
|    ep_rew_mean          | -0.779       |
| time/                   |              |
|    fps                  | 78           |
|    iterations           | 171          |
|    time_elapsed         | 555          |
|    total_timesteps      | 314112       |
| train/                  |              |
|    approx_kl            | 0.0037869443 |
|    clip_fraction        | 0.0355       |
|    clip_range           | 0.2          |
|    entropy_loss         | -2.56        |
|    explained_variance   | 0.000104     |
|    learning_rate        | 0.0003       |
|    loss                 | -0.0179      |
|    n_updates            | 12260        |
|    policy_gradient_loss | -0.00535     |
|    std                  | 0.873        |
|    value_loss           | 0.00219      |
------------------------------------------
-----------------------------------------
| rollout/                |             |
|    ep_len_mean          | 118         |
|    ep_rew_mean          | -0.777      |
| time/                   |             |
|    fps                  | 78          |
|    iterations           | 172         |
|    time_elapsed         | 558         |
|    total_timesteps      | 314368      |
| train/                  |             |
|    approx_kl            | 0.004525028 |
|    clip_fraction        | 0.00586     |
|    clip_range           | 0.2         |
|    entropy_loss         | -2.56       |
|    explained_variance   | 0.000916    |
|    learning_rate        | 0.0003      |
|    loss                 | -0.0256     |
|    n_updates            | 12270       |
|    policy_gradient_loss | -0.000814   |
|    std                  | 0.877       |
|    value_loss           | 0.00226     |
-----------------------------------------
------------------------------------------
| rollout/                |              |
|    ep_len_mean          | 118          |
|    ep_rew_mean          | -0.775       |
| time/                   |              |
|    fps                  | 79           |
|    iterations           | 173          |
|    time_elapsed         | 560          |
|    total_timesteps      | 314624       |
| train/                  |              |
|    approx_kl            | 0.0054988293 |
|    clip_fraction        | 0.0527       |
|    clip_range           | 0.2          |
|    entropy_loss         | -2.57        |
|    explained_variance   | 0.00442      |
|    learning_rate        | 0.0003       |
|    loss                 | -0.0261      |
|    n_updates            | 12280        |
|    policy_gradient_loss | -0.0048      |
|    std                  | 0.876        |
|    value_loss           | 0.00251      |
------------------------------------------
------------------------------------------
| rollout/                |              |
|    ep_len_mean          | 118          |
|    ep_rew_mean          | -0.776       |
| time/                   |              |
|    fps                  | 78           |
|    iterations           | 174          |
|    time_elapsed         | 565          |
|    total_timesteps      | 314880       |
| train/                  |              |
|    approx_kl            | 0.0037743885 |
|    clip_fraction        | 0.0703       |
|    clip_range           | 0.2          |
|    entropy_loss         | -2.56        |
|    explained_variance   | -0.00344     |
|    learning_rate        | 0.0003       |
|    loss                 | -0.0066      |
|    n_updates            | 12290        |
|    policy_gradient_loss | -0.00537     |
|    std                  | 0.879        |
|    value_loss           | 0.00237      |
------------------------------------------
------------------------------------------
| rollout/                |              |
|    ep_len_mean          | 118          |
|    ep_rew_mean          | -0.776       |
| time/                   |              |
|    fps                  | 78           |
|    iterations           | 175          |
|    time_elapsed         | 569          |
|    total_timesteps      | 315136       |
| train/                  |              |
|    approx_kl            | 0.0077273687 |
|    clip_fraction        | 0.0629       |
|    clip_range           | 0.2          |
|    entropy_loss         | -2.57        |
|    explained_variance   | 0.0033       |
|    learning_rate        | 0.0003       |
|    loss                 | -0.0262      |
|    n_updates            | 12300        |
|    policy_gradient_loss | -0.00614     |
|    std                  | 0.88         |
|    value_loss           | 0.00216      |
------------------------------------------
-----------------------------------------
| rollout/                |             |
|    ep_len_mean          | 118         |
|    ep_rew_mean          | -0.776      |
| time/                   |             |
|    fps                  | 78          |
|    iterations           | 176         |
|    time_elapsed         | 574         |
|    total_timesteps      | 315392      |
| train/                  |             |
|    approx_kl            | 0.008711655 |
|    clip_fraction        | 0.0914      |
|    clip_range           | 0.2         |
|    entropy_loss         | -2.57       |
|    explained_variance   | 0.00648     |
|    learning_rate        | 0.0003      |
|    loss                 | -0.0415     |
|    n_updates            | 12310       |
|    policy_gradient_loss | -0.0114     |
|    std                  | 0.879       |
|    value_loss           | 0.00215     |
-----------------------------------------
-----------------------------------------
| rollout/                |             |
|    ep_len_mean          | 118         |
|    ep_rew_mean          | -0.776      |
| time/                   |             |
|    fps                  | 78          |
|    iterations           | 177         |
|    time_elapsed         | 576         |
|    total_timesteps      | 315648      |
| train/                  |             |
|    approx_kl            | 0.005540833 |
|    clip_fraction        | 0.041       |
|    clip_range           | 0.2         |
|    entropy_loss         | -2.57       |
|    explained_variance   | -0.00354    |
|    learning_rate        | 0.0003      |
|    loss                 | -0.0261     |
|    n_updates            | 12320       |
|    policy_gradient_loss | -0.00441    |
|    std                  | 0.883       |
|    value_loss           | 0.0022      |
-----------------------------------------
------------------------------------------
| rollout/                |              |
|    ep_len_mean          | 118          |
|    ep_rew_mean          | -0.776       |
| time/                   |              |
|    fps                  | 78           |
|    iterations           | 178          |
|    time_elapsed         | 579          |
|    total_timesteps      | 315904       |
| train/                  |              |
|    approx_kl            | 0.0047458974 |
|    clip_fraction        | 0.0289       |
|    clip_range           | 0.2          |
|    entropy_loss         | -2.58        |
|    explained_variance   | -0.000493    |
|    learning_rate        | 0.0003       |
|    loss                 | -0.0439      |
|    n_updates            | 12330        |
|    policy_gradient_loss | -0.00237     |
|    std                  | 0.883        |
|    value_loss           | 0.0021       |
------------------------------------------
------------------------------------------
| rollout/                |              |
|    ep_len_mean          | 118          |
|    ep_rew_mean          | -0.776       |
| time/                   |              |
|    fps                  | 78           |
|    iterations           | 179          |
|    time_elapsed         | 581          |
|    total_timesteps      | 316160       |
| train/                  |              |
|    approx_kl            | 0.0047444925 |
|    clip_fraction        | 0.0836       |
|    clip_range           | 0.2          |
|    entropy_loss         | -2.58        |
|    explained_variance   | -0.00314     |
|    learning_rate        | 0.0003       |
|    loss                 | -0.0192      |
|    n_updates            | 12340        |
|    policy_gradient_loss | -0.0054      |
|    std                  | 0.885        |
|    value_loss           | 0.00191      |
------------------------------------------
------------------------------------------
| rollout/                |              |
|    ep_len_mean          | 116          |
|    ep_rew_mean          | -0.565       |
| time/                   |              |
|    fps                  | 78           |
|    iterations           | 180          |
|    time_elapsed         | 584          |
|    total_timesteps      | 316416       |
| train/                  |              |
|    approx_kl            | 0.0075436234 |
|    clip_fraction        | 0.0789       |
|    clip_range           | 0.2          |
|    entropy_loss         | -2.58        |
|    explained_variance   | 0.00361      |
|    learning_rate        | 0.0003       |
|    loss                 | -0.0276      |
|    n_updates            | 12350        |
|    policy_gradient_loss | -0.00486     |
|    std                  | 0.888        |
|    value_loss           | 0.00206      |
------------------------------------------
-----------------------------------------
| rollout/                |             |
|    ep_len_mean          | 116         |
|    ep_rew_mean          | -0.567      |
| time/                   |             |
|    fps                  | 78          |
|    iterations           | 181         |
|    time_elapsed         | 589         |
|    total_timesteps      | 316672      |
| train/                  |             |
|    approx_kl            | 0.004930566 |
|    clip_fraction        | 0.0875      |
|    clip_range           | 0.2         |
|    entropy_loss         | -2.59       |
|    explained_variance   | -3.41e-05   |
|    learning_rate        | 0.0003      |
|    loss                 | 3.39        |
|    n_updates            | 12360       |
|    policy_gradient_loss | -0.00826    |
|    std                  | 0.886       |
|    value_loss           | 1.72        |
-----------------------------------------
------------------------------------------
| rollout/                |              |
|    ep_len_mean          | 116          |
|    ep_rew_mean          | -0.568       |
| time/                   |              |
|    fps                  | 78           |
|    iterations           | 182          |
|    time_elapsed         | 593          |
|    total_timesteps      | 316928       |
| train/                  |              |
|    approx_kl            | 0.0040276293 |
|    clip_fraction        | 0.0371       |
|    clip_range           | 0.2          |
|    entropy_loss         | -2.59        |
|    explained_variance   | -0.000306    |
|    learning_rate        | 0.0003       |
|    loss                 | -0.0308      |
|    n_updates            | 12370        |
|    policy_gradient_loss | -0.00247     |
|    std                  | 0.891        |
|    value_loss           | 0.00195      |
------------------------------------------
-----------------------------------------
| rollout/                |             |
|    ep_len_mean          | 116         |
|    ep_rew_mean          | -0.568      |
| time/                   |             |
|    fps                  | 78          |
|    iterations           | 183         |
|    time_elapsed         | 596         |
|    total_timesteps      | 317184      |
| train/                  |             |
|    approx_kl            | 0.006199029 |
|    clip_fraction        | 0.0133      |
|    clip_range           | 0.2         |
|    entropy_loss         | -2.59       |
|    explained_variance   | -0.00093    |
|    learning_rate        | 0.0003      |
|    loss                 | -0.0228     |
|    n_updates            | 12380       |
|    policy_gradient_loss | -0.00143    |
|    std                  | 0.889       |
|    value_loss           | 0.0021      |
-----------------------------------------
------------------------------------------
| rollout/                |              |
|    ep_len_mean          | 116          |
|    ep_rew_mean          | -0.569       |
| time/                   |              |
|    fps                  | 78           |
|    iterations           | 184          |
|    time_elapsed         | 599          |
|    total_timesteps      | 317440       |
| train/                  |              |
|    approx_kl            | 0.0054507274 |
|    clip_fraction        | 0.057        |
|    clip_range           | 0.2          |
|    entropy_loss         | -2.59        |
|    explained_variance   | 0.000971     |
|    learning_rate        | 0.0003       |
|    loss                 | -0.0285      |
|    n_updates            | 12390        |
|    policy_gradient_loss | -0.00393     |
|    std                  | 0.886        |
|    value_loss           | 0.00221      |
------------------------------------------
------------------------------------------
| rollout/                |              |
|    ep_len_mean          | 118          |
|    ep_rew_mean          | -0.782       |
| time/                   |              |
|    fps                  | 78           |
|    iterations           | 185          |
|    time_elapsed         | 601          |
|    total_timesteps      | 317696       |
| train/                  |              |
|    approx_kl            | 0.0062377956 |
|    clip_fraction        | 0.122        |
|    clip_range           | 0.2          |
|    entropy_loss         | -2.59        |
|    explained_variance   | 0.000446     |
|    learning_rate        | 0.0003       |
|    loss                 | -0.0282      |
|    n_updates            | 12400        |
|    policy_gradient_loss | -0.00843     |
|    std                  | 0.888        |
|    value_loss           | 0.00165      |
------------------------------------------
------------------------------------------
| rollout/                |              |
|    ep_len_mean          | 118          |
|    ep_rew_mean          | -0.782       |
| time/                   |              |
|    fps                  | 78           |
|    iterations           | 186          |
|    time_elapsed         | 606          |
|    total_timesteps      | 317952       |
| train/                  |              |
|    approx_kl            | 0.0064976094 |
|    clip_fraction        | 0.0816       |
|    clip_range           | 0.2          |
|    entropy_loss         | -2.59        |
|    explained_variance   | -0.00199     |
|    learning_rate        | 0.0003       |
|    loss                 | -0.0393      |
|    n_updates            | 12410        |
|    policy_gradient_loss | -0.00736     |
|    std                  | 0.888        |
|    value_loss           | 0.00203      |
------------------------------------------
-----------------------------------------
| rollout/                |             |
|    ep_len_mean          | 118         |
|    ep_rew_mean          | -0.781      |
| time/                   |             |
|    fps                  | 78          |
|    iterations           | 187         |
|    time_elapsed         | 610         |
|    total_timesteps      | 318208      |
| train/                  |             |
|    approx_kl            | 0.004774353 |
|    clip_fraction        | 0.048       |
|    clip_range           | 0.2         |
|    entropy_loss         | -2.59       |
|    explained_variance   | 0.000232    |
|    learning_rate        | 0.0003      |
|    loss                 | -0.032      |
|    n_updates            | 12420       |
|    policy_gradient_loss | -0.0052     |
|    std                  | 0.888       |
|    value_loss           | 0.00193     |
-----------------------------------------
------------------------------------------
| rollout/                |              |
|    ep_len_mean          | 118          |
|    ep_rew_mean          | -0.782       |
| time/                   |              |
|    fps                  | 78           |
|    iterations           | 188          |
|    time_elapsed         | 614          |
|    total_timesteps      | 318464       |
| train/                  |              |
|    approx_kl            | 0.0026872945 |
|    clip_fraction        | 0.000391     |
|    clip_range           | 0.2          |
|    entropy_loss         | -2.59        |
|    explained_variance   | 0.00037      |
|    learning_rate        | 0.0003       |
|    loss                 | -0.0321      |
|    n_updates            | 12430        |
|    policy_gradient_loss | 0.000317     |
|    std                  | 0.886        |
|    value_loss           | 0.00199      |
------------------------------------------
------------------------------------------
| rollout/                |              |
|    ep_len_mean          | 118          |
|    ep_rew_mean          | -0.782       |
| time/                   |              |
|    fps                  | 78           |
|    iterations           | 189          |
|    time_elapsed         | 617          |
|    total_timesteps      | 318720       |
| train/                  |              |
|    approx_kl            | 0.0063264836 |
|    clip_fraction        | 0.0242       |
|    clip_range           | 0.2          |
|    entropy_loss         | -2.59        |
|    explained_variance   | 0.000471     |
|    learning_rate        | 0.0003       |
|    loss                 | -0.023       |
|    n_updates            | 12440        |
|    policy_gradient_loss | -0.00146     |
|    std                  | 0.884        |
|    value_loss           | 0.00192      |
------------------------------------------
-----------------------------------------
| rollout/                |             |
|    ep_len_mean          | 118         |
|    ep_rew_mean          | -0.782      |
| time/                   |             |
|    fps                  | 78          |
|    iterations           | 190         |
|    time_elapsed         | 620         |
|    total_timesteps      | 318976      |
| train/                  |             |
|    approx_kl            | 0.007132134 |
|    clip_fraction        | 0.0992      |
|    clip_range           | 0.2         |
|    entropy_loss         | -2.58       |
|    explained_variance   | -0.00142    |
|    learning_rate        | 0.0003      |
|    loss                 | -0.0439     |
|    n_updates            | 12450       |
|    policy_gradient_loss | -0.0104     |
|    std                  | 0.881       |
|    value_loss           | 0.00189     |
-----------------------------------------
------------------------------------------
| rollout/                |              |
|    ep_len_mean          | 118          |
|    ep_rew_mean          | -0.782       |
| time/                   |              |
|    fps                  | 78           |
|    iterations           | 191          |
|    time_elapsed         | 623          |
|    total_timesteps      | 319232       |
| train/                  |              |
|    approx_kl            | 0.0036891552 |
|    clip_fraction        | 0.00742      |
|    clip_range           | 0.2          |
|    entropy_loss         | -2.57        |
|    explained_variance   | -4.97e-05    |
|    learning_rate        | 0.0003       |
|    loss                 | -0.0272      |
|    n_updates            | 12460        |
|    policy_gradient_loss | -0.000606    |
|    std                  | 0.88         |
|    value_loss           | 0.00182      |
------------------------------------------
-----------------------------------------
| rollout/                |             |
|    ep_len_mean          | 118         |
|    ep_rew_mean          | -0.782      |
| time/                   |             |
|    fps                  | 78          |
|    iterations           | 192         |
|    time_elapsed         | 625         |
|    total_timesteps      | 319488      |
| train/                  |             |
|    approx_kl            | 0.003276011 |
|    clip_fraction        | 0.0316      |
|    clip_range           | 0.2         |
|    entropy_loss         | -2.57       |
|    explained_variance   | 0.00245     |
|    learning_rate        | 0.0003      |
|    loss                 | -0.0192     |
|    n_updates            | 12470       |
|    policy_gradient_loss | -0.00449    |
|    std                  | 0.878       |
|    value_loss           | 0.00192     |
-----------------------------------------
-----------------------------------------
| rollout/                |             |
|    ep_len_mean          | 118         |
|    ep_rew_mean          | -0.781      |
| time/                   |             |
|    fps                  | 78          |
|    iterations           | 193         |
|    time_elapsed         | 630         |
|    total_timesteps      | 319744      |
| train/                  |             |
|    approx_kl            | 0.007354428 |
|    clip_fraction        | 0.0668      |
|    clip_range           | 0.2         |
|    entropy_loss         | -2.57       |
|    explained_variance   | -0.00443    |
|    learning_rate        | 0.0003      |
|    loss                 | -0.0411     |
|    n_updates            | 12480       |
|    policy_gradient_loss | -0.0054     |
|    std                  | 0.879       |
|    value_loss           | 0.00178     |
-----------------------------------------
------------------------------------------
| rollout/                |              |
|    ep_len_mean          | 118          |
|    ep_rew_mean          | -0.781       |
| time/                   |              |
|    fps                  | 78           |
|    iterations           | 194          |
|    time_elapsed         | 634          |
|    total_timesteps      | 320000       |
| train/                  |              |
|    approx_kl            | 0.0031464535 |
|    clip_fraction        | 0.0254       |
|    clip_range           | 0.2          |
|    entropy_loss         | -2.57        |
|    explained_variance   | -0.00172     |
|    learning_rate        | 0.0003       |
|    loss                 | -0.0371      |
|    n_updates            | 12490        |
|    policy_gradient_loss | -0.00276     |
|    std                  | 0.878        |
|    value_loss           | 0.002        |
------------------------------------------
------------------------------------------
| rollout/                |              |
|    ep_len_mean          | 118          |
|    ep_rew_mean          | -0.781       |
| time/                   |              |
|    fps                  | 78           |
|    iterations           | 195          |
|    time_elapsed         | 637          |
|    total_timesteps      | 320256       |
| train/                  |              |
|    approx_kl            | 0.0036232346 |
|    clip_fraction        | 0.0375       |
|    clip_range           | 0.2          |
|    entropy_loss         | -2.57        |
|    explained_variance   | 0.000294     |
|    learning_rate        | 0.0003       |
|    loss                 | -0.0247      |
|    n_updates            | 12500        |
|    policy_gradient_loss | -0.00442     |
|    std                  | 0.876        |
|    value_loss           | 0.00192      |
------------------------------------------
------------------------------------------
| rollout/                |              |
|    ep_len_mean          | 118          |
|    ep_rew_mean          | -0.782       |
| time/                   |              |
|    fps                  | 78           |
|    iterations           | 196          |
|    time_elapsed         | 641          |
|    total_timesteps      | 320512       |
| train/                  |              |
|    approx_kl            | 0.0044162846 |
|    clip_fraction        | 0.0184       |
|    clip_range           | 0.2          |
|    entropy_loss         | -2.56        |
|    explained_variance   | 0.000822     |
|    learning_rate        | 0.0003       |
|    loss                 | -0.0207      |
|    n_updates            | 12510        |
|    policy_gradient_loss | -0.00146     |
|    std                  | 0.876        |
|    value_loss           | 0.00188      |
------------------------------------------
-----------------------------------------
| rollout/                |             |
|    ep_len_mean          | 118         |
|    ep_rew_mean          | -0.783      |
| time/                   |             |
|    fps                  | 78          |
|    iterations           | 197         |
|    time_elapsed         | 646         |
|    total_timesteps      | 320768      |
| train/                  |             |
|    approx_kl            | 0.008327403 |
|    clip_fraction        | 0.102       |
|    clip_range           | 0.2         |
|    entropy_loss         | -2.56       |
|    explained_variance   | -0.00287    |
|    learning_rate        | 0.0003      |
|    loss                 | -0.0324     |
|    n_updates            | 12520       |
|    policy_gradient_loss | -0.00777    |
|    std                  | 0.878       |
|    value_loss           | 0.00173     |
-----------------------------------------
------------------------------------------
| rollout/                |              |
|    ep_len_mean          | 118          |
|    ep_rew_mean          | -0.783       |
| time/                   |              |
|    fps                  | 78           |
|    iterations           | 198          |
|    time_elapsed         | 648          |
|    total_timesteps      | 321024       |
| train/                  |              |
|    approx_kl            | 0.0005970297 |
|    clip_fraction        | 0            |
|    clip_range           | 0.2          |
|    entropy_loss         | -2.57        |
|    explained_variance   | -0.000278    |
|    learning_rate        | 0.0003       |
|    loss                 | -0.0269      |
|    n_updates            | 12530        |
|    policy_gradient_loss | 0.000689     |
|    std                  | 0.876        |
|    value_loss           | 0.00202      |
------------------------------------------
------------------------------------------
| rollout/                |              |
|    ep_len_mean          | 118          |
|    ep_rew_mean          | -0.783       |
| time/                   |              |
|    fps                  | 78           |
|    iterations           | 199          |
|    time_elapsed         | 651          |
|    total_timesteps      | 321280       |
| train/                  |              |
|    approx_kl            | 0.0044476725 |
|    clip_fraction        | 0.0297       |
|    clip_range           | 0.2          |
|    entropy_loss         | -2.56        |
|    explained_variance   | -1.82e-05    |
|    learning_rate        | 0.0003       |
|    loss                 | -0.0504      |
|    n_updates            | 12540        |
|    policy_gradient_loss | -0.00421     |
|    std                  | 0.878        |
|    value_loss           | 0.00177      |
------------------------------------------
-----------------------------------------
| rollout/                |             |
|    ep_len_mean          | 118         |
|    ep_rew_mean          | -0.783      |
| time/                   |             |
|    fps                  | 78          |
|    iterations           | 200         |
|    time_elapsed         | 654         |
|    total_timesteps      | 321536      |
| train/                  |             |
|    approx_kl            | 0.003403046 |
|    clip_fraction        | 0.0246      |
|    clip_range           | 0.2         |
|    entropy_loss         | -2.56       |
|    explained_variance   | -0.00148    |
|    learning_rate        | 0.0003      |
|    loss                 | -0.0233     |
|    n_updates            | 12550       |
|    policy_gradient_loss | -0.00255    |
|    std                  | 0.875       |
|    value_loss           | 0.0018      |
-----------------------------------------
-----------------------------------------
| rollout/                |             |
|    ep_len_mean          | 118         |
|    ep_rew_mean          | -0.783      |
| time/                   |             |
|    fps                  | 78          |
|    iterations           | 201         |
|    time_elapsed         | 656         |
|    total_timesteps      | 321792      |
| train/                  |             |
|    approx_kl            | 0.007066332 |
|    clip_fraction        | 0.0625      |
|    clip_range           | 0.2         |
|    entropy_loss         | -2.56       |
|    explained_variance   | 0.000796    |
|    learning_rate        | 0.0003      |
|    loss                 | -0.0288     |
|    n_updates            | 12560       |
|    policy_gradient_loss | -0.00653    |
|    std                  | 0.876       |
|    value_loss           | 0.00203     |
-----------------------------------------
------------------------------------------
| rollout/                |              |
|    ep_len_mean          | 118          |
|    ep_rew_mean          | -0.785       |
| time/                   |              |
|    fps                  | 78           |
|    iterations           | 202          |
|    time_elapsed         | 659          |
|    total_timesteps      | 322048       |
| train/                  |              |
|    approx_kl            | 0.0069855675 |
|    clip_fraction        | 0.0996       |
|    clip_range           | 0.2          |
|    entropy_loss         | -2.57        |
|    explained_variance   | -0.00103     |
|    learning_rate        | 0.0003       |
|    loss                 | -0.0194      |
|    n_updates            | 12570        |
|    policy_gradient_loss | -0.00815     |
|    std                  | 0.88         |
|    value_loss           | 0.00185      |
------------------------------------------
------------------------------------------
| rollout/                |              |
|    ep_len_mean          | 118          |
|    ep_rew_mean          | -0.786       |
| time/                   |              |
|    fps                  | 78           |
|    iterations           | 203          |
|    time_elapsed         | 663          |
|    total_timesteps      | 322304       |
| train/                  |              |
|    approx_kl            | 0.0052683773 |
|    clip_fraction        | 0.0379       |
|    clip_range           | 0.2          |
|    entropy_loss         | -2.58        |
|    explained_variance   | -0.000921    |
|    learning_rate        | 0.0003       |
|    loss                 | -0.0458      |
|    n_updates            | 12580        |
|    policy_gradient_loss | -0.00445     |
|    std                  | 0.885        |
|    value_loss           | 0.0019       |
------------------------------------------
------------------------------------------
| rollout/                |              |
|    ep_len_mean          | 119          |
|    ep_rew_mean          | -0.997       |
| time/                   |              |
|    fps                  | 78           |
|    iterations           | 204          |
|    time_elapsed         | 668          |
|    total_timesteps      | 322560       |
| train/                  |              |
|    approx_kl            | 0.0033217194 |
|    clip_fraction        | 0.0137       |
|    clip_range           | 0.2          |
|    entropy_loss         | -2.59        |
|    explained_variance   | 0.000413     |
|    learning_rate        | 0.0003       |
|    loss                 | -0.0249      |
|    n_updates            | 12590        |
|    policy_gradient_loss | -0.00152     |
|    std                  | 0.888        |
|    value_loss           | 0.00197      |
------------------------------------------
-----------------------------------------
| rollout/                |             |
|    ep_len_mean          | 119         |
|    ep_rew_mean          | -0.996      |
| time/                   |             |
|    fps                  | 78          |
|    iterations           | 205         |
|    time_elapsed         | 670         |
|    total_timesteps      | 322816      |
| train/                  |             |
|    approx_kl            | 0.006174722 |
|    clip_fraction        | 0.0742      |
|    clip_range           | 0.2         |
|    entropy_loss         | -2.59       |
|    explained_variance   | 0.000336    |
|    learning_rate        | 0.0003      |
|    loss                 | -0.0356     |
|    n_updates            | 12600       |
|    policy_gradient_loss | -0.00995    |
|    std                  | 0.887       |
|    value_loss           | 0.00179     |
-----------------------------------------
-----------------------------------------
| rollout/                |             |
|    ep_len_mean          | 118         |
|    ep_rew_mean          | -0.783      |
| time/                   |             |
|    fps                  | 78          |
|    iterations           | 206         |
|    time_elapsed         | 675         |
|    total_timesteps      | 323072      |
| train/                  |             |
|    approx_kl            | 0.006100538 |
|    clip_fraction        | 0.0156      |
|    clip_range           | 0.2         |
|    entropy_loss         | -2.59       |
|    explained_variance   | 0.00273     |
|    learning_rate        | 0.0003      |
|    loss                 | -0.0186     |
|    n_updates            | 12610       |
|    policy_gradient_loss | -0.00137    |
|    std                  | 0.89        |
|    value_loss           | 0.00182     |
-----------------------------------------
------------------------------------------
| rollout/                |              |
|    ep_len_mean          | 118          |
|    ep_rew_mean          | -0.783       |
| time/                   |              |
|    fps                  | 78           |
|    iterations           | 207          |
|    time_elapsed         | 678          |
|    total_timesteps      | 323328       |
| train/                  |              |
|    approx_kl            | 0.0038457005 |
|    clip_fraction        | 0.0742       |
|    clip_range           | 0.2          |
|    entropy_loss         | -2.6         |
|    explained_variance   | -3.34e-05    |
|    learning_rate        | 0.0003       |
|    loss                 | 3.4          |
|    n_updates            | 12620        |
|    policy_gradient_loss | -0.00526     |
|    std                  | 0.894        |
|    value_loss           | 1.72         |
------------------------------------------
-----------------------------------------
| rollout/                |             |
|    ep_len_mean          | 118         |
|    ep_rew_mean          | -0.783      |
| time/                   |             |
|    fps                  | 78          |
|    iterations           | 208         |
|    time_elapsed         | 680         |
|    total_timesteps      | 323584      |
| train/                  |             |
|    approx_kl            | 0.004557796 |
|    clip_fraction        | 0.059       |
|    clip_range           | 0.2         |
|    entropy_loss         | -2.61       |
|    explained_variance   | 0.00255     |
|    learning_rate        | 0.0003      |
|    loss                 | -0.0405     |
|    n_updates            | 12630       |
|    policy_gradient_loss | -0.00598    |
|    std                  | 0.895       |
|    value_loss           | 0.00214     |
-----------------------------------------
------------------------------------------
| rollout/                |              |
|    ep_len_mean          | 118          |
|    ep_rew_mean          | -0.784       |
| time/                   |              |
|    fps                  | 78           |
|    iterations           | 209          |
|    time_elapsed         | 685          |
|    total_timesteps      | 323840       |
| train/                  |              |
|    approx_kl            | 0.0072330297 |
|    clip_fraction        | 0.0781       |
|    clip_range           | 0.2          |
|    entropy_loss         | -2.61        |
|    explained_variance   | -0.00159     |
|    learning_rate        | 0.0003       |
|    loss                 | -0.0327      |
|    n_updates            | 12640        |
|    policy_gradient_loss | -0.00333     |
|    std                  | 0.897        |
|    value_loss           | 0.00208      |
------------------------------------------
-----------------------------------------
| rollout/                |             |
|    ep_len_mean          | 118         |
|    ep_rew_mean          | -0.782      |
| time/                   |             |
|    fps                  | 77          |
|    iterations           | 210         |
|    time_elapsed         | 689         |
|    total_timesteps      | 324096      |
| train/                  |             |
|    approx_kl            | 0.008326262 |
|    clip_fraction        | 0.0914      |
|    clip_range           | 0.2         |
|    entropy_loss         | -2.61       |
|    explained_variance   | -0.0024     |
|    learning_rate        | 0.0003      |
|    loss                 | -0.0197     |
|    n_updates            | 12650       |
|    policy_gradient_loss | -0.0113     |
|    std                  | 0.898       |
|    value_loss           | 0.00186     |
-----------------------------------------
------------------------------------------
| rollout/                |              |
|    ep_len_mean          | 118          |
|    ep_rew_mean          | -0.78        |
| time/                   |              |
|    fps                  | 77           |
|    iterations           | 211          |
|    time_elapsed         | 696          |
|    total_timesteps      | 324352       |
| train/                  |              |
|    approx_kl            | 0.0074786646 |
|    clip_fraction        | 0.156        |
|    clip_range           | 0.2          |
|    entropy_loss         | -2.61        |
|    explained_variance   | -0.000931    |
|    learning_rate        | 0.0003       |
|    loss                 | -0.0389      |
|    n_updates            | 12660        |
|    policy_gradient_loss | -0.0117      |
|    std                  | 0.895        |
|    value_loss           | 0.00192      |
------------------------------------------
-----------------------------------------
| rollout/                |             |
|    ep_len_mean          | 118         |
|    ep_rew_mean          | -0.78       |
| time/                   |             |
|    fps                  | 77          |
|    iterations           | 212         |
|    time_elapsed         | 698         |
|    total_timesteps      | 324608      |
| train/                  |             |
|    approx_kl            | 0.006378647 |
|    clip_fraction        | 0.0684      |
|    clip_range           | 0.2         |
|    entropy_loss         | -2.6        |
|    explained_variance   | 8.1e-05     |
|    learning_rate        | 0.0003      |
|    loss                 | -0.0351     |
|    n_updates            | 12670       |
|    policy_gradient_loss | -0.0076     |
|    std                  | 0.894       |
|    value_loss           | 0.00179     |
-----------------------------------------
------------------------------------------
| rollout/                |              |
|    ep_len_mean          | 118          |
|    ep_rew_mean          | -0.779       |
| time/                   |              |
|    fps                  | 77           |
|    iterations           | 213          |
|    time_elapsed         | 703          |
|    total_timesteps      | 324864       |
| train/                  |              |
|    approx_kl            | 0.0041807024 |
|    clip_fraction        | 0.0207       |
|    clip_range           | 0.2          |
|    entropy_loss         | -2.6         |
|    explained_variance   | 6.07e-05     |
|    learning_rate        | 0.0003       |
|    loss                 | -0.0259      |
|    n_updates            | 12680        |
|    policy_gradient_loss | -0.00227     |
|    std                  | 0.893        |
|    value_loss           | 0.0017       |
------------------------------------------
------------------------------------------
| rollout/                |              |
|    ep_len_mean          | 118          |
|    ep_rew_mean          | -0.777       |
| time/                   |              |
|    fps                  | 77           |
|    iterations           | 214          |
|    time_elapsed         | 707          |
|    total_timesteps      | 325120       |
| train/                  |              |
|    approx_kl            | 0.0032128762 |
|    clip_fraction        | 0.0223       |
|    clip_range           | 0.2          |
|    entropy_loss         | -2.6         |
|    explained_variance   | -0.00338     |
|    learning_rate        | 0.0003       |
|    loss                 | -0.0271      |
|    n_updates            | 12690        |
|    policy_gradient_loss | -0.0014      |
|    std                  | 0.893        |
|    value_loss           | 0.00193      |
------------------------------------------
-----------------------------------------
| rollout/                |             |
|    ep_len_mean          | 118         |
|    ep_rew_mean          | -0.776      |
| time/                   |             |
|    fps                  | 77          |
|    iterations           | 215         |
|    time_elapsed         | 712         |
|    total_timesteps      | 325376      |
| train/                  |             |
|    approx_kl            | 0.007931035 |
|    clip_fraction        | 0.118       |
|    clip_range           | 0.2         |
|    entropy_loss         | -2.6        |
|    explained_variance   | -0.000299   |
|    learning_rate        | 0.0003      |
|    loss                 | -0.0424     |
|    n_updates            | 12700       |
|    policy_gradient_loss | -0.0111     |
|    std                  | 0.891       |
|    value_loss           | 0.00197     |
-----------------------------------------
---------------------------------------
| rollout/                |           |
|    ep_len_mean          | 116       |
|    ep_rew_mean          | -0.564    |
| time/                   |           |
|    fps                  | 77        |
|    iterations           | 216       |
|    time_elapsed         | 714       |
|    total_timesteps      | 325632    |
| train/                  |           |
|    approx_kl            | 0.0075621 |
|    clip_fraction        | 0.0398    |
|    clip_range           | 0.2       |
|    entropy_loss         | -2.59     |
|    explained_variance   | -0.000198 |
|    learning_rate        | 0.0003    |
|    loss                 | -0.00856  |
|    n_updates            | 12710     |
|    policy_gradient_loss | -0.00235  |
|    std                  | 0.889     |
|    value_loss           | 0.00209   |
---------------------------------------
-----------------------------------------
| rollout/                |             |
|    ep_len_mean          | 115         |
|    ep_rew_mean          | -0.353      |
| time/                   |             |
|    fps                  | 77          |
|    iterations           | 217         |
|    time_elapsed         | 717         |
|    total_timesteps      | 325888      |
| train/                  |             |
|    approx_kl            | 0.003327634 |
|    clip_fraction        | 0.0422      |
|    clip_range           | 0.2         |
|    entropy_loss         | -2.59       |
|    explained_variance   | -4.94e-05   |
|    learning_rate        | 0.0003      |
|    loss                 | -0.028      |
|    n_updates            | 12720       |
|    policy_gradient_loss | -0.00406    |
|    std                  | 0.889       |
|    value_loss           | 1.71        |
-----------------------------------------
-----------------------------------------
| rollout/                |             |
|    ep_len_mean          | 115         |
|    ep_rew_mean          | -0.354      |
| time/                   |             |
|    fps                  | 77          |
|    iterations           | 218         |
|    time_elapsed         | 722         |
|    total_timesteps      | 326144      |
| train/                  |             |
|    approx_kl            | 0.008901596 |
|    clip_fraction        | 0.124       |
|    clip_range           | 0.2         |
|    entropy_loss         | -2.59       |
|    explained_variance   | -1.86e-05   |
|    learning_rate        | 0.0003      |
|    loss                 | 3.38        |
|    n_updates            | 12730       |
|    policy_gradient_loss | -0.00798    |
|    std                  | 0.89        |
|    value_loss           | 1.71        |
-----------------------------------------
----------------------------------------
| rollout/                |            |
|    ep_len_mean          | 115        |
|    ep_rew_mean          | -0.354     |
| time/                   |            |
|    fps                  | 77         |
|    iterations           | 219        |
|    time_elapsed         | 725        |
|    total_timesteps      | 326400     |
| train/                  |            |
|    approx_kl            | 0.00406402 |
|    clip_fraction        | 0.00391    |
|    clip_range           | 0.2        |
|    entropy_loss         | -2.59      |
|    explained_variance   | -0.000496  |
|    learning_rate        | 0.0003     |
|    loss                 | -0.0108    |
|    n_updates            | 12740      |
|    policy_gradient_loss | -0.000557  |
|    std                  | 0.887      |
|    value_loss           | 0.00219    |
----------------------------------------
-----------------------------------------
| rollout/                |             |
|    ep_len_mean          | 115         |
|    ep_rew_mean          | -0.355      |
| time/                   |             |
|    fps                  | 77          |
|    iterations           | 220         |
|    time_elapsed         | 729         |
|    total_timesteps      | 326656      |
| train/                  |             |
|    approx_kl            | 0.007839993 |
|    clip_fraction        | 0.123       |
|    clip_range           | 0.2         |
|    entropy_loss         | -2.59       |
|    explained_variance   | -0.0009     |
|    learning_rate        | 0.0003      |
|    loss                 | -0.0593     |
|    n_updates            | 12750       |
|    policy_gradient_loss | -0.0131     |
|    std                  | 0.889       |
|    value_loss           | 0.00189     |
-----------------------------------------
------------------------------------------
| rollout/                |              |
|    ep_len_mean          | 115          |
|    ep_rew_mean          | -0.355       |
| time/                   |              |
|    fps                  | 77           |
|    iterations           | 221          |
|    time_elapsed         | 732          |
|    total_timesteps      | 326912       |
| train/                  |              |
|    approx_kl            | 0.0076381555 |
|    clip_fraction        | 0.123        |
|    clip_range           | 0.2          |
|    entropy_loss         | -2.59        |
|    explained_variance   | 0.000404     |
|    learning_rate        | 0.0003       |
|    loss                 | -0.0491      |
|    n_updates            | 12760        |
|    policy_gradient_loss | -0.0111      |
|    std                  | 0.891        |
|    value_loss           | 0.00161      |
------------------------------------------
-----------------------------------------
| rollout/                |             |
|    ep_len_mean          | 115         |
|    ep_rew_mean          | -0.357      |
| time/                   |             |
|    fps                  | 77          |
|    iterations           | 222         |
|    time_elapsed         | 734         |
|    total_timesteps      | 327168      |
| train/                  |             |
|    approx_kl            | 0.009509728 |
|    clip_fraction        | 0.106       |
|    clip_range           | 0.2         |
|    entropy_loss         | -2.6        |
|    explained_variance   | -0.000884   |
|    learning_rate        | 0.0003      |
|    loss                 | -0.034      |
|    n_updates            | 12770       |
|    policy_gradient_loss | -0.00726    |
|    std                  | 0.892       |
|    value_loss           | 0.00185     |
-----------------------------------------
------------------------------------------
| rollout/                |              |
|    ep_len_mean          | 115          |
|    ep_rew_mean          | -0.357       |
| time/                   |              |
|    fps                  | 77           |
|    iterations           | 223          |
|    time_elapsed         | 737          |
|    total_timesteps      | 327424       |
| train/                  |              |
|    approx_kl            | 0.0016176046 |
|    clip_fraction        | 0            |
|    clip_range           | 0.2          |
|    entropy_loss         | -2.6         |
|    explained_variance   | -0.000395    |
|    learning_rate        | 0.0003       |
|    loss                 | -0.0219      |
|    n_updates            | 12780        |
|    policy_gradient_loss | -0.000135    |
|    std                  | 0.893        |
|    value_loss           | 0.00182      |
------------------------------------------
------------------------------------------
| rollout/                |              |
|    ep_len_mean          | 115          |
|    ep_rew_mean          | -0.356       |
| time/                   |              |
|    fps                  | 77           |
|    iterations           | 224          |
|    time_elapsed         | 741          |
|    total_timesteps      | 327680       |
| train/                  |              |
|    approx_kl            | 0.0034464507 |
|    clip_fraction        | 0.0535       |
|    clip_range           | 0.2          |
|    entropy_loss         | -2.6         |
|    explained_variance   | 0.000797     |
|    learning_rate        | 0.0003       |
|    loss                 | -0.0307      |
|    n_updates            | 12790        |
|    policy_gradient_loss | -0.00382     |
|    std                  | 0.892        |
|    value_loss           | 0.00201      |
------------------------------------------
-----------------------------------------
| rollout/                |             |
|    ep_len_mean          | 116         |
|    ep_rew_mean          | -0.565      |
| time/                   |             |
|    fps                  | 77          |
|    iterations           | 225         |
|    time_elapsed         | 746         |
|    total_timesteps      | 327936      |
| train/                  |             |
|    approx_kl            | 0.005471032 |
|    clip_fraction        | 0.041       |
|    clip_range           | 0.2         |
|    entropy_loss         | -2.59       |
|    explained_variance   | -0.00207    |
|    learning_rate        | 0.0003      |
|    loss                 | -0.0231     |
|    n_updates            | 12800       |
|    policy_gradient_loss | -0.00479    |
|    std                  | 0.89        |
|    value_loss           | 0.00186     |
-----------------------------------------
-----------------------------------------
| rollout/                |             |
|    ep_len_mean          | 116         |
|    ep_rew_mean          | -0.563      |
| time/                   |             |
|    fps                  | 77          |
|    iterations           | 226         |
|    time_elapsed         | 749         |
|    total_timesteps      | 328192      |
| train/                  |             |
|    approx_kl            | 0.009535752 |
|    clip_fraction        | 0.0809      |
|    clip_range           | 0.2         |
|    entropy_loss         | -2.59       |
|    explained_variance   | -0.000397   |
|    learning_rate        | 0.0003      |
|    loss                 | -0.0414     |
|    n_updates            | 12810       |
|    policy_gradient_loss | -0.0062     |
|    std                  | 0.888       |
|    value_loss           | 0.00196     |
-----------------------------------------
-----------------------------------------
| rollout/                |             |
|    ep_len_mean          | 116         |
|    ep_rew_mean          | -0.561      |
| time/                   |             |
|    fps                  | 77          |
|    iterations           | 227         |
|    time_elapsed         | 753         |
|    total_timesteps      | 328448      |
| train/                  |             |
|    approx_kl            | 0.002099122 |
|    clip_fraction        | 0.0234      |
|    clip_range           | 0.2         |
|    entropy_loss         | -2.59       |
|    explained_variance   | -0.000319   |
|    learning_rate        | 0.0003      |
|    loss                 | -0.0414     |
|    n_updates            | 12820       |
|    policy_gradient_loss | -0.0029     |
|    std                  | 0.891       |
|    value_loss           | 0.00173     |
-----------------------------------------
-----------------------------------------
| rollout/                |             |
|    ep_len_mean          | 116         |
|    ep_rew_mean          | -0.561      |
| time/                   |             |
|    fps                  | 77          |
|    iterations           | 228         |
|    time_elapsed         | 756         |
|    total_timesteps      | 328704      |
| train/                  |             |
|    approx_kl            | 0.007508183 |
|    clip_fraction        | 0.0773      |
|    clip_range           | 0.2         |
|    entropy_loss         | -2.6        |
|    explained_variance   | 9.19e-05    |
|    learning_rate        | 0.0003      |
|    loss                 | -0.0374     |
|    n_updates            | 12830       |
|    policy_gradient_loss | -0.00631    |
|    std                  | 0.892       |
|    value_loss           | 0.00186     |
-----------------------------------------
------------------------------------------
| rollout/                |              |
|    ep_len_mean          | 116          |
|    ep_rew_mean          | -0.561       |
| time/                   |              |
|    fps                  | 77           |
|    iterations           | 229          |
|    time_elapsed         | 758          |
|    total_timesteps      | 328960       |
| train/                  |              |
|    approx_kl            | 0.0074552167 |
|    clip_fraction        | 0.0938       |
|    clip_range           | 0.2          |
|    entropy_loss         | -2.6         |
|    explained_variance   | 0.00126      |
|    learning_rate        | 0.0003       |
|    loss                 | -0.0175      |
|    n_updates            | 12840        |
|    policy_gradient_loss | -0.0086      |
|    std                  | 0.891        |
|    value_loss           | 0.00202      |
------------------------------------------
------------------------------------------
| rollout/                |              |
|    ep_len_mean          | 116          |
|    ep_rew_mean          | -0.559       |
| time/                   |              |
|    fps                  | 77           |
|    iterations           | 230          |
|    time_elapsed         | 761          |
|    total_timesteps      | 329216       |
| train/                  |              |
|    approx_kl            | 0.0031432463 |
|    clip_fraction        | 0.0613       |
|    clip_range           | 0.2          |
|    entropy_loss         | -2.6         |
|    explained_variance   | 0.00302      |
|    learning_rate        | 0.0003       |
|    loss                 | -0.0401      |
|    n_updates            | 12850        |
|    policy_gradient_loss | -0.00418     |
|    std                  | 0.893        |
|    value_loss           | 0.00187      |
------------------------------------------
------------------------------------------
| rollout/                |              |
|    ep_len_mean          | 116          |
|    ep_rew_mean          | -0.558       |
| time/                   |              |
|    fps                  | 77           |
|    iterations           | 231          |
|    time_elapsed         | 763          |
|    total_timesteps      | 329472       |
| train/                  |              |
|    approx_kl            | 0.0039617065 |
|    clip_fraction        | 0.0594       |
|    clip_range           | 0.2          |
|    entropy_loss         | -2.6         |
|    explained_variance   | -0.00674     |
|    learning_rate        | 0.0003       |
|    loss                 | -0.0326      |
|    n_updates            | 12860        |
|    policy_gradient_loss | -0.00431     |
|    std                  | 0.894        |
|    value_loss           | 0.00188      |
------------------------------------------
------------------------------------------
| rollout/                |              |
|    ep_len_mean          | 116          |
|    ep_rew_mean          | -0.561       |
| time/                   |              |
|    fps                  | 77           |
|    iterations           | 232          |
|    time_elapsed         | 766          |
|    total_timesteps      | 329728       |
| train/                  |              |
|    approx_kl            | 0.0030624259 |
|    clip_fraction        | 0.0172       |
|    clip_range           | 0.2          |
|    entropy_loss         | -2.6         |
|    explained_variance   | -0.0051      |
|    learning_rate        | 0.0003       |
|    loss                 | -0.0235      |
|    n_updates            | 12870        |
|    policy_gradient_loss | -0.00258     |
|    std                  | 0.896        |
|    value_loss           | 0.00171      |
------------------------------------------
-----------------------------------------
| rollout/                |             |
|    ep_len_mean          | 116         |
|    ep_rew_mean          | -0.561      |
| time/                   |             |
|    fps                  | 77          |
|    iterations           | 233         |
|    time_elapsed         | 769         |
|    total_timesteps      | 329984      |
| train/                  |             |
|    approx_kl            | 0.006048907 |
|    clip_fraction        | 0.0484      |
|    clip_range           | 0.2         |
|    entropy_loss         | -2.61       |
|    explained_variance   | -0.00183    |
|    learning_rate        | 0.0003      |
|    loss                 | -0.0381     |
|    n_updates            | 12880       |
|    policy_gradient_loss | -0.00411    |
|    std                  | 0.9         |
|    value_loss           | 0.00203     |
-----------------------------------------
-----------------------------------------
| rollout/                |             |
|    ep_len_mean          | 116         |
|    ep_rew_mean          | -0.561      |
| time/                   |             |
|    fps                  | 77          |
|    iterations           | 234         |
|    time_elapsed         | 772         |
|    total_timesteps      | 330240      |
| train/                  |             |
|    approx_kl            | 0.002416319 |
|    clip_fraction        | 0.0258      |
|    clip_range           | 0.2         |
|    entropy_loss         | -2.62       |
|    explained_variance   | 0.000347    |
|    learning_rate        | 0.0003      |
|    loss                 | -0.0334     |
|    n_updates            | 12890       |
|    policy_gradient_loss | -0.00179    |
|    std                  | 0.901       |
|    value_loss           | 0.00205     |
-----------------------------------------
------------------------------------------
| rollout/                |              |
|    ep_len_mean          | 116          |
|    ep_rew_mean          | -0.56        |
| time/                   |              |
|    fps                  | 77           |
|    iterations           | 235          |
|    time_elapsed         | 776          |
|    total_timesteps      | 330496       |
| train/                  |              |
|    approx_kl            | 0.0052865352 |
|    clip_fraction        | 0.0414       |
|    clip_range           | 0.2          |
|    entropy_loss         | -2.62        |
|    explained_variance   | -0.000207    |
|    learning_rate        | 0.0003       |
|    loss                 | -0.0362      |
|    n_updates            | 12900        |
|    policy_gradient_loss | -0.00345     |
|    std                  | 0.901        |
|    value_loss           | 0.00181      |
------------------------------------------
------------------------------------------
| rollout/                |              |
|    ep_len_mean          | 116          |
|    ep_rew_mean          | -0.559       |
| time/                   |              |
|    fps                  | 77           |
|    iterations           | 236          |
|    time_elapsed         | 780          |
|    total_timesteps      | 330752       |
| train/                  |              |
|    approx_kl            | 0.0042467257 |
|    clip_fraction        | 0.0262       |
|    clip_range           | 0.2          |
|    entropy_loss         | -2.63        |
|    explained_variance   | -0.000503    |
|    learning_rate        | 0.0003       |
|    loss                 | -0.022       |
|    n_updates            | 12910        |
|    policy_gradient_loss | -0.00215     |
|    std                  | 0.905        |
|    value_loss           | 0.00164      |
------------------------------------------
-----------------------------------------
| rollout/                |             |
|    ep_len_mean          | 116         |
|    ep_rew_mean          | -0.561      |
| time/                   |             |
|    fps                  | 77          |
|    iterations           | 237         |
|    time_elapsed         | 783         |
|    total_timesteps      | 331008      |
| train/                  |             |
|    approx_kl            | 0.005929905 |
|    clip_fraction        | 0.0805      |
|    clip_range           | 0.2         |
|    entropy_loss         | -2.63       |
|    explained_variance   | 0.000367    |
|    learning_rate        | 0.0003      |
|    loss                 | -0.0331     |
|    n_updates            | 12920       |
|    policy_gradient_loss | -0.00776    |
|    std                  | 0.906       |
|    value_loss           | 0.00176     |
-----------------------------------------
------------------------------------------
| rollout/                |              |
|    ep_len_mean          | 116          |
|    ep_rew_mean          | -0.561       |
| time/                   |              |
|    fps                  | 77           |
|    iterations           | 238          |
|    time_elapsed         | 786          |
|    total_timesteps      | 331264       |
| train/                  |              |
|    approx_kl            | 0.0049256315 |
|    clip_fraction        | 0.0586       |
|    clip_range           | 0.2          |
|    entropy_loss         | -2.63        |
|    explained_variance   | -0.000387    |
|    learning_rate        | 0.0003       |
|    loss                 | -0.0313      |
|    n_updates            | 12930        |
|    policy_gradient_loss | -0.00884     |
|    std                  | 0.907        |
|    value_loss           | 0.00202      |
------------------------------------------
------------------------------------------
| rollout/                |              |
|    ep_len_mean          | 116          |
|    ep_rew_mean          | -0.559       |
| time/                   |              |
|    fps                  | 77           |
|    iterations           | 239          |
|    time_elapsed         | 788          |
|    total_timesteps      | 331520       |
| train/                  |              |
|    approx_kl            | 0.0044516716 |
|    clip_fraction        | 0.00859      |
|    clip_range           | 0.2          |
|    entropy_loss         | -2.64        |
|    explained_variance   | 0.000884     |
|    learning_rate        | 0.0003       |
|    loss                 | -0.0317      |
|    n_updates            | 12940        |
|    policy_gradient_loss | -0.000402    |
|    std                  | 0.907        |
|    value_loss           | 0.00195      |
------------------------------------------
-----------------------------------------
| rollout/                |             |
|    ep_len_mean          | 116         |
|    ep_rew_mean          | -0.559      |
| time/                   |             |
|    fps                  | 77          |
|    iterations           | 240         |
|    time_elapsed         | 791         |
|    total_timesteps      | 331776      |
| train/                  |             |
|    approx_kl            | 0.010039074 |
|    clip_fraction        | 0.1         |
|    clip_range           | 0.2         |
|    entropy_loss         | -2.64       |
|    explained_variance   | 0.000444    |
|    learning_rate        | 0.0003      |
|    loss                 | -0.047      |
|    n_updates            | 12950       |
|    policy_gradient_loss | -0.0107     |
|    std                  | 0.909       |
|    value_loss           | 0.00181     |
-----------------------------------------
----------------------------------------
| rollout/                |            |
|    ep_len_mean          | 116        |
|    ep_rew_mean          | -0.561     |
| time/                   |            |
|    fps                  | 77         |
|    iterations           | 241        |
|    time_elapsed         | 795        |
|    total_timesteps      | 332032     |
| train/                  |            |
|    approx_kl            | 0.00394391 |
|    clip_fraction        | 0.0422     |
|    clip_range           | 0.2        |
|    entropy_loss         | -2.64      |
|    explained_variance   | -0.00116   |
|    learning_rate        | 0.0003     |
|    loss                 | -0.0403    |
|    n_updates            | 12960      |
|    policy_gradient_loss | -0.00388   |
|    std                  | 0.909      |
|    value_loss           | 0.00208    |
----------------------------------------
------------------------------------------
| rollout/                |              |
|    ep_len_mean          | 116          |
|    ep_rew_mean          | -0.559       |
| time/                   |              |
|    fps                  | 77           |
|    iterations           | 242          |
|    time_elapsed         | 798          |
|    total_timesteps      | 332288       |
| train/                  |              |
|    approx_kl            | 0.0013845365 |
|    clip_fraction        | 0.000391     |
|    clip_range           | 0.2          |
|    entropy_loss         | -2.64        |
|    explained_variance   | -4.77e-06    |
|    learning_rate        | 0.0003       |
|    loss                 | -0.0294      |
|    n_updates            | 12970        |
|    policy_gradient_loss | -0.000378    |
|    std                  | 0.908        |
|    value_loss           | 0.00153      |
------------------------------------------
-----------------------------------------
| rollout/                |             |
|    ep_len_mean          | 116         |
|    ep_rew_mean          | -0.56       |
| time/                   |             |
|    fps                  | 77          |
|    iterations           | 243         |
|    time_elapsed         | 802         |
|    total_timesteps      | 332544      |
| train/                  |             |
|    approx_kl            | 0.007094971 |
|    clip_fraction        | 0.0316      |
|    clip_range           | 0.2         |
|    entropy_loss         | -2.64       |
|    explained_variance   | -0.000149   |
|    learning_rate        | 0.0003      |
|    loss                 | -0.013      |
|    n_updates            | 12980       |
|    policy_gradient_loss | -0.00357    |
|    std                  | 0.908       |
|    value_loss           | 0.00167     |
-----------------------------------------
-----------------------------------------
| rollout/                |             |
|    ep_len_mean          | 116         |
|    ep_rew_mean          | -0.558      |
| time/                   |             |
|    fps                  | 77          |
|    iterations           | 244         |
|    time_elapsed         | 809         |
|    total_timesteps      | 332800      |
| train/                  |             |
|    approx_kl            | 0.007547293 |
|    clip_fraction        | 0.0863      |
|    clip_range           | 0.2         |
|    entropy_loss         | -2.63       |
|    explained_variance   | 0.00112     |
|    learning_rate        | 0.0003      |
|    loss                 | -0.0517     |
|    n_updates            | 12990       |
|    policy_gradient_loss | -0.00685    |
|    std                  | 0.906       |
|    value_loss           | 0.00179     |
-----------------------------------------
------------------------------------------
| rollout/                |              |
|    ep_len_mean          | 116          |
|    ep_rew_mean          | -0.558       |
| time/                   |              |
|    fps                  | 77           |
|    iterations           | 245          |
|    time_elapsed         | 813          |
|    total_timesteps      | 333056       |
| train/                  |              |
|    approx_kl            | 0.0047462005 |
|    clip_fraction        | 0.0586       |
|    clip_range           | 0.2          |
|    entropy_loss         | -2.63        |
|    explained_variance   | -0.00122     |
|    learning_rate        | 0.0003       |
|    loss                 | -0.0345      |
|    n_updates            | 13000        |
|    policy_gradient_loss | -0.00595     |
|    std                  | 0.909        |
|    value_loss           | 0.00163      |
------------------------------------------
------------------------------------------
| rollout/                |              |
|    ep_len_mean          | 116          |
|    ep_rew_mean          | -0.56        |
| time/                   |              |
|    fps                  | 77           |
|    iterations           | 246          |
|    time_elapsed         | 816          |
|    total_timesteps      | 333312       |
| train/                  |              |
|    approx_kl            | 0.0050968556 |
|    clip_fraction        | 0.141        |
|    clip_range           | 0.2          |
|    entropy_loss         | -2.64        |
|    explained_variance   | 0.000903     |
|    learning_rate        | 0.0003       |
|    loss                 | -0.0453      |
|    n_updates            | 13010        |
|    policy_gradient_loss | -0.0117      |
|    std                  | 0.908        |
|    value_loss           | 0.00167      |
------------------------------------------
-----------------------------------------
| rollout/                |             |
|    ep_len_mean          | 116         |
|    ep_rew_mean          | -0.559      |
| time/                   |             |
|    fps                  | 77          |
|    iterations           | 247         |
|    time_elapsed         | 818         |
|    total_timesteps      | 333568      |
| train/                  |             |
|    approx_kl            | 0.007455822 |
|    clip_fraction        | 0.0613      |
|    clip_range           | 0.2         |
|    entropy_loss         | -2.64       |
|    explained_variance   | 0.00396     |
|    learning_rate        | 0.0003      |
|    loss                 | -0.0448     |
|    n_updates            | 13020       |
|    policy_gradient_loss | -0.00468    |
|    std                  | 0.908       |
|    value_loss           | 0.0017      |
-----------------------------------------
-----------------------------------------
| rollout/                |             |
|    ep_len_mean          | 116         |
|    ep_rew_mean          | -0.557      |
| time/                   |             |
|    fps                  | 77          |
|    iterations           | 248         |
|    time_elapsed         | 821         |
|    total_timesteps      | 333824      |
| train/                  |             |
|    approx_kl            | 0.005215235 |
|    clip_fraction        | 0.0281      |
|    clip_range           | 0.2         |
|    entropy_loss         | -2.64       |
|    explained_variance   | -0.0105     |
|    learning_rate        | 0.0003      |
|    loss                 | -0.0325     |
|    n_updates            | 13030       |
|    policy_gradient_loss | -0.00148    |
|    std                  | 0.906       |
|    value_loss           | 0.00181     |
-----------------------------------------
-----------------------------------------
| rollout/                |             |
|    ep_len_mean          | 116         |
|    ep_rew_mean          | -0.559      |
| time/                   |             |
|    fps                  | 77          |
|    iterations           | 249         |
|    time_elapsed         | 824         |
|    total_timesteps      | 334080      |
| train/                  |             |
|    approx_kl            | 0.005823805 |
|    clip_fraction        | 0.0367      |
|    clip_range           | 0.2         |
|    entropy_loss         | -2.63       |
|    explained_variance   | 0.00114     |
|    learning_rate        | 0.0003      |
|    loss                 | -0.0445     |
|    n_updates            | 13040       |
|    policy_gradient_loss | -0.00217    |
|    std                  | 0.901       |
|    value_loss           | 0.00194     |
-----------------------------------------
------------------------------------------
| rollout/                |              |
|    ep_len_mean          | 116          |
|    ep_rew_mean          | -0.56        |
| time/                   |              |
|    fps                  | 77           |
|    iterations           | 250          |
|    time_elapsed         | 826          |
|    total_timesteps      | 334336       |
| train/                  |              |
|    approx_kl            | 0.0038072942 |
|    clip_fraction        | 0.0254       |
|    clip_range           | 0.2          |
|    entropy_loss         | -2.62        |
|    explained_variance   | -0.000149    |
|    learning_rate        | 0.0003       |
|    loss                 | -0.0297      |
|    n_updates            | 13050        |
|    policy_gradient_loss | -0.00167     |
|    std                  | 0.9          |
|    value_loss           | 0.00173      |
------------------------------------------
------------------------------------------
| rollout/                |              |
|    ep_len_mean          | 116          |
|    ep_rew_mean          | -0.558       |
| time/                   |              |
|    fps                  | 77           |
|    iterations           | 251          |
|    time_elapsed         | 829          |
|    total_timesteps      | 334592       |
| train/                  |              |
|    approx_kl            | 0.0074056257 |
|    clip_fraction        | 0.0516       |
|    clip_range           | 0.2          |
|    entropy_loss         | -2.62        |
|    explained_variance   | -0.000421    |
|    learning_rate        | 0.0003       |
|    loss                 | -0.0244      |
|    n_updates            | 13060        |
|    policy_gradient_loss | -0.00293     |
|    std                  | 0.904        |
|    value_loss           | 0.00181      |
------------------------------------------
-----------------------------------------
| rollout/                |             |
|    ep_len_mean          | 118         |
|    ep_rew_mean          | -0.769      |
| time/                   |             |
|    fps                  | 77          |
|    iterations           | 252         |
|    time_elapsed         | 835         |
|    total_timesteps      | 334848      |
| train/                  |             |
|    approx_kl            | 0.006541417 |
|    clip_fraction        | 0.0906      |
|    clip_range           | 0.2         |
|    entropy_loss         | -2.63       |
|    explained_variance   | 0.00252     |
|    learning_rate        | 0.0003      |
|    loss                 | -0.04       |
|    n_updates            | 13070       |
|    policy_gradient_loss | -0.00779    |
|    std                  | 0.909       |
|    value_loss           | 0.00204     |
-----------------------------------------
-----------------------------------------
| rollout/                |             |
|    ep_len_mean          | 118         |
|    ep_rew_mean          | -0.768      |
| time/                   |             |
|    fps                  | 77          |
|    iterations           | 253         |
|    time_elapsed         | 838         |
|    total_timesteps      | 335104      |
| train/                  |             |
|    approx_kl            | 0.004520005 |
|    clip_fraction        | 0.0363      |
|    clip_range           | 0.2         |
|    entropy_loss         | -2.64       |
|    explained_variance   | -0.00131    |
|    learning_rate        | 0.0003      |
|    loss                 | -0.0325     |
|    n_updates            | 13080       |
|    policy_gradient_loss | -0.00274    |
|    std                  | 0.905       |
|    value_loss           | 0.00207     |
-----------------------------------------
------------------------------------------
| rollout/                |              |
|    ep_len_mean          | 118          |
|    ep_rew_mean          | -0.769       |
| time/                   |              |
|    fps                  | 77           |
|    iterations           | 254          |
|    time_elapsed         | 842          |
|    total_timesteps      | 335360       |
| train/                  |              |
|    approx_kl            | 0.0005513092 |
|    clip_fraction        | 0            |
|    clip_range           | 0.2          |
|    entropy_loss         | -2.63        |
|    explained_variance   | 0.00222      |
|    learning_rate        | 0.0003       |
|    loss                 | -0.0298      |
|    n_updates            | 13090        |
|    policy_gradient_loss | -0.000606    |
|    std                  | 0.911        |
|    value_loss           | 0.00205      |
------------------------------------------
-----------------------------------------
| rollout/                |             |
|    ep_len_mean          | 118         |
|    ep_rew_mean          | -0.768      |
| time/                   |             |
|    fps                  | 77          |
|    iterations           | 255         |
|    time_elapsed         | 846         |
|    total_timesteps      | 335616      |
| train/                  |             |
|    approx_kl            | 0.004559464 |
|    clip_fraction        | 0.0238      |
|    clip_range           | 0.2         |
|    entropy_loss         | -2.65       |
|    explained_variance   | -6.51e-05   |
|    learning_rate        | 0.0003      |
|    loss                 | -0.0157     |
|    n_updates            | 13100       |
|    policy_gradient_loss | -0.00205    |
|    std                  | 0.914       |
|    value_loss           | 0.00191     |
-----------------------------------------
------------------------------------------
| rollout/                |              |
|    ep_len_mean          | 118          |
|    ep_rew_mean          | -0.771       |
| time/                   |              |
|    fps                  | 76           |
|    iterations           | 256          |
|    time_elapsed         | 851          |
|    total_timesteps      | 335872       |
| train/                  |              |
|    approx_kl            | 0.0039393986 |
|    clip_fraction        | 0.0109       |
|    clip_range           | 0.2          |
|    entropy_loss         | -2.65        |
|    explained_variance   | 0.00299      |
|    learning_rate        | 0.0003       |
|    loss                 | -0.0242      |
|    n_updates            | 13110        |
|    policy_gradient_loss | -0.000458    |
|    std                  | 0.913        |
|    value_loss           | 0.00193      |
------------------------------------------
------------------------------------------
| rollout/                |              |
|    ep_len_mean          | 118          |
|    ep_rew_mean          | -0.773       |
| time/                   |              |
|    fps                  | 77           |
|    iterations           | 257          |
|    time_elapsed         | 854          |
|    total_timesteps      | 336128       |
| train/                  |              |
|    approx_kl            | 0.0035526748 |
|    clip_fraction        | 0.0512       |
|    clip_range           | 0.2          |
|    entropy_loss         | -2.64        |
|    explained_variance   | 0.00177      |
|    learning_rate        | 0.0003       |
|    loss                 | -0.0257      |
|    n_updates            | 13120        |
|    policy_gradient_loss | -0.00286     |
|    std                  | 0.91         |
|    value_loss           | 0.00189      |
------------------------------------------
-----------------------------------------
| rollout/                |             |
|    ep_len_mean          | 118         |
|    ep_rew_mean          | -0.774      |
| time/                   |             |
|    fps                  | 77          |
|    iterations           | 258         |
|    time_elapsed         | 856         |
|    total_timesteps      | 336384      |
| train/                  |             |
|    approx_kl            | 0.008888021 |
|    clip_fraction        | 0.0953      |
|    clip_range           | 0.2         |
|    entropy_loss         | -2.64       |
|    explained_variance   | -0.00253    |
|    learning_rate        | 0.0003      |
|    loss                 | -0.0264     |
|    n_updates            | 13130       |
|    policy_gradient_loss | -0.00798    |
|    std                  | 0.908       |
|    value_loss           | 0.00184     |
-----------------------------------------
------------------------------------------
| rollout/                |              |
|    ep_len_mean          | 118          |
|    ep_rew_mean          | -0.772       |
| time/                   |              |
|    fps                  | 76           |
|    iterations           | 259          |
|    time_elapsed         | 863          |
|    total_timesteps      | 336640       |
| train/                  |              |
|    approx_kl            | 0.0068997517 |
|    clip_fraction        | 0.0465       |
|    clip_range           | 0.2          |
|    entropy_loss         | -2.63        |
|    explained_variance   | 0.00193      |
|    learning_rate        | 0.0003       |
|    loss                 | -0.0424      |
|    n_updates            | 13140        |
|    policy_gradient_loss | -0.00205     |
|    std                  | 0.906        |
|    value_loss           | 0.00189      |
------------------------------------------
------------------------------------------
| rollout/                |              |
|    ep_len_mean          | 118          |
|    ep_rew_mean          | -0.774       |
| time/                   |              |
|    fps                  | 76           |
|    iterations           | 260          |
|    time_elapsed         | 865          |
|    total_timesteps      | 336896       |
| train/                  |              |
|    approx_kl            | 0.0043435143 |
|    clip_fraction        | 0.0203       |
|    clip_range           | 0.2          |
|    entropy_loss         | -2.62        |
|    explained_variance   | 0.00358      |
|    learning_rate        | 0.0003       |
|    loss                 | -0.0315      |
|    n_updates            | 13150        |
|    policy_gradient_loss | -0.00112     |
|    std                  | 0.901        |
|    value_loss           | 0.00178      |
------------------------------------------
-----------------------------------------
| rollout/                |             |
|    ep_len_mean          | 118         |
|    ep_rew_mean          | -0.774      |
| time/                   |             |
|    fps                  | 76          |
|    iterations           | 261         |
|    time_elapsed         | 868         |
|    total_timesteps      | 337152      |
| train/                  |             |
|    approx_kl            | 0.005055202 |
|    clip_fraction        | 0.0535      |
|    clip_range           | 0.2         |
|    entropy_loss         | -2.62       |
|    explained_variance   | 0.00189     |
|    learning_rate        | 0.0003      |
|    loss                 | -0.0345     |
|    n_updates            | 13160       |
|    policy_gradient_loss | -0.00208    |
|    std                  | 0.902       |
|    value_loss           | 0.00201     |
-----------------------------------------
------------------------------------------
| rollout/                |              |
|    ep_len_mean          | 119          |
|    ep_rew_mean          | -0.985       |
| time/                   |              |
|    fps                  | 77           |
|    iterations           | 262          |
|    time_elapsed         | 870          |
|    total_timesteps      | 337408       |
| train/                  |              |
|    approx_kl            | 0.0032564648 |
|    clip_fraction        | 0.0535       |
|    clip_range           | 0.2          |
|    entropy_loss         | -2.62        |
|    explained_variance   | -0.00527     |
|    learning_rate        | 0.0003       |
|    loss                 | -0.0363      |
|    n_updates            | 13170        |
|    policy_gradient_loss | -0.0069      |
|    std                  | 0.899        |
|    value_loss           | 0.00206      |
------------------------------------------
-----------------------------------------
| rollout/                |             |
|    ep_len_mean          | 119         |
|    ep_rew_mean          | -0.984      |
| time/                   |             |
|    fps                  | 77          |
|    iterations           | 263         |
|    time_elapsed         | 873         |
|    total_timesteps      | 337664      |
| train/                  |             |
|    approx_kl            | 0.004468389 |
|    clip_fraction        | 0.0766      |
|    clip_range           | 0.2         |
|    entropy_loss         | -2.62       |
|    explained_variance   | 0.000157    |
|    learning_rate        | 0.0003      |
|    loss                 | -0.0401     |
|    n_updates            | 13180       |
|    policy_gradient_loss | -0.00667    |
|    std                  | 0.9         |
|    value_loss           | 0.00196     |
-----------------------------------------
-------------------------------------------
| rollout/                |               |
|    ep_len_mean          | 120           |
|    ep_rew_mean          | -1.2          |
| time/                   |               |
|    fps                  | 76            |
|    iterations           | 264           |
|    time_elapsed         | 878           |
|    total_timesteps      | 337920        |
| train/                  |               |
|    approx_kl            | 0.00041985605 |
|    clip_fraction        | 0.0148        |
|    clip_range           | 0.2           |
|    entropy_loss         | -2.62         |
|    explained_variance   | -0.00151      |
|    learning_rate        | 0.0003        |
|    loss                 | -0.0243       |
|    n_updates            | 13190         |
|    policy_gradient_loss | -0.00129      |
|    std                  | 0.901         |
|    value_loss           | 0.00185       |
-------------------------------------------
-----------------------------------------
| rollout/                |             |
|    ep_len_mean          | 120         |
|    ep_rew_mean          | -1.2        |
| time/                   |             |
|    fps                  | 77          |
|    iterations           | 265         |
|    time_elapsed         | 880         |
|    total_timesteps      | 338176      |
| train/                  |             |
|    approx_kl            | 0.008503077 |
|    clip_fraction        | 0.0418      |
|    clip_range           | 0.2         |
|    entropy_loss         | -2.62       |
|    explained_variance   | 0.000527    |
|    learning_rate        | 0.0003      |
|    loss                 | -0.0185     |
|    n_updates            | 13200       |
|    policy_gradient_loss | -0.00215    |
|    std                  | 0.906       |
|    value_loss           | 0.00187     |
-----------------------------------------
-----------------------------------------
| rollout/                |             |
|    ep_len_mean          | 120         |
|    ep_rew_mean          | -1.19       |
| time/                   |             |
|    fps                  | 77          |
|    iterations           | 266         |
|    time_elapsed         | 883         |
|    total_timesteps      | 338432      |
| train/                  |             |
|    approx_kl            | 0.009705719 |
|    clip_fraction        | 0.0742      |
|    clip_range           | 0.2         |
|    entropy_loss         | -2.63       |
|    explained_variance   | -0.000767   |
|    learning_rate        | 0.0003      |
|    loss                 | -0.0202     |
|    n_updates            | 13210       |
|    policy_gradient_loss | -0.00708    |
|    std                  | 0.907       |
|    value_loss           | 0.00184     |
-----------------------------------------
------------------------------------------
| rollout/                |              |
|    ep_len_mean          | 120          |
|    ep_rew_mean          | -1.19        |
| time/                   |              |
|    fps                  | 77           |
|    iterations           | 267          |
|    time_elapsed         | 885          |
|    total_timesteps      | 338688       |
| train/                  |              |
|    approx_kl            | 0.0046722232 |
|    clip_fraction        | 0.0324       |
|    clip_range           | 0.2          |
|    entropy_loss         | -2.64        |
|    explained_variance   | -0.00194     |
|    learning_rate        | 0.0003       |
|    loss                 | -0.0224      |
|    n_updates            | 13220        |
|    policy_gradient_loss | -0.00464     |
|    std                  | 0.91         |
|    value_loss           | 0.00147      |
------------------------------------------
-----------------------------------------
| rollout/                |             |
|    ep_len_mean          | 120         |
|    ep_rew_mean          | -1.19       |
| time/                   |             |
|    fps                  | 77          |
|    iterations           | 268         |
|    time_elapsed         | 888         |
|    total_timesteps      | 338944      |
| train/                  |             |
|    approx_kl            | 0.008091368 |
|    clip_fraction        | 0.0453      |
|    clip_range           | 0.2         |
|    entropy_loss         | -2.64       |
|    explained_variance   | -0.000991   |
|    learning_rate        | 0.0003      |
|    loss                 | -0.0566     |
|    n_updates            | 13230       |
|    policy_gradient_loss | -0.00258    |
|    std                  | 0.913       |
|    value_loss           | 0.00174     |
-----------------------------------------
-----------------------------------------
| rollout/                |             |
|    ep_len_mean          | 120         |
|    ep_rew_mean          | -1.19       |
| time/                   |             |
|    fps                  | 77          |
|    iterations           | 269         |
|    time_elapsed         | 891         |
|    total_timesteps      | 339200      |
| train/                  |             |
|    approx_kl            | 0.006824144 |
|    clip_fraction        | 0.0281      |
|    clip_range           | 0.2         |
|    entropy_loss         | -2.65       |
|    explained_variance   | 0.000117    |
|    learning_rate        | 0.0003      |
|    loss                 | -0.0323     |
|    n_updates            | 13240       |
|    policy_gradient_loss | -0.00192    |
|    std                  | 0.915       |
|    value_loss           | 0.00145     |
-----------------------------------------
------------------------------------------
| rollout/                |              |
|    ep_len_mean          | 120          |
|    ep_rew_mean          | -1.19        |
| time/                   |              |
|    fps                  | 77           |
|    iterations           | 270          |
|    time_elapsed         | 893          |
|    total_timesteps      | 339456       |
| train/                  |              |
|    approx_kl            | 0.0046968013 |
|    clip_fraction        | 0.0922       |
|    clip_range           | 0.2          |
|    entropy_loss         | -2.65        |
|    explained_variance   | 0.000883     |
|    learning_rate        | 0.0003       |
|    loss                 | -0.018       |
|    n_updates            | 13250        |
|    policy_gradient_loss | -0.01        |
|    std                  | 0.915        |
|    value_loss           | 0.00171      |
------------------------------------------
------------------------------------------
| rollout/                |              |
|    ep_len_mean          | 120          |
|    ep_rew_mean          | -1.19        |
| time/                   |              |
|    fps                  | 77           |
|    iterations           | 271          |
|    time_elapsed         | 896          |
|    total_timesteps      | 339712       |
| train/                  |              |
|    approx_kl            | 0.0054768794 |
|    clip_fraction        | 0.0488       |
|    clip_range           | 0.2          |
|    entropy_loss         | -2.65        |
|    explained_variance   | -0.00651     |
|    learning_rate        | 0.0003       |
|    loss                 | -0.0365      |
|    n_updates            | 13260        |
|    policy_gradient_loss | -0.00567     |
|    std                  | 0.916        |
|    value_loss           | 0.0019       |
------------------------------------------
------------------------------------------
| rollout/                |              |
|    ep_len_mean          | 120          |
|    ep_rew_mean          | -1.19        |
| time/                   |              |
|    fps                  | 77           |
|    iterations           | 272          |
|    time_elapsed         | 900          |
|    total_timesteps      | 339968       |
| train/                  |              |
|    approx_kl            | 0.0048640836 |
|    clip_fraction        | 0.0707       |
|    clip_range           | 0.2          |
|    entropy_loss         | -2.65        |
|    explained_variance   | -0.00071     |
|    learning_rate        | 0.0003       |
|    loss                 | -0.0182      |
|    n_updates            | 13270        |
|    policy_gradient_loss | -0.00414     |
|    std                  | 0.916        |
|    value_loss           | 0.00186      |
------------------------------------------
-----------------------------------------
| rollout/                |             |
|    ep_len_mean          | 120         |
|    ep_rew_mean          | -1.19       |
| time/                   |             |
|    fps                  | 77          |
|    iterations           | 273         |
|    time_elapsed         | 905         |
|    total_timesteps      | 340224      |
| train/                  |             |
|    approx_kl            | 0.006093704 |
|    clip_fraction        | 0.0785      |
|    clip_range           | 0.2         |
|    entropy_loss         | -2.66       |
|    explained_variance   | -0.000206   |
|    learning_rate        | 0.0003      |
|    loss                 | -0.0411     |
|    n_updates            | 13280       |
|    policy_gradient_loss | -0.00529    |
|    std                  | 0.917       |
|    value_loss           | 0.00168     |
-----------------------------------------
------------------------------------------
| rollout/                |              |
|    ep_len_mean          | 120          |
|    ep_rew_mean          | -1.2         |
| time/                   |              |
|    fps                  | 77           |
|    iterations           | 274          |
|    time_elapsed         | 907          |
|    total_timesteps      | 340480       |
| train/                  |              |
|    approx_kl            | 0.0051469654 |
|    clip_fraction        | 0.059        |
|    clip_range           | 0.2          |
|    entropy_loss         | -2.65        |
|    explained_variance   | -0.00088     |
|    learning_rate        | 0.0003       |
|    loss                 | -0.0351      |
|    n_updates            | 13290        |
|    policy_gradient_loss | -0.00679     |
|    std                  | 0.918        |
|    value_loss           | 0.00152      |
------------------------------------------
----------------------------------------
| rollout/                |            |
|    ep_len_mean          | 120        |
|    ep_rew_mean          | -1.2       |
| time/                   |            |
|    fps                  | 77         |
|    iterations           | 275        |
|    time_elapsed         | 910        |
|    total_timesteps      | 340736     |
| train/                  |            |
|    approx_kl            | 0.00224021 |
|    clip_fraction        | 0.00742    |
|    clip_range           | 0.2        |
|    entropy_loss         | -2.65      |
|    explained_variance   | -0.000608  |
|    learning_rate        | 0.0003     |
|    loss                 | -0.0212    |
|    n_updates            | 13300      |
|    policy_gradient_loss | -0.000965  |
|    std                  | 0.916      |
|    value_loss           | 0.0019     |
----------------------------------------
------------------------------------------
| rollout/                |              |
|    ep_len_mean          | 120          |
|    ep_rew_mean          | -1.19        |
| time/                   |              |
|    fps                  | 77           |
|    iterations           | 276          |
|    time_elapsed         | 915          |
|    total_timesteps      | 340992       |
| train/                  |              |
|    approx_kl            | 0.0070090685 |
|    clip_fraction        | 0.0832       |
|    clip_range           | 0.2          |
|    entropy_loss         | -2.65        |
|    explained_variance   | -3.34e-05    |
|    learning_rate        | 0.0003       |
|    loss                 | -0.0381      |
|    n_updates            | 13310        |
|    policy_gradient_loss | -0.00726     |
|    std                  | 0.92         |
|    value_loss           | 0.00204      |
------------------------------------------
-----------------------------------------
| rollout/                |             |
|    ep_len_mean          | 120         |
|    ep_rew_mean          | -1.19       |
| time/                   |             |
|    fps                  | 77          |
|    iterations           | 277         |
|    time_elapsed         | 917         |
|    total_timesteps      | 341248      |
| train/                  |             |
|    approx_kl            | 0.006323967 |
|    clip_fraction        | 0.059       |
|    clip_range           | 0.2         |
|    entropy_loss         | -2.66       |
|    explained_variance   | -0.00267    |
|    learning_rate        | 0.0003      |
|    loss                 | -0.0375     |
|    n_updates            | 13320       |
|    policy_gradient_loss | -0.00452    |
|    std                  | 0.923       |
|    value_loss           | 0.00158     |
-----------------------------------------
-----------------------------------------
| rollout/                |             |
|    ep_len_mean          | 120         |
|    ep_rew_mean          | -1.19       |
| time/                   |             |
|    fps                  | 77          |
|    iterations           | 278         |
|    time_elapsed         | 922         |
|    total_timesteps      | 341504      |
| train/                  |             |
|    approx_kl            | 0.006397574 |
|    clip_fraction        | 0.0555      |
|    clip_range           | 0.2         |
|    entropy_loss         | -2.67       |
|    explained_variance   | 0.00156     |
|    learning_rate        | 0.0003      |
|    loss                 | -0.0277     |
|    n_updates            | 13330       |
|    policy_gradient_loss | -0.00415    |
|    std                  | 0.922       |
|    value_loss           | 0.00174     |
-----------------------------------------
------------------------------------------
| rollout/                |              |
|    ep_len_mean          | 120          |
|    ep_rew_mean          | -1.19        |
| time/                   |              |
|    fps                  | 77           |
|    iterations           | 279          |
|    time_elapsed         | 926          |
|    total_timesteps      | 341760       |
| train/                  |              |
|    approx_kl            | 0.0046862266 |
|    clip_fraction        | 0.0344       |
|    clip_range           | 0.2          |
|    entropy_loss         | -2.66        |
|    explained_variance   | -0.00269     |
|    learning_rate        | 0.0003       |
|    loss                 | -0.0221      |
|    n_updates            | 13340        |
|    policy_gradient_loss | -0.00261     |
|    std                  | 0.916        |
|    value_loss           | 0.00187      |
------------------------------------------
-----------------------------------------
| rollout/                |             |
|    ep_len_mean          | 120         |
|    ep_rew_mean          | -1.19       |
| time/                   |             |
|    fps                  | 77          |
|    iterations           | 280         |
|    time_elapsed         | 929         |
|    total_timesteps      | 342016      |
| train/                  |             |
|    approx_kl            | 0.008724866 |
|    clip_fraction        | 0.0605      |
|    clip_range           | 0.2         |
|    entropy_loss         | -2.65       |
|    explained_variance   | 9.86e-05    |
|    learning_rate        | 0.0003      |
|    loss                 | -0.0442     |
|    n_updates            | 13350       |
|    policy_gradient_loss | -0.00409    |
|    std                  | 0.916       |
|    value_loss           | 0.00173     |
-----------------------------------------
----------------------------------------
| rollout/                |            |
|    ep_len_mean          | 120        |
|    ep_rew_mean          | -1.19      |
| time/                   |            |
|    fps                  | 77         |
|    iterations           | 281        |
|    time_elapsed         | 933        |
|    total_timesteps      | 342272     |
| train/                  |            |
|    approx_kl            | 0.00870409 |
|    clip_fraction        | 0.127      |
|    clip_range           | 0.2        |
|    entropy_loss         | -2.65      |
|    explained_variance   | 0.00101    |
|    learning_rate        | 0.0003     |
|    loss                 | -0.0435    |
|    n_updates            | 13360      |
|    policy_gradient_loss | -0.0136    |
|    std                  | 0.916      |
|    value_loss           | 0.00196    |
----------------------------------------
------------------------------------------
| rollout/                |              |
|    ep_len_mean          | 120          |
|    ep_rew_mean          | -1.19        |
| time/                   |              |
|    fps                  | 76           |
|    iterations           | 282          |
|    time_elapsed         | 938          |
|    total_timesteps      | 342528       |
| train/                  |              |
|    approx_kl            | 0.0017193698 |
|    clip_fraction        | 0.00859      |
|    clip_range           | 0.2          |
|    entropy_loss         | -2.65        |
|    explained_variance   | -0.0024      |
|    learning_rate        | 0.0003       |
|    loss                 | -0.0364      |
|    n_updates            | 13370        |
|    policy_gradient_loss | -0.000816    |
|    std                  | 0.916        |
|    value_loss           | 0.002        |
------------------------------------------
------------------------------------------
| rollout/                |              |
|    ep_len_mean          | 120          |
|    ep_rew_mean          | -1.19        |
| time/                   |              |
|    fps                  | 76           |
|    iterations           | 283          |
|    time_elapsed         | 942          |
|    total_timesteps      | 342784       |
| train/                  |              |
|    approx_kl            | 0.0060784845 |
|    clip_fraction        | 0.0473       |
|    clip_range           | 0.2          |
|    entropy_loss         | -2.65        |
|    explained_variance   | -0.000663    |
|    learning_rate        | 0.0003       |
|    loss                 | -0.0175      |
|    n_updates            | 13380        |
|    policy_gradient_loss | -0.00383     |
|    std                  | 0.913        |
|    value_loss           | 0.00208      |
------------------------------------------
-----------------------------------------
| rollout/                |             |
|    ep_len_mean          | 120         |
|    ep_rew_mean          | -1.19       |
| time/                   |             |
|    fps                  | 76          |
|    iterations           | 284         |
|    time_elapsed         | 945         |
|    total_timesteps      | 343040      |
| train/                  |             |
|    approx_kl            | 0.004694232 |
|    clip_fraction        | 0.00391     |
|    clip_range           | 0.2         |
|    entropy_loss         | -2.64       |
|    explained_variance   | -0.000369   |
|    learning_rate        | 0.0003      |
|    loss                 | -0.0282     |
|    n_updates            | 13390       |
|    policy_gradient_loss | -0.000231   |
|    std                  | 0.91        |
|    value_loss           | 0.00185     |
-----------------------------------------
------------------------------------------
| rollout/                |              |
|    ep_len_mean          | 120          |
|    ep_rew_mean          | -1.19        |
| time/                   |              |
|    fps                  | 76           |
|    iterations           | 285          |
|    time_elapsed         | 947          |
|    total_timesteps      | 343296       |
| train/                  |              |
|    approx_kl            | 0.0053529246 |
|    clip_fraction        | 0.0715       |
|    clip_range           | 0.2          |
|    entropy_loss         | -2.64        |
|    explained_variance   | 0.000284     |
|    learning_rate        | 0.0003       |
|    loss                 | -0.0292      |
|    n_updates            | 13400        |
|    policy_gradient_loss | -0.00859     |
|    std                  | 0.909        |
|    value_loss           | 0.00209      |
------------------------------------------
-----------------------------------------
| rollout/                |             |
|    ep_len_mean          | 120         |
|    ep_rew_mean          | -1.19       |
| time/                   |             |
|    fps                  | 77          |
|    iterations           | 286         |
|    time_elapsed         | 950         |
|    total_timesteps      | 343552      |
| train/                  |             |
|    approx_kl            | 0.007034001 |
|    clip_fraction        | 0.111       |
|    clip_range           | 0.2         |
|    entropy_loss         | -2.64       |
|    explained_variance   | 0.00417     |
|    learning_rate        | 0.0003      |
|    loss                 | -0.027      |
|    n_updates            | 13410       |
|    policy_gradient_loss | -0.011      |
|    std                  | 0.906       |
|    value_loss           | 0.00199     |
-----------------------------------------
-----------------------------------------
| rollout/                |             |
|    ep_len_mean          | 120         |
|    ep_rew_mean          | -1.19       |
| time/                   |             |
|    fps                  | 77          |
|    iterations           | 287         |
|    time_elapsed         | 953         |
|    total_timesteps      | 343808      |
| train/                  |             |
|    approx_kl            | 0.006112891 |
|    clip_fraction        | 0.0449      |
|    clip_range           | 0.2         |
|    entropy_loss         | -2.63       |
|    explained_variance   | -0.00326    |
|    learning_rate        | 0.0003      |
|    loss                 | -0.0291     |
|    n_updates            | 13420       |
|    policy_gradient_loss | -0.00275    |
|    std                  | 0.901       |
|    value_loss           | 0.00187     |
-----------------------------------------
------------------------------------------
| rollout/                |              |
|    ep_len_mean          | 120          |
|    ep_rew_mean          | -1.19        |
| time/                   |              |
|    fps                  | 77           |
|    iterations           | 288          |
|    time_elapsed         | 955          |
|    total_timesteps      | 344064       |
| train/                  |              |
|    approx_kl            | 0.0057397615 |
|    clip_fraction        | 0.0965       |
|    clip_range           | 0.2          |
|    entropy_loss         | -2.62        |
|    explained_variance   | -0.00181     |
|    learning_rate        | 0.0003       |
|    loss                 | -0.061       |
|    n_updates            | 13430        |
|    policy_gradient_loss | -0.0115      |
|    std                  | 0.902        |
|    value_loss           | 0.00179      |
------------------------------------------
------------------------------------------
| rollout/                |              |
|    ep_len_mean          | 120          |
|    ep_rew_mean          | -1.19        |
| time/                   |              |
|    fps                  | 77           |
|    iterations           | 289          |
|    time_elapsed         | 960          |
|    total_timesteps      | 344320       |
| train/                  |              |
|    approx_kl            | 0.0011823054 |
|    clip_fraction        | 0            |
|    clip_range           | 0.2          |
|    entropy_loss         | -2.62        |
|    explained_variance   | -0.00381     |
|    learning_rate        | 0.0003       |
|    loss                 | -0.0296      |
|    n_updates            | 13440        |
|    policy_gradient_loss | -0.000656    |
|    std                  | 0.898        |
|    value_loss           | 0.00208      |
------------------------------------------
------------------------------------------
| rollout/                |              |
|    ep_len_mean          | 119          |
|    ep_rew_mean          | -0.983       |
| time/                   |              |
|    fps                  | 76           |
|    iterations           | 290          |
|    time_elapsed         | 964          |
|    total_timesteps      | 344576       |
| train/                  |              |
|    approx_kl            | 0.0058088806 |
|    clip_fraction        | 0.0258       |
|    clip_range           | 0.2          |
|    entropy_loss         | -2.61        |
|    explained_variance   | 0.00272      |
|    learning_rate        | 0.0003       |
|    loss                 | -0.0316      |
|    n_updates            | 13450        |
|    policy_gradient_loss | -0.00136     |
|    std                  | 0.897        |
|    value_loss           | 0.00216      |
------------------------------------------
------------------------------------------
| rollout/                |              |
|    ep_len_mean          | 119          |
|    ep_rew_mean          | -0.982       |
| time/                   |              |
|    fps                  | 76           |
|    iterations           | 291          |
|    time_elapsed         | 969          |
|    total_timesteps      | 344832       |
| train/                  |              |
|    approx_kl            | 0.0073123137 |
|    clip_fraction        | 0.0891       |
|    clip_range           | 0.2          |
|    entropy_loss         | -2.61        |
|    explained_variance   | -9.91e-05    |
|    learning_rate        | 0.0003       |
|    loss                 | -0.0498      |
|    n_updates            | 13460        |
|    policy_gradient_loss | -0.00801     |
|    std                  | 0.897        |
|    value_loss           | 1.72         |
------------------------------------------
-----------------------------------------
| rollout/                |             |
|    ep_len_mean          | 119         |
|    ep_rew_mean          | -0.982      |
| time/                   |             |
|    fps                  | 76          |
|    iterations           | 292         |
|    time_elapsed         | 971         |
|    total_timesteps      | 345088      |
| train/                  |             |
|    approx_kl            | 0.009231025 |
|    clip_fraction        | 0.107       |
|    clip_range           | 0.2         |
|    entropy_loss         | -2.61       |
|    explained_variance   | 0.00709     |
|    learning_rate        | 0.0003      |
|    loss                 | -0.0315     |
|    n_updates            | 13470       |
|    policy_gradient_loss | -0.0132     |
|    std                  | 0.898       |
|    value_loss           | 0.00241     |
-----------------------------------------
------------------------------------------
| rollout/                |              |
|    ep_len_mean          | 119          |
|    ep_rew_mean          | -0.981       |
| time/                   |              |
|    fps                  | 76           |
|    iterations           | 293          |
|    time_elapsed         | 976          |
|    total_timesteps      | 345344       |
| train/                  |              |
|    approx_kl            | 0.0053754663 |
|    clip_fraction        | 0.077        |
|    clip_range           | 0.2          |
|    entropy_loss         | -2.61        |
|    explained_variance   | -0.00171     |
|    learning_rate        | 0.0003       |
|    loss                 | -0.0462      |
|    n_updates            | 13480        |
|    policy_gradient_loss | -0.00854     |
|    std                  | 0.898        |
|    value_loss           | 0.00213      |
------------------------------------------
-----------------------------------------
| rollout/                |             |
|    ep_len_mean          | 119         |
|    ep_rew_mean          | -0.982      |
| time/                   |             |
|    fps                  | 76          |
|    iterations           | 294         |
|    time_elapsed         | 979         |
|    total_timesteps      | 345600      |
| train/                  |             |
|    approx_kl            | 0.008544766 |
|    clip_fraction        | 0.0668      |
|    clip_range           | 0.2         |
|    entropy_loss         | -2.61       |
|    explained_variance   | 0.0019      |
|    learning_rate        | 0.0003      |
|    loss                 | -0.0424     |
|    n_updates            | 13490       |
|    policy_gradient_loss | -0.00379    |
|    std                  | 0.899       |
|    value_loss           | 0.00189     |
-----------------------------------------
------------------------------------------
| rollout/                |              |
|    ep_len_mean          | 119          |
|    ep_rew_mean          | -0.982       |
| time/                   |              |
|    fps                  | 76           |
|    iterations           | 295          |
|    time_elapsed         | 981          |
|    total_timesteps      | 345856       |
| train/                  |              |
|    approx_kl            | 0.0022965197 |
|    clip_fraction        | 0.0309       |
|    clip_range           | 0.2          |
|    entropy_loss         | -2.62        |
|    explained_variance   | 0.00201      |
|    learning_rate        | 0.0003       |
|    loss                 | -0.0359      |
|    n_updates            | 13500        |
|    policy_gradient_loss | -0.00149     |
|    std                  | 0.9          |
|    value_loss           | 0.00197      |
------------------------------------------
------------------------------------------
| rollout/                |              |
|    ep_len_mean          | 119          |
|    ep_rew_mean          | -0.982       |
| time/                   |              |
|    fps                  | 76           |
|    iterations           | 296          |
|    time_elapsed         | 984          |
|    total_timesteps      | 346112       |
| train/                  |              |
|    approx_kl            | 0.0064920923 |
|    clip_fraction        | 0.073        |
|    clip_range           | 0.2          |
|    entropy_loss         | -2.62        |
|    explained_variance   | -0.00186     |
|    learning_rate        | 0.0003       |
|    loss                 | -0.0395      |
|    n_updates            | 13510        |
|    policy_gradient_loss | -0.00745     |
|    std                  | 0.898        |
|    value_loss           | 0.0019       |
------------------------------------------
------------------------------------------
| rollout/                |              |
|    ep_len_mean          | 119          |
|    ep_rew_mean          | -0.984       |
| time/                   |              |
|    fps                  | 76           |
|    iterations           | 297          |
|    time_elapsed         | 990          |
|    total_timesteps      | 346368       |
| train/                  |              |
|    approx_kl            | 0.0070672804 |
|    clip_fraction        | 0.113        |
|    clip_range           | 0.2          |
|    entropy_loss         | -2.61        |
|    explained_variance   | 0.00384      |
|    learning_rate        | 0.0003       |
|    loss                 | -0.0424      |
|    n_updates            | 13520        |
|    policy_gradient_loss | -0.0105      |
|    std                  | 0.895        |
|    value_loss           | 0.0019       |
------------------------------------------
------------------------------------------
| rollout/                |              |
|    ep_len_mean          | 119          |
|    ep_rew_mean          | -0.984       |
| time/                   |              |
|    fps                  | 76           |
|    iterations           | 298          |
|    time_elapsed         | 993          |
|    total_timesteps      | 346624       |
| train/                  |              |
|    approx_kl            | 0.0091091795 |
|    clip_fraction        | 0.135        |
|    clip_range           | 0.2          |
|    entropy_loss         | -2.61        |
|    explained_variance   | 0.000936     |
|    learning_rate        | 0.0003       |
|    loss                 | -0.0455      |
|    n_updates            | 13530        |
|    policy_gradient_loss | -0.0108      |
|    std                  | 0.898        |
|    value_loss           | 0.00211      |
------------------------------------------
-----------------------------------------
| rollout/                |             |
|    ep_len_mean          | 119         |
|    ep_rew_mean          | -0.984      |
| time/                   |             |
|    fps                  | 76          |
|    iterations           | 299         |
|    time_elapsed         | 995         |
|    total_timesteps      | 346880      |
| train/                  |             |
|    approx_kl            | 0.003988053 |
|    clip_fraction        | 0.0453      |
|    clip_range           | 0.2         |
|    entropy_loss         | -2.61       |
|    explained_variance   | -0.000791   |
|    learning_rate        | 0.0003      |
|    loss                 | -0.025      |
|    n_updates            | 13540       |
|    policy_gradient_loss | -0.00469    |
|    std                  | 0.898       |
|    value_loss           | 0.00208     |
-----------------------------------------
-----------------------------------------
| rollout/                |             |
|    ep_len_mean          | 119         |
|    ep_rew_mean          | -0.984      |
| time/                   |             |
|    fps                  | 76          |
|    iterations           | 300         |
|    time_elapsed         | 1001        |
|    total_timesteps      | 347136      |
| train/                  |             |
|    approx_kl            | 0.006469032 |
|    clip_fraction        | 0.139       |
|    clip_range           | 0.2         |
|    entropy_loss         | -2.61       |
|    explained_variance   | -0.00399    |
|    learning_rate        | 0.0003      |
|    loss                 | -0.0542     |
|    n_updates            | 13550       |
|    policy_gradient_loss | -0.0103     |
|    std                  | 0.898       |
|    value_loss           | 0.00201     |
-----------------------------------------
-----------------------------------------
| rollout/                |             |
|    ep_len_mean          | 119         |
|    ep_rew_mean          | -0.985      |
| time/                   |             |
|    fps                  | 76          |
|    iterations           | 301         |
|    time_elapsed         | 1006        |
|    total_timesteps      | 347392      |
| train/                  |             |
|    approx_kl            | 0.008979096 |
|    clip_fraction        | 0.111       |
|    clip_range           | 0.2         |
|    entropy_loss         | -2.61       |
|    explained_variance   | 0.00456     |
|    learning_rate        | 0.0003      |
|    loss                 | -0.0488     |
|    n_updates            | 13560       |
|    policy_gradient_loss | -0.0106     |
|    std                  | 0.899       |
|    value_loss           | 0.0021      |
-----------------------------------------
------------------------------------------
| rollout/                |              |
|    ep_len_mean          | 119          |
|    ep_rew_mean          | -0.985       |
| time/                   |              |
|    fps                  | 76           |
|    iterations           | 302          |
|    time_elapsed         | 1010         |
|    total_timesteps      | 347648       |
| train/                  |              |
|    approx_kl            | 0.0043754512 |
|    clip_fraction        | 0.048        |
|    clip_range           | 0.2          |
|    entropy_loss         | -2.62        |
|    explained_variance   | -0.000615    |
|    learning_rate        | 0.0003       |
|    loss                 | -0.0467      |
|    n_updates            | 13570        |
|    policy_gradient_loss | -0.00393     |
|    std                  | 0.901        |
|    value_loss           | 0.00193      |
------------------------------------------
------------------------------------------
| rollout/                |              |
|    ep_len_mean          | 119          |
|    ep_rew_mean          | -0.985       |
| time/                   |              |
|    fps                  | 76           |
|    iterations           | 303          |
|    time_elapsed         | 1013         |
|    total_timesteps      | 347904       |
| train/                  |              |
|    approx_kl            | 0.0075604217 |
|    clip_fraction        | 0.109        |
|    clip_range           | 0.2          |
|    entropy_loss         | -2.62        |
|    explained_variance   | -0.00109     |
|    learning_rate        | 0.0003       |
|    loss                 | -0.0406      |
|    n_updates            | 13580        |
|    policy_gradient_loss | -0.0112      |
|    std                  | 0.901        |
|    value_loss           | 0.00186      |
------------------------------------------
-----------------------------------------
| rollout/                |             |
|    ep_len_mean          | 119         |
|    ep_rew_mean          | -0.983      |
| time/                   |             |
|    fps                  | 76          |
|    iterations           | 304         |
|    time_elapsed         | 1016        |
|    total_timesteps      | 348160      |
| train/                  |             |
|    approx_kl            | 0.004455864 |
|    clip_fraction        | 0.0418      |
|    clip_range           | 0.2         |
|    entropy_loss         | -2.62       |
|    explained_variance   | 0.00195     |
|    learning_rate        | 0.0003      |
|    loss                 | -0.0254     |
|    n_updates            | 13590       |
|    policy_gradient_loss | -0.00446    |
|    std                  | 0.901       |
|    value_loss           | 0.00191     |
-----------------------------------------
------------------------------------------
| rollout/                |              |
|    ep_len_mean          | 119          |
|    ep_rew_mean          | -0.984       |
| time/                   |              |
|    fps                  | 76           |
|    iterations           | 305          |
|    time_elapsed         | 1020         |
|    total_timesteps      | 348416       |
| train/                  |              |
|    approx_kl            | 0.0061334018 |
|    clip_fraction        | 0.0621       |
|    clip_range           | 0.2          |
|    entropy_loss         | -2.62        |
|    explained_variance   | -0.00453     |
|    learning_rate        | 0.0003       |
|    loss                 | -0.0483      |
|    n_updates            | 13600        |
|    policy_gradient_loss | -0.00653     |
|    std                  | 0.899        |
|    value_loss           | 0.00168      |
------------------------------------------
------------------------------------------
| rollout/                |              |
|    ep_len_mean          | 119          |
|    ep_rew_mean          | -0.984       |
| time/                   |              |
|    fps                  | 76           |
|    iterations           | 306          |
|    time_elapsed         | 1026         |
|    total_timesteps      | 348672       |
| train/                  |              |
|    approx_kl            | 0.0023748395 |
|    clip_fraction        | 0            |
|    clip_range           | 0.2          |
|    entropy_loss         | -2.61        |
|    explained_variance   | 0.000342     |
|    learning_rate        | 0.0003       |
|    loss                 | -0.00381     |
|    n_updates            | 13610        |
|    policy_gradient_loss | -8.72e-05    |
|    std                  | 0.898        |
|    value_loss           | 0.00198      |
------------------------------------------
-----------------------------------------
| rollout/                |             |
|    ep_len_mean          | 119         |
|    ep_rew_mean          | -0.984      |
| time/                   |             |
|    fps                  | 76          |
|    iterations           | 307         |
|    time_elapsed         | 1031        |
|    total_timesteps      | 348928      |
| train/                  |             |
|    approx_kl            | 0.004714922 |
|    clip_fraction        | 0.0684      |
|    clip_range           | 0.2         |
|    entropy_loss         | -2.61       |
|    explained_variance   | 0.000785    |
|    learning_rate        | 0.0003      |
|    loss                 | -0.0298     |
|    n_updates            | 13620       |
|    policy_gradient_loss | -0.00823    |
|    std                  | 0.898       |
|    value_loss           | 0.00178     |
-----------------------------------------
------------------------------------------
| rollout/                |              |
|    ep_len_mean          | 119          |
|    ep_rew_mean          | -0.986       |
| time/                   |              |
|    fps                  | 76           |
|    iterations           | 308          |
|    time_elapsed         | 1033         |
|    total_timesteps      | 349184       |
| train/                  |              |
|    approx_kl            | 0.0066786557 |
|    clip_fraction        | 0.129        |
|    clip_range           | 0.2          |
|    entropy_loss         | -2.61        |
|    explained_variance   | 0.00419      |
|    learning_rate        | 0.0003       |
|    loss                 | -0.0167      |
|    n_updates            | 13630        |
|    policy_gradient_loss | -0.00855     |
|    std                  | 0.898        |
|    value_loss           | 0.00182      |
------------------------------------------
------------------------------------------
| rollout/                |              |
|    ep_len_mean          | 119          |
|    ep_rew_mean          | -0.988       |
| time/                   |              |
|    fps                  | 76           |
|    iterations           | 309          |
|    time_elapsed         | 1038         |
|    total_timesteps      | 349440       |
| train/                  |              |
|    approx_kl            | 0.0073329993 |
|    clip_fraction        | 0.0621       |
|    clip_range           | 0.2          |
|    entropy_loss         | -2.61        |
|    explained_variance   | 0.0148       |
|    learning_rate        | 0.0003       |
|    loss                 | 0.00174      |
|    n_updates            | 13640        |
|    policy_gradient_loss | -0.00716     |
|    std                  | 0.895        |
|    value_loss           | 0.00196      |
------------------------------------------
------------------------------------------
| rollout/                |              |
|    ep_len_mean          | 119          |
|    ep_rew_mean          | -0.988       |
| time/                   |              |
|    fps                  | 76           |
|    iterations           | 310          |
|    time_elapsed         | 1040         |
|    total_timesteps      | 349696       |
| train/                  |              |
|    approx_kl            | 0.0026647463 |
|    clip_fraction        | 0.0258       |
|    clip_range           | 0.2          |
|    entropy_loss         | -2.61        |
|    explained_variance   | -0.00269     |
|    learning_rate        | 0.0003       |
|    loss                 | -0.021       |
|    n_updates            | 13650        |
|    policy_gradient_loss | -0.00276     |
|    std                  | 0.894        |
|    value_loss           | 0.00173      |
------------------------------------------
------------------------------------------
| rollout/                |              |
|    ep_len_mean          | 119          |
|    ep_rew_mean          | -0.987       |
| time/                   |              |
|    fps                  | 76           |
|    iterations           | 311          |
|    time_elapsed         | 1043         |
|    total_timesteps      | 349952       |
| train/                  |              |
|    approx_kl            | 0.0069823456 |
|    clip_fraction        | 0.0746       |
|    clip_range           | 0.2          |
|    entropy_loss         | -2.61        |
|    explained_variance   | -0.0173      |
|    learning_rate        | 0.0003       |
|    loss                 | -0.0425      |
|    n_updates            | 13660        |
|    policy_gradient_loss | -0.00609     |
|    std                  | 0.897        |
|    value_loss           | 0.00202      |
------------------------------------------
------------------------------------------
| rollout/                |              |
|    ep_len_mean          | 119          |
|    ep_rew_mean          | -0.987       |
| time/                   |              |
|    fps                  | 76           |
|    iterations           | 312          |
|    time_elapsed         | 1046         |
|    total_timesteps      | 350208       |
| train/                  |              |
|    approx_kl            | 0.0036788613 |
|    clip_fraction        | 0.0574       |
|    clip_range           | 0.2          |
|    entropy_loss         | -2.61        |
|    explained_variance   | -0.000149    |
|    learning_rate        | 0.0003       |
|    loss                 | -0.0314      |
|    n_updates            | 13670        |
|    policy_gradient_loss | -0.00394     |
|    std                  | 0.899        |
|    value_loss           | 0.00173      |
------------------------------------------
------------------------------------------
| rollout/                |              |
|    ep_len_mean          | 119          |
|    ep_rew_mean          | -0.988       |
| time/                   |              |
|    fps                  | 76           |
|    iterations           | 313          |
|    time_elapsed         | 1048         |
|    total_timesteps      | 350464       |
| train/                  |              |
|    approx_kl            | 0.0053568743 |
|    clip_fraction        | 0.0844       |
|    clip_range           | 0.2          |
|    entropy_loss         | -2.61        |
|    explained_variance   | -0.00045     |
|    learning_rate        | 0.0003       |
|    loss                 | -0.0502      |
|    n_updates            | 13680        |
|    policy_gradient_loss | -0.00806     |
|    std                  | 0.896        |
|    value_loss           | 0.00195      |
------------------------------------------
------------------------------------------
| rollout/                |              |
|    ep_len_mean          | 119          |
|    ep_rew_mean          | -0.987       |
| time/                   |              |
|    fps                  | 76           |
|    iterations           | 314          |
|    time_elapsed         | 1051         |
|    total_timesteps      | 350720       |
| train/                  |              |
|    approx_kl            | 0.0056772875 |
|    clip_fraction        | 0.073        |
|    clip_range           | 0.2          |
|    entropy_loss         | -2.6         |
|    explained_variance   | -0.000494    |
|    learning_rate        | 0.0003       |
|    loss                 | -0.0315      |
|    n_updates            | 13690        |
|    policy_gradient_loss | -0.00844     |
|    std                  | 0.892        |
|    value_loss           | 0.00192      |
------------------------------------------
------------------------------------------
| rollout/                |              |
|    ep_len_mean          | 119          |
|    ep_rew_mean          | -0.988       |
| time/                   |              |
|    fps                  | 76           |
|    iterations           | 315          |
|    time_elapsed         | 1055         |
|    total_timesteps      | 350976       |
| train/                  |              |
|    approx_kl            | 0.0054673143 |
|    clip_fraction        | 0.0527       |
|    clip_range           | 0.2          |
|    entropy_loss         | -2.59        |
|    explained_variance   | -0.00445     |
|    learning_rate        | 0.0003       |
|    loss                 | -0.0329      |
|    n_updates            | 13700        |
|    policy_gradient_loss | -0.0049      |
|    std                  | 0.887        |
|    value_loss           | 0.00195      |
------------------------------------------
-----------------------------------------
| rollout/                |             |
|    ep_len_mean          | 119         |
|    ep_rew_mean          | -0.989      |
| time/                   |             |
|    fps                  | 76          |
|    iterations           | 316         |
|    time_elapsed         | 1060        |
|    total_timesteps      | 351232      |
| train/                  |             |
|    approx_kl            | 0.006612392 |
|    clip_fraction        | 0.082       |
|    clip_range           | 0.2         |
|    entropy_loss         | -2.59       |
|    explained_variance   | 0.00679     |
|    learning_rate        | 0.0003      |
|    loss                 | -0.0153     |
|    n_updates            | 13710       |
|    policy_gradient_loss | -0.00755    |
|    std                  | 0.888       |
|    value_loss           | 0.00185     |
-----------------------------------------
------------------------------------------
| rollout/                |              |
|    ep_len_mean          | 118          |
|    ep_rew_mean          | -0.776       |
| time/                   |              |
|    fps                  | 76           |
|    iterations           | 317          |
|    time_elapsed         | 1066         |
|    total_timesteps      | 351488       |
| train/                  |              |
|    approx_kl            | 0.0068251914 |
|    clip_fraction        | 0.0734       |
|    clip_range           | 0.2          |
|    entropy_loss         | -2.59        |
|    explained_variance   | -0.00964     |
|    learning_rate        | 0.0003       |
|    loss                 | -0.0274      |
|    n_updates            | 13720        |
|    policy_gradient_loss | -0.0063      |
|    std                  | 0.889        |
|    value_loss           | 0.00189      |
------------------------------------------
-----------------------------------------
| rollout/                |             |
|    ep_len_mean          | 118         |
|    ep_rew_mean          | -0.776      |
| time/                   |             |
|    fps                  | 76          |
|    iterations           | 318         |
|    time_elapsed         | 1069        |
|    total_timesteps      | 351744      |
| train/                  |             |
|    approx_kl            | 0.003952233 |
|    clip_fraction        | 0.0473      |
|    clip_range           | 0.2         |
|    entropy_loss         | -2.59       |
|    explained_variance   | 3.15e-05    |
|    learning_rate        | 0.0003      |
|    loss                 | -0.047      |
|    n_updates            | 13730       |
|    policy_gradient_loss | -0.00373    |
|    std                  | 0.89        |
|    value_loss           | 1.72        |
-----------------------------------------
------------------------------------------
| rollout/                |              |
|    ep_len_mean          | 118          |
|    ep_rew_mean          | -0.777       |
| time/                   |              |
|    fps                  | 76           |
|    iterations           | 319          |
|    time_elapsed         | 1072         |
|    total_timesteps      | 352000       |
| train/                  |              |
|    approx_kl            | 0.0071455343 |
|    clip_fraction        | 0.122        |
|    clip_range           | 0.2          |
|    entropy_loss         | -2.59        |
|    explained_variance   | 0.000317     |
|    learning_rate        | 0.0003       |
|    loss                 | -0.0377      |
|    n_updates            | 13740        |
|    policy_gradient_loss | -0.0147      |
|    std                  | 0.888        |
|    value_loss           | 0.00185      |
------------------------------------------
------------------------------------------
| rollout/                |              |
|    ep_len_mean          | 118          |
|    ep_rew_mean          | -0.777       |
| time/                   |              |
|    fps                  | 76           |
|    iterations           | 320          |
|    time_elapsed         | 1074         |
|    total_timesteps      | 352256       |
| train/                  |              |
|    approx_kl            | 0.0045951274 |
|    clip_fraction        | 0.023        |
|    clip_range           | 0.2          |
|    entropy_loss         | -2.59        |
|    explained_variance   | -0.0013      |
|    learning_rate        | 0.0003       |
|    loss                 | -0.0262      |
|    n_updates            | 13750        |
|    policy_gradient_loss | -0.00249     |
|    std                  | 0.884        |
|    value_loss           | 0.00175      |
------------------------------------------
-----------------------------------------
| rollout/                |             |
|    ep_len_mean          | 118         |
|    ep_rew_mean          | -0.777      |
| time/                   |             |
|    fps                  | 76          |
|    iterations           | 321         |
|    time_elapsed         | 1077        |
|    total_timesteps      | 352512      |
| train/                  |             |
|    approx_kl            | 0.008300884 |
|    clip_fraction        | 0.136       |
|    clip_range           | 0.2         |
|    entropy_loss         | -2.58       |
|    explained_variance   | 0.000297    |
|    learning_rate        | 0.0003      |
|    loss                 | -0.0644     |
|    n_updates            | 13760       |
|    policy_gradient_loss | -0.0102     |
|    std                  | 0.884       |
|    value_loss           | 0.00182     |
-----------------------------------------
------------------------------------------
| rollout/                |              |
|    ep_len_mean          | 118          |
|    ep_rew_mean          | -0.779       |
| time/                   |              |
|    fps                  | 76           |
|    iterations           | 322          |
|    time_elapsed         | 1081         |
|    total_timesteps      | 352768       |
| train/                  |              |
|    approx_kl            | 0.0029950524 |
|    clip_fraction        | 0.025        |
|    clip_range           | 0.2          |
|    entropy_loss         | -2.58        |
|    explained_variance   | 0.00082      |
|    learning_rate        | 0.0003       |
|    loss                 | -0.0291      |
|    n_updates            | 13770        |
|    policy_gradient_loss | -0.00529     |
|    std                  | 0.877        |
|    value_loss           | 0.00137      |
------------------------------------------
------------------------------------------
| rollout/                |              |
|    ep_len_mean          | 118          |
|    ep_rew_mean          | -0.781       |
| time/                   |              |
|    fps                  | 76           |
|    iterations           | 323          |
|    time_elapsed         | 1084         |
|    total_timesteps      | 353024       |
| train/                  |              |
|    approx_kl            | 0.0023590054 |
|    clip_fraction        | 0.000391     |
|    clip_range           | 0.2          |
|    entropy_loss         | -2.56        |
|    explained_variance   | -0.000917    |
|    learning_rate        | 0.0003       |
|    loss                 | -0.0216      |
|    n_updates            | 13780        |
|    policy_gradient_loss | -0.00134     |
|    std                  | 0.87         |
|    value_loss           | 0.00155      |
------------------------------------------
-----------------------------------------
| rollout/                |             |
|    ep_len_mean          | 118         |
|    ep_rew_mean          | -0.782      |
| time/                   |             |
|    fps                  | 76          |
|    iterations           | 324         |
|    time_elapsed         | 1088        |
|    total_timesteps      | 353280      |
| train/                  |             |
|    approx_kl            | 0.007991764 |
|    clip_fraction        | 0.0352      |
|    clip_range           | 0.2         |
|    entropy_loss         | -2.55       |
|    explained_variance   | -0.0016     |
|    learning_rate        | 0.0003      |
|    loss                 | -0.041      |
|    n_updates            | 13790       |
|    policy_gradient_loss | -0.00257    |
|    std                  | 0.87        |
|    value_loss           | 0.0016      |
-----------------------------------------
------------------------------------------
| rollout/                |              |
|    ep_len_mean          | 118          |
|    ep_rew_mean          | -0.784       |
| time/                   |              |
|    fps                  | 76           |
|    iterations           | 325          |
|    time_elapsed         | 1091         |
|    total_timesteps      | 353536       |
| train/                  |              |
|    approx_kl            | 0.0074635986 |
|    clip_fraction        | 0.0277       |
|    clip_range           | 0.2          |
|    entropy_loss         | -2.54        |
|    explained_variance   | 2.04e-05     |
|    learning_rate        | 0.0003       |
|    loss                 | -0.0236      |
|    n_updates            | 13800        |
|    policy_gradient_loss | -0.00391     |
|    std                  | 0.867        |
|    value_loss           | 0.0014       |
------------------------------------------
-----------------------------------------
| rollout/                |             |
|    ep_len_mean          | 118         |
|    ep_rew_mean          | -0.785      |
| time/                   |             |
|    fps                  | 76          |
|    iterations           | 326         |
|    time_elapsed         | 1095        |
|    total_timesteps      | 353792      |
| train/                  |             |
|    approx_kl            | 0.007960629 |
|    clip_fraction        | 0.084       |
|    clip_range           | 0.2         |
|    entropy_loss         | -2.54       |
|    explained_variance   | 0.000335    |
|    learning_rate        | 0.0003      |
|    loss                 | -0.0621     |
|    n_updates            | 13810       |
|    policy_gradient_loss | -0.00813    |
|    std                  | 0.867       |
|    value_loss           | 0.00116     |
-----------------------------------------
-----------------------------------------
| rollout/                |             |
|    ep_len_mean          | 118         |
|    ep_rew_mean          | -0.786      |
| time/                   |             |
|    fps                  | 76          |
|    iterations           | 327         |
|    time_elapsed         | 1098        |
|    total_timesteps      | 354048      |
| train/                  |             |
|    approx_kl            | 0.004160838 |
|    clip_fraction        | 0.0379      |
|    clip_range           | 0.2         |
|    entropy_loss         | -2.54       |
|    explained_variance   | 0.000739    |
|    learning_rate        | 0.0003      |
|    loss                 | -0.0246     |
|    n_updates            | 13820       |
|    policy_gradient_loss | -0.00273    |
|    std                  | 0.871       |
|    value_loss           | 0.0014      |
-----------------------------------------
------------------------------------------
| rollout/                |              |
|    ep_len_mean          | 116          |
|    ep_rew_mean          | -0.576       |
| time/                   |              |
|    fps                  | 76           |
|    iterations           | 328          |
|    time_elapsed         | 1103         |
|    total_timesteps      | 354304       |
| train/                  |              |
|    approx_kl            | 0.0055010533 |
|    clip_fraction        | 0.098        |
|    clip_range           | 0.2          |
|    entropy_loss         | -2.55        |
|    explained_variance   | 0.00345      |
|    learning_rate        | 0.0003       |
|    loss                 | -0.0238      |
|    n_updates            | 13830        |
|    policy_gradient_loss | -0.00664     |
|    std                  | 0.873        |
|    value_loss           | 0.00148      |
------------------------------------------
------------------------------------------
| rollout/                |              |
|    ep_len_mean          | 116          |
|    ep_rew_mean          | -0.575       |
| time/                   |              |
|    fps                  | 76           |
|    iterations           | 329          |
|    time_elapsed         | 1105         |
|    total_timesteps      | 354560       |
| train/                  |              |
|    approx_kl            | 0.0029306083 |
|    clip_fraction        | 0.000781     |
|    clip_range           | 0.2          |
|    entropy_loss         | -2.55        |
|    explained_variance   | -8.81e-05    |
|    learning_rate        | 0.0003       |
|    loss                 | -0.01        |
|    n_updates            | 13840        |
|    policy_gradient_loss | 9.3e-05      |
|    std                  | 0.87         |
|    value_loss           | 1.72         |
------------------------------------------
-----------------------------------------
| rollout/                |             |
|    ep_len_mean          | 116         |
|    ep_rew_mean          | -0.576      |
| time/                   |             |
|    fps                  | 76          |
|    iterations           | 330         |
|    time_elapsed         | 1108        |
|    total_timesteps      | 354816      |
| train/                  |             |
|    approx_kl            | 0.007290668 |
|    clip_fraction        | 0.068       |
|    clip_range           | 0.2         |
|    entropy_loss         | -2.55       |
|    explained_variance   | 0.00612     |
|    learning_rate        | 0.0003      |
|    loss                 | -0.0526     |
|    n_updates            | 13850       |
|    policy_gradient_loss | -0.00809    |
|    std                  | 0.869       |
|    value_loss           | 0.00162     |
-----------------------------------------
------------------------------------------
| rollout/                |              |
|    ep_len_mean          | 116          |
|    ep_rew_mean          | -0.575       |
| time/                   |              |
|    fps                  | 76           |
|    iterations           | 331          |
|    time_elapsed         | 1110         |
|    total_timesteps      | 355072       |
| train/                  |              |
|    approx_kl            | 0.0062280726 |
|    clip_fraction        | 0.0344       |
|    clip_range           | 0.2          |
|    entropy_loss         | -2.54        |
|    explained_variance   | -0.00218     |
|    learning_rate        | 0.0003       |
|    loss                 | -0.0247      |
|    n_updates            | 13860        |
|    policy_gradient_loss | -0.00257     |
|    std                  | 0.87         |
|    value_loss           | 0.000927     |
------------------------------------------
------------------------------------------
| rollout/                |              |
|    ep_len_mean          | 116          |
|    ep_rew_mean          | -0.576       |
| time/                   |              |
|    fps                  | 76           |
|    iterations           | 332          |
|    time_elapsed         | 1115         |
|    total_timesteps      | 355328       |
| train/                  |              |
|    approx_kl            | 0.0017674973 |
|    clip_fraction        | 0.00195      |
|    clip_range           | 0.2          |
|    entropy_loss         | -2.55        |
|    explained_variance   | -0.00855     |
|    learning_rate        | 0.0003       |
|    loss                 | -0.0237      |
|    n_updates            | 13870        |
|    policy_gradient_loss | 0.000183     |
|    std                  | 0.872        |
|    value_loss           | 0.00106      |
------------------------------------------
------------------------------------------
| rollout/                |              |
|    ep_len_mean          | 116          |
|    ep_rew_mean          | -0.575       |
| time/                   |              |
|    fps                  | 76           |
|    iterations           | 333          |
|    time_elapsed         | 1119         |
|    total_timesteps      | 355584       |
| train/                  |              |
|    approx_kl            | 0.0057381936 |
|    clip_fraction        | 0.0578       |
|    clip_range           | 0.2          |
|    entropy_loss         | -2.55        |
|    explained_variance   | 0.0174       |
|    learning_rate        | 0.0003       |
|    loss                 | -0.0289      |
|    n_updates            | 13880        |
|    policy_gradient_loss | -0.00611     |
|    std                  | 0.873        |
|    value_loss           | 0.00108      |
------------------------------------------
-----------------------------------------
| rollout/                |             |
|    ep_len_mean          | 116         |
|    ep_rew_mean          | -0.573      |
| time/                   |             |
|    fps                  | 76          |
|    iterations           | 334         |
|    time_elapsed         | 1122        |
|    total_timesteps      | 355840      |
| train/                  |             |
|    approx_kl            | 0.006461712 |
|    clip_fraction        | 0.0379      |
|    clip_range           | 0.2         |
|    entropy_loss         | -2.55       |
|    explained_variance   | 0.0116      |
|    learning_rate        | 0.0003      |
|    loss                 | -0.0291     |
|    n_updates            | 13890       |
|    policy_gradient_loss | -0.00365    |
|    std                  | 0.874       |
|    value_loss           | 0.00124     |
-----------------------------------------
------------------------------------------
| rollout/                |              |
|    ep_len_mean          | 116          |
|    ep_rew_mean          | -0.571       |
| time/                   |              |
|    fps                  | 76           |
|    iterations           | 335          |
|    time_elapsed         | 1125         |
|    total_timesteps      | 356096       |
| train/                  |              |
|    approx_kl            | 0.0075837327 |
|    clip_fraction        | 0.0598       |
|    clip_range           | 0.2          |
|    entropy_loss         | -2.56        |
|    explained_variance   | -0.0249      |
|    learning_rate        | 0.0003       |
|    loss                 | -0.0579      |
|    n_updates            | 13900        |
|    policy_gradient_loss | -0.00778     |
|    std                  | 0.88         |
|    value_loss           | 0.00128      |
------------------------------------------
------------------------------------------
| rollout/                |              |
|    ep_len_mean          | 118          |
|    ep_rew_mean          | -0.783       |
| time/                   |              |
|    fps                  | 76           |
|    iterations           | 336          |
|    time_elapsed         | 1127         |
|    total_timesteps      | 356352       |
| train/                  |              |
|    approx_kl            | 0.0020393042 |
|    clip_fraction        | 0.000391     |
|    clip_range           | 0.2          |
|    entropy_loss         | -2.57        |
|    explained_variance   | -0.00921     |
|    learning_rate        | 0.0003       |
|    loss                 | -0.019       |
|    n_updates            | 13910        |
|    policy_gradient_loss | 0.000396     |
|    std                  | 0.881        |
|    value_loss           | 0.00122      |
------------------------------------------
------------------------------------------
| rollout/                |              |
|    ep_len_mean          | 118          |
|    ep_rew_mean          | -0.783       |
| time/                   |              |
|    fps                  | 76           |
|    iterations           | 337          |
|    time_elapsed         | 1130         |
|    total_timesteps      | 356608       |
| train/                  |              |
|    approx_kl            | 0.0042669913 |
|    clip_fraction        | 0.0605       |
|    clip_range           | 0.2          |
|    entropy_loss         | -2.57        |
|    explained_variance   | -0.00179     |
|    learning_rate        | 0.0003       |
|    loss                 | -0.0358      |
|    n_updates            | 13920        |
|    policy_gradient_loss | -0.00572     |
|    std                  | 0.884        |
|    value_loss           | 0.00112      |
------------------------------------------
------------------------------------------
| rollout/                |              |
|    ep_len_mean          | 118          |
|    ep_rew_mean          | -0.782       |
| time/                   |              |
|    fps                  | 76           |
|    iterations           | 338          |
|    time_elapsed         | 1132         |
|    total_timesteps      | 356864       |
| train/                  |              |
|    approx_kl            | 0.0030901295 |
|    clip_fraction        | 0.0043       |
|    clip_range           | 0.2          |
|    entropy_loss         | -2.58        |
|    explained_variance   | -0.00021     |
|    learning_rate        | 0.0003       |
|    loss                 | -0.0398      |
|    n_updates            | 13930        |
|    policy_gradient_loss | -0.000348    |
|    std                  | 0.885        |
|    value_loss           | 0.0013       |
------------------------------------------
-----------------------------------------
| rollout/                |             |
|    ep_len_mean          | 118         |
|    ep_rew_mean          | -0.781      |
| time/                   |             |
|    fps                  | 76          |
|    iterations           | 339         |
|    time_elapsed         | 1135        |
|    total_timesteps      | 357120      |
| train/                  |             |
|    approx_kl            | 0.006814182 |
|    clip_fraction        | 0.114       |
|    clip_range           | 0.2         |
|    entropy_loss         | -2.58       |
|    explained_variance   | 0.00383     |
|    learning_rate        | 0.0003      |
|    loss                 | -0.0352     |
|    n_updates            | 13940       |
|    policy_gradient_loss | -0.00787    |
|    std                  | 0.883       |
|    value_loss           | 0.00126     |
-----------------------------------------
-----------------------------------------
| rollout/                |             |
|    ep_len_mean          | 116         |
|    ep_rew_mean          | -0.568      |
| time/                   |             |
|    fps                  | 76          |
|    iterations           | 340         |
|    time_elapsed         | 1138        |
|    total_timesteps      | 357376      |
| train/                  |             |
|    approx_kl            | 0.009343714 |
|    clip_fraction        | 0.0781      |
|    clip_range           | 0.2         |
|    entropy_loss         | -2.57       |
|    explained_variance   | -0.00338    |
|    learning_rate        | 0.0003      |
|    loss                 | -0.0407     |
|    n_updates            | 13950       |
|    policy_gradient_loss | -0.0056     |
|    std                  | 0.883       |
|    value_loss           | 0.00123     |
-----------------------------------------
------------------------------------------
| rollout/                |              |
|    ep_len_mean          | 116          |
|    ep_rew_mean          | -0.568       |
| time/                   |              |
|    fps                  | 76           |
|    iterations           | 341          |
|    time_elapsed         | 1141         |
|    total_timesteps      | 357632       |
| train/                  |              |
|    approx_kl            | 0.0065315766 |
|    clip_fraction        | 0.0172       |
|    clip_range           | 0.2          |
|    entropy_loss         | -2.58        |
|    explained_variance   | 5.85e-05     |
|    learning_rate        | 0.0003       |
|    loss                 | 3.43         |
|    n_updates            | 13960        |
|    policy_gradient_loss | 0.000988     |
|    std                  | 0.886        |
|    value_loss           | 1.72         |
------------------------------------------
----------------------------------------
| rollout/                |            |
|    ep_len_mean          | 116        |
|    ep_rew_mean          | -0.569     |
| time/                   |            |
|    fps                  | 76         |
|    iterations           | 342        |
|    time_elapsed         | 1145       |
|    total_timesteps      | 357888     |
| train/                  |            |
|    approx_kl            | 0.00505147 |
|    clip_fraction        | 0.0391     |
|    clip_range           | 0.2        |
|    entropy_loss         | -2.58      |
|    explained_variance   | 0.0088     |
|    learning_rate        | 0.0003     |
|    loss                 | -0.0395    |
|    n_updates            | 13970      |
|    policy_gradient_loss | -0.0024    |
|    std                  | 0.887      |
|    value_loss           | 0.00148    |
----------------------------------------
-----------------------------------------
| rollout/                |             |
|    ep_len_mean          | 116         |
|    ep_rew_mean          | -0.569      |
| time/                   |             |
|    fps                  | 76          |
|    iterations           | 343         |
|    time_elapsed         | 1150        |
|    total_timesteps      | 358144      |
| train/                  |             |
|    approx_kl            | 0.002548145 |
|    clip_fraction        | 0.0156      |
|    clip_range           | 0.2         |
|    entropy_loss         | -2.59       |
|    explained_variance   | 0.0111      |
|    learning_rate        | 0.0003      |
|    loss                 | -0.0294     |
|    n_updates            | 13980       |
|    policy_gradient_loss | -0.00183    |
|    std                  | 0.887       |
|    value_loss           | 0.00157     |
-----------------------------------------
-----------------------------------------
| rollout/                |             |
|    ep_len_mean          | 116         |
|    ep_rew_mean          | -0.569      |
| time/                   |             |
|    fps                  | 76          |
|    iterations           | 344         |
|    time_elapsed         | 1152        |
|    total_timesteps      | 358400      |
| train/                  |             |
|    approx_kl            | 0.008926436 |
|    clip_fraction        | 0.0738      |
|    clip_range           | 0.2         |
|    entropy_loss         | -2.59       |
|    explained_variance   | -0.0115     |
|    learning_rate        | 0.0003      |
|    loss                 | -0.0387     |
|    n_updates            | 13990       |
|    policy_gradient_loss | -0.00504    |
|    std                  | 0.891       |
|    value_loss           | 0.00128     |
-----------------------------------------
------------------------------------------
| rollout/                |              |
|    ep_len_mean          | 116          |
|    ep_rew_mean          | -0.569       |
| time/                   |              |
|    fps                  | 76           |
|    iterations           | 345          |
|    time_elapsed         | 1155         |
|    total_timesteps      | 358656       |
| train/                  |              |
|    approx_kl            | 0.0042919107 |
|    clip_fraction        | 0.0273       |
|    clip_range           | 0.2          |
|    entropy_loss         | -2.59        |
|    explained_variance   | 0.00473      |
|    learning_rate        | 0.0003       |
|    loss                 | -0.0104      |
|    n_updates            | 14000        |
|    policy_gradient_loss | -0.000482    |
|    std                  | 0.889        |
|    value_loss           | 0.00136      |
------------------------------------------
------------------------------------------
| rollout/                |              |
|    ep_len_mean          | 116          |
|    ep_rew_mean          | -0.568       |
| time/                   |              |
|    fps                  | 76           |
|    iterations           | 346          |
|    time_elapsed         | 1158         |
|    total_timesteps      | 358912       |
| train/                  |              |
|    approx_kl            | 0.0056729116 |
|    clip_fraction        | 0.0711       |
|    clip_range           | 0.2          |
|    entropy_loss         | -2.59        |
|    explained_variance   | -0.016       |
|    learning_rate        | 0.0003       |
|    loss                 | -0.0422      |
|    n_updates            | 14010        |
|    policy_gradient_loss | -0.00535     |
|    std                  | 0.885        |
|    value_loss           | 0.00152      |
------------------------------------------
-----------------------------------------
| rollout/                |             |
|    ep_len_mean          | 116         |
|    ep_rew_mean          | -0.566      |
| time/                   |             |
|    fps                  | 76          |
|    iterations           | 347         |
|    time_elapsed         | 1161        |
|    total_timesteps      | 359168      |
| train/                  |             |
|    approx_kl            | 0.008154577 |
|    clip_fraction        | 0.0793      |
|    clip_range           | 0.2         |
|    entropy_loss         | -2.58       |
|    explained_variance   | 0.00178     |
|    learning_rate        | 0.0003      |
|    loss                 | -0.0361     |
|    n_updates            | 14020       |
|    policy_gradient_loss | -0.00475    |
|    std                  | 0.888       |
|    value_loss           | 0.0015      |
-----------------------------------------
-----------------------------------------
| rollout/                |             |
|    ep_len_mean          | 116         |
|    ep_rew_mean          | -0.565      |
| time/                   |             |
|    fps                  | 76          |
|    iterations           | 348         |
|    time_elapsed         | 1165        |
|    total_timesteps      | 359424      |
| train/                  |             |
|    approx_kl            | 0.002169065 |
|    clip_fraction        | 0.0652      |
|    clip_range           | 0.2         |
|    entropy_loss         | -2.59       |
|    explained_variance   | -0.00293    |
|    learning_rate        | 0.0003      |
|    loss                 | -0.0268     |
|    n_updates            | 14030       |
|    policy_gradient_loss | -0.00703    |
|    std                  | 0.889       |
|    value_loss           | 0.00128     |
-----------------------------------------
------------------------------------------
| rollout/                |              |
|    ep_len_mean          | 115          |
|    ep_rew_mean          | -0.354       |
| time/                   |              |
|    fps                  | 76           |
|    iterations           | 349          |
|    time_elapsed         | 1168         |
|    total_timesteps      | 359680       |
| train/                  |              |
|    approx_kl            | 0.0041151233 |
|    clip_fraction        | 0.0742       |
|    clip_range           | 0.2          |
|    entropy_loss         | -2.59        |
|    explained_variance   | -0.000149    |
|    learning_rate        | 0.0003       |
|    loss                 | -0.0272      |
|    n_updates            | 14040        |
|    policy_gradient_loss | -0.00436     |
|    std                  | 0.888        |
|    value_loss           | 0.00092      |
------------------------------------------
----------------------------------------
| rollout/                |            |
|    ep_len_mean          | 115        |
|    ep_rew_mean          | -0.353     |
| time/                   |            |
|    fps                  | 76         |
|    iterations           | 350        |
|    time_elapsed         | 1172       |
|    total_timesteps      | 359936     |
| train/                  |            |
|    approx_kl            | 0.00459014 |
|    clip_fraction        | 0.0918     |
|    clip_range           | 0.2        |
|    entropy_loss         | -2.59      |
|    explained_variance   | -5.17e-05  |
|    learning_rate        | 0.0003     |
|    loss                 | -0.017     |
|    n_updates            | 14050      |
|    policy_gradient_loss | -0.00523   |
|    std                  | 0.886      |
|    value_loss           | 1.72       |
----------------------------------------
------------------------------------------
| rollout/                |              |
|    ep_len_mean          | 115          |
|    ep_rew_mean          | -0.353       |
| time/                   |              |
|    fps                  | 76           |
|    iterations           | 351          |
|    time_elapsed         | 1175         |
|    total_timesteps      | 360192       |
| train/                  |              |
|    approx_kl            | 0.0033192255 |
|    clip_fraction        | 0.00313      |
|    clip_range           | 0.2          |
|    entropy_loss         | -2.59        |
|    explained_variance   | 0.00112      |
|    learning_rate        | 0.0003       |
|    loss                 | -0.00675     |
|    n_updates            | 14060        |
|    policy_gradient_loss | -0.000976    |
|    std                  | 0.889        |
|    value_loss           | 0.00117      |
------------------------------------------
------------------------------------------
| rollout/                |              |
|    ep_len_mean          | 115          |
|    ep_rew_mean          | -0.354       |
| time/                   |              |
|    fps                  | 76           |
|    iterations           | 352          |
|    time_elapsed         | 1177         |
|    total_timesteps      | 360448       |
| train/                  |              |
|    approx_kl            | 0.0065269764 |
|    clip_fraction        | 0.111        |
|    clip_range           | 0.2          |
|    entropy_loss         | -2.59        |
|    explained_variance   | -0.00146     |
|    learning_rate        | 0.0003       |
|    loss                 | -0.0351      |
|    n_updates            | 14070        |
|    policy_gradient_loss | -0.00863     |
|    std                  | 0.89         |
|    value_loss           | 0.00123      |
------------------------------------------
------------------------------------------
| rollout/                |              |
|    ep_len_mean          | 115          |
|    ep_rew_mean          | -0.355       |
| time/                   |              |
|    fps                  | 76           |
|    iterations           | 353          |
|    time_elapsed         | 1182         |
|    total_timesteps      | 360704       |
| train/                  |              |
|    approx_kl            | 0.0037400725 |
|    clip_fraction        | 0.0234       |
|    clip_range           | 0.2          |
|    entropy_loss         | -2.59        |
|    explained_variance   | 0.0186       |
|    learning_rate        | 0.0003       |
|    loss                 | -0.0437      |
|    n_updates            | 14080        |
|    policy_gradient_loss | -0.00274     |
|    std                  | 0.883        |
|    value_loss           | 0.00104      |
------------------------------------------
------------------------------------------
| rollout/                |              |
|    ep_len_mean          | 115          |
|    ep_rew_mean          | -0.353       |
| time/                   |              |
|    fps                  | 76           |
|    iterations           | 354          |
|    time_elapsed         | 1185         |
|    total_timesteps      | 360960       |
| train/                  |              |
|    approx_kl            | 0.0020787285 |
|    clip_fraction        | 0.0383       |
|    clip_range           | 0.2          |
|    entropy_loss         | -2.58        |
|    explained_variance   | -0.000469    |
|    learning_rate        | 0.0003       |
|    loss                 | -0.0179      |
|    n_updates            | 14090        |
|    policy_gradient_loss | -0.00265     |
|    std                  | 0.883        |
|    value_loss           | 0.000824     |
------------------------------------------
-----------------------------------------
| rollout/                |             |
|    ep_len_mean          | 115         |
|    ep_rew_mean          | -0.353      |
| time/                   |             |
|    fps                  | 76          |
|    iterations           | 355         |
|    time_elapsed         | 1189        |
|    total_timesteps      | 361216      |
| train/                  |             |
|    approx_kl            | 0.004112136 |
|    clip_fraction        | 0.0344      |
|    clip_range           | 0.2         |
|    entropy_loss         | -2.58       |
|    explained_variance   | -0.000779   |
|    learning_rate        | 0.0003      |
|    loss                 | -0.0381     |
|    n_updates            | 14100       |
|    policy_gradient_loss | -0.00311    |
|    std                  | 0.883       |
|    value_loss           | 0.000744    |
-----------------------------------------
------------------------------------------
| rollout/                |              |
|    ep_len_mean          | 115          |
|    ep_rew_mean          | -0.354       |
| time/                   |              |
|    fps                  | 76           |
|    iterations           | 356          |
|    time_elapsed         | 1192         |
|    total_timesteps      | 361472       |
| train/                  |              |
|    approx_kl            | 0.0033494025 |
|    clip_fraction        | 0.0652       |
|    clip_range           | 0.2          |
|    entropy_loss         | -2.58        |
|    explained_variance   | 0.00342      |
|    learning_rate        | 0.0003       |
|    loss                 | -0.0144      |
|    n_updates            | 14110        |
|    policy_gradient_loss | -0.00639     |
|    std                  | 0.885        |
|    value_loss           | 0.00115      |
------------------------------------------
------------------------------------------
| rollout/                |              |
|    ep_len_mean          | 115          |
|    ep_rew_mean          | -0.355       |
| time/                   |              |
|    fps                  | 76           |
|    iterations           | 357          |
|    time_elapsed         | 1196         |
|    total_timesteps      | 361728       |
| train/                  |              |
|    approx_kl            | 0.0024725527 |
|    clip_fraction        | 0.0309       |
|    clip_range           | 0.2          |
|    entropy_loss         | -2.59        |
|    explained_variance   | 0.0298       |
|    learning_rate        | 0.0003       |
|    loss                 | -0.0393      |
|    n_updates            | 14120        |
|    policy_gradient_loss | -0.00316     |
|    std                  | 0.893        |
|    value_loss           | 0.000817     |
------------------------------------------
------------------------------------------
| rollout/                |              |
|    ep_len_mean          | 114          |
|    ep_rew_mean          | -0.144       |
| time/                   |              |
|    fps                  | 76           |
|    iterations           | 358          |
|    time_elapsed         | 1201         |
|    total_timesteps      | 361984       |
| train/                  |              |
|    approx_kl            | 0.0038219749 |
|    clip_fraction        | 0.059        |
|    clip_range           | 0.2          |
|    entropy_loss         | -2.6         |
|    explained_variance   | -0.000806    |
|    learning_rate        | 0.0003       |
|    loss                 | -0.0149      |
|    n_updates            | 14130        |
|    policy_gradient_loss | -0.00335     |
|    std                  | 0.891        |
|    value_loss           | 0.00079      |
------------------------------------------
------------------------------------------
| rollout/                |              |
|    ep_len_mean          | 114          |
|    ep_rew_mean          | -0.145       |
| time/                   |              |
|    fps                  | 76           |
|    iterations           | 359          |
|    time_elapsed         | 1205         |
|    total_timesteps      | 362240       |
| train/                  |              |
|    approx_kl            | 0.0041302415 |
|    clip_fraction        | 0.0434       |
|    clip_range           | 0.2          |
|    entropy_loss         | -2.59        |
|    explained_variance   | 5.69e-05     |
|    learning_rate        | 0.0003       |
|    loss                 | -0.0256      |
|    n_updates            | 14140        |
|    policy_gradient_loss | -0.00167     |
|    std                  | 0.889        |
|    value_loss           | 1.72         |
------------------------------------------
------------------------------------------
| rollout/                |              |
|    ep_len_mean          | 114          |
|    ep_rew_mean          | -0.145       |
| time/                   |              |
|    fps                  | 76           |
|    iterations           | 360          |
|    time_elapsed         | 1210         |
|    total_timesteps      | 362496       |
| train/                  |              |
|    approx_kl            | 0.0013406486 |
|    clip_fraction        | 0.027        |
|    clip_range           | 0.2          |
|    entropy_loss         | -2.59        |
|    explained_variance   | 0.013        |
|    learning_rate        | 0.0003       |
|    loss                 | -0.0276      |
|    n_updates            | 14150        |
|    policy_gradient_loss | -0.00205     |
|    std                  | 0.883        |
|    value_loss           | 0.00108      |
------------------------------------------
------------------------------------------
| rollout/                |              |
|    ep_len_mean          | 114          |
|    ep_rew_mean          | -0.147       |
| time/                   |              |
|    fps                  | 76           |
|    iterations           | 361          |
|    time_elapsed         | 1214         |
|    total_timesteps      | 362752       |
| train/                  |              |
|    approx_kl            | 0.0050542676 |
|    clip_fraction        | 0.105        |
|    clip_range           | 0.2          |
|    entropy_loss         | -2.57        |
|    explained_variance   | 0.00189      |
|    learning_rate        | 0.0003       |
|    loss                 | -0.032       |
|    n_updates            | 14160        |
|    policy_gradient_loss | -0.00935     |
|    std                  | 0.878        |
|    value_loss           | 0.00101      |
------------------------------------------
------------------------------------------
| rollout/                |              |
|    ep_len_mean          | 115          |
|    ep_rew_mean          | -0.357       |
| time/                   |              |
|    fps                  | 76           |
|    iterations           | 362          |
|    time_elapsed         | 1219         |
|    total_timesteps      | 363008       |
| train/                  |              |
|    approx_kl            | 0.0051920014 |
|    clip_fraction        | 0.05         |
|    clip_range           | 0.2          |
|    entropy_loss         | -2.57        |
|    explained_variance   | -0.00627     |
|    learning_rate        | 0.0003       |
|    loss                 | -0.0481      |
|    n_updates            | 14170        |
|    policy_gradient_loss | -0.00384     |
|    std                  | 0.876        |
|    value_loss           | 0.000952     |
------------------------------------------
-----------------------------------------
| rollout/                |             |
|    ep_len_mean          | 115         |
|    ep_rew_mean          | -0.358      |
| time/                   |             |
|    fps                  | 76          |
|    iterations           | 363         |
|    time_elapsed         | 1221        |
|    total_timesteps      | 363264      |
| train/                  |             |
|    approx_kl            | 0.006874133 |
|    clip_fraction        | 0.0672      |
|    clip_range           | 0.2         |
|    entropy_loss         | -2.56       |
|    explained_variance   | -0.000827   |
|    learning_rate        | 0.0003      |
|    loss                 | -0.0322     |
|    n_updates            | 14180       |
|    policy_gradient_loss | -0.00825    |
|    std                  | 0.876       |
|    value_loss           | 0.00107     |
-----------------------------------------
------------------------------------------
| rollout/                |              |
|    ep_len_mean          | 115          |
|    ep_rew_mean          | -0.356       |
| time/                   |              |
|    fps                  | 75           |
|    iterations           | 364          |
|    time_elapsed         | 1227         |
|    total_timesteps      | 363520       |
| train/                  |              |
|    approx_kl            | 0.0022803396 |
|    clip_fraction        | 0.0309       |
|    clip_range           | 0.2          |
|    entropy_loss         | -2.57        |
|    explained_variance   | -0.00433     |
|    learning_rate        | 0.0003       |
|    loss                 | -0.0408      |
|    n_updates            | 14190        |
|    policy_gradient_loss | -0.00251     |
|    std                  | 0.877        |
|    value_loss           | 0.00118      |
------------------------------------------
-----------------------------------------
| rollout/                |             |
|    ep_len_mean          | 115         |
|    ep_rew_mean          | -0.356      |
| time/                   |             |
|    fps                  | 75          |
|    iterations           | 365         |
|    time_elapsed         | 1232        |
|    total_timesteps      | 363776      |
| train/                  |             |
|    approx_kl            | 0.009053286 |
|    clip_fraction        | 0.123       |
|    clip_range           | 0.2         |
|    entropy_loss         | -2.57       |
|    explained_variance   | -0.019      |
|    learning_rate        | 0.0003      |
|    loss                 | -0.0484     |
|    n_updates            | 14200       |
|    policy_gradient_loss | -0.0148     |
|    std                  | 0.881       |
|    value_loss           | 0.00136     |
-----------------------------------------
------------------------------------------
| rollout/                |              |
|    ep_len_mean          | 115          |
|    ep_rew_mean          | -0.355       |
| time/                   |              |
|    fps                  | 75           |
|    iterations           | 366          |
|    time_elapsed         | 1234         |
|    total_timesteps      | 364032       |
| train/                  |              |
|    approx_kl            | 0.0031426507 |
|    clip_fraction        | 0.0953       |
|    clip_range           | 0.2          |
|    entropy_loss         | -2.58        |
|    explained_variance   | 0.00276      |
|    learning_rate        | 0.0003       |
|    loss                 | -0.0376      |
|    n_updates            | 14210        |
|    policy_gradient_loss | -0.00716     |
|    std                  | 0.882        |
|    value_loss           | 0.00152      |
------------------------------------------
-----------------------------------------
| rollout/                |             |
|    ep_len_mean          | 115         |
|    ep_rew_mean          | -0.354      |
| time/                   |             |
|    fps                  | 75          |
|    iterations           | 367         |
|    time_elapsed         | 1237        |
|    total_timesteps      | 364288      |
| train/                  |             |
|    approx_kl            | 0.004932513 |
|    clip_fraction        | 0.0492      |
|    clip_range           | 0.2         |
|    entropy_loss         | -2.58       |
|    explained_variance   | 0.000932    |
|    learning_rate        | 0.0003      |
|    loss                 | -0.0137     |
|    n_updates            | 14220       |
|    policy_gradient_loss | -0.00619    |
|    std                  | 0.884       |
|    value_loss           | 0.00158     |
-----------------------------------------
-----------------------------------------
| rollout/                |             |
|    ep_len_mean          | 115         |
|    ep_rew_mean          | -0.352      |
| time/                   |             |
|    fps                  | 75          |
|    iterations           | 368         |
|    time_elapsed         | 1240        |
|    total_timesteps      | 364544      |
| train/                  |             |
|    approx_kl            | 0.004897885 |
|    clip_fraction        | 0.0828      |
|    clip_range           | 0.2         |
|    entropy_loss         | -2.58       |
|    explained_variance   | 0.00236     |
|    learning_rate        | 0.0003      |
|    loss                 | -0.0412     |
|    n_updates            | 14230       |
|    policy_gradient_loss | -0.00726    |
|    std                  | 0.887       |
|    value_loss           | 0.00145     |
-----------------------------------------
------------------------------------------
| rollout/                |              |
|    ep_len_mean          | 115          |
|    ep_rew_mean          | -0.349       |
| time/                   |              |
|    fps                  | 75           |
|    iterations           | 369          |
|    time_elapsed         | 1246         |
|    total_timesteps      | 364800       |
| train/                  |              |
|    approx_kl            | 0.0038448393 |
|    clip_fraction        | 0.0289       |
|    clip_range           | 0.2          |
|    entropy_loss         | -2.59        |
|    explained_variance   | 0.000389     |
|    learning_rate        | 0.0003       |
|    loss                 | -0.0386      |
|    n_updates            | 14240        |
|    policy_gradient_loss | -0.00405     |
|    std                  | 0.886        |
|    value_loss           | 0.0013       |
------------------------------------------
-----------------------------------------
| rollout/                |             |
|    ep_len_mean          | 115         |
|    ep_rew_mean          | -0.348      |
| time/                   |             |
|    fps                  | 75          |
|    iterations           | 370         |
|    time_elapsed         | 1250        |
|    total_timesteps      | 365056      |
| train/                  |             |
|    approx_kl            | 0.010167762 |
|    clip_fraction        | 0.173       |
|    clip_range           | 0.2         |
|    entropy_loss         | -2.59       |
|    explained_variance   | 0.000704    |
|    learning_rate        | 0.0003      |
|    loss                 | -0.0358     |
|    n_updates            | 14250       |
|    policy_gradient_loss | -0.0163     |
|    std                  | 0.889       |
|    value_loss           | 0.00156     |
-----------------------------------------
----------------------------------------
| rollout/                |            |
|    ep_len_mean          | 115        |
|    ep_rew_mean          | -0.347     |
| time/                   |            |
|    fps                  | 75         |
|    iterations           | 371        |
|    time_elapsed         | 1253       |
|    total_timesteps      | 365312     |
| train/                  |            |
|    approx_kl            | 0.00862798 |
|    clip_fraction        | 0.149      |
|    clip_range           | 0.2        |
|    entropy_loss         | -2.6       |
|    explained_variance   | 0.00151    |
|    learning_rate        | 0.0003     |
|    loss                 | -0.0365    |
|    n_updates            | 14260      |
|    policy_gradient_loss | -0.0145    |
|    std                  | 0.891      |
|    value_loss           | 0.00149    |
----------------------------------------
------------------------------------------
| rollout/                |              |
|    ep_len_mean          | 115          |
|    ep_rew_mean          | -0.346       |
| time/                   |              |
|    fps                  | 75           |
|    iterations           | 372          |
|    time_elapsed         | 1256         |
|    total_timesteps      | 365568       |
| train/                  |              |
|    approx_kl            | 0.0040530246 |
|    clip_fraction        | 0.0379       |
|    clip_range           | 0.2          |
|    entropy_loss         | -2.6         |
|    explained_variance   | 0.000675     |
|    learning_rate        | 0.0003       |
|    loss                 | -0.0259      |
|    n_updates            | 14270        |
|    policy_gradient_loss | -0.00496     |
|    std                  | 0.89         |
|    value_loss           | 0.00191      |
------------------------------------------
------------------------------------------
| rollout/                |              |
|    ep_len_mean          | 116          |
|    ep_rew_mean          | -0.558       |
| time/                   |              |
|    fps                  | 75           |
|    iterations           | 373          |
|    time_elapsed         | 1258         |
|    total_timesteps      | 365824       |
| train/                  |              |
|    approx_kl            | 0.0045931004 |
|    clip_fraction        | 0.0344       |
|    clip_range           | 0.2          |
|    entropy_loss         | -2.6         |
|    explained_variance   | -0.00478     |
|    learning_rate        | 0.0003       |
|    loss                 | -0.0409      |
|    n_updates            | 14280        |
|    policy_gradient_loss | -0.00515     |
|    std                  | 0.891        |
|    value_loss           | 0.00152      |
------------------------------------------
------------------------------------------
| rollout/                |              |
|    ep_len_mean          | 116          |
|    ep_rew_mean          | -0.558       |
| time/                   |              |
|    fps                  | 75           |
|    iterations           | 374          |
|    time_elapsed         | 1263         |
|    total_timesteps      | 366080       |
| train/                  |              |
|    approx_kl            | 0.0042922394 |
|    clip_fraction        | 0.0484       |
|    clip_range           | 0.2          |
|    entropy_loss         | -2.6         |
|    explained_variance   | 0.00109      |
|    learning_rate        | 0.0003       |
|    loss                 | -0.0317      |
|    n_updates            | 14290        |
|    policy_gradient_loss | -0.00577     |
|    std                  | 0.892        |
|    value_loss           | 0.00154      |
------------------------------------------
-----------------------------------------
| rollout/                |             |
|    ep_len_mean          | 116         |
|    ep_rew_mean          | -0.558      |
| time/                   |             |
|    fps                  | 75          |
|    iterations           | 375         |
|    time_elapsed         | 1265        |
|    total_timesteps      | 366336      |
| train/                  |             |
|    approx_kl            | 0.004379239 |
|    clip_fraction        | 0.0309      |
|    clip_range           | 0.2         |
|    entropy_loss         | -2.61       |
|    explained_variance   | 0.00212     |
|    learning_rate        | 0.0003      |
|    loss                 | -0.0275     |
|    n_updates            | 14300       |
|    policy_gradient_loss | -0.00298    |
|    std                  | 0.896       |
|    value_loss           | 0.00172     |
-----------------------------------------
------------------------------------------
| rollout/                |              |
|    ep_len_mean          | 116          |
|    ep_rew_mean          | -0.556       |
| time/                   |              |
|    fps                  | 75           |
|    iterations           | 376          |
|    time_elapsed         | 1270         |
|    total_timesteps      | 366592       |
| train/                  |              |
|    approx_kl            | 0.0033667218 |
|    clip_fraction        | 0.016        |
|    clip_range           | 0.2          |
|    entropy_loss         | -2.61        |
|    explained_variance   | -0.00952     |
|    learning_rate        | 0.0003       |
|    loss                 | -0.0252      |
|    n_updates            | 14310        |
|    policy_gradient_loss | 9.86e-05     |
|    std                  | 0.897        |
|    value_loss           | 0.00137      |
------------------------------------------
------------------------------------------
| rollout/                |              |
|    ep_len_mean          | 116          |
|    ep_rew_mean          | -0.557       |
| time/                   |              |
|    fps                  | 75           |
|    iterations           | 377          |
|    time_elapsed         | 1274         |
|    total_timesteps      | 366848       |
| train/                  |              |
|    approx_kl            | 0.0042292597 |
|    clip_fraction        | 0.0879       |
|    clip_range           | 0.2          |
|    entropy_loss         | -2.61        |
|    explained_variance   | 0.000104     |
|    learning_rate        | 0.0003       |
|    loss                 | -0.0424      |
|    n_updates            | 14320        |
|    policy_gradient_loss | -0.00747     |
|    std                  | 0.896        |
|    value_loss           | 0.00162      |
------------------------------------------
------------------------------------------
| rollout/                |              |
|    ep_len_mean          | 116          |
|    ep_rew_mean          | -0.555       |
| time/                   |              |
|    fps                  | 75           |
|    iterations           | 378          |
|    time_elapsed         | 1279         |
|    total_timesteps      | 367104       |
| train/                  |              |
|    approx_kl            | 0.0070326272 |
|    clip_fraction        | 0.0852       |
|    clip_range           | 0.2          |
|    entropy_loss         | -2.61        |
|    explained_variance   | -0.000106    |
|    learning_rate        | 0.0003       |
|    loss                 | -0.0519      |
|    n_updates            | 14330        |
|    policy_gradient_loss | -0.0091      |
|    std                  | 0.899        |
|    value_loss           | 0.00157      |
------------------------------------------
----------------------------------------
| rollout/                |            |
|    ep_len_mean          | 116        |
|    ep_rew_mean          | -0.558     |
| time/                   |            |
|    fps                  | 75         |
|    iterations           | 379        |
|    time_elapsed         | 1285       |
|    total_timesteps      | 367360     |
| train/                  |            |
|    approx_kl            | 0.00748746 |
|    clip_fraction        | 0.0855     |
|    clip_range           | 0.2        |
|    entropy_loss         | -2.62      |
|    explained_variance   | -0.000926  |
|    learning_rate        | 0.0003     |
|    loss                 | -0.0315    |
|    n_updates            | 14340      |
|    policy_gradient_loss | -0.0077    |
|    std                  | 0.9        |
|    value_loss           | 0.00138    |
----------------------------------------
-----------------------------------------
| rollout/                |             |
|    ep_len_mean          | 116         |
|    ep_rew_mean          | -0.559      |
| time/                   |             |
|    fps                  | 75          |
|    iterations           | 380         |
|    time_elapsed         | 1288        |
|    total_timesteps      | 367616      |
| train/                  |             |
|    approx_kl            | 0.002697486 |
|    clip_fraction        | 0.00586     |
|    clip_range           | 0.2         |
|    entropy_loss         | -2.62       |
|    explained_variance   | 0.00115     |
|    learning_rate        | 0.0003      |
|    loss                 | -0.0348     |
|    n_updates            | 14350       |
|    policy_gradient_loss | -0.000752   |
|    std                  | 0.903       |
|    value_loss           | 0.00187     |
-----------------------------------------
------------------------------------------
| rollout/                |              |
|    ep_len_mean          | 116          |
|    ep_rew_mean          | -0.56        |
| time/                   |              |
|    fps                  | 75           |
|    iterations           | 381          |
|    time_elapsed         | 1290         |
|    total_timesteps      | 367872       |
| train/                  |              |
|    approx_kl            | 0.0038143978 |
|    clip_fraction        | 0.0332       |
|    clip_range           | 0.2          |
|    entropy_loss         | -2.62        |
|    explained_variance   | 0.000474     |
|    learning_rate        | 0.0003       |
|    loss                 | -0.0298      |
|    n_updates            | 14360        |
|    policy_gradient_loss | -0.00256     |
|    std                  | 0.902        |
|    value_loss           | 0.00202      |
------------------------------------------
------------------------------------------
| rollout/                |              |
|    ep_len_mean          | 116          |
|    ep_rew_mean          | -0.561       |
| time/                   |              |
|    fps                  | 75           |
|    iterations           | 382          |
|    time_elapsed         | 1295         |
|    total_timesteps      | 368128       |
| train/                  |              |
|    approx_kl            | 0.0047303136 |
|    clip_fraction        | 0.0758       |
|    clip_range           | 0.2          |
|    entropy_loss         | -2.62        |
|    explained_variance   | -0.00122     |
|    learning_rate        | 0.0003       |
|    loss                 | -0.0294      |
|    n_updates            | 14370        |
|    policy_gradient_loss | -0.00555     |
|    std                  | 0.903        |
|    value_loss           | 0.00189      |
------------------------------------------
------------------------------------------
| rollout/                |              |
|    ep_len_mean          | 115          |
|    ep_rew_mean          | -0.349       |
| time/                   |              |
|    fps                  | 75           |
|    iterations           | 383          |
|    time_elapsed         | 1297         |
|    total_timesteps      | 368384       |
| train/                  |              |
|    approx_kl            | 0.0045178337 |
|    clip_fraction        | 0.0445       |
|    clip_range           | 0.2          |
|    entropy_loss         | -2.63        |
|    explained_variance   | -0.00202     |
|    learning_rate        | 0.0003       |
|    loss                 | -0.0297      |
|    n_updates            | 14380        |
|    policy_gradient_loss | -0.0036      |
|    std                  | 0.904        |
|    value_loss           | 0.0018       |
------------------------------------------
-----------------------------------------
| rollout/                |             |
|    ep_len_mean          | 115         |
|    ep_rew_mean          | -0.351      |
| time/                   |             |
|    fps                  | 75          |
|    iterations           | 384         |
|    time_elapsed         | 1300        |
|    total_timesteps      | 368640      |
| train/                  |             |
|    approx_kl            | 0.003787426 |
|    clip_fraction        | 0.0238      |
|    clip_range           | 0.2         |
|    entropy_loss         | -2.63       |
|    explained_variance   | -5.88e-05   |
|    learning_rate        | 0.0003      |
|    loss                 | -0.0178     |
|    n_updates            | 14390       |
|    policy_gradient_loss | -0.000928   |
|    std                  | 0.902       |
|    value_loss           | 1.72        |
-----------------------------------------
------------------------------------------
| rollout/                |              |
|    ep_len_mean          | 115          |
|    ep_rew_mean          | -0.35        |
| time/                   |              |
|    fps                  | 75           |
|    iterations           | 385          |
|    time_elapsed         | 1303         |
|    total_timesteps      | 368896       |
| train/                  |              |
|    approx_kl            | 0.0038838678 |
|    clip_fraction        | 0.0234       |
|    clip_range           | 0.2          |
|    entropy_loss         | -2.62        |
|    explained_variance   | 0.00364      |
|    learning_rate        | 0.0003       |
|    loss                 | -0.0239      |
|    n_updates            | 14400        |
|    policy_gradient_loss | -0.00156     |
|    std                  | 0.901        |
|    value_loss           | 0.00212      |
------------------------------------------
------------------------------------------
| rollout/                |              |
|    ep_len_mean          | 115          |
|    ep_rew_mean          | -0.351       |
| time/                   |              |
|    fps                  | 75           |
|    iterations           | 386          |
|    time_elapsed         | 1308         |
|    total_timesteps      | 369152       |
| train/                  |              |
|    approx_kl            | 0.0049948217 |
|    clip_fraction        | 0.0762       |
|    clip_range           | 0.2          |
|    entropy_loss         | -2.62        |
|    explained_variance   | -0.00249     |
|    learning_rate        | 0.0003       |
|    loss                 | -0.0438      |
|    n_updates            | 14410        |
|    policy_gradient_loss | -0.00809     |
|    std                  | 0.901        |
|    value_loss           | 0.00221      |
------------------------------------------
-----------------------------------------
| rollout/                |             |
|    ep_len_mean          | 115         |
|    ep_rew_mean          | -0.35       |
| time/                   |             |
|    fps                  | 75          |
|    iterations           | 387         |
|    time_elapsed         | 1312        |
|    total_timesteps      | 369408      |
| train/                  |             |
|    approx_kl            | 0.004354839 |
|    clip_fraction        | 0.0254      |
|    clip_range           | 0.2         |
|    entropy_loss         | -2.62       |
|    explained_variance   | 0.000117    |
|    learning_rate        | 0.0003      |
|    loss                 | -0.0332     |
|    n_updates            | 14420       |
|    policy_gradient_loss | -0.00397    |
|    std                  | 0.898       |
|    value_loss           | 1.71        |
-----------------------------------------
------------------------------------------
| rollout/                |              |
|    ep_len_mean          | 115          |
|    ep_rew_mean          | -0.351       |
| time/                   |              |
|    fps                  | 75           |
|    iterations           | 388          |
|    time_elapsed         | 1315         |
|    total_timesteps      | 369664       |
| train/                  |              |
|    approx_kl            | 0.0048378804 |
|    clip_fraction        | 0.0203       |
|    clip_range           | 0.2          |
|    entropy_loss         | -2.61        |
|    explained_variance   | 0.0081       |
|    learning_rate        | 0.0003       |
|    loss                 | -0.0255      |
|    n_updates            | 14430        |
|    policy_gradient_loss | -0.00201     |
|    std                  | 0.895        |
|    value_loss           | 0.00226      |
------------------------------------------
------------------------------------------
| rollout/                |              |
|    ep_len_mean          | 115          |
|    ep_rew_mean          | -0.35        |
| time/                   |              |
|    fps                  | 75           |
|    iterations           | 389          |
|    time_elapsed         | 1317         |
|    total_timesteps      | 369920       |
| train/                  |              |
|    approx_kl            | 0.0049319332 |
|    clip_fraction        | 0.0184       |
|    clip_range           | 0.2          |
|    entropy_loss         | -2.61        |
|    explained_variance   | 0.000657     |
|    learning_rate        | 0.0003       |
|    loss                 | -0.0304      |
|    n_updates            | 14440        |
|    policy_gradient_loss | -0.00102     |
|    std                  | 0.895        |
|    value_loss           | 0.00224      |
------------------------------------------
-----------------------------------------
| rollout/                |             |
|    ep_len_mean          | 115         |
|    ep_rew_mean          | -0.35       |
| time/                   |             |
|    fps                  | 75          |
|    iterations           | 390         |
|    time_elapsed         | 1324        |
|    total_timesteps      | 370176      |
| train/                  |             |
|    approx_kl            | 0.006390821 |
|    clip_fraction        | 0.0469      |
|    clip_range           | 0.2         |
|    entropy_loss         | -2.61       |
|    explained_variance   | -0.00105    |
|    learning_rate        | 0.0003      |
|    loss                 | -0.0281     |
|    n_updates            | 14450       |
|    policy_gradient_loss | -0.00294    |
|    std                  | 0.895       |
|    value_loss           | 0.00197     |
-----------------------------------------
------------------------------------------
| rollout/                |              |
|    ep_len_mean          | 115          |
|    ep_rew_mean          | -0.35        |
| time/                   |              |
|    fps                  | 75           |
|    iterations           | 391          |
|    time_elapsed         | 1328         |
|    total_timesteps      | 370432       |
| train/                  |              |
|    approx_kl            | 0.0077683935 |
|    clip_fraction        | 0.0793       |
|    clip_range           | 0.2          |
|    entropy_loss         | -2.6         |
|    explained_variance   | 0.0153       |
|    learning_rate        | 0.0003       |
|    loss                 | -0.0481      |
|    n_updates            | 14460        |
|    policy_gradient_loss | -0.00704     |
|    std                  | 0.894        |
|    value_loss           | 0.00197      |
------------------------------------------
------------------------------------------
| rollout/                |              |
|    ep_len_mean          | 115          |
|    ep_rew_mean          | -0.35        |
| time/                   |              |
|    fps                  | 75           |
|    iterations           | 392          |
|    time_elapsed         | 1331         |
|    total_timesteps      | 370688       |
| train/                  |              |
|    approx_kl            | 0.0028077832 |
|    clip_fraction        | 0.0344       |
|    clip_range           | 0.2          |
|    entropy_loss         | -2.61        |
|    explained_variance   | 0.0376       |
|    learning_rate        | 0.0003       |
|    loss                 | -0.0284      |
|    n_updates            | 14470        |
|    policy_gradient_loss | -0.00321     |
|    std                  | 0.898        |
|    value_loss           | 0.00217      |
------------------------------------------
-----------------------------------------
| rollout/                |             |
|    ep_len_mean          | 115         |
|    ep_rew_mean          | -0.351      |
| time/                   |             |
|    fps                  | 75          |
|    iterations           | 393         |
|    time_elapsed         | 1333        |
|    total_timesteps      | 370944      |
| train/                  |             |
|    approx_kl            | 0.005831627 |
|    clip_fraction        | 0.0406      |
|    clip_range           | 0.2         |
|    entropy_loss         | -2.62       |
|    explained_variance   | -0.00259    |
|    learning_rate        | 0.0003      |
|    loss                 | -0.0283     |
|    n_updates            | 14480       |
|    policy_gradient_loss | -0.00371    |
|    std                  | 0.901       |
|    value_loss           | 0.00191     |
-----------------------------------------
----------------------------------------
| rollout/                |            |
|    ep_len_mean          | 116        |
|    ep_rew_mean          | -0.562     |
| time/                   |            |
|    fps                  | 75         |
|    iterations           | 394        |
|    time_elapsed         | 1338       |
|    total_timesteps      | 371200     |
| train/                  |            |
|    approx_kl            | 0.00675527 |
|    clip_fraction        | 0.0594     |
|    clip_range           | 0.2        |
|    entropy_loss         | -2.62      |
|    explained_variance   | 0.0345     |
|    learning_rate        | 0.0003     |
|    loss                 | -0.0365    |
|    n_updates            | 14490      |
|    policy_gradient_loss | -0.00412   |
|    std                  | 0.9        |
|    value_loss           | 0.00208    |
----------------------------------------
-----------------------------------------
| rollout/                |             |
|    ep_len_mean          | 116         |
|    ep_rew_mean          | -0.564      |
| time/                   |             |
|    fps                  | 75          |
|    iterations           | 395         |
|    time_elapsed         | 1342        |
|    total_timesteps      | 371456      |
| train/                  |             |
|    approx_kl            | 0.004643079 |
|    clip_fraction        | 0.0813      |
|    clip_range           | 0.2         |
|    entropy_loss         | -2.62       |
|    explained_variance   | 0.00674     |
|    learning_rate        | 0.0003      |
|    loss                 | -0.0411     |
|    n_updates            | 14500       |
|    policy_gradient_loss | -0.00704    |
|    std                  | 0.902       |
|    value_loss           | 0.00189     |
-----------------------------------------
----------------------------------------
| rollout/                |            |
|    ep_len_mean          | 116        |
|    ep_rew_mean          | -0.564     |
| time/                   |            |
|    fps                  | 75         |
|    iterations           | 396        |
|    time_elapsed         | 1345       |
|    total_timesteps      | 371712     |
| train/                  |            |
|    approx_kl            | 0.00735175 |
|    clip_fraction        | 0.0727     |
|    clip_range           | 0.2        |
|    entropy_loss         | -2.62      |
|    explained_variance   | 0.00246    |
|    learning_rate        | 0.0003     |
|    loss                 | -0.0359    |
|    n_updates            | 14510      |
|    policy_gradient_loss | -0.00637   |
|    std                  | 0.899      |
|    value_loss           | 0.00211    |
----------------------------------------
-----------------------------------------
| rollout/                |             |
|    ep_len_mean          | 116         |
|    ep_rew_mean          | -0.563      |
| time/                   |             |
|    fps                  | 75          |
|    iterations           | 397         |
|    time_elapsed         | 1349        |
|    total_timesteps      | 371968      |
| train/                  |             |
|    approx_kl            | 0.007706642 |
|    clip_fraction        | 0.0625      |
|    clip_range           | 0.2         |
|    entropy_loss         | -2.61       |
|    explained_variance   | 0.00642     |
|    learning_rate        | 0.0003      |
|    loss                 | -0.0174     |
|    n_updates            | 14520       |
|    policy_gradient_loss | -0.00757    |
|    std                  | 0.897       |
|    value_loss           | 0.00215     |
-----------------------------------------
------------------------------------------
| rollout/                |              |
|    ep_len_mean          | 116          |
|    ep_rew_mean          | -0.562       |
| time/                   |              |
|    fps                  | 75           |
|    iterations           | 398          |
|    time_elapsed         | 1352         |
|    total_timesteps      | 372224       |
| train/                  |              |
|    approx_kl            | 0.0037699926 |
|    clip_fraction        | 0.0516       |
|    clip_range           | 0.2          |
|    entropy_loss         | -2.62        |
|    explained_variance   | 0.00245      |
|    learning_rate        | 0.0003       |
|    loss                 | -0.039       |
|    n_updates            | 14530        |
|    policy_gradient_loss | -0.00789     |
|    std                  | 0.905        |
|    value_loss           | 0.00215      |
------------------------------------------
-----------------------------------------
| rollout/                |             |
|    ep_len_mean          | 116         |
|    ep_rew_mean          | -0.561      |
| time/                   |             |
|    fps                  | 75          |
|    iterations           | 399         |
|    time_elapsed         | 1360        |
|    total_timesteps      | 372480      |
| train/                  |             |
|    approx_kl            | 0.008838097 |
|    clip_fraction        | 0.133       |
|    clip_range           | 0.2         |
|    entropy_loss         | -2.63       |
|    explained_variance   | 0.0255      |
|    learning_rate        | 0.0003      |
|    loss                 | -0.0209     |
|    n_updates            | 14540       |
|    policy_gradient_loss | -0.0112     |
|    std                  | 0.911       |
|    value_loss           | 0.00171     |
-----------------------------------------
-----------------------------------------
| rollout/                |             |
|    ep_len_mean          | 116         |
|    ep_rew_mean          | -0.561      |
| time/                   |             |
|    fps                  | 75          |
|    iterations           | 400         |
|    time_elapsed         | 1363        |
|    total_timesteps      | 372736      |
| train/                  |             |
|    approx_kl            | 0.005496932 |
|    clip_fraction        | 0.0988      |
|    clip_range           | 0.2         |
|    entropy_loss         | -2.64       |
|    explained_variance   | -0.000749   |
|    learning_rate        | 0.0003      |
|    loss                 | -0.0275     |
|    n_updates            | 14550       |
|    policy_gradient_loss | -0.00648    |
|    std                  | 0.908       |
|    value_loss           | 0.00186     |
-----------------------------------------
------------------------------------------
| rollout/                |              |
|    ep_len_mean          | 116          |
|    ep_rew_mean          | -0.561       |
| time/                   |              |
|    fps                  | 75           |
|    iterations           | 401          |
|    time_elapsed         | 1367         |
|    total_timesteps      | 372992       |
| train/                  |              |
|    approx_kl            | 0.0063627865 |
|    clip_fraction        | 0.111        |
|    clip_range           | 0.2          |
|    entropy_loss         | -2.63        |
|    explained_variance   | -0.0236      |
|    learning_rate        | 0.0003       |
|    loss                 | -0.037       |
|    n_updates            | 14560        |
|    policy_gradient_loss | -0.00935     |
|    std                  | 0.906        |
|    value_loss           | 0.002        |
------------------------------------------
------------------------------------------
| rollout/                |              |
|    ep_len_mean          | 116          |
|    ep_rew_mean          | -0.562       |
| time/                   |              |
|    fps                  | 75           |
|    iterations           | 402          |
|    time_elapsed         | 1372         |
|    total_timesteps      | 373248       |
| train/                  |              |
|    approx_kl            | 0.0019727359 |
|    clip_fraction        | 0.00234      |
|    clip_range           | 0.2          |
|    entropy_loss         | -2.63        |
|    explained_variance   | 0.00173      |
|    learning_rate        | 0.0003       |
|    loss                 | -0.0241      |
|    n_updates            | 14570        |
|    policy_gradient_loss | -0.000922    |
|    std                  | 0.909        |
|    value_loss           | 0.00191      |
------------------------------------------
------------------------------------------
| rollout/                |              |
|    ep_len_mean          | 116          |
|    ep_rew_mean          | -0.562       |
| time/                   |              |
|    fps                  | 74           |
|    iterations           | 403          |
|    time_elapsed         | 1376         |
|    total_timesteps      | 373504       |
| train/                  |              |
|    approx_kl            | 0.0051500876 |
|    clip_fraction        | 0.0578       |
|    clip_range           | 0.2          |
|    entropy_loss         | -2.64        |
|    explained_variance   | 0.00791      |
|    learning_rate        | 0.0003       |
|    loss                 | -0.0309      |
|    n_updates            | 14580        |
|    policy_gradient_loss | -0.00379     |
|    std                  | 0.911        |
|    value_loss           | 0.0018       |
------------------------------------------
------------------------------------------
| rollout/                |              |
|    ep_len_mean          | 118          |
|    ep_rew_mean          | -0.774       |
| time/                   |              |
|    fps                  | 74           |
|    iterations           | 404          |
|    time_elapsed         | 1380         |
|    total_timesteps      | 373760       |
| train/                  |              |
|    approx_kl            | 0.0060749245 |
|    clip_fraction        | 0.0516       |
|    clip_range           | 0.2          |
|    entropy_loss         | -2.65        |
|    explained_variance   | 0.00468      |
|    learning_rate        | 0.0003       |
|    loss                 | -0.0559      |
|    n_updates            | 14590        |
|    policy_gradient_loss | -0.00683     |
|    std                  | 0.916        |
|    value_loss           | 0.00212      |
------------------------------------------
-----------------------------------------
| rollout/                |             |
|    ep_len_mean          | 118         |
|    ep_rew_mean          | -0.773      |
| time/                   |             |
|    fps                  | 74          |
|    iterations           | 405         |
|    time_elapsed         | 1383        |
|    total_timesteps      | 374016      |
| train/                  |             |
|    approx_kl            | 0.006646555 |
|    clip_fraction        | 0.0688      |
|    clip_range           | 0.2         |
|    entropy_loss         | -2.65       |
|    explained_variance   | -0.0158     |
|    learning_rate        | 0.0003      |
|    loss                 | -0.0537     |
|    n_updates            | 14600       |
|    policy_gradient_loss | -0.00857    |
|    std                  | 0.915       |
|    value_loss           | 0.00199     |
-----------------------------------------
------------------------------------------
| rollout/                |              |
|    ep_len_mean          | 118          |
|    ep_rew_mean          | -0.772       |
| time/                   |              |
|    fps                  | 74           |
|    iterations           | 406          |
|    time_elapsed         | 1385         |
|    total_timesteps      | 374272       |
| train/                  |              |
|    approx_kl            | 0.0064681573 |
|    clip_fraction        | 0.104        |
|    clip_range           | 0.2          |
|    entropy_loss         | -2.65        |
|    explained_variance   | -0.0124      |
|    learning_rate        | 0.0003       |
|    loss                 | -0.0591      |
|    n_updates            | 14610        |
|    policy_gradient_loss | -0.008       |
|    std                  | 0.914        |
|    value_loss           | 0.00184      |
------------------------------------------
------------------------------------------
| rollout/                |              |
|    ep_len_mean          | 118          |
|    ep_rew_mean          | -0.772       |
| time/                   |              |
|    fps                  | 75           |
|    iterations           | 407          |
|    time_elapsed         | 1388         |
|    total_timesteps      | 374528       |
| train/                  |              |
|    approx_kl            | 0.0035249353 |
|    clip_fraction        | 0.00313      |
|    clip_range           | 0.2          |
|    entropy_loss         | -2.65        |
|    explained_variance   | -0.011       |
|    learning_rate        | 0.0003       |
|    loss                 | -0.0284      |
|    n_updates            | 14620        |
|    policy_gradient_loss | -0.000466    |
|    std                  | 0.912        |
|    value_loss           | 0.00181      |
------------------------------------------
------------------------------------------
| rollout/                |              |
|    ep_len_mean          | 118          |
|    ep_rew_mean          | -0.773       |
| time/                   |              |
|    fps                  | 75           |
|    iterations           | 408          |
|    time_elapsed         | 1391         |
|    total_timesteps      | 374784       |
| train/                  |              |
|    approx_kl            | 0.0034805706 |
|    clip_fraction        | 0.00937      |
|    clip_range           | 0.2          |
|    entropy_loss         | -2.64        |
|    explained_variance   | 0.0116       |
|    learning_rate        | 0.0003       |
|    loss                 | -0.0349      |
|    n_updates            | 14630        |
|    policy_gradient_loss | -0.00275     |
|    std                  | 0.913        |
|    value_loss           | 0.00195      |
------------------------------------------
-----------------------------------------
| rollout/                |             |
|    ep_len_mean          | 118         |
|    ep_rew_mean          | -0.772      |
| time/                   |             |
|    fps                  | 75          |
|    iterations           | 409         |
|    time_elapsed         | 1394        |
|    total_timesteps      | 375040      |
| train/                  |             |
|    approx_kl            | 0.005081321 |
|    clip_fraction        | 0.0898      |
|    clip_range           | 0.2         |
|    entropy_loss         | -2.64       |
|    explained_variance   | 0.00879     |
|    learning_rate        | 0.0003      |
|    loss                 | -0.0246     |
|    n_updates            | 14640       |
|    policy_gradient_loss | -0.00638    |
|    std                  | 0.911       |
|    value_loss           | 0.00198     |
-----------------------------------------
----------------------------------------
| rollout/                |            |
|    ep_len_mean          | 118        |
|    ep_rew_mean          | -0.772     |
| time/                   |            |
|    fps                  | 75         |
|    iterations           | 410        |
|    time_elapsed         | 1396       |
|    total_timesteps      | 375296     |
| train/                  |            |
|    approx_kl            | 0.01053172 |
|    clip_fraction        | 0.0992     |
|    clip_range           | 0.2        |
|    entropy_loss         | -2.64      |
|    explained_variance   | -0.0093    |
|    learning_rate        | 0.0003     |
|    loss                 | -0.0223    |
|    n_updates            | 14650      |
|    policy_gradient_loss | -0.00702   |
|    std                  | 0.912      |
|    value_loss           | 0.00206    |
----------------------------------------
------------------------------------------
| rollout/                |              |
|    ep_len_mean          | 118          |
|    ep_rew_mean          | -0.772       |
| time/                   |              |
|    fps                  | 75           |
|    iterations           | 411          |
|    time_elapsed         | 1399         |
|    total_timesteps      | 375552       |
| train/                  |              |
|    approx_kl            | 0.0014142322 |
|    clip_fraction        | 0.00273      |
|    clip_range           | 0.2          |
|    entropy_loss         | -2.64        |
|    explained_variance   | 0.0241       |
|    learning_rate        | 0.0003       |
|    loss                 | -0.0235      |
|    n_updates            | 14660        |
|    policy_gradient_loss | -0.000475    |
|    std                  | 0.914        |
|    value_loss           | 0.00205      |
------------------------------------------
------------------------------------------
| rollout/                |              |
|    ep_len_mean          | 116          |
|    ep_rew_mean          | -0.562       |
| time/                   |              |
|    fps                  | 75           |
|    iterations           | 412          |
|    time_elapsed         | 1402         |
|    total_timesteps      | 375808       |
| train/                  |              |
|    approx_kl            | 0.0072533595 |
|    clip_fraction        | 0.0613       |
|    clip_range           | 0.2          |
|    entropy_loss         | -2.65        |
|    explained_variance   | -0.0066      |
|    learning_rate        | 0.0003       |
|    loss                 | -0.0218      |
|    n_updates            | 14670        |
|    policy_gradient_loss | -0.00835     |
|    std                  | 0.916        |
|    value_loss           | 0.00201      |
------------------------------------------
-----------------------------------------
| rollout/                |             |
|    ep_len_mean          | 115         |
|    ep_rew_mean          | -0.351      |
| time/                   |             |
|    fps                  | 75          |
|    iterations           | 413         |
|    time_elapsed         | 1405        |
|    total_timesteps      | 376064      |
| train/                  |             |
|    approx_kl            | 0.010322147 |
|    clip_fraction        | 0.0922      |
|    clip_range           | 0.2         |
|    entropy_loss         | -2.65       |
|    explained_variance   | -0.000392   |
|    learning_rate        | 0.0003      |
|    loss                 | -0.0521     |
|    n_updates            | 14680       |
|    policy_gradient_loss | -0.00786    |
|    std                  | 0.914       |
|    value_loss           | 1.72        |
-----------------------------------------
----------------------------------------
| rollout/                |            |
|    ep_len_mean          | 115        |
|    ep_rew_mean          | -0.352     |
| time/                   |            |
|    fps                  | 75         |
|    iterations           | 414        |
|    time_elapsed         | 1407       |
|    total_timesteps      | 376320     |
| train/                  |            |
|    approx_kl            | 0.00790647 |
|    clip_fraction        | 0.025      |
|    clip_range           | 0.2        |
|    entropy_loss         | -2.64      |
|    explained_variance   | 7.37e-05   |
|    learning_rate        | 0.0003     |
|    loss                 | 0.0241     |
|    n_updates            | 14690      |
|    policy_gradient_loss | -0.000803  |
|    std                  | 0.913      |
|    value_loss           | 1.71       |
----------------------------------------
----------------------------------------
| rollout/                |            |
|    ep_len_mean          | 115        |
|    ep_rew_mean          | -0.352     |
| time/                   |            |
|    fps                  | 75         |
|    iterations           | 415        |
|    time_elapsed         | 1412       |
|    total_timesteps      | 376576     |
| train/                  |            |
|    approx_kl            | 0.00707821 |
|    clip_fraction        | 0.0312     |
|    clip_range           | 0.2        |
|    entropy_loss         | -2.64      |
|    explained_variance   | -0.0144    |
|    learning_rate        | 0.0003     |
|    loss                 | -0.0367    |
|    n_updates            | 14700      |
|    policy_gradient_loss | -0.00224   |
|    std                  | 0.914      |
|    value_loss           | 0.00226    |
----------------------------------------
------------------------------------------
| rollout/                |              |
|    ep_len_mean          | 114          |
|    ep_rew_mean          | -0.14        |
| time/                   |              |
|    fps                  | 75           |
|    iterations           | 416          |
|    time_elapsed         | 1415         |
|    total_timesteps      | 376832       |
| train/                  |              |
|    approx_kl            | 0.0014346463 |
|    clip_fraction        | 0.0363       |
|    clip_range           | 0.2          |
|    entropy_loss         | -2.64        |
|    explained_variance   | 0.00318      |
|    learning_rate        | 0.0003       |
|    loss                 | -0.0251      |
|    n_updates            | 14710        |
|    policy_gradient_loss | -0.00334     |
|    std                  | 0.915        |
|    value_loss           | 0.0018       |
------------------------------------------
-----------------------------------------
| rollout/                |             |
|    ep_len_mean          | 114         |
|    ep_rew_mean          | -0.139      |
| time/                   |             |
|    fps                  | 75          |
|    iterations           | 417         |
|    time_elapsed         | 1417        |
|    total_timesteps      | 377088      |
| train/                  |             |
|    approx_kl            | 0.005147687 |
|    clip_fraction        | 0.138       |
|    clip_range           | 0.2         |
|    entropy_loss         | -2.65       |
|    explained_variance   | 7.37e-05    |
|    learning_rate        | 0.0003      |
|    loss                 | -0.0448     |
|    n_updates            | 14720       |
|    policy_gradient_loss | -0.00886    |
|    std                  | 0.916       |
|    value_loss           | 1.71        |
-----------------------------------------
-----------------------------------------
| rollout/                |             |
|    ep_len_mean          | 114         |
|    ep_rew_mean          | -0.139      |
| time/                   |             |
|    fps                  | 75          |
|    iterations           | 418         |
|    time_elapsed         | 1420        |
|    total_timesteps      | 377344      |
| train/                  |             |
|    approx_kl            | 0.006015172 |
|    clip_fraction        | 0.0625      |
|    clip_range           | 0.2         |
|    entropy_loss         | -2.65       |
|    explained_variance   | -0.0171     |
|    learning_rate        | 0.0003      |
|    loss                 | -0.0404     |
|    n_updates            | 14730       |
|    policy_gradient_loss | -0.00565    |
|    std                  | 0.919       |
|    value_loss           | 0.00243     |
-----------------------------------------
-----------------------------------------
| rollout/                |             |
|    ep_len_mean          | 114         |
|    ep_rew_mean          | -0.139      |
| time/                   |             |
|    fps                  | 75          |
|    iterations           | 419         |
|    time_elapsed         | 1424        |
|    total_timesteps      | 377600      |
| train/                  |             |
|    approx_kl            | 0.006667897 |
|    clip_fraction        | 0.018       |
|    clip_range           | 0.2         |
|    entropy_loss         | -2.65       |
|    explained_variance   | 0.0022      |
|    learning_rate        | 0.0003      |
|    loss                 | -0.0276     |
|    n_updates            | 14740       |
|    policy_gradient_loss | -0.00057    |
|    std                  | 0.915       |
|    value_loss           | 0.00227     |
-----------------------------------------
------------------------------------------
| rollout/                |              |
|    ep_len_mean          | 114          |
|    ep_rew_mean          | -0.14        |
| time/                   |              |
|    fps                  | 75           |
|    iterations           | 420          |
|    time_elapsed         | 1427         |
|    total_timesteps      | 377856       |
| train/                  |              |
|    approx_kl            | 0.0047035003 |
|    clip_fraction        | 0.0578       |
|    clip_range           | 0.2          |
|    entropy_loss         | -2.64        |
|    explained_variance   | -0.00274     |
|    learning_rate        | 0.0003       |
|    loss                 | -0.0179      |
|    n_updates            | 14750        |
|    policy_gradient_loss | -0.00619     |
|    std                  | 0.914        |
|    value_loss           | 0.00168      |
------------------------------------------
-----------------------------------------
| rollout/                |             |
|    ep_len_mean          | 114         |
|    ep_rew_mean          | -0.14       |
| time/                   |             |
|    fps                  | 75          |
|    iterations           | 421         |
|    time_elapsed         | 1429        |
|    total_timesteps      | 378112      |
| train/                  |             |
|    approx_kl            | 0.006494852 |
|    clip_fraction        | 0.0305      |
|    clip_range           | 0.2         |
|    entropy_loss         | -2.64       |
|    explained_variance   | 0.00451     |
|    learning_rate        | 0.0003      |
|    loss                 | -0.0108     |
|    n_updates            | 14760       |
|    policy_gradient_loss | -0.00161    |
|    std                  | 0.915       |
|    value_loss           | 0.00218     |
-----------------------------------------
----------------------------------------
| rollout/                |            |
|    ep_len_mean          | 114        |
|    ep_rew_mean          | -0.141     |
| time/                   |            |
|    fps                  | 75         |
|    iterations           | 422        |
|    time_elapsed         | 1434       |
|    total_timesteps      | 378368     |
| train/                  |            |
|    approx_kl            | 0.00483732 |
|    clip_fraction        | 0.0137     |
|    clip_range           | 0.2        |
|    entropy_loss         | -2.65      |
|    explained_variance   | -0.000455  |
|    learning_rate        | 0.0003     |
|    loss                 | -0.0201    |
|    n_updates            | 14770      |
|    policy_gradient_loss | -0.00202   |
|    std                  | 0.921      |
|    value_loss           | 0.00182    |
----------------------------------------
-----------------------------------------
| rollout/                |             |
|    ep_len_mean          | 114         |
|    ep_rew_mean          | -0.141      |
| time/                   |             |
|    fps                  | 75          |
|    iterations           | 423         |
|    time_elapsed         | 1437        |
|    total_timesteps      | 378624      |
| train/                  |             |
|    approx_kl            | 0.008195591 |
|    clip_fraction        | 0.0773      |
|    clip_range           | 0.2         |
|    entropy_loss         | -2.66       |
|    explained_variance   | -0.000643   |
|    learning_rate        | 0.0003      |
|    loss                 | -0.0458     |
|    n_updates            | 14780       |
|    policy_gradient_loss | -0.00677    |
|    std                  | 0.925       |
|    value_loss           | 0.00203     |
-----------------------------------------
------------------------------------------
| rollout/                |              |
|    ep_len_mean          | 114          |
|    ep_rew_mean          | -0.139       |
| time/                   |              |
|    fps                  | 75           |
|    iterations           | 424          |
|    time_elapsed         | 1441         |
|    total_timesteps      | 378880       |
| train/                  |              |
|    approx_kl            | 0.0026998066 |
|    clip_fraction        | 0.0203       |
|    clip_range           | 0.2          |
|    entropy_loss         | -2.67        |
|    explained_variance   | 0.00446      |
|    learning_rate        | 0.0003       |
|    loss                 | -0.0209      |
|    n_updates            | 14790        |
|    policy_gradient_loss | -0.00239     |
|    std                  | 0.925        |
|    value_loss           | 0.0018       |
------------------------------------------
------------------------------------------
| rollout/                |              |
|    ep_len_mean          | 114          |
|    ep_rew_mean          | -0.139       |
| time/                   |              |
|    fps                  | 75           |
|    iterations           | 425          |
|    time_elapsed         | 1445         |
|    total_timesteps      | 379136       |
| train/                  |              |
|    approx_kl            | 0.0072094845 |
|    clip_fraction        | 0.0984       |
|    clip_range           | 0.2          |
|    entropy_loss         | -2.67        |
|    explained_variance   | 0.0105       |
|    learning_rate        | 0.0003       |
|    loss                 | -0.0546      |
|    n_updates            | 14800        |
|    policy_gradient_loss | -0.0095      |
|    std                  | 0.93         |
|    value_loss           | 0.00213      |
------------------------------------------
-----------------------------------------
| rollout/                |             |
|    ep_len_mean          | 114         |
|    ep_rew_mean          | -0.139      |
| time/                   |             |
|    fps                  | 75          |
|    iterations           | 426         |
|    time_elapsed         | 1448        |
|    total_timesteps      | 379392      |
| train/                  |             |
|    approx_kl            | 0.007525152 |
|    clip_fraction        | 0.0867      |
|    clip_range           | 0.2         |
|    entropy_loss         | -2.68       |
|    explained_variance   | -0.00959    |
|    learning_rate        | 0.0003      |
|    loss                 | -0.0578     |
|    n_updates            | 14810       |
|    policy_gradient_loss | -0.00792    |
|    std                  | 0.932       |
|    value_loss           | 0.0018      |
-----------------------------------------
-----------------------------------------
| rollout/                |             |
|    ep_len_mean          | 114         |
|    ep_rew_mean          | -0.138      |
| time/                   |             |
|    fps                  | 75          |
|    iterations           | 427         |
|    time_elapsed         | 1451        |
|    total_timesteps      | 379648      |
| train/                  |             |
|    approx_kl            | 0.005746605 |
|    clip_fraction        | 0.0996      |
|    clip_range           | 0.2         |
|    entropy_loss         | -2.68       |
|    explained_variance   | 0.00298     |
|    learning_rate        | 0.0003      |
|    loss                 | -0.0209     |
|    n_updates            | 14820       |
|    policy_gradient_loss | -0.00774    |
|    std                  | 0.929       |
|    value_loss           | 0.00202     |
-----------------------------------------
------------------------------------------
| rollout/                |              |
|    ep_len_mean          | 115          |
|    ep_rew_mean          | -0.351       |
| time/                   |              |
|    fps                  | 75           |
|    iterations           | 428          |
|    time_elapsed         | 1455         |
|    total_timesteps      | 379904       |
| train/                  |              |
|    approx_kl            | 0.0053150095 |
|    clip_fraction        | 0.0414       |
|    clip_range           | 0.2          |
|    entropy_loss         | -2.67        |
|    explained_variance   | -0.00179     |
|    learning_rate        | 0.0003       |
|    loss                 | -0.0348      |
|    n_updates            | 14830        |
|    policy_gradient_loss | -0.00405     |
|    std                  | 0.925        |
|    value_loss           | 0.00199      |
------------------------------------------
-----------------------------------------
| rollout/                |             |
|    ep_len_mean          | 115         |
|    ep_rew_mean          | -0.351      |
| time/                   |             |
|    fps                  | 75          |
|    iterations           | 429         |
|    time_elapsed         | 1461        |
|    total_timesteps      | 380160      |
| train/                  |             |
|    approx_kl            | 0.007707178 |
|    clip_fraction        | 0.109       |
|    clip_range           | 0.2         |
|    entropy_loss         | -2.67       |
|    explained_variance   | 0.0058      |
|    learning_rate        | 0.0003      |
|    loss                 | -0.0276     |
|    n_updates            | 14840       |
|    policy_gradient_loss | -0.01       |
|    std                  | 0.923       |
|    value_loss           | 0.00209     |
-----------------------------------------
------------------------------------------
| rollout/                |              |
|    ep_len_mean          | 115          |
|    ep_rew_mean          | -0.353       |
| time/                   |              |
|    fps                  | 75           |
|    iterations           | 430          |
|    time_elapsed         | 1466         |
|    total_timesteps      | 380416       |
| train/                  |              |
|    approx_kl            | 0.0017923024 |
|    clip_fraction        | 0.000781     |
|    clip_range           | 0.2          |
|    entropy_loss         | -2.67        |
|    explained_variance   | -0.000534    |
|    learning_rate        | 0.0003       |
|    loss                 | -0.0248      |
|    n_updates            | 14850        |
|    policy_gradient_loss | -0.000331    |
|    std                  | 0.926        |
|    value_loss           | 0.00218      |
------------------------------------------
-----------------------------------------
| rollout/                |             |
|    ep_len_mean          | 115         |
|    ep_rew_mean          | -0.352      |
| time/                   |             |
|    fps                  | 75          |
|    iterations           | 431         |
|    time_elapsed         | 1468        |
|    total_timesteps      | 380672      |
| train/                  |             |
|    approx_kl            | 0.004506465 |
|    clip_fraction        | 0.0449      |
|    clip_range           | 0.2         |
|    entropy_loss         | -2.67       |
|    explained_variance   | 0.0017      |
|    learning_rate        | 0.0003      |
|    loss                 | -0.0274     |
|    n_updates            | 14860       |
|    policy_gradient_loss | -0.00401    |
|    std                  | 0.923       |
|    value_loss           | 0.0021      |
-----------------------------------------
------------------------------------------
| rollout/                |              |
|    ep_len_mean          | 116          |
|    ep_rew_mean          | -0.562       |
| time/                   |              |
|    fps                  | 75           |
|    iterations           | 432          |
|    time_elapsed         | 1471         |
|    total_timesteps      | 380928       |
| train/                  |              |
|    approx_kl            | 0.0064978832 |
|    clip_fraction        | 0.104        |
|    clip_range           | 0.2          |
|    entropy_loss         | -2.66        |
|    explained_variance   | 0.00319      |
|    learning_rate        | 0.0003       |
|    loss                 | -0.0434      |
|    n_updates            | 14870        |
|    policy_gradient_loss | -0.011       |
|    std                  | 0.924        |
|    value_loss           | 0.00182      |
------------------------------------------
-----------------------------------------
| rollout/                |             |
|    ep_len_mean          | 116         |
|    ep_rew_mean          | -0.562      |
| time/                   |             |
|    fps                  | 75          |
|    iterations           | 433         |
|    time_elapsed         | 1475        |
|    total_timesteps      | 381184      |
| train/                  |             |
|    approx_kl            | 0.007879169 |
|    clip_fraction        | 0.132       |
|    clip_range           | 0.2         |
|    entropy_loss         | -2.67       |
|    explained_variance   | -0.00453    |
|    learning_rate        | 0.0003      |
|    loss                 | -0.0169     |
|    n_updates            | 14880       |
|    policy_gradient_loss | -0.00891    |
|    std                  | 0.926       |
|    value_loss           | 0.00191     |
-----------------------------------------
----------------------------------------
| rollout/                |            |
|    ep_len_mean          | 116        |
|    ep_rew_mean          | -0.562     |
| time/                   |            |
|    fps                  | 75         |
|    iterations           | 434        |
|    time_elapsed         | 1478       |
|    total_timesteps      | 381440     |
| train/                  |            |
|    approx_kl            | 0.00839592 |
|    clip_fraction        | 0.0469     |
|    clip_range           | 0.2        |
|    entropy_loss         | -2.67      |
|    explained_variance   | 0.00409    |
|    learning_rate        | 0.0003     |
|    loss                 | -0.0187    |
|    n_updates            | 14890      |
|    policy_gradient_loss | -0.000723  |
|    std                  | 0.925      |
|    value_loss           | 0.00219    |
----------------------------------------
------------------------------------------
| rollout/                |              |
|    ep_len_mean          | 116          |
|    ep_rew_mean          | -0.562       |
| time/                   |              |
|    fps                  | 75           |
|    iterations           | 435          |
|    time_elapsed         | 1482         |
|    total_timesteps      | 381696       |
| train/                  |              |
|    approx_kl            | 0.0064983894 |
|    clip_fraction        | 0.0777       |
|    clip_range           | 0.2          |
|    entropy_loss         | -2.67        |
|    explained_variance   | 0.0024       |
|    learning_rate        | 0.0003       |
|    loss                 | -0.0241      |
|    n_updates            | 14900        |
|    policy_gradient_loss | -0.00956     |
|    std                  | 0.92         |
|    value_loss           | 0.0018       |
------------------------------------------
-----------------------------------------
| rollout/                |             |
|    ep_len_mean          | 116         |
|    ep_rew_mean          | -0.563      |
| time/                   |             |
|    fps                  | 75          |
|    iterations           | 436         |
|    time_elapsed         | 1485        |
|    total_timesteps      | 381952      |
| train/                  |             |
|    approx_kl            | 0.005003123 |
|    clip_fraction        | 0.0563      |
|    clip_range           | 0.2         |
|    entropy_loss         | -2.65       |
|    explained_variance   | -0.00269    |
|    learning_rate        | 0.0003      |
|    loss                 | -0.0295     |
|    n_updates            | 14910       |
|    policy_gradient_loss | -0.00518    |
|    std                  | 0.914       |
|    value_loss           | 0.00201     |
-----------------------------------------
------------------------------------------
| rollout/                |              |
|    ep_len_mean          | 116          |
|    ep_rew_mean          | -0.563       |
| time/                   |              |
|    fps                  | 75           |
|    iterations           | 437          |
|    time_elapsed         | 1488         |
|    total_timesteps      | 382208       |
| train/                  |              |
|    approx_kl            | 0.0044763032 |
|    clip_fraction        | 0.0445       |
|    clip_range           | 0.2          |
|    entropy_loss         | -2.64        |
|    explained_variance   | 0.00921      |
|    learning_rate        | 0.0003       |
|    loss                 | -0.0198      |
|    n_updates            | 14920        |
|    policy_gradient_loss | -0.00327     |
|    std                  | 0.913        |
|    value_loss           | 0.002        |
------------------------------------------
------------------------------------------
| rollout/                |              |
|    ep_len_mean          | 116          |
|    ep_rew_mean          | -0.562       |
| time/                   |              |
|    fps                  | 75           |
|    iterations           | 438          |
|    time_elapsed         | 1490         |
|    total_timesteps      | 382464       |
| train/                  |              |
|    approx_kl            | 0.0037284608 |
|    clip_fraction        | 0.0516       |
|    clip_range           | 0.2          |
|    entropy_loss         | -2.64        |
|    explained_variance   | -0.00133     |
|    learning_rate        | 0.0003       |
|    loss                 | -0.0275      |
|    n_updates            | 14930        |
|    policy_gradient_loss | -0.00428     |
|    std                  | 0.914        |
|    value_loss           | 0.0021       |
------------------------------------------
------------------------------------------
| rollout/                |              |
|    ep_len_mean          | 116          |
|    ep_rew_mean          | -0.563       |
| time/                   |              |
|    fps                  | 75           |
|    iterations           | 439          |
|    time_elapsed         | 1493         |
|    total_timesteps      | 382720       |
| train/                  |              |
|    approx_kl            | 0.0062897876 |
|    clip_fraction        | 0.0813       |
|    clip_range           | 0.2          |
|    entropy_loss         | -2.64        |
|    explained_variance   | -0.00544     |
|    learning_rate        | 0.0003       |
|    loss                 | -0.0336      |
|    n_updates            | 14940        |
|    policy_gradient_loss | -0.00639     |
|    std                  | 0.913        |
|    value_loss           | 0.00193      |
------------------------------------------
------------------------------------------
| rollout/                |              |
|    ep_len_mean          | 116          |
|    ep_rew_mean          | -0.561       |
| time/                   |              |
|    fps                  | 75           |
|    iterations           | 440          |
|    time_elapsed         | 1496         |
|    total_timesteps      | 382976       |
| train/                  |              |
|    approx_kl            | 0.0050078724 |
|    clip_fraction        | 0.0523       |
|    clip_range           | 0.2          |
|    entropy_loss         | -2.64        |
|    explained_variance   | -0.0171      |
|    learning_rate        | 0.0003       |
|    loss                 | -0.0346      |
|    n_updates            | 14950        |
|    policy_gradient_loss | -0.00552     |
|    std                  | 0.911        |
|    value_loss           | 0.00217      |
------------------------------------------
------------------------------------------
| rollout/                |              |
|    ep_len_mean          | 116          |
|    ep_rew_mean          | -0.562       |
| time/                   |              |
|    fps                  | 75           |
|    iterations           | 441          |
|    time_elapsed         | 1500         |
|    total_timesteps      | 383232       |
| train/                  |              |
|    approx_kl            | 0.0033636857 |
|    clip_fraction        | 0.0363       |
|    clip_range           | 0.2          |
|    entropy_loss         | -2.64        |
|    explained_variance   | 0.00242      |
|    learning_rate        | 0.0003       |
|    loss                 | -0.0248      |
|    n_updates            | 14960        |
|    policy_gradient_loss | -0.0034      |
|    std                  | 0.91         |
|    value_loss           | 0.00182      |
------------------------------------------
-------------------------------------------
| rollout/                |               |
|    ep_len_mean          | 116           |
|    ep_rew_mean          | -0.562        |
| time/                   |               |
|    fps                  | 75            |
|    iterations           | 442           |
|    time_elapsed         | 1503          |
|    total_timesteps      | 383488        |
| train/                  |               |
|    approx_kl            | 0.00014302717 |
|    clip_fraction        | 0             |
|    clip_range           | 0.2           |
|    entropy_loss         | -2.63         |
|    explained_variance   | 0.000378      |
|    learning_rate        | 0.0003        |
|    loss                 | -0.0263       |
|    n_updates            | 14970         |
|    policy_gradient_loss | 0.000219      |
|    std                  | 0.907         |
|    value_loss           | 0.00189       |
-------------------------------------------
------------------------------------------
| rollout/                |              |
|    ep_len_mean          | 116          |
|    ep_rew_mean          | -0.563       |
| time/                   |              |
|    fps                  | 75           |
|    iterations           | 443          |
|    time_elapsed         | 1505         |
|    total_timesteps      | 383744       |
| train/                  |              |
|    approx_kl            | 0.0017728235 |
|    clip_fraction        | 0.043        |
|    clip_range           | 0.2          |
|    entropy_loss         | -2.63        |
|    explained_variance   | 0.00539      |
|    learning_rate        | 0.0003       |
|    loss                 | -0.0246      |
|    n_updates            | 14980        |
|    policy_gradient_loss | -0.00357     |
|    std                  | 0.91         |
|    value_loss           | 0.00172      |
------------------------------------------
-----------------------------------------
| rollout/                |             |
|    ep_len_mean          | 116         |
|    ep_rew_mean          | -0.562      |
| time/                   |             |
|    fps                  | 75          |
|    iterations           | 444         |
|    time_elapsed         | 1510        |
|    total_timesteps      | 384000      |
| train/                  |             |
|    approx_kl            | 0.007399523 |
|    clip_fraction        | 0.103       |
|    clip_range           | 0.2         |
|    entropy_loss         | -2.64       |
|    explained_variance   | -0.0134     |
|    learning_rate        | 0.0003      |
|    loss                 | -0.0607     |
|    n_updates            | 14990       |
|    policy_gradient_loss | -0.0125     |
|    std                  | 0.916       |
|    value_loss           | 0.00186     |
-----------------------------------------
------------------------------------------
| rollout/                |              |
|    ep_len_mean          | 116          |
|    ep_rew_mean          | -0.564       |
| time/                   |              |
|    fps                  | 75           |
|    iterations           | 445          |
|    time_elapsed         | 1512         |
|    total_timesteps      | 384256       |
| train/                  |              |
|    approx_kl            | 0.0052598617 |
|    clip_fraction        | 0.0477       |
|    clip_range           | 0.2          |
|    entropy_loss         | -2.65        |
|    explained_variance   | 0.00182      |
|    learning_rate        | 0.0003       |
|    loss                 | -0.0225      |
|    n_updates            | 15000        |
|    policy_gradient_loss | -0.00307     |
|    std                  | 0.916        |
|    value_loss           | 0.00156      |
------------------------------------------
-----------------------------------------
| rollout/                |             |
|    ep_len_mean          | 115         |
|    ep_rew_mean          | -0.35       |
| time/                   |             |
|    fps                  | 75          |
|    iterations           | 446         |
|    time_elapsed         | 1519        |
|    total_timesteps      | 384512      |
| train/                  |             |
|    approx_kl            | 0.006005808 |
|    clip_fraction        | 0.0621      |
|    clip_range           | 0.2         |
|    entropy_loss         | -2.65       |
|    explained_variance   | -0.000739   |
|    learning_rate        | 0.0003      |
|    loss                 | -0.0342     |
|    n_updates            | 15010       |
|    policy_gradient_loss | -0.00549    |
|    std                  | 0.918       |
|    value_loss           | 0.0017      |
-----------------------------------------
-----------------------------------------
| rollout/                |             |
|    ep_len_mean          | 115         |
|    ep_rew_mean          | -0.348      |
| time/                   |             |
|    fps                  | 75          |
|    iterations           | 447         |
|    time_elapsed         | 1522        |
|    total_timesteps      | 384768      |
| train/                  |             |
|    approx_kl            | 0.004395525 |
|    clip_fraction        | 0.0512      |
|    clip_range           | 0.2         |
|    entropy_loss         | -2.66       |
|    explained_variance   | -4.1e-05    |
|    learning_rate        | 0.0003      |
|    loss                 | -0.00623    |
|    n_updates            | 15020       |
|    policy_gradient_loss | -0.00428    |
|    std                  | 0.918       |
|    value_loss           | 1.72        |
-----------------------------------------
------------------------------------------
| rollout/                |              |
|    ep_len_mean          | 115          |
|    ep_rew_mean          | -0.349       |
| time/                   |              |
|    fps                  | 75           |
|    iterations           | 448          |
|    time_elapsed         | 1524         |
|    total_timesteps      | 385024       |
| train/                  |              |
|    approx_kl            | 0.0067846756 |
|    clip_fraction        | 0.118        |
|    clip_range           | 0.2          |
|    entropy_loss         | -2.66        |
|    explained_variance   | -0.00129     |
|    learning_rate        | 0.0003       |
|    loss                 | -0.0459      |
|    n_updates            | 15030        |
|    policy_gradient_loss | -0.0105      |
|    std                  | 0.919        |
|    value_loss           | 0.00213      |
------------------------------------------
----------------------------------------
| rollout/                |            |
|    ep_len_mean          | 115        |
|    ep_rew_mean          | -0.349     |
| time/                   |            |
|    fps                  | 75         |
|    iterations           | 449        |
|    time_elapsed         | 1529       |
|    total_timesteps      | 385280     |
| train/                  |            |
|    approx_kl            | 0.00425906 |
|    clip_fraction        | 0.0391     |
|    clip_range           | 0.2        |
|    entropy_loss         | -2.66      |
|    explained_variance   | 0.00423    |
|    learning_rate        | 0.0003     |
|    loss                 | -0.0345    |
|    n_updates            | 15040      |
|    policy_gradient_loss | -0.00231   |
|    std                  | 0.919      |
|    value_loss           | 0.00199    |
----------------------------------------
-----------------------------------------
| rollout/                |             |
|    ep_len_mean          | 115         |
|    ep_rew_mean          | -0.349      |
| time/                   |             |
|    fps                  | 75          |
|    iterations           | 450         |
|    time_elapsed         | 1531        |
|    total_timesteps      | 385536      |
| train/                  |             |
|    approx_kl            | 0.004353483 |
|    clip_fraction        | 0.0281      |
|    clip_range           | 0.2         |
|    entropy_loss         | -2.66       |
|    explained_variance   | -0.00724    |
|    learning_rate        | 0.0003      |
|    loss                 | -0.019      |
|    n_updates            | 15050       |
|    policy_gradient_loss | -0.00334    |
|    std                  | 0.917       |
|    value_loss           | 0.00189     |
-----------------------------------------
------------------------------------------
| rollout/                |              |
|    ep_len_mean          | 115          |
|    ep_rew_mean          | -0.35        |
| time/                   |              |
|    fps                  | 75           |
|    iterations           | 451          |
|    time_elapsed         | 1534         |
|    total_timesteps      | 385792       |
| train/                  |              |
|    approx_kl            | 0.0030650052 |
|    clip_fraction        | 0.0121       |
|    clip_range           | 0.2          |
|    entropy_loss         | -2.65        |
|    explained_variance   | -0.00418     |
|    learning_rate        | 0.0003       |
|    loss                 | -0.0156      |
|    n_updates            | 15060        |
|    policy_gradient_loss | -0.00201     |
|    std                  | 0.915        |
|    value_loss           | 0.00197      |
------------------------------------------
------------------------------------------
| rollout/                |              |
|    ep_len_mean          | 115          |
|    ep_rew_mean          | -0.349       |
| time/                   |              |
|    fps                  | 75           |
|    iterations           | 452          |
|    time_elapsed         | 1537         |
|    total_timesteps      | 386048       |
| train/                  |              |
|    approx_kl            | 0.0054075895 |
|    clip_fraction        | 0.1          |
|    clip_range           | 0.2          |
|    entropy_loss         | -2.65        |
|    explained_variance   | -0.00102     |
|    learning_rate        | 0.0003       |
|    loss                 | -0.0531      |
|    n_updates            | 15070        |
|    policy_gradient_loss | -0.00617     |
|    std                  | 0.913        |
|    value_loss           | 0.00188      |
------------------------------------------
-----------------------------------------
| rollout/                |             |
|    ep_len_mean          | 115         |
|    ep_rew_mean          | -0.35       |
| time/                   |             |
|    fps                  | 75          |
|    iterations           | 453         |
|    time_elapsed         | 1541        |
|    total_timesteps      | 386304      |
| train/                  |             |
|    approx_kl            | 0.005359584 |
|    clip_fraction        | 0.084       |
|    clip_range           | 0.2         |
|    entropy_loss         | -2.64       |
|    explained_variance   | -0.000153   |
|    learning_rate        | 0.0003      |
|    loss                 | -0.0337     |
|    n_updates            | 15080       |
|    policy_gradient_loss | -0.00272    |
|    std                  | 0.914       |
|    value_loss           | 0.00185     |
-----------------------------------------
----------------------------------------
| rollout/                |            |
|    ep_len_mean          | 115        |
|    ep_rew_mean          | -0.348     |
| time/                   |            |
|    fps                  | 75         |
|    iterations           | 454        |
|    time_elapsed         | 1543       |
|    total_timesteps      | 386560     |
| train/                  |            |
|    approx_kl            | 0.01017653 |
|    clip_fraction        | 0.0664     |
|    clip_range           | 0.2        |
|    entropy_loss         | -2.64      |
|    explained_variance   | 0.000558   |
|    learning_rate        | 0.0003     |
|    loss                 | -0.00895   |
|    n_updates            | 15090      |
|    policy_gradient_loss | -0.00402   |
|    std                  | 0.911      |
|    value_loss           | 0.00215    |
----------------------------------------
-----------------------------------------
| rollout/                |             |
|    ep_len_mean          | 115         |
|    ep_rew_mean          | -0.349      |
| time/                   |             |
|    fps                  | 75          |
|    iterations           | 455         |
|    time_elapsed         | 1546        |
|    total_timesteps      | 386816      |
| train/                  |             |
|    approx_kl            | 0.005984398 |
|    clip_fraction        | 0.0426      |
|    clip_range           | 0.2         |
|    entropy_loss         | -2.64       |
|    explained_variance   | 0.00345     |
|    learning_rate        | 0.0003      |
|    loss                 | -0.0319     |
|    n_updates            | 15100       |
|    policy_gradient_loss | -0.00274    |
|    std                  | 0.911       |
|    value_loss           | 0.00214     |
-----------------------------------------
-----------------------------------------
| rollout/                |             |
|    ep_len_mean          | 115         |
|    ep_rew_mean          | -0.349      |
| time/                   |             |
|    fps                  | 75          |
|    iterations           | 456         |
|    time_elapsed         | 1549        |
|    total_timesteps      | 387072      |
| train/                  |             |
|    approx_kl            | 0.007467595 |
|    clip_fraction        | 0.129       |
|    clip_range           | 0.2         |
|    entropy_loss         | -2.64       |
|    explained_variance   | -0.00682    |
|    learning_rate        | 0.0003      |
|    loss                 | -0.0516     |
|    n_updates            | 15110       |
|    policy_gradient_loss | -0.0148     |
|    std                  | 0.911       |
|    value_loss           | 0.00212     |
-----------------------------------------
------------------------------------------
| rollout/                |              |
|    ep_len_mean          | 115          |
|    ep_rew_mean          | -0.348       |
| time/                   |              |
|    fps                  | 75           |
|    iterations           | 457          |
|    time_elapsed         | 1555         |
|    total_timesteps      | 387328       |
| train/                  |              |
|    approx_kl            | 0.0051567312 |
|    clip_fraction        | 0.0152       |
|    clip_range           | 0.2          |
|    entropy_loss         | -2.63        |
|    explained_variance   | 0.00527      |
|    learning_rate        | 0.0003       |
|    loss                 | 0.000813     |
|    n_updates            | 15120        |
|    policy_gradient_loss | -0.00208     |
|    std                  | 0.906        |
|    value_loss           | 0.00216      |
------------------------------------------
------------------------------------------
| rollout/                |              |
|    ep_len_mean          | 116          |
|    ep_rew_mean          | -0.559       |
| time/                   |              |
|    fps                  | 75           |
|    iterations           | 458          |
|    time_elapsed         | 1559         |
|    total_timesteps      | 387584       |
| train/                  |              |
|    approx_kl            | 0.0035820773 |
|    clip_fraction        | 0.0492       |
|    clip_range           | 0.2          |
|    entropy_loss         | -2.63        |
|    explained_variance   | -0.00144     |
|    learning_rate        | 0.0003       |
|    loss                 | -0.0271      |
|    n_updates            | 15130        |
|    policy_gradient_loss | -0.00572     |
|    std                  | 0.908        |
|    value_loss           | 0.00226      |
------------------------------------------
------------------------------------------
| rollout/                |              |
|    ep_len_mean          | 118          |
|    ep_rew_mean          | -0.771       |
| time/                   |              |
|    fps                  | 75           |
|    iterations           | 459          |
|    time_elapsed         | 1565         |
|    total_timesteps      | 387840       |
| train/                  |              |
|    approx_kl            | 0.0060658236 |
|    clip_fraction        | 0.0355       |
|    clip_range           | 0.2          |
|    entropy_loss         | -2.63        |
|    explained_variance   | 0.00796      |
|    learning_rate        | 0.0003       |
|    loss                 | -0.033       |
|    n_updates            | 15140        |
|    policy_gradient_loss | -0.00419     |
|    std                  | 0.908        |
|    value_loss           | 0.00185      |
------------------------------------------
-----------------------------------------
| rollout/                |             |
|    ep_len_mean          | 118         |
|    ep_rew_mean          | -0.773      |
| time/                   |             |
|    fps                  | 75          |
|    iterations           | 460         |
|    time_elapsed         | 1568        |
|    total_timesteps      | 388096      |
| train/                  |             |
|    approx_kl            | 0.008149306 |
|    clip_fraction        | 0.0867      |
|    clip_range           | 0.2         |
|    entropy_loss         | -2.63       |
|    explained_variance   | -0.0119     |
|    learning_rate        | 0.0003      |
|    loss                 | -0.0426     |
|    n_updates            | 15150       |
|    policy_gradient_loss | -0.00925    |
|    std                  | 0.903       |
|    value_loss           | 0.00203     |
-----------------------------------------
-----------------------------------------
| rollout/                |             |
|    ep_len_mean          | 118         |
|    ep_rew_mean          | -0.773      |
| time/                   |             |
|    fps                  | 75          |
|    iterations           | 461         |
|    time_elapsed         | 1571        |
|    total_timesteps      | 388352      |
| train/                  |             |
|    approx_kl            | 0.005964587 |
|    clip_fraction        | 0.0539      |
|    clip_range           | 0.2         |
|    entropy_loss         | -2.62       |
|    explained_variance   | 0.000873    |
|    learning_rate        | 0.0003      |
|    loss                 | -0.0476     |
|    n_updates            | 15160       |
|    policy_gradient_loss | -0.00666    |
|    std                  | 0.901       |
|    value_loss           | 0.00202     |
-----------------------------------------
-----------------------------------------
| rollout/                |             |
|    ep_len_mean          | 119         |
|    ep_rew_mean          | -0.985      |
| time/                   |             |
|    fps                  | 75          |
|    iterations           | 462         |
|    time_elapsed         | 1574        |
|    total_timesteps      | 388608      |
| train/                  |             |
|    approx_kl            | 0.003675569 |
|    clip_fraction        | 0.0246      |
|    clip_range           | 0.2         |
|    entropy_loss         | -2.61       |
|    explained_variance   | -0.000269   |
|    learning_rate        | 0.0003      |
|    loss                 | -0.04       |
|    n_updates            | 15170       |
|    policy_gradient_loss | -0.00154    |
|    std                  | 0.898       |
|    value_loss           | 0.00221     |
-----------------------------------------
------------------------------------------
| rollout/                |              |
|    ep_len_mean          | 119          |
|    ep_rew_mean          | -0.986       |
| time/                   |              |
|    fps                  | 75           |
|    iterations           | 463          |
|    time_elapsed         | 1576         |
|    total_timesteps      | 388864       |
| train/                  |              |
|    approx_kl            | 0.0057297265 |
|    clip_fraction        | 0.0363       |
|    clip_range           | 0.2          |
|    entropy_loss         | -2.6         |
|    explained_variance   | -0.0031      |
|    learning_rate        | 0.0003       |
|    loss                 | -0.0181      |
|    n_updates            | 15180        |
|    policy_gradient_loss | -0.00233     |
|    std                  | 0.896        |
|    value_loss           | 0.00209      |
------------------------------------------
------------------------------------------
| rollout/                |              |
|    ep_len_mean          | 119          |
|    ep_rew_mean          | -0.986       |
| time/                   |              |
|    fps                  | 75           |
|    iterations           | 464          |
|    time_elapsed         | 1579         |
|    total_timesteps      | 389120       |
| train/                  |              |
|    approx_kl            | 0.0041524163 |
|    clip_fraction        | 0.0531       |
|    clip_range           | 0.2          |
|    entropy_loss         | -2.6         |
|    explained_variance   | 0.000205     |
|    learning_rate        | 0.0003       |
|    loss                 | -0.031       |
|    n_updates            | 15190        |
|    policy_gradient_loss | -0.00427     |
|    std                  | 0.894        |
|    value_loss           | 0.00206      |
------------------------------------------
------------------------------------------
| rollout/                |              |
|    ep_len_mean          | 119          |
|    ep_rew_mean          | -0.985       |
| time/                   |              |
|    fps                  | 75           |
|    iterations           | 465          |
|    time_elapsed         | 1583         |
|    total_timesteps      | 389376       |
| train/                  |              |
|    approx_kl            | 0.0033345143 |
|    clip_fraction        | 0.0168       |
|    clip_range           | 0.2          |
|    entropy_loss         | -2.6         |
|    explained_variance   | 3.78e-05     |
|    learning_rate        | 0.0003       |
|    loss                 | -0.0376      |
|    n_updates            | 15200        |
|    policy_gradient_loss | -0.000883    |
|    std                  | 0.892        |
|    value_loss           | 0.00207      |
------------------------------------------
----------------------------------------
| rollout/                |            |
|    ep_len_mean          | 119        |
|    ep_rew_mean          | -0.984     |
| time/                   |            |
|    fps                  | 75         |
|    iterations           | 466        |
|    time_elapsed         | 1586       |
|    total_timesteps      | 389632     |
| train/                  |            |
|    approx_kl            | 0.00427742 |
|    clip_fraction        | 0.0203     |
|    clip_range           | 0.2        |
|    entropy_loss         | -2.59      |
|    explained_variance   | -8.06e-05  |
|    learning_rate        | 0.0003     |
|    loss                 | -0.0504    |
|    n_updates            | 15210      |
|    policy_gradient_loss | -0.00296   |
|    std                  | 0.888      |
|    value_loss           | 0.00195    |
----------------------------------------
-----------------------------------------
| rollout/                |             |
|    ep_len_mean          | 119         |
|    ep_rew_mean          | -0.984      |
| time/                   |             |
|    fps                  | 75          |
|    iterations           | 467         |
|    time_elapsed         | 1590        |
|    total_timesteps      | 389888      |
| train/                  |             |
|    approx_kl            | 0.007941257 |
|    clip_fraction        | 0.0605      |
|    clip_range           | 0.2         |
|    entropy_loss         | -2.59       |
|    explained_variance   | 0.000669    |
|    learning_rate        | 0.0003      |
|    loss                 | -0.0283     |
|    n_updates            | 15220       |
|    policy_gradient_loss | -0.00543    |
|    std                  | 0.89        |
|    value_loss           | 0.00221     |
-----------------------------------------
------------------------------------------
| rollout/                |              |
|    ep_len_mean          | 119          |
|    ep_rew_mean          | -0.983       |
| time/                   |              |
|    fps                  | 75           |
|    iterations           | 468          |
|    time_elapsed         | 1595         |
|    total_timesteps      | 390144       |
| train/                  |              |
|    approx_kl            | 0.0043690074 |
|    clip_fraction        | 0.0367       |
|    clip_range           | 0.2          |
|    entropy_loss         | -2.59        |
|    explained_variance   | 0.000108     |
|    learning_rate        | 0.0003       |
|    loss                 | -0.0339      |
|    n_updates            | 15230        |
|    policy_gradient_loss | -0.00287     |
|    std                  | 0.89         |
|    value_loss           | 0.00161      |
------------------------------------------
------------------------------------------
| rollout/                |              |
|    ep_len_mean          | 119          |
|    ep_rew_mean          | -0.982       |
| time/                   |              |
|    fps                  | 75           |
|    iterations           | 469          |
|    time_elapsed         | 1599         |
|    total_timesteps      | 390400       |
| train/                  |              |
|    approx_kl            | 0.0036787011 |
|    clip_fraction        | 0.0473       |
|    clip_range           | 0.2          |
|    entropy_loss         | -2.59        |
|    explained_variance   | 0.000247     |
|    learning_rate        | 0.0003       |
|    loss                 | -0.0428      |
|    n_updates            | 15240        |
|    policy_gradient_loss | -0.00454     |
|    std                  | 0.89         |
|    value_loss           | 0.00159      |
------------------------------------------
-----------------------------------------
| rollout/                |             |
|    ep_len_mean          | 119         |
|    ep_rew_mean          | -0.982      |
| time/                   |             |
|    fps                  | 75          |
|    iterations           | 470         |
|    time_elapsed         | 1604        |
|    total_timesteps      | 390656      |
| train/                  |             |
|    approx_kl            | 0.005177239 |
|    clip_fraction        | 0.0656      |
|    clip_range           | 0.2         |
|    entropy_loss         | -2.59       |
|    explained_variance   | 0.00596     |
|    learning_rate        | 0.0003      |
|    loss                 | -0.0379     |
|    n_updates            | 15250       |
|    policy_gradient_loss | -0.00374    |
|    std                  | 0.889       |
|    value_loss           | 0.00179     |
-----------------------------------------
-----------------------------------------
| rollout/                |             |
|    ep_len_mean          | 119         |
|    ep_rew_mean          | -0.982      |
| time/                   |             |
|    fps                  | 74          |
|    iterations           | 471         |
|    time_elapsed         | 1608        |
|    total_timesteps      | 390912      |
| train/                  |             |
|    approx_kl            | 0.003937392 |
|    clip_fraction        | 0.00469     |
|    clip_range           | 0.2         |
|    entropy_loss         | -2.59       |
|    explained_variance   | -0.0047     |
|    learning_rate        | 0.0003      |
|    loss                 | -0.0284     |
|    n_updates            | 15260       |
|    policy_gradient_loss | -0.00118    |
|    std                  | 0.892       |
|    value_loss           | 0.002       |
-----------------------------------------
-----------------------------------------
| rollout/                |             |
|    ep_len_mean          | 119         |
|    ep_rew_mean          | -0.981      |
| time/                   |             |
|    fps                  | 75          |
|    iterations           | 472         |
|    time_elapsed         | 1611        |
|    total_timesteps      | 391168      |
| train/                  |             |
|    approx_kl            | 0.009411577 |
|    clip_fraction        | 0.137       |
|    clip_range           | 0.2         |
|    entropy_loss         | -2.6        |
|    explained_variance   | -0.00259    |
|    learning_rate        | 0.0003      |
|    loss                 | -0.0191     |
|    n_updates            | 15270       |
|    policy_gradient_loss | -0.0126     |
|    std                  | 0.891       |
|    value_loss           | 0.00197     |
-----------------------------------------
-----------------------------------------
| rollout/                |             |
|    ep_len_mean          | 119         |
|    ep_rew_mean          | -0.981      |
| time/                   |             |
|    fps                  | 74          |
|    iterations           | 473         |
|    time_elapsed         | 1615        |
|    total_timesteps      | 391424      |
| train/                  |             |
|    approx_kl            | 0.004271513 |
|    clip_fraction        | 0.052       |
|    clip_range           | 0.2         |
|    entropy_loss         | -2.6        |
|    explained_variance   | -0.000589   |
|    learning_rate        | 0.0003      |
|    loss                 | -0.0343     |
|    n_updates            | 15280       |
|    policy_gradient_loss | -0.00347    |
|    std                  | 0.893       |
|    value_loss           | 0.00191     |
-----------------------------------------
------------------------------------------
| rollout/                |              |
|    ep_len_mean          | 119          |
|    ep_rew_mean          | -0.98        |
| time/                   |              |
|    fps                  | 74           |
|    iterations           | 474          |
|    time_elapsed         | 1618         |
|    total_timesteps      | 391680       |
| train/                  |              |
|    approx_kl            | 0.0061847037 |
|    clip_fraction        | 0.0305       |
|    clip_range           | 0.2          |
|    entropy_loss         | -2.6         |
|    explained_variance   | 0.00166      |
|    learning_rate        | 0.0003       |
|    loss                 | -0.0437      |
|    n_updates            | 15290        |
|    policy_gradient_loss | -0.0012      |
|    std                  | 0.894        |
|    value_loss           | 0.00191      |
------------------------------------------
------------------------------------------
| rollout/                |              |
|    ep_len_mean          | 119          |
|    ep_rew_mean          | -0.978       |
| time/                   |              |
|    fps                  | 74           |
|    iterations           | 475          |
|    time_elapsed         | 1624         |
|    total_timesteps      | 391936       |
| train/                  |              |
|    approx_kl            | 0.0038823383 |
|    clip_fraction        | 0.0152       |
|    clip_range           | 0.2          |
|    entropy_loss         | -2.6         |
|    explained_variance   | -3.84e-05    |
|    learning_rate        | 0.0003       |
|    loss                 | -0.0242      |
|    n_updates            | 15300        |
|    policy_gradient_loss | -0.000292    |
|    std                  | 0.893        |
|    value_loss           | 0.0018       |
------------------------------------------
-----------------------------------------
| rollout/                |             |
|    ep_len_mean          | 119         |
|    ep_rew_mean          | -0.98       |
| time/                   |             |
|    fps                  | 74          |
|    iterations           | 476         |
|    time_elapsed         | 1628        |
|    total_timesteps      | 392192      |
| train/                  |             |
|    approx_kl            | 0.004056625 |
|    clip_fraction        | 0.0551      |
|    clip_range           | 0.2         |
|    entropy_loss         | -2.6        |
|    explained_variance   | 0.0064      |
|    learning_rate        | 0.0003      |
|    loss                 | -0.038      |
|    n_updates            | 15310       |
|    policy_gradient_loss | -0.00435    |
|    std                  | 0.892       |
|    value_loss           | 0.00195     |
-----------------------------------------
---------------------------------------
| rollout/                |           |
|    ep_len_mean          | 119       |
|    ep_rew_mean          | -0.979    |
| time/                   |           |
|    fps                  | 74        |
|    iterations           | 477       |
|    time_elapsed         | 1631      |
|    total_timesteps      | 392448    |
| train/                  |           |
|    approx_kl            | 0.0059418 |
|    clip_fraction        | 0.0625    |
|    clip_range           | 0.2       |
|    entropy_loss         | -2.6      |
|    explained_variance   | 0.00644   |
|    learning_rate        | 0.0003    |
|    loss                 | -0.033    |
|    n_updates            | 15320     |
|    policy_gradient_loss | -0.00505  |
|    std                  | 0.892     |
|    value_loss           | 0.00176   |
---------------------------------------
------------------------------------------
| rollout/                |              |
|    ep_len_mean          | 119          |
|    ep_rew_mean          | -0.978       |
| time/                   |              |
|    fps                  | 74           |
|    iterations           | 478          |
|    time_elapsed         | 1634         |
|    total_timesteps      | 392704       |
| train/                  |              |
|    approx_kl            | 0.0058011888 |
|    clip_fraction        | 0.059        |
|    clip_range           | 0.2          |
|    entropy_loss         | -2.6         |
|    explained_variance   | -0.0011      |
|    learning_rate        | 0.0003       |
|    loss                 | -0.0338      |
|    n_updates            | 15330        |
|    policy_gradient_loss | -0.00516     |
|    std                  | 0.891        |
|    value_loss           | 0.00186      |
------------------------------------------
------------------------------------------
| rollout/                |              |
|    ep_len_mean          | 119          |
|    ep_rew_mean          | -0.98        |
| time/                   |              |
|    fps                  | 74           |
|    iterations           | 479          |
|    time_elapsed         | 1636         |
|    total_timesteps      | 392960       |
| train/                  |              |
|    approx_kl            | 0.0046008136 |
|    clip_fraction        | 0.0262       |
|    clip_range           | 0.2          |
|    entropy_loss         | -2.59        |
|    explained_variance   | 0.0114       |
|    learning_rate        | 0.0003       |
|    loss                 | -0.0095      |
|    n_updates            | 15340        |
|    policy_gradient_loss | -0.00131     |
|    std                  | 0.889        |
|    value_loss           | 0.0019       |
------------------------------------------
-----------------------------------------
| rollout/                |             |
|    ep_len_mean          | 119         |
|    ep_rew_mean          | -0.978      |
| time/                   |             |
|    fps                  | 74          |
|    iterations           | 480         |
|    time_elapsed         | 1641        |
|    total_timesteps      | 393216      |
| train/                  |             |
|    approx_kl            | 0.009556048 |
|    clip_fraction        | 0.0969      |
|    clip_range           | 0.2         |
|    entropy_loss         | -2.59       |
|    explained_variance   | -0.00358    |
|    learning_rate        | 0.0003      |
|    loss                 | -0.0156     |
|    n_updates            | 15350       |
|    policy_gradient_loss | -0.00935    |
|    std                  | 0.892       |
|    value_loss           | 0.00203     |
-----------------------------------------
------------------------------------------
| rollout/                |              |
|    ep_len_mean          | 119          |
|    ep_rew_mean          | -0.978       |
| time/                   |              |
|    fps                  | 74           |
|    iterations           | 481          |
|    time_elapsed         | 1643         |
|    total_timesteps      | 393472       |
| train/                  |              |
|    approx_kl            | 0.0050572744 |
|    clip_fraction        | 0.0762       |
|    clip_range           | 0.2          |
|    entropy_loss         | -2.6         |
|    explained_variance   | 0.0077       |
|    learning_rate        | 0.0003       |
|    loss                 | -0.043       |
|    n_updates            | 15360        |
|    policy_gradient_loss | -0.00845     |
|    std                  | 0.894        |
|    value_loss           | 0.00193      |
------------------------------------------
-----------------------------------------
| rollout/                |             |
|    ep_len_mean          | 119         |
|    ep_rew_mean          | -0.977      |
| time/                   |             |
|    fps                  | 74          |
|    iterations           | 482         |
|    time_elapsed         | 1646        |
|    total_timesteps      | 393728      |
| train/                  |             |
|    approx_kl            | 0.004541285 |
|    clip_fraction        | 0.0348      |
|    clip_range           | 0.2         |
|    entropy_loss         | -2.6        |
|    explained_variance   | -0.00798    |
|    learning_rate        | 0.0003      |
|    loss                 | -0.031      |
|    n_updates            | 15370       |
|    policy_gradient_loss | -0.00055    |
|    std                  | 0.893       |
|    value_loss           | 0.00223     |
-----------------------------------------
-----------------------------------------
| rollout/                |             |
|    ep_len_mean          | 119         |
|    ep_rew_mean          | -0.978      |
| time/                   |             |
|    fps                  | 74          |
|    iterations           | 483         |
|    time_elapsed         | 1652        |
|    total_timesteps      | 393984      |
| train/                  |             |
|    approx_kl            | 0.006532521 |
|    clip_fraction        | 0.0563      |
|    clip_range           | 0.2         |
|    entropy_loss         | -2.59       |
|    explained_variance   | 0.0045      |
|    learning_rate        | 0.0003      |
|    loss                 | -0.0377     |
|    n_updates            | 15380       |
|    policy_gradient_loss | -0.00706    |
|    std                  | 0.888       |
|    value_loss           | 0.00193     |
-----------------------------------------
------------------------------------------
| rollout/                |              |
|    ep_len_mean          | 119          |
|    ep_rew_mean          | -0.978       |
| time/                   |              |
|    fps                  | 74           |
|    iterations           | 484          |
|    time_elapsed         | 1657         |
|    total_timesteps      | 394240       |
| train/                  |              |
|    approx_kl            | 0.0057976986 |
|    clip_fraction        | 0.0523       |
|    clip_range           | 0.2          |
|    entropy_loss         | -2.59        |
|    explained_variance   | -0.00261     |
|    learning_rate        | 0.0003       |
|    loss                 | -0.0409      |
|    n_updates            | 15390        |
|    policy_gradient_loss | -0.00254     |
|    std                  | 0.889        |
|    value_loss           | 0.0021       |
------------------------------------------
-----------------------------------------
| rollout/                |             |
|    ep_len_mean          | 119         |
|    ep_rew_mean          | -0.979      |
| time/                   |             |
|    fps                  | 74          |
|    iterations           | 485         |
|    time_elapsed         | 1661        |
|    total_timesteps      | 394496      |
| train/                  |             |
|    approx_kl            | 0.009188647 |
|    clip_fraction        | 0.119       |
|    clip_range           | 0.2         |
|    entropy_loss         | -2.59       |
|    explained_variance   | -0.00448    |
|    learning_rate        | 0.0003      |
|    loss                 | -0.0251     |
|    n_updates            | 15400       |
|    policy_gradient_loss | -0.0112     |
|    std                  | 0.888       |
|    value_loss           | 0.00216     |
-----------------------------------------
------------------------------------------
| rollout/                |              |
|    ep_len_mean          | 118          |
|    ep_rew_mean          | -0.766       |
| time/                   |              |
|    fps                  | 74           |
|    iterations           | 486          |
|    time_elapsed         | 1668         |
|    total_timesteps      | 394752       |
| train/                  |              |
|    approx_kl            | 0.0026031502 |
|    clip_fraction        | 0.00781      |
|    clip_range           | 0.2          |
|    entropy_loss         | -2.59        |
|    explained_variance   | 0.00126      |
|    learning_rate        | 0.0003       |
|    loss                 | -0.0262      |
|    n_updates            | 15410        |
|    policy_gradient_loss | 1.82e-05     |
|    std                  | 0.889        |
|    value_loss           | 0.002        |
------------------------------------------
----------------------------------------
| rollout/                |            |
|    ep_len_mean          | 118        |
|    ep_rew_mean          | -0.765     |
| time/                   |            |
|    fps                  | 74         |
|    iterations           | 487        |
|    time_elapsed         | 1670       |
|    total_timesteps      | 395008     |
| train/                  |            |
|    approx_kl            | 0.00333904 |
|    clip_fraction        | 0.00586    |
|    clip_range           | 0.2        |
|    entropy_loss         | -2.59      |
|    explained_variance   | 6.78e-05   |
|    learning_rate        | 0.0003     |
|    loss                 | -0.0385    |
|    n_updates            | 15420      |
|    policy_gradient_loss | -0.000426  |
|    std                  | 0.889      |
|    value_loss           | 1.72       |
----------------------------------------
-----------------------------------------
| rollout/                |             |
|    ep_len_mean          | 116         |
|    ep_rew_mean          | -0.553      |
| time/                   |             |
|    fps                  | 74          |
|    iterations           | 488         |
|    time_elapsed         | 1673        |
|    total_timesteps      | 395264      |
| train/                  |             |
|    approx_kl            | 0.009223403 |
|    clip_fraction        | 0.098       |
|    clip_range           | 0.2         |
|    entropy_loss         | -2.59       |
|    explained_variance   | -0.0372     |
|    learning_rate        | 0.0003      |
|    loss                 | -0.018      |
|    n_updates            | 15430       |
|    policy_gradient_loss | -0.00922    |
|    std                  | 0.89        |
|    value_loss           | 0.00216     |
-----------------------------------------
------------------------------------------
| rollout/                |              |
|    ep_len_mean          | 115          |
|    ep_rew_mean          | -0.341       |
| time/                   |              |
|    fps                  | 74           |
|    iterations           | 489          |
|    time_elapsed         | 1678         |
|    total_timesteps      | 395520       |
| train/                  |              |
|    approx_kl            | 0.0040255226 |
|    clip_fraction        | 0.0461       |
|    clip_range           | 0.2          |
|    entropy_loss         | -2.59        |
|    explained_variance   | -4.34e-05    |
|    learning_rate        | 0.0003       |
|    loss                 | -0.0158      |
|    n_updates            | 15440        |
|    policy_gradient_loss | -0.00526     |
|    std                  | 0.887        |
|    value_loss           | 1.71         |
------------------------------------------
------------------------------------------
| rollout/                |              |
|    ep_len_mean          | 115          |
|    ep_rew_mean          | -0.341       |
| time/                   |              |
|    fps                  | 74           |
|    iterations           | 490          |
|    time_elapsed         | 1681         |
|    total_timesteps      | 395776       |
| train/                  |              |
|    approx_kl            | 0.0070649087 |
|    clip_fraction        | 0.0934       |
|    clip_range           | 0.2          |
|    entropy_loss         | -2.58        |
|    explained_variance   | 1.25e-06     |
|    learning_rate        | 0.0003       |
|    loss                 | 3.37         |
|    n_updates            | 15450        |
|    policy_gradient_loss | -0.00405     |
|    std                  | 0.886        |
|    value_loss           | 1.71         |
------------------------------------------
------------------------------------------
| rollout/                |              |
|    ep_len_mean          | 116          |
|    ep_rew_mean          | -0.553       |
| time/                   |              |
|    fps                  | 74           |
|    iterations           | 491          |
|    time_elapsed         | 1685         |
|    total_timesteps      | 396032       |
| train/                  |              |
|    approx_kl            | 0.0020855905 |
|    clip_fraction        | 0.0172       |
|    clip_range           | 0.2          |
|    entropy_loss         | -2.58        |
|    explained_variance   | 0.000359     |
|    learning_rate        | 0.0003       |
|    loss                 | -0.0336      |
|    n_updates            | 15460        |
|    policy_gradient_loss | -0.00213     |
|    std                  | 0.881        |
|    value_loss           | 0.00208      |
------------------------------------------
-----------------------------------------
| rollout/                |             |
|    ep_len_mean          | 115         |
|    ep_rew_mean          | -0.342      |
| time/                   |             |
|    fps                  | 74          |
|    iterations           | 492         |
|    time_elapsed         | 1688        |
|    total_timesteps      | 396288      |
| train/                  |             |
|    approx_kl            | 0.005636573 |
|    clip_fraction        | 0.0883      |
|    clip_range           | 0.2         |
|    entropy_loss         | -2.57       |
|    explained_variance   | 0.000774    |
|    learning_rate        | 0.0003      |
|    loss                 | -0.0217     |
|    n_updates            | 15470       |
|    policy_gradient_loss | -0.00456    |
|    std                  | 0.879       |
|    value_loss           | 0.00212     |
-----------------------------------------
------------------------------------------
| rollout/                |              |
|    ep_len_mean          | 114          |
|    ep_rew_mean          | -0.129       |
| time/                   |              |
|    fps                  | 74           |
|    iterations           | 493          |
|    time_elapsed         | 1692         |
|    total_timesteps      | 396544       |
| train/                  |              |
|    approx_kl            | 0.0032180278 |
|    clip_fraction        | 0.0648       |
|    clip_range           | 0.2          |
|    entropy_loss         | -2.57        |
|    explained_variance   | -2.55e-05    |
|    learning_rate        | 0.0003       |
|    loss                 | -0.0242      |
|    n_updates            | 15480        |
|    policy_gradient_loss | -0.00457     |
|    std                  | 0.879        |
|    value_loss           | 1.71         |
------------------------------------------
-----------------------------------------
| rollout/                |             |
|    ep_len_mean          | 114         |
|    ep_rew_mean          | -0.13       |
| time/                   |             |
|    fps                  | 74          |
|    iterations           | 494         |
|    time_elapsed         | 1695        |
|    total_timesteps      | 396800      |
| train/                  |             |
|    approx_kl            | 0.003932381 |
|    clip_fraction        | 0.0148      |
|    clip_range           | 0.2         |
|    entropy_loss         | -2.57       |
|    explained_variance   | -8.34e-06   |
|    learning_rate        | 0.0003      |
|    loss                 | -0.0345     |
|    n_updates            | 15490       |
|    policy_gradient_loss | -0.000525   |
|    std                  | 0.88        |
|    value_loss           | 1.7         |
-----------------------------------------
-----------------------------------------
| rollout/                |             |
|    ep_len_mean          | 114         |
|    ep_rew_mean          | -0.131      |
| time/                   |             |
|    fps                  | 74          |
|    iterations           | 495         |
|    time_elapsed         | 1699        |
|    total_timesteps      | 397056      |
| train/                  |             |
|    approx_kl            | 0.005153559 |
|    clip_fraction        | 0.0828      |
|    clip_range           | 0.2         |
|    entropy_loss         | -2.57       |
|    explained_variance   | 0.000191    |
|    learning_rate        | 0.0003      |
|    loss                 | -0.0306     |
|    n_updates            | 15500       |
|    policy_gradient_loss | -0.00459    |
|    std                  | 0.883       |
|    value_loss           | 0.0022      |
-----------------------------------------
------------------------------------------
| rollout/                |              |
|    ep_len_mean          | 114          |
|    ep_rew_mean          | -0.13        |
| time/                   |              |
|    fps                  | 74           |
|    iterations           | 496          |
|    time_elapsed         | 1704         |
|    total_timesteps      | 397312       |
| train/                  |              |
|    approx_kl            | 0.0054547135 |
|    clip_fraction        | 0.0766       |
|    clip_range           | 0.2          |
|    entropy_loss         | -2.58        |
|    explained_variance   | -0.000111    |
|    learning_rate        | 0.0003       |
|    loss                 | -0.0118      |
|    n_updates            | 15510        |
|    policy_gradient_loss | -0.00574     |
|    std                  | 0.884        |
|    value_loss           | 0.00215      |
------------------------------------------
-----------------------------------------
| rollout/                |             |
|    ep_len_mean          | 113         |
|    ep_rew_mean          | 0.0816      |
| time/                   |             |
|    fps                  | 74          |
|    iterations           | 497         |
|    time_elapsed         | 1709        |
|    total_timesteps      | 397568      |
| train/                  |             |
|    approx_kl            | 0.005171175 |
|    clip_fraction        | 0.0719      |
|    clip_range           | 0.2         |
|    entropy_loss         | -2.58       |
|    explained_variance   | -0.000826   |
|    learning_rate        | 0.0003      |
|    loss                 | -0.0313     |
|    n_updates            | 15520       |
|    policy_gradient_loss | -0.00784    |
|    std                  | 0.878       |
|    value_loss           | 0.00226     |
-----------------------------------------
------------------------------------------
| rollout/                |              |
|    ep_len_mean          | 113          |
|    ep_rew_mean          | 0.0816       |
| time/                   |              |
|    fps                  | 74           |
|    iterations           | 498          |
|    time_elapsed         | 1712         |
|    total_timesteps      | 397824       |
| train/                  |              |
|    approx_kl            | 0.0070787547 |
|    clip_fraction        | 0.0875       |
|    clip_range           | 0.2          |
|    entropy_loss         | -2.56        |
|    explained_variance   | -5.6e-06     |
|    learning_rate        | 0.0003       |
|    loss                 | 3.39         |
|    n_updates            | 15530        |
|    policy_gradient_loss | -0.00605     |
|    std                  | 0.878        |
|    value_loss           | 1.71         |
------------------------------------------
------------------------------------------
| rollout/                |              |
|    ep_len_mean          | 113          |
|    ep_rew_mean          | 0.0816       |
| time/                   |              |
|    fps                  | 74           |
|    iterations           | 499          |
|    time_elapsed         | 1714         |
|    total_timesteps      | 398080       |
| train/                  |              |
|    approx_kl            | 0.0052969195 |
|    clip_fraction        | 0.0863       |
|    clip_range           | 0.2          |
|    entropy_loss         | -2.57        |
|    explained_variance   | -0.00123     |
|    learning_rate        | 0.0003       |
|    loss                 | -0.0133      |
|    n_updates            | 15540        |
|    policy_gradient_loss | -0.00626     |
|    std                  | 0.878        |
|    value_loss           | 0.00224      |
------------------------------------------
------------------------------------------
| rollout/                |              |
|    ep_len_mean          | 113          |
|    ep_rew_mean          | 0.0818       |
| time/                   |              |
|    fps                  | 74           |
|    iterations           | 500          |
|    time_elapsed         | 1719         |
|    total_timesteps      | 398336       |
| train/                  |              |
|    approx_kl            | 0.0047594756 |
|    clip_fraction        | 0.0195       |
|    clip_range           | 0.2          |
|    entropy_loss         | -2.56        |
|    explained_variance   | -0.00239     |
|    learning_rate        | 0.0003       |
|    loss                 | -0.0066      |
|    n_updates            | 15550        |
|    policy_gradient_loss | -0.00112     |
|    std                  | 0.875        |
|    value_loss           | 0.00225      |
------------------------------------------
-----------------------------------------
| rollout/                |             |
|    ep_len_mean          | 113         |
|    ep_rew_mean          | 0.08        |
| time/                   |             |
|    fps                  | 74          |
|    iterations           | 501         |
|    time_elapsed         | 1721        |
|    total_timesteps      | 398592      |
| train/                  |             |
|    approx_kl            | 0.006499121 |
|    clip_fraction        | 0.0309      |
|    clip_range           | 0.2         |
|    entropy_loss         | -2.56       |
|    explained_variance   | 0.00678     |
|    learning_rate        | 0.0003      |
|    loss                 | -0.0234     |
|    n_updates            | 15560       |
|    policy_gradient_loss | -0.00326    |
|    std                  | 0.873       |
|    value_loss           | 0.00227     |
-----------------------------------------
------------------------------------------
| rollout/                |              |
|    ep_len_mean          | 113          |
|    ep_rew_mean          | 0.0788       |
| time/                   |              |
|    fps                  | 74           |
|    iterations           | 502          |
|    time_elapsed         | 1726         |
|    total_timesteps      | 398848       |
| train/                  |              |
|    approx_kl            | 0.0077933674 |
|    clip_fraction        | 0.0992       |
|    clip_range           | 0.2          |
|    entropy_loss         | -2.55        |
|    explained_variance   | 0.00164      |
|    learning_rate        | 0.0003       |
|    loss                 | -0.0356      |
|    n_updates            | 15570        |
|    policy_gradient_loss | -0.00882     |
|    std                  | 0.87         |
|    value_loss           | 0.0022       |
------------------------------------------
------------------------------------------
| rollout/                |              |
|    ep_len_mean          | 113          |
|    ep_rew_mean          | 0.0778       |
| time/                   |              |
|    fps                  | 74           |
|    iterations           | 503          |
|    time_elapsed         | 1730         |
|    total_timesteps      | 399104       |
| train/                  |              |
|    approx_kl            | 0.0033146986 |
|    clip_fraction        | 0.0133       |
|    clip_range           | 0.2          |
|    entropy_loss         | -2.55        |
|    explained_variance   | 0.00466      |
|    learning_rate        | 0.0003       |
|    loss                 | -0.0206      |
|    n_updates            | 15580        |
|    policy_gradient_loss | -0.00115     |
|    std                  | 0.872        |
|    value_loss           | 0.00218      |
------------------------------------------
-----------------------------------------
| rollout/                |             |
|    ep_len_mean          | 112         |
|    ep_rew_mean          | 0.291       |
| time/                   |             |
|    fps                  | 74          |
|    iterations           | 504         |
|    time_elapsed         | 1736        |
|    total_timesteps      | 399360      |
| train/                  |             |
|    approx_kl            | 0.005997507 |
|    clip_fraction        | 0.0586      |
|    clip_range           | 0.2         |
|    entropy_loss         | -2.56       |
|    explained_variance   | -0.0064     |
|    learning_rate        | 0.0003      |
|    loss                 | -0.0261     |
|    n_updates            | 15590       |
|    policy_gradient_loss | -0.00321    |
|    std                  | 0.873       |
|    value_loss           | 0.00219     |
-----------------------------------------
-----------------------------------------
| rollout/                |             |
|    ep_len_mean          | 112         |
|    ep_rew_mean          | 0.293       |
| time/                   |             |
|    fps                  | 74          |
|    iterations           | 505         |
|    time_elapsed         | 1741        |
|    total_timesteps      | 399616      |
| train/                  |             |
|    approx_kl            | 0.009027927 |
|    clip_fraction        | 0.0992      |
|    clip_range           | 0.2         |
|    entropy_loss         | -2.56       |
|    explained_variance   | -7.63e-05   |
|    learning_rate        | 0.0003      |
|    loss                 | 3.38        |
|    n_updates            | 15600       |
|    policy_gradient_loss | -0.00644    |
|    std                  | 0.875       |
|    value_loss           | 1.72        |
-----------------------------------------
------------------------------------------
| rollout/                |              |
|    ep_len_mean          | 112          |
|    ep_rew_mean          | 0.292        |
| time/                   |              |
|    fps                  | 74           |
|    iterations           | 506          |
|    time_elapsed         | 1745         |
|    total_timesteps      | 399872       |
| train/                  |              |
|    approx_kl            | 0.0031738584 |
|    clip_fraction        | 0.00703      |
|    clip_range           | 0.2          |
|    entropy_loss         | -2.56        |
|    explained_variance   | -0.000171    |
|    learning_rate        | 0.0003       |
|    loss                 | -0.0266      |
|    n_updates            | 15610        |
|    policy_gradient_loss | -0.00175     |
|    std                  | 0.877        |
|    value_loss           | 0.00208      |
------------------------------------------
------------------------------------------
| rollout/                |              |
|    ep_len_mean          | 112          |
|    ep_rew_mean          | 0.291        |
| time/                   |              |
|    fps                  | 74           |
|    iterations           | 507          |
|    time_elapsed         | 1752         |
|    total_timesteps      | 400128       |
| train/                  |              |
|    approx_kl            | 0.0048009376 |
|    clip_fraction        | 0.0668       |
|    clip_range           | 0.2          |
|    entropy_loss         | -2.57        |
|    explained_variance   | 0.000871     |
|    learning_rate        | 0.0003       |
|    loss                 | -0.0395      |
|    n_updates            | 15620        |
|    policy_gradient_loss | -0.00526     |
|    std                  | 0.882        |
|    value_loss           | 0.00238      |
------------------------------------------
------------------------------------------
| rollout/                |              |
|    ep_len_mean          | 112          |
|    ep_rew_mean          | 0.292        |
| time/                   |              |
|    fps                  | 74           |
|    iterations           | 508          |
|    time_elapsed         | 1754         |
|    total_timesteps      | 400384       |
| train/                  |              |
|    approx_kl            | 0.0067672674 |
|    clip_fraction        | 0.0809       |
|    clip_range           | 0.2          |
|    entropy_loss         | -2.58        |
|    explained_variance   | 0.0037       |
|    learning_rate        | 0.0003       |
|    loss                 | -0.0201      |
|    n_updates            | 15630        |
|    policy_gradient_loss | -0.00927     |
|    std                  | 0.884        |
|    value_loss           | 0.00212      |
------------------------------------------
------------------------------------------
| rollout/                |              |
|    ep_len_mean          | 112          |
|    ep_rew_mean          | 0.291        |
| time/                   |              |
|    fps                  | 74           |
|    iterations           | 509          |
|    time_elapsed         | 1759         |
|    total_timesteps      | 400640       |
| train/                  |              |
|    approx_kl            | 0.0051095383 |
|    clip_fraction        | 0.0664       |
|    clip_range           | 0.2          |
|    entropy_loss         | -2.58        |
|    explained_variance   | -0.000399    |
|    learning_rate        | 0.0003       |
|    loss                 | -0.037       |
|    n_updates            | 15640        |
|    policy_gradient_loss | -0.00766     |
|    std                  | 0.88         |
|    value_loss           | 0.0023       |
------------------------------------------
-----------------------------------------
| rollout/                |             |
|    ep_len_mean          | 112         |
|    ep_rew_mean          | 0.291       |
| time/                   |             |
|    fps                  | 74          |
|    iterations           | 510         |
|    time_elapsed         | 1761        |
|    total_timesteps      | 400896      |
| train/                  |             |
|    approx_kl            | 0.002388936 |
|    clip_fraction        | 0.0398      |
|    clip_range           | 0.2         |
|    entropy_loss         | -2.58       |
|    explained_variance   | -0.00705    |
|    learning_rate        | 0.0003      |
|    loss                 | -0.0202     |
|    n_updates            | 15650       |
|    policy_gradient_loss | -0.00237    |
|    std                  | 0.882       |
|    value_loss           | 0.0022      |
-----------------------------------------
-----------------------------------------
| rollout/                |             |
|    ep_len_mean          | 112         |
|    ep_rew_mean          | 0.291       |
| time/                   |             |
|    fps                  | 74          |
|    iterations           | 511         |
|    time_elapsed         | 1766        |
|    total_timesteps      | 401152      |
| train/                  |             |
|    approx_kl            | 0.005191518 |
|    clip_fraction        | 0.0602      |
|    clip_range           | 0.2         |
|    entropy_loss         | -2.58       |
|    explained_variance   | 0.00172     |
|    learning_rate        | 0.0003      |
|    loss                 | -0.0259     |
|    n_updates            | 15660       |
|    policy_gradient_loss | -0.00384    |
|    std                  | 0.884       |
|    value_loss           | 0.00246     |
-----------------------------------------
-----------------------------------------
| rollout/                |             |
|    ep_len_mean          | 112         |
|    ep_rew_mean          | 0.292       |
| time/                   |             |
|    fps                  | 74          |
|    iterations           | 512         |
|    time_elapsed         | 1770        |
|    total_timesteps      | 401408      |
| train/                  |             |
|    approx_kl            | 0.010493645 |
|    clip_fraction        | 0.167       |
|    clip_range           | 0.2         |
|    entropy_loss         | -2.58       |
|    explained_variance   | -0.00205    |
|    learning_rate        | 0.0003      |
|    loss                 | -0.0542     |
|    n_updates            | 15670       |
|    policy_gradient_loss | -0.0179     |
|    std                  | 0.886       |
|    value_loss           | 0.00226     |
-----------------------------------------
------------------------------------------
| rollout/                |              |
|    ep_len_mean          | 112          |
|    ep_rew_mean          | 0.29         |
| time/                   |              |
|    fps                  | 73           |
|    iterations           | 513          |
|    time_elapsed         | 1775         |
|    total_timesteps      | 401664       |
| train/                  |              |
|    approx_kl            | 0.0066312463 |
|    clip_fraction        | 0.111        |
|    clip_range           | 0.2          |
|    entropy_loss         | -2.59        |
|    explained_variance   | 0.00108      |
|    learning_rate        | 0.0003       |
|    loss                 | -0.0202      |
|    n_updates            | 15680        |
|    policy_gradient_loss | -0.00938     |
|    std                  | 0.886        |
|    value_loss           | 0.00239      |
------------------------------------------
------------------------------------------
| rollout/                |              |
|    ep_len_mean          | 110          |
|    ep_rew_mean          | 0.501        |
| time/                   |              |
|    fps                  | 73           |
|    iterations           | 514          |
|    time_elapsed         | 1780         |
|    total_timesteps      | 401920       |
| train/                  |              |
|    approx_kl            | 0.0046266755 |
|    clip_fraction        | 0.0582       |
|    clip_range           | 0.2          |
|    entropy_loss         | -2.59        |
|    explained_variance   | 3.12e-05     |
|    learning_rate        | 0.0003       |
|    loss                 | -0.0381      |
|    n_updates            | 15690        |
|    policy_gradient_loss | -0.00379     |
|    std                  | 0.888        |
|    value_loss           | 0.00196      |
------------------------------------------
------------------------------------------
| rollout/                |              |
|    ep_len_mean          | 110          |
|    ep_rew_mean          | 0.503        |
| time/                   |              |
|    fps                  | 73           |
|    iterations           | 515          |
|    time_elapsed         | 1784         |
|    total_timesteps      | 402176       |
| train/                  |              |
|    approx_kl            | 0.0023084886 |
|    clip_fraction        | 0.00703      |
|    clip_range           | 0.2          |
|    entropy_loss         | -2.59        |
|    explained_variance   | 2.62e-05     |
|    learning_rate        | 0.0003       |
|    loss                 | -0.0303      |
|    n_updates            | 15700        |
|    policy_gradient_loss | -2.36e-05    |
|    std                  | 0.89         |
|    value_loss           | 1.72         |
------------------------------------------
------------------------------------------
| rollout/                |              |
|    ep_len_mean          | 110          |
|    ep_rew_mean          | 0.503        |
| time/                   |              |
|    fps                  | 73           |
|    iterations           | 516          |
|    time_elapsed         | 1787         |
|    total_timesteps      | 402432       |
| train/                  |              |
|    approx_kl            | 0.0071943896 |
|    clip_fraction        | 0.0723       |
|    clip_range           | 0.2          |
|    entropy_loss         | -2.6         |
|    explained_variance   | -0.000514    |
|    learning_rate        | 0.0003       |
|    loss                 | -0.0292      |
|    n_updates            | 15710        |
|    policy_gradient_loss | -0.0067      |
|    std                  | 0.892        |
|    value_loss           | 0.00226      |
------------------------------------------
------------------------------------------
| rollout/                |              |
|    ep_len_mean          | 110          |
|    ep_rew_mean          | 0.503        |
| time/                   |              |
|    fps                  | 73           |
|    iterations           | 517          |
|    time_elapsed         | 1791         |
|    total_timesteps      | 402688       |
| train/                  |              |
|    approx_kl            | 0.0060094395 |
|    clip_fraction        | 0.0672       |
|    clip_range           | 0.2          |
|    entropy_loss         | -2.6         |
|    explained_variance   | -0.00567     |
|    learning_rate        | 0.0003       |
|    loss                 | -0.0158      |
|    n_updates            | 15720        |
|    policy_gradient_loss | -0.00473     |
|    std                  | 0.889        |
|    value_loss           | 0.00209      |
------------------------------------------
------------------------------------------
| rollout/                |              |
|    ep_len_mean          | 110          |
|    ep_rew_mean          | 0.502        |
| time/                   |              |
|    fps                  | 73           |
|    iterations           | 518          |
|    time_elapsed         | 1794         |
|    total_timesteps      | 402944       |
| train/                  |              |
|    approx_kl            | 0.0016720428 |
|    clip_fraction        | 0            |
|    clip_range           | 0.2          |
|    entropy_loss         | -2.59        |
|    explained_variance   | 0.000489     |
|    learning_rate        | 0.0003       |
|    loss                 | -0.0241      |
|    n_updates            | 15730        |
|    policy_gradient_loss | -0.000698    |
|    std                  | 0.888        |
|    value_loss           | 0.00228      |
------------------------------------------
------------------------------------------
| rollout/                |              |
|    ep_len_mean          | 110          |
|    ep_rew_mean          | 0.502        |
| time/                   |              |
|    fps                  | 73           |
|    iterations           | 519          |
|    time_elapsed         | 1796         |
|    total_timesteps      | 403200       |
| train/                  |              |
|    approx_kl            | 0.0066741332 |
|    clip_fraction        | 0.0695       |
|    clip_range           | 0.2          |
|    entropy_loss         | -2.59        |
|    explained_variance   | -0.000591    |
|    learning_rate        | 0.0003       |
|    loss                 | -0.0166      |
|    n_updates            | 15740        |
|    policy_gradient_loss | -0.00518     |
|    std                  | 0.887        |
|    value_loss           | 0.00233      |
------------------------------------------
------------------------------------------
| rollout/                |              |
|    ep_len_mean          | 110          |
|    ep_rew_mean          | 0.504        |
| time/                   |              |
|    fps                  | 73           |
|    iterations           | 520          |
|    time_elapsed         | 1799         |
|    total_timesteps      | 403456       |
| train/                  |              |
|    approx_kl            | 0.0055539543 |
|    clip_fraction        | 0.0758       |
|    clip_range           | 0.2          |
|    entropy_loss         | -2.59        |
|    explained_variance   | -0.00145     |
|    learning_rate        | 0.0003       |
|    loss                 | -0.0426      |
|    n_updates            | 15750        |
|    policy_gradient_loss | -0.00745     |
|    std                  | 0.889        |
|    value_loss           | 0.00232      |
------------------------------------------
-----------------------------------------
| rollout/                |             |
|    ep_len_mean          | 110         |
|    ep_rew_mean          | 0.502       |
| time/                   |             |
|    fps                  | 73          |
|    iterations           | 521         |
|    time_elapsed         | 1804        |
|    total_timesteps      | 403712      |
| train/                  |             |
|    approx_kl            | 0.003920913 |
|    clip_fraction        | 0.0988      |
|    clip_range           | 0.2         |
|    entropy_loss         | -2.6        |
|    explained_variance   | -0.0058     |
|    learning_rate        | 0.0003      |
|    loss                 | -0.032      |
|    n_updates            | 15760       |
|    policy_gradient_loss | -0.00714    |
|    std                  | 0.89        |
|    value_loss           | 0.00227     |
-----------------------------------------
-----------------------------------------
| rollout/                |             |
|    ep_len_mean          | 110         |
|    ep_rew_mean          | 0.501       |
| time/                   |             |
|    fps                  | 73          |
|    iterations           | 522         |
|    time_elapsed         | 1806        |
|    total_timesteps      | 403968      |
| train/                  |             |
|    approx_kl            | 0.004771049 |
|    clip_fraction        | 0.0652      |
|    clip_range           | 0.2         |
|    entropy_loss         | -2.59       |
|    explained_variance   | 0.00026     |
|    learning_rate        | 0.0003      |
|    loss                 | -0.00406    |
|    n_updates            | 15770       |
|    policy_gradient_loss | -0.00309    |
|    std                  | 0.888       |
|    value_loss           | 0.00237     |
-----------------------------------------
------------------------------------------
| rollout/                |              |
|    ep_len_mean          | 110          |
|    ep_rew_mean          | 0.5          |
| time/                   |              |
|    fps                  | 73           |
|    iterations           | 523          |
|    time_elapsed         | 1811         |
|    total_timesteps      | 404224       |
| train/                  |              |
|    approx_kl            | 0.0015512703 |
|    clip_fraction        | 0.0238       |
|    clip_range           | 0.2          |
|    entropy_loss         | -2.59        |
|    explained_variance   | 0.00116      |
|    learning_rate        | 0.0003       |
|    loss                 | -0.0287      |
|    n_updates            | 15780        |
|    policy_gradient_loss | -0.00268     |
|    std                  | 0.891        |
|    value_loss           | 0.00229      |
------------------------------------------
------------------------------------------
| rollout/                |              |
|    ep_len_mean          | 110          |
|    ep_rew_mean          | 0.501        |
| time/                   |              |
|    fps                  | 73           |
|    iterations           | 524          |
|    time_elapsed         | 1815         |
|    total_timesteps      | 404480       |
| train/                  |              |
|    approx_kl            | 0.0036184373 |
|    clip_fraction        | 0.0238       |
|    clip_range           | 0.2          |
|    entropy_loss         | -2.6         |
|    explained_variance   | -0.00229     |
|    learning_rate        | 0.0003       |
|    loss                 | -0.0257      |
|    n_updates            | 15790        |
|    policy_gradient_loss | -0.000537    |
|    std                  | 0.889        |
|    value_loss           | 0.0021       |
------------------------------------------
-----------------------------------------
| rollout/                |             |
|    ep_len_mean          | 110         |
|    ep_rew_mean          | 0.501       |
| time/                   |             |
|    fps                  | 73          |
|    iterations           | 525         |
|    time_elapsed         | 1817        |
|    total_timesteps      | 404736      |
| train/                  |             |
|    approx_kl            | 0.005649845 |
|    clip_fraction        | 0.0309      |
|    clip_range           | 0.2         |
|    entropy_loss         | -2.59       |
|    explained_variance   | -0.00138    |
|    learning_rate        | 0.0003      |
|    loss                 | -0.0124     |
|    n_updates            | 15800       |
|    policy_gradient_loss | -0.000562   |
|    std                  | 0.885       |
|    value_loss           | 0.00239     |
-----------------------------------------
------------------------------------------
| rollout/                |              |
|    ep_len_mean          | 110          |
|    ep_rew_mean          | 0.502        |
| time/                   |              |
|    fps                  | 73           |
|    iterations           | 526          |
|    time_elapsed         | 1820         |
|    total_timesteps      | 404992       |
| train/                  |              |
|    approx_kl            | 0.0060919016 |
|    clip_fraction        | 0.0492       |
|    clip_range           | 0.2          |
|    entropy_loss         | -2.58        |
|    explained_variance   | 0.00121      |
|    learning_rate        | 0.0003       |
|    loss                 | -0.0273      |
|    n_updates            | 15810        |
|    policy_gradient_loss | -0.00423     |
|    std                  | 0.883        |
|    value_loss           | 0.00228      |
------------------------------------------
-----------------------------------------
| rollout/                |             |
|    ep_len_mean          | 110         |
|    ep_rew_mean          | 0.502       |
| time/                   |             |
|    fps                  | 73          |
|    iterations           | 527         |
|    time_elapsed         | 1825        |
|    total_timesteps      | 405248      |
| train/                  |             |
|    approx_kl            | 0.007678892 |
|    clip_fraction        | 0.125       |
|    clip_range           | 0.2         |
|    entropy_loss         | -2.58       |
|    explained_variance   | -0.00641    |
|    learning_rate        | 0.0003      |
|    loss                 | -0.0325     |
|    n_updates            | 15820       |
|    policy_gradient_loss | -0.0109     |
|    std                  | 0.883       |
|    value_loss           | 0.00231     |
-----------------------------------------
------------------------------------------
| rollout/                |              |
|    ep_len_mean          | 110          |
|    ep_rew_mean          | 0.501        |
| time/                   |              |
|    fps                  | 73           |
|    iterations           | 528          |
|    time_elapsed         | 1829         |
|    total_timesteps      | 405504       |
| train/                  |              |
|    approx_kl            | 0.0051928516 |
|    clip_fraction        | 0.0516       |
|    clip_range           | 0.2          |
|    entropy_loss         | -2.58        |
|    explained_variance   | -4.42e-05    |
|    learning_rate        | 0.0003       |
|    loss                 | -0.022       |
|    n_updates            | 15830        |
|    policy_gradient_loss | -0.00427     |
|    std                  | 0.885        |
|    value_loss           | 0.00232      |
------------------------------------------
-----------------------------------------
| rollout/                |             |
|    ep_len_mean          | 112         |
|    ep_rew_mean          | 0.288       |
| time/                   |             |
|    fps                  | 73          |
|    iterations           | 529         |
|    time_elapsed         | 1832        |
|    total_timesteps      | 405760      |
| train/                  |             |
|    approx_kl            | 0.006955037 |
|    clip_fraction        | 0.0848      |
|    clip_range           | 0.2         |
|    entropy_loss         | -2.58       |
|    explained_variance   | -0.000118   |
|    learning_rate        | 0.0003      |
|    loss                 | -0.0388     |
|    n_updates            | 15840       |
|    policy_gradient_loss | -0.00758    |
|    std                  | 0.883       |
|    value_loss           | 0.00226     |
-----------------------------------------
------------------------------------------
| rollout/                |              |
|    ep_len_mean          | 112          |
|    ep_rew_mean          | 0.288        |
| time/                   |              |
|    fps                  | 73           |
|    iterations           | 530          |
|    time_elapsed         | 1836         |
|    total_timesteps      | 406016       |
| train/                  |              |
|    approx_kl            | 0.0060372073 |
|    clip_fraction        | 0.0941       |
|    clip_range           | 0.2          |
|    entropy_loss         | -2.58        |
|    explained_variance   | -0.000451    |
|    learning_rate        | 0.0003       |
|    loss                 | -0.0273      |
|    n_updates            | 15850        |
|    policy_gradient_loss | -0.00691     |
|    std                  | 0.884        |
|    value_loss           | 0.00236      |
------------------------------------------
-----------------------------------------
| rollout/                |             |
|    ep_len_mean          | 112         |
|    ep_rew_mean          | 0.287       |
| time/                   |             |
|    fps                  | 73          |
|    iterations           | 531         |
|    time_elapsed         | 1841        |
|    total_timesteps      | 406272      |
| train/                  |             |
|    approx_kl            | 0.004072687 |
|    clip_fraction        | 0.0418      |
|    clip_range           | 0.2         |
|    entropy_loss         | -2.58       |
|    explained_variance   | -5.54e-05   |
|    learning_rate        | 0.0003      |
|    loss                 | -0.0353     |
|    n_updates            | 15860       |
|    policy_gradient_loss | -0.00399    |
|    std                  | 0.887       |
|    value_loss           | 0.00227     |
-----------------------------------------
------------------------------------------
| rollout/                |              |
|    ep_len_mean          | 112          |
|    ep_rew_mean          | 0.287        |
| time/                   |              |
|    fps                  | 73           |
|    iterations           | 532          |
|    time_elapsed         | 1847         |
|    total_timesteps      | 406528       |
| train/                  |              |
|    approx_kl            | 0.0023480866 |
|    clip_fraction        | 0.0172       |
|    clip_range           | 0.2          |
|    entropy_loss         | -2.59        |
|    explained_variance   | 0.000441     |
|    learning_rate        | 0.0003       |
|    loss                 | -0.0232      |
|    n_updates            | 15870        |
|    policy_gradient_loss | -0.00131     |
|    std                  | 0.892        |
|    value_loss           | 0.00237      |
------------------------------------------
------------------------------------------
| rollout/                |              |
|    ep_len_mean          | 113          |
|    ep_rew_mean          | 0.0754       |
| time/                   |              |
|    fps                  | 73           |
|    iterations           | 533          |
|    time_elapsed         | 1850         |
|    total_timesteps      | 406784       |
| train/                  |              |
|    approx_kl            | 0.0045434013 |
|    clip_fraction        | 0.0484       |
|    clip_range           | 0.2          |
|    entropy_loss         | -2.61        |
|    explained_variance   | 2.45e-05     |
|    learning_rate        | 0.0003       |
|    loss                 | -0.0358      |
|    n_updates            | 15880        |
|    policy_gradient_loss | -0.00559     |
|    std                  | 0.898        |
|    value_loss           | 1.72         |
------------------------------------------
-----------------------------------------
| rollout/                |             |
|    ep_len_mean          | 113         |
|    ep_rew_mean          | 0.077       |
| time/                   |             |
|    fps                  | 73          |
|    iterations           | 534         |
|    time_elapsed         | 1854        |
|    total_timesteps      | 407040      |
| train/                  |             |
|    approx_kl            | 0.002541879 |
|    clip_fraction        | 0.0484      |
|    clip_range           | 0.2         |
|    entropy_loss         | -2.61       |
|    explained_variance   | 3.92e-05    |
|    learning_rate        | 0.0003      |
|    loss                 | -0.0407     |
|    n_updates            | 15890       |
|    policy_gradient_loss | -0.00526    |
|    std                  | 0.894       |
|    value_loss           | 0.00232     |
-----------------------------------------
-----------------------------------------
| rollout/                |             |
|    ep_len_mean          | 113         |
|    ep_rew_mean          | 0.0754      |
| time/                   |             |
|    fps                  | 73          |
|    iterations           | 535         |
|    time_elapsed         | 1857        |
|    total_timesteps      | 407296      |
| train/                  |             |
|    approx_kl            | 0.005330922 |
|    clip_fraction        | 0.111       |
|    clip_range           | 0.2         |
|    entropy_loss         | -2.6        |
|    explained_variance   | 0.000521    |
|    learning_rate        | 0.0003      |
|    loss                 | -0.0285     |
|    n_updates            | 15900       |
|    policy_gradient_loss | -0.0109     |
|    std                  | 0.894       |
|    value_loss           | 0.0023      |
-----------------------------------------
-----------------------------------------
| rollout/                |             |
|    ep_len_mean          | 114         |
|    ep_rew_mean          | -0.137      |
| time/                   |             |
|    fps                  | 73          |
|    iterations           | 536         |
|    time_elapsed         | 1861        |
|    total_timesteps      | 407552      |
| train/                  |             |
|    approx_kl            | 0.007607435 |
|    clip_fraction        | 0.101       |
|    clip_range           | 0.2         |
|    entropy_loss         | -2.61       |
|    explained_variance   | -0.00243    |
|    learning_rate        | 0.0003      |
|    loss                 | -0.031      |
|    n_updates            | 15910       |
|    policy_gradient_loss | -0.00924    |
|    std                  | 0.895       |
|    value_loss           | 0.00222     |
-----------------------------------------
------------------------------------------
| rollout/                |              |
|    ep_len_mean          | 114          |
|    ep_rew_mean          | -0.138       |
| time/                   |              |
|    fps                  | 73           |
|    iterations           | 537          |
|    time_elapsed         | 1864         |
|    total_timesteps      | 407808       |
| train/                  |              |
|    approx_kl            | 0.0056194933 |
|    clip_fraction        | 0.0941       |
|    clip_range           | 0.2          |
|    entropy_loss         | -2.61        |
|    explained_variance   | -0.00318     |
|    learning_rate        | 0.0003       |
|    loss                 | -0.0368      |
|    n_updates            | 15920        |
|    policy_gradient_loss | -0.00913     |
|    std                  | 0.9          |
|    value_loss           | 0.00215      |
------------------------------------------
------------------------------------------
| rollout/                |              |
|    ep_len_mean          | 115          |
|    ep_rew_mean          | -0.35        |
| time/                   |              |
|    fps                  | 73           |
|    iterations           | 538          |
|    time_elapsed         | 1867         |
|    total_timesteps      | 408064       |
| train/                  |              |
|    approx_kl            | 0.0040477794 |
|    clip_fraction        | 0.0121       |
|    clip_range           | 0.2          |
|    entropy_loss         | -2.62        |
|    explained_variance   | 0.00305      |
|    learning_rate        | 0.0003       |
|    loss                 | -0.0294      |
|    n_updates            | 15930        |
|    policy_gradient_loss | -0.0019      |
|    std                  | 0.897        |
|    value_loss           | 0.00217      |
------------------------------------------
------------------------------------------
| rollout/                |              |
|    ep_len_mean          | 115          |
|    ep_rew_mean          | -0.349       |
| time/                   |              |
|    fps                  | 73           |
|    iterations           | 539          |
|    time_elapsed         | 1869         |
|    total_timesteps      | 408320       |
| train/                  |              |
|    approx_kl            | 0.0037524998 |
|    clip_fraction        | 0.00547      |
|    clip_range           | 0.2          |
|    entropy_loss         | -2.61        |
|    explained_variance   | -0.0074      |
|    learning_rate        | 0.0003       |
|    loss                 | -0.0286      |
|    n_updates            | 15940        |
|    policy_gradient_loss | -0.00119     |
|    std                  | 0.896        |
|    value_loss           | 0.00254      |
------------------------------------------
------------------------------------------
| rollout/                |              |
|    ep_len_mean          | 115          |
|    ep_rew_mean          | -0.348       |
| time/                   |              |
|    fps                  | 73           |
|    iterations           | 540          |
|    time_elapsed         | 1872         |
|    total_timesteps      | 408576       |
| train/                  |              |
|    approx_kl            | 0.0066223387 |
|    clip_fraction        | 0.0781       |
|    clip_range           | 0.2          |
|    entropy_loss         | -2.61        |
|    explained_variance   | 0.000119     |
|    learning_rate        | 0.0003       |
|    loss                 | -0.0302      |
|    n_updates            | 15950        |
|    policy_gradient_loss | -0.00792     |
|    std                  | 0.896        |
|    value_loss           | 0.00222      |
------------------------------------------
-----------------------------------------
| rollout/                |             |
|    ep_len_mean          | 115         |
|    ep_rew_mean          | -0.348      |
| time/                   |             |
|    fps                  | 73          |
|    iterations           | 541         |
|    time_elapsed         | 1876        |
|    total_timesteps      | 408832      |
| train/                  |             |
|    approx_kl            | 0.005883275 |
|    clip_fraction        | 0.068       |
|    clip_range           | 0.2         |
|    entropy_loss         | -2.61       |
|    explained_variance   | 0.000213    |
|    learning_rate        | 0.0003      |
|    loss                 | -0.0404     |
|    n_updates            | 15960       |
|    policy_gradient_loss | -0.00555    |
|    std                  | 0.898       |
|    value_loss           | 0.00249     |
-----------------------------------------
-----------------------------------------
| rollout/                |             |
|    ep_len_mean          | 115         |
|    ep_rew_mean          | -0.348      |
| time/                   |             |
|    fps                  | 73          |
|    iterations           | 542         |
|    time_elapsed         | 1879        |
|    total_timesteps      | 409088      |
| train/                  |             |
|    approx_kl            | 0.005471821 |
|    clip_fraction        | 0.0543      |
|    clip_range           | 0.2         |
|    entropy_loss         | -2.62       |
|    explained_variance   | -0.00155    |
|    learning_rate        | 0.0003      |
|    loss                 | -0.03       |
|    n_updates            | 15970       |
|    policy_gradient_loss | -0.00593    |
|    std                  | 0.899       |
|    value_loss           | 0.00246     |
-----------------------------------------
------------------------------------------
| rollout/                |              |
|    ep_len_mean          | 116          |
|    ep_rew_mean          | -0.56        |
| time/                   |              |
|    fps                  | 73           |
|    iterations           | 543          |
|    time_elapsed         | 1882         |
|    total_timesteps      | 409344       |
| train/                  |              |
|    approx_kl            | 0.0035965056 |
|    clip_fraction        | 0.0258       |
|    clip_range           | 0.2          |
|    entropy_loss         | -2.62        |
|    explained_variance   | -0.00239     |
|    learning_rate        | 0.0003       |
|    loss                 | -0.0268      |
|    n_updates            | 15980        |
|    policy_gradient_loss | -0.00169     |
|    std                  | 0.898        |
|    value_loss           | 0.00223      |
------------------------------------------
------------------------------------------
| rollout/                |              |
|    ep_len_mean          | 116          |
|    ep_rew_mean          | -0.561       |
| time/                   |              |
|    fps                  | 73           |
|    iterations           | 544          |
|    time_elapsed         | 1886         |
|    total_timesteps      | 409600       |
| train/                  |              |
|    approx_kl            | 0.0057471246 |
|    clip_fraction        | 0.0754       |
|    clip_range           | 0.2          |
|    entropy_loss         | -2.62        |
|    explained_variance   | 0.000163     |
|    learning_rate        | 0.0003       |
|    loss                 | -0.0251      |
|    n_updates            | 15990        |
|    policy_gradient_loss | -0.00493     |
|    std                  | 0.9          |
|    value_loss           | 0.00239      |
------------------------------------------
------------------------------------------
| rollout/                |              |
|    ep_len_mean          | 116          |
|    ep_rew_mean          | -0.561       |
| time/                   |              |
|    fps                  | 73           |
|    iterations           | 545          |
|    time_elapsed         | 1891         |
|    total_timesteps      | 409856       |
| train/                  |              |
|    approx_kl            | 0.0049676895 |
|    clip_fraction        | 0.00703      |
|    clip_range           | 0.2          |
|    entropy_loss         | -2.62        |
|    explained_variance   | -0.000235    |
|    learning_rate        | 0.0003       |
|    loss                 | -0.035       |
|    n_updates            | 16000        |
|    policy_gradient_loss | -0.000854    |
|    std                  | 0.898        |
|    value_loss           | 0.00258      |
------------------------------------------
-----------------------------------------
| rollout/                |             |
|    ep_len_mean          | 116         |
|    ep_rew_mean          | -0.558      |
| time/                   |             |
|    fps                  | 73          |
|    iterations           | 546         |
|    time_elapsed         | 1895        |
|    total_timesteps      | 410112      |
| train/                  |             |
|    approx_kl            | 0.009230951 |
|    clip_fraction        | 0.0785      |
|    clip_range           | 0.2         |
|    entropy_loss         | -2.62       |
|    explained_variance   | 0.000916    |
|    learning_rate        | 0.0003      |
|    loss                 | -0.0406     |
|    n_updates            | 16010       |
|    policy_gradient_loss | -0.00583    |
|    std                  | 0.9         |
|    value_loss           | 0.00242     |
-----------------------------------------
------------------------------------------
| rollout/                |              |
|    ep_len_mean          | 116          |
|    ep_rew_mean          | -0.558       |
| time/                   |              |
|    fps                  | 73           |
|    iterations           | 547          |
|    time_elapsed         | 1900         |
|    total_timesteps      | 410368       |
| train/                  |              |
|    approx_kl            | 0.0054739555 |
|    clip_fraction        | 0.0918       |
|    clip_range           | 0.2          |
|    entropy_loss         | -2.62        |
|    explained_variance   | -0.00216     |
|    learning_rate        | 0.0003       |
|    loss                 | -0.0285      |
|    n_updates            | 16020        |
|    policy_gradient_loss | -0.0064      |
|    std                  | 0.902        |
|    value_loss           | 0.00257      |
------------------------------------------
-----------------------------------------
| rollout/                |             |
|    ep_len_mean          | 116         |
|    ep_rew_mean          | -0.558      |
| time/                   |             |
|    fps                  | 73          |
|    iterations           | 548         |
|    time_elapsed         | 1902        |
|    total_timesteps      | 410624      |
| train/                  |             |
|    approx_kl            | 0.008116631 |
|    clip_fraction        | 0.113       |
|    clip_range           | 0.2         |
|    entropy_loss         | -2.63       |
|    explained_variance   | -7.12e-05   |
|    learning_rate        | 0.0003      |
|    loss                 | -0.0243     |
|    n_updates            | 16030       |
|    policy_gradient_loss | -0.00996    |
|    std                  | 0.904       |
|    value_loss           | 0.00231     |
-----------------------------------------
------------------------------------------
| rollout/                |              |
|    ep_len_mean          | 116          |
|    ep_rew_mean          | -0.559       |
| time/                   |              |
|    fps                  | 73           |
|    iterations           | 549          |
|    time_elapsed         | 1905         |
|    total_timesteps      | 410880       |
| train/                  |              |
|    approx_kl            | 0.0033670634 |
|    clip_fraction        | 0.0125       |
|    clip_range           | 0.2          |
|    entropy_loss         | -2.63        |
|    explained_variance   | -0.000838    |
|    learning_rate        | 0.0003       |
|    loss                 | -0.038       |
|    n_updates            | 16040        |
|    policy_gradient_loss | -0.00236     |
|    std                  | 0.904        |
|    value_loss           | 0.0022       |
------------------------------------------
-----------------------------------------
| rollout/                |             |
|    ep_len_mean          | 118         |
|    ep_rew_mean          | -0.772      |
| time/                   |             |
|    fps                  | 73          |
|    iterations           | 550         |
|    time_elapsed         | 1909        |
|    total_timesteps      | 411136      |
| train/                  |             |
|    approx_kl            | 0.006523328 |
|    clip_fraction        | 0.091       |
|    clip_range           | 0.2         |
|    entropy_loss         | -2.62       |
|    explained_variance   | -0.00302    |
|    learning_rate        | 0.0003      |
|    loss                 | -0.0291     |
|    n_updates            | 16050       |
|    policy_gradient_loss | -0.00633    |
|    std                  | 0.901       |
|    value_loss           | 0.00237     |
-----------------------------------------
-----------------------------------------
| rollout/                |             |
|    ep_len_mean          | 118         |
|    ep_rew_mean          | -0.773      |
| time/                   |             |
|    fps                  | 73          |
|    iterations           | 551         |
|    time_elapsed         | 1914        |
|    total_timesteps      | 411392      |
| train/                  |             |
|    approx_kl            | 0.007571185 |
|    clip_fraction        | 0.0676      |
|    clip_range           | 0.2         |
|    entropy_loss         | -2.62       |
|    explained_variance   | -0.00556    |
|    learning_rate        | 0.0003      |
|    loss                 | -0.0328     |
|    n_updates            | 16060       |
|    policy_gradient_loss | -0.00573    |
|    std                  | 0.9         |
|    value_loss           | 0.00212     |
-----------------------------------------
------------------------------------------
| rollout/                |              |
|    ep_len_mean          | 118          |
|    ep_rew_mean          | -0.772       |
| time/                   |              |
|    fps                  | 73           |
|    iterations           | 552          |
|    time_elapsed         | 1918         |
|    total_timesteps      | 411648       |
| train/                  |              |
|    approx_kl            | 0.0075583085 |
|    clip_fraction        | 0.0895       |
|    clip_range           | 0.2          |
|    entropy_loss         | -2.62        |
|    explained_variance   | -0.00266     |
|    learning_rate        | 0.0003       |
|    loss                 | -0.0431      |
|    n_updates            | 16070        |
|    policy_gradient_loss | -0.00799     |
|    std                  | 0.9          |
|    value_loss           | 0.00178      |
------------------------------------------
-----------------------------------------
| rollout/                |             |
|    ep_len_mean          | 118         |
|    ep_rew_mean          | -0.771      |
| time/                   |             |
|    fps                  | 73          |
|    iterations           | 553         |
|    time_elapsed         | 1921        |
|    total_timesteps      | 411904      |
| train/                  |             |
|    approx_kl            | 0.006190748 |
|    clip_fraction        | 0.0516      |
|    clip_range           | 0.2         |
|    entropy_loss         | -2.62       |
|    explained_variance   | -0.000385   |
|    learning_rate        | 0.0003      |
|    loss                 | -0.0282     |
|    n_updates            | 16080       |
|    policy_gradient_loss | -0.00609    |
|    std                  | 0.906       |
|    value_loss           | 0.00215     |
-----------------------------------------
------------------------------------------
| rollout/                |              |
|    ep_len_mean          | 118          |
|    ep_rew_mean          | -0.772       |
| time/                   |              |
|    fps                  | 73           |
|    iterations           | 554          |
|    time_elapsed         | 1927         |
|    total_timesteps      | 412160       |
| train/                  |              |
|    approx_kl            | 0.0060064932 |
|    clip_fraction        | 0.0629       |
|    clip_range           | 0.2          |
|    entropy_loss         | -2.63        |
|    explained_variance   | -0.000344    |
|    learning_rate        | 0.0003       |
|    loss                 | -0.0415      |
|    n_updates            | 16090        |
|    policy_gradient_loss | -0.00656     |
|    std                  | 0.906        |
|    value_loss           | 0.00207      |
------------------------------------------
------------------------------------------
| rollout/                |              |
|    ep_len_mean          | 118          |
|    ep_rew_mean          | -0.771       |
| time/                   |              |
|    fps                  | 73           |
|    iterations           | 555          |
|    time_elapsed         | 1930         |
|    total_timesteps      | 412416       |
| train/                  |              |
|    approx_kl            | 0.0073029227 |
|    clip_fraction        | 0.0762       |
|    clip_range           | 0.2          |
|    entropy_loss         | -2.64        |
|    explained_variance   | 0.000876     |
|    learning_rate        | 0.0003       |
|    loss                 | -0.0422      |
|    n_updates            | 16100        |
|    policy_gradient_loss | -0.00694     |
|    std                  | 0.911        |
|    value_loss           | 0.00208      |
------------------------------------------
-----------------------------------------
| rollout/                |             |
|    ep_len_mean          | 118         |
|    ep_rew_mean          | -0.771      |
| time/                   |             |
|    fps                  | 73          |
|    iterations           | 556         |
|    time_elapsed         | 1932        |
|    total_timesteps      | 412672      |
| train/                  |             |
|    approx_kl            | 0.004082759 |
|    clip_fraction        | 0.0223      |
|    clip_range           | 0.2         |
|    entropy_loss         | -2.65       |
|    explained_variance   | 0.00396     |
|    learning_rate        | 0.0003      |
|    loss                 | -0.0312     |
|    n_updates            | 16110       |
|    policy_gradient_loss | -0.00191    |
|    std                  | 0.915       |
|    value_loss           | 0.00172     |
-----------------------------------------
------------------------------------------
| rollout/                |              |
|    ep_len_mean          | 118          |
|    ep_rew_mean          | -0.771       |
| time/                   |              |
|    fps                  | 73           |
|    iterations           | 557          |
|    time_elapsed         | 1935         |
|    total_timesteps      | 412928       |
| train/                  |              |
|    approx_kl            | 0.0061506117 |
|    clip_fraction        | 0.0461       |
|    clip_range           | 0.2          |
|    entropy_loss         | -2.64        |
|    explained_variance   | -0.000897    |
|    learning_rate        | 0.0003       |
|    loss                 | -0.0173      |
|    n_updates            | 16120        |
|    policy_gradient_loss | -0.0015      |
|    std                  | 0.912        |
|    value_loss           | 0.00209      |
------------------------------------------
------------------------------------------
| rollout/                |              |
|    ep_len_mean          | 118          |
|    ep_rew_mean          | -0.772       |
| time/                   |              |
|    fps                  | 73           |
|    iterations           | 558          |
|    time_elapsed         | 1938         |
|    total_timesteps      | 413184       |
| train/                  |              |
|    approx_kl            | 0.0057029934 |
|    clip_fraction        | 0.0602       |
|    clip_range           | 0.2          |
|    entropy_loss         | -2.64        |
|    explained_variance   | -0.00666     |
|    learning_rate        | 0.0003       |
|    loss                 | -0.0457      |
|    n_updates            | 16130        |
|    policy_gradient_loss | -0.00422     |
|    std                  | 0.911        |
|    value_loss           | 0.00192      |
------------------------------------------
------------------------------------------
| rollout/                |              |
|    ep_len_mean          | 118          |
|    ep_rew_mean          | -0.772       |
| time/                   |              |
|    fps                  | 73           |
|    iterations           | 559          |
|    time_elapsed         | 1940         |
|    total_timesteps      | 413440       |
| train/                  |              |
|    approx_kl            | 0.0027684132 |
|    clip_fraction        | 0.0332       |
|    clip_range           | 0.2          |
|    entropy_loss         | -2.64        |
|    explained_variance   | 0.000933     |
|    learning_rate        | 0.0003       |
|    loss                 | -0.0246      |
|    n_updates            | 16140        |
|    policy_gradient_loss | -0.000958    |
|    std                  | 0.91         |
|    value_loss           | 0.0018       |
------------------------------------------
------------------------------------------
| rollout/                |              |
|    ep_len_mean          | 118          |
|    ep_rew_mean          | -0.773       |
| time/                   |              |
|    fps                  | 73           |
|    iterations           | 560          |
|    time_elapsed         | 1945         |
|    total_timesteps      | 413696       |
| train/                  |              |
|    approx_kl            | 0.0061313496 |
|    clip_fraction        | 0.0645       |
|    clip_range           | 0.2          |
|    entropy_loss         | -2.63        |
|    explained_variance   | 0.0011       |
|    learning_rate        | 0.0003       |
|    loss                 | -0.0533      |
|    n_updates            | 16150        |
|    policy_gradient_loss | -0.00443     |
|    std                  | 0.906        |
|    value_loss           | 0.00193      |
------------------------------------------
------------------------------------------
| rollout/                |              |
|    ep_len_mean          | 119          |
|    ep_rew_mean          | -0.985       |
| time/                   |              |
|    fps                  | 73           |
|    iterations           | 561          |
|    time_elapsed         | 1947         |
|    total_timesteps      | 413952       |
| train/                  |              |
|    approx_kl            | 0.0057454007 |
|    clip_fraction        | 0.118        |
|    clip_range           | 0.2          |
|    entropy_loss         | -2.63        |
|    explained_variance   | 0.000186     |
|    learning_rate        | 0.0003       |
|    loss                 | -0.0245      |
|    n_updates            | 16160        |
|    policy_gradient_loss | -0.00895     |
|    std                  | 0.905        |
|    value_loss           | 0.00187      |
------------------------------------------
-----------------------------------------
| rollout/                |             |
|    ep_len_mean          | 118         |
|    ep_rew_mean          | -0.774      |
| time/                   |             |
|    fps                  | 73          |
|    iterations           | 562         |
|    time_elapsed         | 1950        |
|    total_timesteps      | 414208      |
| train/                  |             |
|    approx_kl            | 0.008361902 |
|    clip_fraction        | 0.0957      |
|    clip_range           | 0.2         |
|    entropy_loss         | -2.63       |
|    explained_variance   | 0.000937    |
|    learning_rate        | 0.0003      |
|    loss                 | -0.0297     |
|    n_updates            | 16170       |
|    policy_gradient_loss | -0.00778    |
|    std                  | 0.906       |
|    value_loss           | 0.00204     |
-----------------------------------------
----------------------------------------
| rollout/                |            |
|    ep_len_mean          | 118        |
|    ep_rew_mean          | -0.773     |
| time/                   |            |
|    fps                  | 73         |
|    iterations           | 563        |
|    time_elapsed         | 1955       |
|    total_timesteps      | 414464     |
| train/                  |            |
|    approx_kl            | 0.00939189 |
|    clip_fraction        | 0.0559     |
|    clip_range           | 0.2        |
|    entropy_loss         | -2.63      |
|    explained_variance   | 2.72e-05   |
|    learning_rate        | 0.0003     |
|    loss                 | -0.0319    |
|    n_updates            | 16180      |
|    policy_gradient_loss | -0.00253   |
|    std                  | 0.904      |
|    value_loss           | 1.72       |
----------------------------------------
-----------------------------------------
| rollout/                |             |
|    ep_len_mean          | 118         |
|    ep_rew_mean          | -0.772      |
| time/                   |             |
|    fps                  | 73          |
|    iterations           | 564         |
|    time_elapsed         | 1959        |
|    total_timesteps      | 414720      |
| train/                  |             |
|    approx_kl            | 0.008197641 |
|    clip_fraction        | 0.0684      |
|    clip_range           | 0.2         |
|    entropy_loss         | -2.63       |
|    explained_variance   | -0.00264    |
|    learning_rate        | 0.0003      |
|    loss                 | -0.0132     |
|    n_updates            | 16190       |
|    policy_gradient_loss | -0.00496    |
|    std                  | 0.905       |
|    value_loss           | 0.00198     |
-----------------------------------------
------------------------------------------
| rollout/                |              |
|    ep_len_mean          | 118          |
|    ep_rew_mean          | -0.771       |
| time/                   |              |
|    fps                  | 73           |
|    iterations           | 565          |
|    time_elapsed         | 1964         |
|    total_timesteps      | 414976       |
| train/                  |              |
|    approx_kl            | 0.0027315652 |
|    clip_fraction        | 0.00156      |
|    clip_range           | 0.2          |
|    entropy_loss         | -2.63        |
|    explained_variance   | 0.00285      |
|    learning_rate        | 0.0003       |
|    loss                 | -0.021       |
|    n_updates            | 16200        |
|    policy_gradient_loss | -0.000372    |
|    std                  | 0.905        |
|    value_loss           | 0.00191      |
------------------------------------------
-----------------------------------------
| rollout/                |             |
|    ep_len_mean          | 118         |
|    ep_rew_mean          | -0.773      |
| time/                   |             |
|    fps                  | 73          |
|    iterations           | 566         |
|    time_elapsed         | 1970        |
|    total_timesteps      | 415232      |
| train/                  |             |
|    approx_kl            | 0.007377954 |
|    clip_fraction        | 0.0762      |
|    clip_range           | 0.2         |
|    entropy_loss         | -2.63       |
|    explained_variance   | 0.00334     |
|    learning_rate        | 0.0003      |
|    loss                 | -0.013      |
|    n_updates            | 16210       |
|    policy_gradient_loss | -0.00505    |
|    std                  | 0.909       |
|    value_loss           | 0.00187     |
-----------------------------------------
------------------------------------------
| rollout/                |              |
|    ep_len_mean          | 118          |
|    ep_rew_mean          | -0.773       |
| time/                   |              |
|    fps                  | 73           |
|    iterations           | 567          |
|    time_elapsed         | 1974         |
|    total_timesteps      | 415488       |
| train/                  |              |
|    approx_kl            | 0.0050466675 |
|    clip_fraction        | 0.068        |
|    clip_range           | 0.2          |
|    entropy_loss         | -2.64        |
|    explained_variance   | -0.000631    |
|    learning_rate        | 0.0003       |
|    loss                 | -0.0326      |
|    n_updates            | 16220        |
|    policy_gradient_loss | -0.00646     |
|    std                  | 0.91         |
|    value_loss           | 0.0021       |
------------------------------------------
-----------------------------------------
| rollout/                |             |
|    ep_len_mean          | 118         |
|    ep_rew_mean          | -0.772      |
| time/                   |             |
|    fps                  | 73          |
|    iterations           | 568         |
|    time_elapsed         | 1977        |
|    total_timesteps      | 415744      |
| train/                  |             |
|    approx_kl            | 0.008552915 |
|    clip_fraction        | 0.115       |
|    clip_range           | 0.2         |
|    entropy_loss         | -2.64       |
|    explained_variance   | -0.0113     |
|    learning_rate        | 0.0003      |
|    loss                 | -0.0556     |
|    n_updates            | 16230       |
|    policy_gradient_loss | -0.0115     |
|    std                  | 0.912       |
|    value_loss           | 0.00202     |
-----------------------------------------
------------------------------------------
| rollout/                |              |
|    ep_len_mean          | 116          |
|    ep_rew_mean          | -0.562       |
| time/                   |              |
|    fps                  | 73           |
|    iterations           | 569          |
|    time_elapsed         | 1983         |
|    total_timesteps      | 416000       |
| train/                  |              |
|    approx_kl            | 0.0039939443 |
|    clip_fraction        | 0.0508       |
|    clip_range           | 0.2          |
|    entropy_loss         | -2.64        |
|    explained_variance   | 0.00331      |
|    learning_rate        | 0.0003       |
|    loss                 | -0.0396      |
|    n_updates            | 16240        |
|    policy_gradient_loss | -0.00673     |
|    std                  | 0.915        |
|    value_loss           | 0.0021       |
------------------------------------------
-----------------------------------------
| rollout/                |             |
|    ep_len_mean          | 116         |
|    ep_rew_mean          | -0.562      |
| time/                   |             |
|    fps                  | 73          |
|    iterations           | 570         |
|    time_elapsed         | 1986        |
|    total_timesteps      | 416256      |
| train/                  |             |
|    approx_kl            | 0.008137317 |
|    clip_fraction        | 0.141       |
|    clip_range           | 0.2         |
|    entropy_loss         | -2.65       |
|    explained_variance   | -3.04e-05   |
|    learning_rate        | 0.0003      |
|    loss                 | -0.0347     |
|    n_updates            | 16250       |
|    policy_gradient_loss | -0.0105     |
|    std                  | 0.916       |
|    value_loss           | 1.72        |
-----------------------------------------
-----------------------------------------
| rollout/                |             |
|    ep_len_mean          | 116         |
|    ep_rew_mean          | -0.563      |
| time/                   |             |
|    fps                  | 73          |
|    iterations           | 571         |
|    time_elapsed         | 1988        |
|    total_timesteps      | 416512      |
| train/                  |             |
|    approx_kl            | 0.004815415 |
|    clip_fraction        | 0.032       |
|    clip_range           | 0.2         |
|    entropy_loss         | -2.65       |
|    explained_variance   | -1.87e-05   |
|    learning_rate        | 0.0003      |
|    loss                 | -0.0269     |
|    n_updates            | 16260       |
|    policy_gradient_loss | -0.00286    |
|    std                  | 0.918       |
|    value_loss           | 0.00239     |
-----------------------------------------
------------------------------------------
| rollout/                |              |
|    ep_len_mean          | 116          |
|    ep_rew_mean          | -0.562       |
| time/                   |              |
|    fps                  | 73           |
|    iterations           | 572          |
|    time_elapsed         | 1993         |
|    total_timesteps      | 416768       |
| train/                  |              |
|    approx_kl            | 0.0061280765 |
|    clip_fraction        | 0.0754       |
|    clip_range           | 0.2          |
|    entropy_loss         | -2.66        |
|    explained_variance   | -0.00127     |
|    learning_rate        | 0.0003       |
|    loss                 | -0.0378      |
|    n_updates            | 16270        |
|    policy_gradient_loss | -0.0101      |
|    std                  | 0.92         |
|    value_loss           | 0.00229      |
------------------------------------------
------------------------------------------
| rollout/                |              |
|    ep_len_mean          | 116          |
|    ep_rew_mean          | -0.561       |
| time/                   |              |
|    fps                  | 73           |
|    iterations           | 573          |
|    time_elapsed         | 1997         |
|    total_timesteps      | 417024       |
| train/                  |              |
|    approx_kl            | 0.0034580214 |
|    clip_fraction        | 0.0258       |
|    clip_range           | 0.2          |
|    entropy_loss         | -2.66        |
|    explained_variance   | -2.77e-05    |
|    learning_rate        | 0.0003       |
|    loss                 | -0.0303      |
|    n_updates            | 16280        |
|    policy_gradient_loss | -0.00456     |
|    std                  | 0.918        |
|    value_loss           | 0.00216      |
------------------------------------------
------------------------------------------
| rollout/                |              |
|    ep_len_mean          | 116          |
|    ep_rew_mean          | -0.562       |
| time/                   |              |
|    fps                  | 73           |
|    iterations           | 574          |
|    time_elapsed         | 2002         |
|    total_timesteps      | 417280       |
| train/                  |              |
|    approx_kl            | 0.0036155293 |
|    clip_fraction        | 0.018        |
|    clip_range           | 0.2          |
|    entropy_loss         | -2.65        |
|    explained_variance   | 0.000895     |
|    learning_rate        | 0.0003       |
|    loss                 | -0.033       |
|    n_updates            | 16290        |
|    policy_gradient_loss | -0.000294    |
|    std                  | 0.914        |
|    value_loss           | 0.00209      |
------------------------------------------
------------------------------------------
| rollout/                |              |
|    ep_len_mean          | 116          |
|    ep_rew_mean          | -0.562       |
| time/                   |              |
|    fps                  | 73           |
|    iterations           | 575          |
|    time_elapsed         | 2006         |
|    total_timesteps      | 417536       |
| train/                  |              |
|    approx_kl            | 0.0019270887 |
|    clip_fraction        | 0.0297       |
|    clip_range           | 0.2          |
|    entropy_loss         | -2.64        |
|    explained_variance   | 3.09e-05     |
|    learning_rate        | 0.0003       |
|    loss                 | -0.0234      |
|    n_updates            | 16300        |
|    policy_gradient_loss | -0.000788    |
|    std                  | 0.912        |
|    value_loss           | 0.00239      |
------------------------------------------
-----------------------------------------
| rollout/                |             |
|    ep_len_mean          | 116         |
|    ep_rew_mean          | -0.561      |
| time/                   |             |
|    fps                  | 73          |
|    iterations           | 576         |
|    time_elapsed         | 2009        |
|    total_timesteps      | 417792      |
| train/                  |             |
|    approx_kl            | 0.008394115 |
|    clip_fraction        | 0.075       |
|    clip_range           | 0.2         |
|    entropy_loss         | -2.64       |
|    explained_variance   | 0.00345     |
|    learning_rate        | 0.0003      |
|    loss                 | -0.0391     |
|    n_updates            | 16310       |
|    policy_gradient_loss | -0.00494    |
|    std                  | 0.915       |
|    value_loss           | 0.00213     |
-----------------------------------------
------------------------------------------
| rollout/                |              |
|    ep_len_mean          | 116          |
|    ep_rew_mean          | -0.561       |
| time/                   |              |
|    fps                  | 73           |
|    iterations           | 577          |
|    time_elapsed         | 2013         |
|    total_timesteps      | 418048       |
| train/                  |              |
|    approx_kl            | 0.0021792676 |
|    clip_fraction        | 0.0121       |
|    clip_range           | 0.2          |
|    entropy_loss         | -2.65        |
|    explained_variance   | -0.00224     |
|    learning_rate        | 0.0003       |
|    loss                 | -0.0184      |
|    n_updates            | 16320        |
|    policy_gradient_loss | -0.00133     |
|    std                  | 0.917        |
|    value_loss           | 0.00214      |
------------------------------------------
------------------------------------------
| rollout/                |              |
|    ep_len_mean          | 118          |
|    ep_rew_mean          | -0.774       |
| time/                   |              |
|    fps                  | 73           |
|    iterations           | 578          |
|    time_elapsed         | 2016         |
|    total_timesteps      | 418304       |
| train/                  |              |
|    approx_kl            | 0.0043036584 |
|    clip_fraction        | 0.0383       |
|    clip_range           | 0.2          |
|    entropy_loss         | -2.65        |
|    explained_variance   | 0.000672     |
|    learning_rate        | 0.0003       |
|    loss                 | -0.0383      |
|    n_updates            | 16330        |
|    policy_gradient_loss | -0.0029      |
|    std                  | 0.921        |
|    value_loss           | 0.00236      |
------------------------------------------
------------------------------------------
| rollout/                |              |
|    ep_len_mean          | 118          |
|    ep_rew_mean          | -0.773       |
| time/                   |              |
|    fps                  | 73           |
|    iterations           | 579          |
|    time_elapsed         | 2022         |
|    total_timesteps      | 418560       |
| train/                  |              |
|    approx_kl            | 0.0029851815 |
|    clip_fraction        | 0.0379       |
|    clip_range           | 0.2          |
|    entropy_loss         | -2.66        |
|    explained_variance   | 0.0119       |
|    learning_rate        | 0.0003       |
|    loss                 | -0.0374      |
|    n_updates            | 16340        |
|    policy_gradient_loss | -0.00283     |
|    std                  | 0.925        |
|    value_loss           | 0.00222      |
------------------------------------------
------------------------------------------
| rollout/                |              |
|    ep_len_mean          | 118          |
|    ep_rew_mean          | -0.775       |
| time/                   |              |
|    fps                  | 73           |
|    iterations           | 580          |
|    time_elapsed         | 2027         |
|    total_timesteps      | 418816       |
| train/                  |              |
|    approx_kl            | 0.0042089913 |
|    clip_fraction        | 0.0434       |
|    clip_range           | 0.2          |
|    entropy_loss         | -2.67        |
|    explained_variance   | -0.0271      |
|    learning_rate        | 0.0003       |
|    loss                 | -0.0424      |
|    n_updates            | 16350        |
|    policy_gradient_loss | -0.00474     |
|    std                  | 0.922        |
|    value_loss           | 0.00237      |
------------------------------------------
------------------------------------------
| rollout/                |              |
|    ep_len_mean          | 118          |
|    ep_rew_mean          | -0.774       |
| time/                   |              |
|    fps                  | 73           |
|    iterations           | 581          |
|    time_elapsed         | 2031         |
|    total_timesteps      | 419072       |
| train/                  |              |
|    approx_kl            | 0.0035399434 |
|    clip_fraction        | 0.0437       |
|    clip_range           | 0.2          |
|    entropy_loss         | -2.66        |
|    explained_variance   | 0.000222     |
|    learning_rate        | 0.0003       |
|    loss                 | -0.0164      |
|    n_updates            | 16360        |
|    policy_gradient_loss | -0.00323     |
|    std                  | 0.918        |
|    value_loss           | 0.00204      |
------------------------------------------
------------------------------------------
| rollout/                |              |
|    ep_len_mean          | 118          |
|    ep_rew_mean          | -0.774       |
| time/                   |              |
|    fps                  | 73           |
|    iterations           | 582          |
|    time_elapsed         | 2036         |
|    total_timesteps      | 419328       |
| train/                  |              |
|    approx_kl            | 0.0057498794 |
|    clip_fraction        | 0.102        |
|    clip_range           | 0.2          |
|    entropy_loss         | -2.65        |
|    explained_variance   | -5.47e-05    |
|    learning_rate        | 0.0003       |
|    loss                 | -0.0532      |
|    n_updates            | 16370        |
|    policy_gradient_loss | -0.00972     |
|    std                  | 0.916        |
|    value_loss           | 0.0022       |
------------------------------------------
------------------------------------------
| rollout/                |              |
|    ep_len_mean          | 118          |
|    ep_rew_mean          | -0.775       |
| time/                   |              |
|    fps                  | 73           |
|    iterations           | 583          |
|    time_elapsed         | 2038         |
|    total_timesteps      | 419584       |
| train/                  |              |
|    approx_kl            | 0.0045813257 |
|    clip_fraction        | 0.091        |
|    clip_range           | 0.2          |
|    entropy_loss         | -2.65        |
|    explained_variance   | 0.000674     |
|    learning_rate        | 0.0003       |
|    loss                 | -0.0309      |
|    n_updates            | 16380        |
|    policy_gradient_loss | -0.00568     |
|    std                  | 0.916        |
|    value_loss           | 0.00249      |
------------------------------------------
------------------------------------------
| rollout/                |              |
|    ep_len_mean          | 118          |
|    ep_rew_mean          | -0.774       |
| time/                   |              |
|    fps                  | 73           |
|    iterations           | 584          |
|    time_elapsed         | 2043         |
|    total_timesteps      | 419840       |
| train/                  |              |
|    approx_kl            | 0.0061539654 |
|    clip_fraction        | 0.0652       |
|    clip_range           | 0.2          |
|    entropy_loss         | -2.65        |
|    explained_variance   | 0.00105      |
|    learning_rate        | 0.0003       |
|    loss                 | -0.0482      |
|    n_updates            | 16390        |
|    policy_gradient_loss | -0.00671     |
|    std                  | 0.916        |
|    value_loss           | 0.00208      |
------------------------------------------
-----------------------------------------
| rollout/                |             |
|    ep_len_mean          | 118         |
|    ep_rew_mean          | -0.776      |
| time/                   |             |
|    fps                  | 73          |
|    iterations           | 585         |
|    time_elapsed         | 2045        |
|    total_timesteps      | 420096      |
| train/                  |             |
|    approx_kl            | 0.006708772 |
|    clip_fraction        | 0.0785      |
|    clip_range           | 0.2         |
|    entropy_loss         | -2.65       |
|    explained_variance   | -6.32e-05   |
|    learning_rate        | 0.0003      |
|    loss                 | -0.0439     |
|    n_updates            | 16400       |
|    policy_gradient_loss | -0.00623    |
|    std                  | 0.919       |
|    value_loss           | 0.00234     |
-----------------------------------------
------------------------------------------
| rollout/                |              |
|    ep_len_mean          | 118          |
|    ep_rew_mean          | -0.776       |
| time/                   |              |
|    fps                  | 73           |
|    iterations           | 586          |
|    time_elapsed         | 2050         |
|    total_timesteps      | 420352       |
| train/                  |              |
|    approx_kl            | 0.0036205014 |
|    clip_fraction        | 0.0426       |
|    clip_range           | 0.2          |
|    entropy_loss         | -2.66        |
|    explained_variance   | 0.00127      |
|    learning_rate        | 0.0003       |
|    loss                 | -0.0155      |
|    n_updates            | 16410        |
|    policy_gradient_loss | -0.00275     |
|    std                  | 0.921        |
|    value_loss           | 0.00247      |
------------------------------------------
------------------------------------------
| rollout/                |              |
|    ep_len_mean          | 118          |
|    ep_rew_mean          | -0.777       |
| time/                   |              |
|    fps                  | 73           |
|    iterations           | 587          |
|    time_elapsed         | 2054         |
|    total_timesteps      | 420608       |
| train/                  |              |
|    approx_kl            | 0.0051642423 |
|    clip_fraction        | 0.0918       |
|    clip_range           | 0.2          |
|    entropy_loss         | -2.66        |
|    explained_variance   | 0.00779      |
|    learning_rate        | 0.0003       |
|    loss                 | -0.0242      |
|    n_updates            | 16420        |
|    policy_gradient_loss | -0.00841     |
|    std                  | 0.922        |
|    value_loss           | 0.00225      |
------------------------------------------
-----------------------------------------
| rollout/                |             |
|    ep_len_mean          | 118         |
|    ep_rew_mean          | -0.777      |
| time/                   |             |
|    fps                  | 73          |
|    iterations           | 588         |
|    time_elapsed         | 2060        |
|    total_timesteps      | 420864      |
| train/                  |             |
|    approx_kl            | 0.005397248 |
|    clip_fraction        | 0.0664      |
|    clip_range           | 0.2         |
|    entropy_loss         | -2.66       |
|    explained_variance   | -0.00953    |
|    learning_rate        | 0.0003      |
|    loss                 | -0.0293     |
|    n_updates            | 16430       |
|    policy_gradient_loss | -0.00441    |
|    std                  | 0.922       |
|    value_loss           | 0.00228     |
-----------------------------------------
-----------------------------------------
| rollout/                |             |
|    ep_len_mean          | 118         |
|    ep_rew_mean          | -0.777      |
| time/                   |             |
|    fps                  | 73          |
|    iterations           | 589         |
|    time_elapsed         | 2065        |
|    total_timesteps      | 421120      |
| train/                  |             |
|    approx_kl            | 0.005959881 |
|    clip_fraction        | 0.0785      |
|    clip_range           | 0.2         |
|    entropy_loss         | -2.67       |
|    explained_variance   | 0.00111     |
|    learning_rate        | 0.0003      |
|    loss                 | -0.0459     |
|    n_updates            | 16440       |
|    policy_gradient_loss | -0.00884    |
|    std                  | 0.926       |
|    value_loss           | 0.00221     |
-----------------------------------------
------------------------------------------
| rollout/                |              |
|    ep_len_mean          | 118          |
|    ep_rew_mean          | -0.775       |
| time/                   |              |
|    fps                  | 73           |
|    iterations           | 590          |
|    time_elapsed         | 2067         |
|    total_timesteps      | 421376       |
| train/                  |              |
|    approx_kl            | 0.0042738477 |
|    clip_fraction        | 0.0516       |
|    clip_range           | 0.2          |
|    entropy_loss         | -2.67        |
|    explained_variance   | -0.00561     |
|    learning_rate        | 0.0003       |
|    loss                 | -0.0228      |
|    n_updates            | 16450        |
|    policy_gradient_loss | -0.00365     |
|    std                  | 0.925        |
|    value_loss           | 0.00217      |
------------------------------------------
------------------------------------------
| rollout/                |              |
|    ep_len_mean          | 118          |
|    ep_rew_mean          | -0.776       |
| time/                   |              |
|    fps                  | 73           |
|    iterations           | 591          |
|    time_elapsed         | 2072         |
|    total_timesteps      | 421632       |
| train/                  |              |
|    approx_kl            | 0.0016744635 |
|    clip_fraction        | 0.00547      |
|    clip_range           | 0.2          |
|    entropy_loss         | -2.67        |
|    explained_variance   | 0.00084      |
|    learning_rate        | 0.0003       |
|    loss                 | -0.0354      |
|    n_updates            | 16460        |
|    policy_gradient_loss | -0.0022      |
|    std                  | 0.931        |
|    value_loss           | 0.00216      |
------------------------------------------
-----------------------------------------
| rollout/                |             |
|    ep_len_mean          | 118         |
|    ep_rew_mean          | -0.777      |
| time/                   |             |
|    fps                  | 72          |
|    iterations           | 592         |
|    time_elapsed         | 2076        |
|    total_timesteps      | 421888      |
| train/                  |             |
|    approx_kl            | 0.007820064 |
|    clip_fraction        | 0.0844      |
|    clip_range           | 0.2         |
|    entropy_loss         | -2.68       |
|    explained_variance   | -0.00353    |
|    learning_rate        | 0.0003      |
|    loss                 | -0.0143     |
|    n_updates            | 16470       |
|    policy_gradient_loss | -0.00518    |
|    std                  | 0.929       |
|    value_loss           | 0.00241     |
-----------------------------------------
----------------------------------------
| rollout/                |            |
|    ep_len_mean          | 116        |
|    ep_rew_mean          | -0.563     |
| time/                   |            |
|    fps                  | 72         |
|    iterations           | 593        |
|    time_elapsed         | 2083       |
|    total_timesteps      | 422144     |
| train/                  |            |
|    approx_kl            | 0.00791555 |
|    clip_fraction        | 0.105      |
|    clip_range           | 0.2        |
|    entropy_loss         | -2.67      |
|    explained_variance   | 0.00114    |
|    learning_rate        | 0.0003     |
|    loss                 | -0.0524    |
|    n_updates            | 16480      |
|    policy_gradient_loss | -0.01      |
|    std                  | 0.924      |
|    value_loss           | 0.00238    |
----------------------------------------
-----------------------------------------
| rollout/                |             |
|    ep_len_mean          | 116         |
|    ep_rew_mean          | -0.563      |
| time/                   |             |
|    fps                  | 72          |
|    iterations           | 594         |
|    time_elapsed         | 2087        |
|    total_timesteps      | 422400      |
| train/                  |             |
|    approx_kl            | 0.004690924 |
|    clip_fraction        | 0.0664      |
|    clip_range           | 0.2         |
|    entropy_loss         | -2.67       |
|    explained_variance   | 7.63e-06    |
|    learning_rate        | 0.0003      |
|    loss                 | 3.4         |
|    n_updates            | 16490       |
|    policy_gradient_loss | -0.00387    |
|    std                  | 0.923       |
|    value_loss           | 1.72        |
-----------------------------------------
-----------------------------------------
| rollout/                |             |
|    ep_len_mean          | 116         |
|    ep_rew_mean          | -0.562      |
| time/                   |             |
|    fps                  | 72          |
|    iterations           | 595         |
|    time_elapsed         | 2090        |
|    total_timesteps      | 422656      |
| train/                  |             |
|    approx_kl            | 0.007106926 |
|    clip_fraction        | 0.0672      |
|    clip_range           | 0.2         |
|    entropy_loss         | -2.66       |
|    explained_variance   | 0.000111    |
|    learning_rate        | 0.0003      |
|    loss                 | -0.0165     |
|    n_updates            | 16500       |
|    policy_gradient_loss | -0.00571    |
|    std                  | 0.922       |
|    value_loss           | 0.00233     |
-----------------------------------------
-----------------------------------------
| rollout/                |             |
|    ep_len_mean          | 116         |
|    ep_rew_mean          | -0.564      |
| time/                   |             |
|    fps                  | 72          |
|    iterations           | 596         |
|    time_elapsed         | 2096        |
|    total_timesteps      | 422912      |
| train/                  |             |
|    approx_kl            | 0.008413924 |
|    clip_fraction        | 0.105       |
|    clip_range           | 0.2         |
|    entropy_loss         | -2.66       |
|    explained_variance   | 0.000335    |
|    learning_rate        | 0.0003      |
|    loss                 | -0.0409     |
|    n_updates            | 16510       |
|    policy_gradient_loss | -0.0122     |
|    std                  | 0.921       |
|    value_loss           | 0.00235     |
-----------------------------------------
----------------------------------------
| rollout/                |            |
|    ep_len_mean          | 116        |
|    ep_rew_mean          | -0.564     |
| time/                   |            |
|    fps                  | 72         |
|    iterations           | 597        |
|    time_elapsed         | 2099       |
|    total_timesteps      | 423168     |
| train/                  |            |
|    approx_kl            | 0.00688322 |
|    clip_fraction        | 0.0473     |
|    clip_range           | 0.2        |
|    entropy_loss         | -2.66      |
|    explained_variance   | -0.00013   |
|    learning_rate        | 0.0003     |
|    loss                 | -0.0237    |
|    n_updates            | 16520      |
|    policy_gradient_loss | -0.00229   |
|    std                  | 0.922      |
|    value_loss           | 0.00227    |
----------------------------------------
-----------------------------------------
| rollout/                |             |
|    ep_len_mean          | 116         |
|    ep_rew_mean          | -0.562      |
| time/                   |             |
|    fps                  | 72          |
|    iterations           | 598         |
|    time_elapsed         | 2101        |
|    total_timesteps      | 423424      |
| train/                  |             |
|    approx_kl            | 0.004969676 |
|    clip_fraction        | 0.0559      |
|    clip_range           | 0.2         |
|    entropy_loss         | -2.66       |
|    explained_variance   | -0.000999   |
|    learning_rate        | 0.0003      |
|    loss                 | -0.0298     |
|    n_updates            | 16530       |
|    policy_gradient_loss | -0.00303    |
|    std                  | 0.92        |
|    value_loss           | 0.00231     |
-----------------------------------------
------------------------------------------
| rollout/                |              |
|    ep_len_mean          | 115          |
|    ep_rew_mean          | -0.352       |
| time/                   |              |
|    fps                  | 72           |
|    iterations           | 599          |
|    time_elapsed         | 2104         |
|    total_timesteps      | 423680       |
| train/                  |              |
|    approx_kl            | 0.0042927247 |
|    clip_fraction        | 0.0391       |
|    clip_range           | 0.2          |
|    entropy_loss         | -2.66        |
|    explained_variance   | 0.00127      |
|    learning_rate        | 0.0003       |
|    loss                 | -0.0334      |
|    n_updates            | 16540        |
|    policy_gradient_loss | -0.00322     |
|    std                  | 0.922        |
|    value_loss           | 0.00238      |
------------------------------------------
-----------------------------------------
| rollout/                |             |
|    ep_len_mean          | 115         |
|    ep_rew_mean          | -0.352      |
| time/                   |             |
|    fps                  | 72          |
|    iterations           | 600         |
|    time_elapsed         | 2107        |
|    total_timesteps      | 423936      |
| train/                  |             |
|    approx_kl            | 0.003983463 |
|    clip_fraction        | 0.0215      |
|    clip_range           | 0.2         |
|    entropy_loss         | -2.66       |
|    explained_variance   | -4.41e-05   |
|    learning_rate        | 0.0003      |
|    loss                 | -0.0226     |
|    n_updates            | 16550       |
|    policy_gradient_loss | -0.00087    |
|    std                  | 0.922       |
|    value_loss           | 1.72        |
-----------------------------------------
-----------------------------------------
| rollout/                |             |
|    ep_len_mean          | 115         |
|    ep_rew_mean          | -0.351      |
| time/                   |             |
|    fps                  | 72          |
|    iterations           | 601         |
|    time_elapsed         | 2111        |
|    total_timesteps      | 424192      |
| train/                  |             |
|    approx_kl            | 0.003916945 |
|    clip_fraction        | 0.0391      |
|    clip_range           | 0.2         |
|    entropy_loss         | -2.67       |
|    explained_variance   | -0.00175    |
|    learning_rate        | 0.0003      |
|    loss                 | -0.0246     |
|    n_updates            | 16560       |
|    policy_gradient_loss | -0.0047     |
|    std                  | 0.928       |
|    value_loss           | 0.00244     |
-----------------------------------------
------------------------------------------
| rollout/                |              |
|    ep_len_mean          | 115          |
|    ep_rew_mean          | -0.351       |
| time/                   |              |
|    fps                  | 72           |
|    iterations           | 602          |
|    time_elapsed         | 2116         |
|    total_timesteps      | 424448       |
| train/                  |              |
|    approx_kl            | 0.0068807662 |
|    clip_fraction        | 0.108        |
|    clip_range           | 0.2          |
|    entropy_loss         | -2.68        |
|    explained_variance   | 0.0226       |
|    learning_rate        | 0.0003       |
|    loss                 | -0.0429      |
|    n_updates            | 16570        |
|    policy_gradient_loss | -0.0111      |
|    std                  | 0.93         |
|    value_loss           | 0.00253      |
------------------------------------------
-----------------------------------------
| rollout/                |             |
|    ep_len_mean          | 115         |
|    ep_rew_mean          | -0.349      |
| time/                   |             |
|    fps                  | 72          |
|    iterations           | 603         |
|    time_elapsed         | 2120        |
|    total_timesteps      | 424704      |
| train/                  |             |
|    approx_kl            | 0.006522442 |
|    clip_fraction        | 0.052       |
|    clip_range           | 0.2         |
|    entropy_loss         | -2.68       |
|    explained_variance   | -0.00407    |
|    learning_rate        | 0.0003      |
|    loss                 | -0.0453     |
|    n_updates            | 16580       |
|    policy_gradient_loss | -0.00432    |
|    std                  | 0.926       |
|    value_loss           | 0.00225     |
-----------------------------------------
------------------------------------------
| rollout/                |              |
|    ep_len_mean          | 115          |
|    ep_rew_mean          | -0.348       |
| time/                   |              |
|    fps                  | 72           |
|    iterations           | 604          |
|    time_elapsed         | 2125         |
|    total_timesteps      | 424960       |
| train/                  |              |
|    approx_kl            | 0.0055688964 |
|    clip_fraction        | 0.141        |
|    clip_range           | 0.2          |
|    entropy_loss         | -2.67        |
|    explained_variance   | 0.00655      |
|    learning_rate        | 0.0003       |
|    loss                 | -0.04        |
|    n_updates            | 16590        |
|    policy_gradient_loss | -0.0115      |
|    std                  | 0.928        |
|    value_loss           | 0.00229      |
------------------------------------------
-----------------------------------------
| rollout/                |             |
|    ep_len_mean          | 115         |
|    ep_rew_mean          | -0.348      |
| time/                   |             |
|    fps                  | 72          |
|    iterations           | 605         |
|    time_elapsed         | 2127        |
|    total_timesteps      | 425216      |
| train/                  |             |
|    approx_kl            | 0.003417477 |
|    clip_fraction        | 0.0148      |
|    clip_range           | 0.2         |
|    entropy_loss         | -2.68       |
|    explained_variance   | 0.00097     |
|    learning_rate        | 0.0003      |
|    loss                 | -0.032      |
|    n_updates            | 16600       |
|    policy_gradient_loss | -0.00134    |
|    std                  | 0.932       |
|    value_loss           | 0.00229     |
-----------------------------------------
----------------------------------------
| rollout/                |            |
|    ep_len_mean          | 114        |
|    ep_rew_mean          | -0.137     |
| time/                   |            |
|    fps                  | 72         |
|    iterations           | 606        |
|    time_elapsed         | 2132       |
|    total_timesteps      | 425472     |
| train/                  |            |
|    approx_kl            | 0.00547533 |
|    clip_fraction        | 0.0762     |
|    clip_range           | 0.2        |
|    entropy_loss         | -2.68      |
|    explained_variance   | 0.0103     |
|    learning_rate        | 0.0003     |
|    loss                 | -0.0464    |
|    n_updates            | 16610      |
|    policy_gradient_loss | -0.00669   |
|    std                  | 0.934      |
|    value_loss           | 0.00261    |
----------------------------------------
-----------------------------------------
| rollout/                |             |
|    ep_len_mean          | 115         |
|    ep_rew_mean          | -0.348      |
| time/                   |             |
|    fps                  | 72          |
|    iterations           | 607         |
|    time_elapsed         | 2136        |
|    total_timesteps      | 425728      |
| train/                  |             |
|    approx_kl            | 0.003947313 |
|    clip_fraction        | 0.0645      |
|    clip_range           | 0.2         |
|    entropy_loss         | -2.69       |
|    explained_variance   | -0.000268   |
|    learning_rate        | 0.0003      |
|    loss                 | -0.0279     |
|    n_updates            | 16620       |
|    policy_gradient_loss | -0.00608    |
|    std                  | 0.932       |
|    value_loss           | 1.71        |
-----------------------------------------
------------------------------------------
| rollout/                |              |
|    ep_len_mean          | 115          |
|    ep_rew_mean          | -0.348       |
| time/                   |              |
|    fps                  | 72           |
|    iterations           | 608          |
|    time_elapsed         | 2141         |
|    total_timesteps      | 425984       |
| train/                  |              |
|    approx_kl            | 0.0025178539 |
|    clip_fraction        | 0.0172       |
|    clip_range           | 0.2          |
|    entropy_loss         | -2.68        |
|    explained_variance   | -0.000402    |
|    learning_rate        | 0.0003       |
|    loss                 | -0.0344      |
|    n_updates            | 16630        |
|    policy_gradient_loss | -0.00209     |
|    std                  | 0.934        |
|    value_loss           | 0.00256      |
------------------------------------------
------------------------------------------
| rollout/                |              |
|    ep_len_mean          | 115          |
|    ep_rew_mean          | -0.347       |
| time/                   |              |
|    fps                  | 72           |
|    iterations           | 609          |
|    time_elapsed         | 2145         |
|    total_timesteps      | 426240       |
| train/                  |              |
|    approx_kl            | 0.0032550343 |
|    clip_fraction        | 0.00313      |
|    clip_range           | 0.2          |
|    entropy_loss         | -2.69        |
|    explained_variance   | 0.000748     |
|    learning_rate        | 0.0003       |
|    loss                 | -0.0384      |
|    n_updates            | 16640        |
|    policy_gradient_loss | -0.000601    |
|    std                  | 0.937        |
|    value_loss           | 0.0024       |
------------------------------------------
------------------------------------------
| rollout/                |              |
|    ep_len_mean          | 115          |
|    ep_rew_mean          | -0.348       |
| time/                   |              |
|    fps                  | 72           |
|    iterations           | 610          |
|    time_elapsed         | 2148         |
|    total_timesteps      | 426496       |
| train/                  |              |
|    approx_kl            | 0.0053627114 |
|    clip_fraction        | 0.0652       |
|    clip_range           | 0.2          |
|    entropy_loss         | -2.7         |
|    explained_variance   | -0.000534    |
|    learning_rate        | 0.0003       |
|    loss                 | -0.0382      |
|    n_updates            | 16650        |
|    policy_gradient_loss | -0.00439     |
|    std                  | 0.938        |
|    value_loss           | 0.00248      |
------------------------------------------
-----------------------------------------
| rollout/                |             |
|    ep_len_mean          | 115         |
|    ep_rew_mean          | -0.348      |
| time/                   |             |
|    fps                  | 72          |
|    iterations           | 611         |
|    time_elapsed         | 2152        |
|    total_timesteps      | 426752      |
| train/                  |             |
|    approx_kl            | 0.008328043 |
|    clip_fraction        | 0.0816      |
|    clip_range           | 0.2         |
|    entropy_loss         | -2.69       |
|    explained_variance   | -0.000193   |
|    learning_rate        | 0.0003      |
|    loss                 | -0.0327     |
|    n_updates            | 16660       |
|    policy_gradient_loss | -0.00794    |
|    std                  | 0.938       |
|    value_loss           | 0.00214     |
-----------------------------------------
------------------------------------------
| rollout/                |              |
|    ep_len_mean          | 115          |
|    ep_rew_mean          | -0.348       |
| time/                   |              |
|    fps                  | 72           |
|    iterations           | 612          |
|    time_elapsed         | 2155         |
|    total_timesteps      | 427008       |
| train/                  |              |
|    approx_kl            | 0.0062273517 |
|    clip_fraction        | 0.05         |
|    clip_range           | 0.2          |
|    entropy_loss         | -2.69        |
|    explained_variance   | -4.24e-05    |
|    learning_rate        | 0.0003       |
|    loss                 | -0.0116      |
|    n_updates            | 16670        |
|    policy_gradient_loss | -0.0039      |
|    std                  | 0.935        |
|    value_loss           | 0.00237      |
------------------------------------------
------------------------------------------
| rollout/                |              |
|    ep_len_mean          | 115          |
|    ep_rew_mean          | -0.347       |
| time/                   |              |
|    fps                  | 72           |
|    iterations           | 613          |
|    time_elapsed         | 2158         |
|    total_timesteps      | 427264       |
| train/                  |              |
|    approx_kl            | 0.0045216843 |
|    clip_fraction        | 0.0141       |
|    clip_range           | 0.2          |
|    entropy_loss         | -2.69        |
|    explained_variance   | -0.000301    |
|    learning_rate        | 0.0003       |
|    loss                 | -0.0128      |
|    n_updates            | 16680        |
|    policy_gradient_loss | -0.00171     |
|    std                  | 0.934        |
|    value_loss           | 0.00246      |
------------------------------------------
-----------------------------------------
| rollout/                |             |
|    ep_len_mean          | 116         |
|    ep_rew_mean          | -0.558      |
| time/                   |             |
|    fps                  | 72          |
|    iterations           | 614         |
|    time_elapsed         | 2162        |
|    total_timesteps      | 427520      |
| train/                  |             |
|    approx_kl            | 0.010973592 |
|    clip_fraction        | 0.141       |
|    clip_range           | 0.2         |
|    entropy_loss         | -2.68       |
|    explained_variance   | 0.000744    |
|    learning_rate        | 0.0003      |
|    loss                 | -0.0514     |
|    n_updates            | 16690       |
|    policy_gradient_loss | -0.013      |
|    std                  | 0.929       |
|    value_loss           | 0.00249     |
-----------------------------------------
----------------------------------------
| rollout/                |            |
|    ep_len_mean          | 116        |
|    ep_rew_mean          | -0.557     |
| time/                   |            |
|    fps                  | 72         |
|    iterations           | 615        |
|    time_elapsed         | 2165       |
|    total_timesteps      | 427776     |
| train/                  |            |
|    approx_kl            | 0.00786626 |
|    clip_fraction        | 0.1        |
|    clip_range           | 0.2        |
|    entropy_loss         | -2.67      |
|    explained_variance   | -0.00223   |
|    learning_rate        | 0.0003     |
|    loss                 | -0.0134    |
|    n_updates            | 16700      |
|    policy_gradient_loss | -0.0105    |
|    std                  | 0.925      |
|    value_loss           | 0.00265    |
----------------------------------------
-----------------------------------------
| rollout/                |             |
|    ep_len_mean          | 116         |
|    ep_rew_mean          | -0.558      |
| time/                   |             |
|    fps                  | 72          |
|    iterations           | 616         |
|    time_elapsed         | 2169        |
|    total_timesteps      | 428032      |
| train/                  |             |
|    approx_kl            | 0.006274648 |
|    clip_fraction        | 0.00977     |
|    clip_range           | 0.2         |
|    entropy_loss         | -2.67       |
|    explained_variance   | -0.0013     |
|    learning_rate        | 0.0003      |
|    loss                 | -0.034      |
|    n_updates            | 16710       |
|    policy_gradient_loss | -0.00098    |
|    std                  | 0.93        |
|    value_loss           | 0.00245     |
-----------------------------------------
------------------------------------------
| rollout/                |              |
|    ep_len_mean          | 116          |
|    ep_rew_mean          | -0.559       |
| time/                   |              |
|    fps                  | 72           |
|    iterations           | 617          |
|    time_elapsed         | 2171         |
|    total_timesteps      | 428288       |
| train/                  |              |
|    approx_kl            | 0.0052534994 |
|    clip_fraction        | 0.0535       |
|    clip_range           | 0.2          |
|    entropy_loss         | -2.68        |
|    explained_variance   | 0.002        |
|    learning_rate        | 0.0003       |
|    loss                 | -0.0339      |
|    n_updates            | 16720        |
|    policy_gradient_loss | -0.0022      |
|    std                  | 0.929        |
|    value_loss           | 0.00267      |
------------------------------------------
-----------------------------------------
| rollout/                |             |
|    ep_len_mean          | 116         |
|    ep_rew_mean          | -0.561      |
| time/                   |             |
|    fps                  | 72          |
|    iterations           | 618         |
|    time_elapsed         | 2174        |
|    total_timesteps      | 428544      |
| train/                  |             |
|    approx_kl            | 0.005269671 |
|    clip_fraction        | 0.0422      |
|    clip_range           | 0.2         |
|    entropy_loss         | -2.67       |
|    explained_variance   | -0.0103     |
|    learning_rate        | 0.0003      |
|    loss                 | -0.015      |
|    n_updates            | 16730       |
|    policy_gradient_loss | -0.00348    |
|    std                  | 0.93        |
|    value_loss           | 0.00279     |
-----------------------------------------
----------------------------------------
| rollout/                |            |
|    ep_len_mean          | 116        |
|    ep_rew_mean          | -0.56      |
| time/                   |            |
|    fps                  | 72         |
|    iterations           | 619        |
|    time_elapsed         | 2179       |
|    total_timesteps      | 428800     |
| train/                  |            |
|    approx_kl            | 0.00622926 |
|    clip_fraction        | 0.0176     |
|    clip_range           | 0.2        |
|    entropy_loss         | -2.68      |
|    explained_variance   | 0.000576   |
|    learning_rate        | 0.0003     |
|    loss                 | -0.0217    |
|    n_updates            | 16740      |
|    policy_gradient_loss | -0.000887  |
|    std                  | 0.931      |
|    value_loss           | 0.00229    |
----------------------------------------
------------------------------------------
| rollout/                |              |
|    ep_len_mean          | 116          |
|    ep_rew_mean          | -0.561       |
| time/                   |              |
|    fps                  | 72           |
|    iterations           | 620          |
|    time_elapsed         | 2185         |
|    total_timesteps      | 429056       |
| train/                  |              |
|    approx_kl            | 0.0066188313 |
|    clip_fraction        | 0.0926       |
|    clip_range           | 0.2          |
|    entropy_loss         | -2.68        |
|    explained_variance   | -0.000339    |
|    learning_rate        | 0.0003       |
|    loss                 | -0.0457      |
|    n_updates            | 16750        |
|    policy_gradient_loss | -0.0057      |
|    std                  | 0.93         |
|    value_loss           | 0.00245      |
------------------------------------------
-----------------------------------------
| rollout/                |             |
|    ep_len_mean          | 116         |
|    ep_rew_mean          | -0.56       |
| time/                   |             |
|    fps                  | 72          |
|    iterations           | 621         |
|    time_elapsed         | 2188        |
|    total_timesteps      | 429312      |
| train/                  |             |
|    approx_kl            | 0.004477339 |
|    clip_fraction        | 0.0309      |
|    clip_range           | 0.2         |
|    entropy_loss         | -2.68       |
|    explained_variance   | 0.0038      |
|    learning_rate        | 0.0003      |
|    loss                 | -0.0171     |
|    n_updates            | 16760       |
|    policy_gradient_loss | -0.00276    |
|    std                  | 0.934       |
|    value_loss           | 0.00249     |
-----------------------------------------
------------------------------------------
| rollout/                |              |
|    ep_len_mean          | 116          |
|    ep_rew_mean          | -0.561       |
| time/                   |              |
|    fps                  | 72           |
|    iterations           | 622          |
|    time_elapsed         | 2190         |
|    total_timesteps      | 429568       |
| train/                  |              |
|    approx_kl            | 0.0036341513 |
|    clip_fraction        | 0.0145       |
|    clip_range           | 0.2          |
|    entropy_loss         | -2.69        |
|    explained_variance   | -0.00466     |
|    learning_rate        | 0.0003       |
|    loss                 | -0.0282      |
|    n_updates            | 16770        |
|    policy_gradient_loss | -0.00148     |
|    std                  | 0.934        |
|    value_loss           | 0.00258      |
------------------------------------------
------------------------------------------
| rollout/                |              |
|    ep_len_mean          | 116          |
|    ep_rew_mean          | -0.559       |
| time/                   |              |
|    fps                  | 72           |
|    iterations           | 623          |
|    time_elapsed         | 2195         |
|    total_timesteps      | 429824       |
| train/                  |              |
|    approx_kl            | 0.0011080164 |
|    clip_fraction        | 0            |
|    clip_range           | 0.2          |
|    entropy_loss         | -2.69        |
|    explained_variance   | 0.00252      |
|    learning_rate        | 0.0003       |
|    loss                 | -0.0141      |
|    n_updates            | 16780        |
|    policy_gradient_loss | 0.000144     |
|    std                  | 0.933        |
|    value_loss           | 0.00249      |
------------------------------------------
------------------------------------------
| rollout/                |              |
|    ep_len_mean          | 116          |
|    ep_rew_mean          | -0.56        |
| time/                   |              |
|    fps                  | 72           |
|    iterations           | 624          |
|    time_elapsed         | 2199         |
|    total_timesteps      | 430080       |
| train/                  |              |
|    approx_kl            | 0.0044935187 |
|    clip_fraction        | 0.0469       |
|    clip_range           | 0.2          |
|    entropy_loss         | -2.69        |
|    explained_variance   | 0.00761      |
|    learning_rate        | 0.0003       |
|    loss                 | -0.00679     |
|    n_updates            | 16790        |
|    policy_gradient_loss | -0.00506     |
|    std                  | 0.936        |
|    value_loss           | 0.00257      |
------------------------------------------
------------------------------------------
| rollout/                |              |
|    ep_len_mean          | 116          |
|    ep_rew_mean          | -0.561       |
| time/                   |              |
|    fps                  | 72           |
|    iterations           | 625          |
|    time_elapsed         | 2203         |
|    total_timesteps      | 430336       |
| train/                  |              |
|    approx_kl            | 0.0032571312 |
|    clip_fraction        | 0.00352      |
|    clip_range           | 0.2          |
|    entropy_loss         | -2.7         |
|    explained_variance   | -0.00861     |
|    learning_rate        | 0.0003       |
|    loss                 | -0.0244      |
|    n_updates            | 16800        |
|    policy_gradient_loss | -0.000708    |
|    std                  | 0.942        |
|    value_loss           | 0.00254      |
------------------------------------------
------------------------------------------
| rollout/                |              |
|    ep_len_mean          | 116          |
|    ep_rew_mean          | -0.56        |
| time/                   |              |
|    fps                  | 72           |
|    iterations           | 626          |
|    time_elapsed         | 2208         |
|    total_timesteps      | 430592       |
| train/                  |              |
|    approx_kl            | 0.0060589593 |
|    clip_fraction        | 0.0762       |
|    clip_range           | 0.2          |
|    entropy_loss         | -2.7         |
|    explained_variance   | 0.00339      |
|    learning_rate        | 0.0003       |
|    loss                 | -0.0214      |
|    n_updates            | 16810        |
|    policy_gradient_loss | -0.00618     |
|    std                  | 0.942        |
|    value_loss           | 0.00259      |
------------------------------------------
-----------------------------------------
| rollout/                |             |
|    ep_len_mean          | 116         |
|    ep_rew_mean          | -0.559      |
| time/                   |             |
|    fps                  | 72          |
|    iterations           | 627         |
|    time_elapsed         | 2211        |
|    total_timesteps      | 430848      |
| train/                  |             |
|    approx_kl            | 0.005559537 |
|    clip_fraction        | 0.0629      |
|    clip_range           | 0.2         |
|    entropy_loss         | -2.7        |
|    explained_variance   | -0.00428    |
|    learning_rate        | 0.0003      |
|    loss                 | -0.0354     |
|    n_updates            | 16820       |
|    policy_gradient_loss | -0.00432    |
|    std                  | 0.94        |
|    value_loss           | 0.00229     |
-----------------------------------------
-----------------------------------------
| rollout/                |             |
|    ep_len_mean          | 116         |
|    ep_rew_mean          | -0.558      |
| time/                   |             |
|    fps                  | 72          |
|    iterations           | 628         |
|    time_elapsed         | 2213        |
|    total_timesteps      | 431104      |
| train/                  |             |
|    approx_kl            | 0.009286436 |
|    clip_fraction        | 0.0609      |
|    clip_range           | 0.2         |
|    entropy_loss         | -2.7        |
|    explained_variance   | 0.00192     |
|    learning_rate        | 0.0003      |
|    loss                 | -0.0325     |
|    n_updates            | 16830       |
|    policy_gradient_loss | -0.0042     |
|    std                  | 0.941       |
|    value_loss           | 0.00235     |
-----------------------------------------
-----------------------------------------
| rollout/                |             |
|    ep_len_mean          | 116         |
|    ep_rew_mean          | -0.558      |
| time/                   |             |
|    fps                  | 72          |
|    iterations           | 629         |
|    time_elapsed         | 2217        |
|    total_timesteps      | 431360      |
| train/                  |             |
|    approx_kl            | 0.007576301 |
|    clip_fraction        | 0.0746      |
|    clip_range           | 0.2         |
|    entropy_loss         | -2.7        |
|    explained_variance   | 0.00209     |
|    learning_rate        | 0.0003      |
|    loss                 | -0.0226     |
|    n_updates            | 16840       |
|    policy_gradient_loss | -0.00615    |
|    std                  | 0.938       |
|    value_loss           | 0.0022      |
-----------------------------------------
-----------------------------------------
| rollout/                |             |
|    ep_len_mean          | 116         |
|    ep_rew_mean          | -0.559      |
| time/                   |             |
|    fps                  | 72          |
|    iterations           | 630         |
|    time_elapsed         | 2220        |
|    total_timesteps      | 431616      |
| train/                  |             |
|    approx_kl            | 0.005515017 |
|    clip_fraction        | 0.00703     |
|    clip_range           | 0.2         |
|    entropy_loss         | -2.69       |
|    explained_variance   | -0.00122    |
|    learning_rate        | 0.0003      |
|    loss                 | -0.0538     |
|    n_updates            | 16850       |
|    policy_gradient_loss | -1.94e-05   |
|    std                  | 0.935       |
|    value_loss           | 0.00223     |
-----------------------------------------
-----------------------------------------
| rollout/                |             |
|    ep_len_mean          | 116         |
|    ep_rew_mean          | -0.56       |
| time/                   |             |
|    fps                  | 72          |
|    iterations           | 631         |
|    time_elapsed         | 2224        |
|    total_timesteps      | 431872      |
| train/                  |             |
|    approx_kl            | 0.012941927 |
|    clip_fraction        | 0.091       |
|    clip_range           | 0.2         |
|    entropy_loss         | -2.69       |
|    explained_variance   | 0.00259     |
|    learning_rate        | 0.0003      |
|    loss                 | -0.0389     |
|    n_updates            | 16860       |
|    policy_gradient_loss | -0.0101     |
|    std                  | 0.933       |
|    value_loss           | 0.00242     |
-----------------------------------------
-----------------------------------------
| rollout/                |             |
|    ep_len_mean          | 116         |
|    ep_rew_mean          | -0.56       |
| time/                   |             |
|    fps                  | 72          |
|    iterations           | 632         |
|    time_elapsed         | 2227        |
|    total_timesteps      | 432128      |
| train/                  |             |
|    approx_kl            | 0.005508904 |
|    clip_fraction        | 0.0301      |
|    clip_range           | 0.2         |
|    entropy_loss         | -2.68       |
|    explained_variance   | 0.00646     |
|    learning_rate        | 0.0003      |
|    loss                 | -0.0319     |
|    n_updates            | 16870       |
|    policy_gradient_loss | -0.00266    |
|    std                  | 0.934       |
|    value_loss           | 0.00252     |
-----------------------------------------
------------------------------------------
| rollout/                |              |
|    ep_len_mean          | 116          |
|    ep_rew_mean          | -0.558       |
| time/                   |              |
|    fps                  | 72           |
|    iterations           | 633          |
|    time_elapsed         | 2230         |
|    total_timesteps      | 432384       |
| train/                  |              |
|    approx_kl            | 0.0068043014 |
|    clip_fraction        | 0.0602       |
|    clip_range           | 0.2          |
|    entropy_loss         | -2.69        |
|    explained_variance   | -0.00991     |
|    learning_rate        | 0.0003       |
|    loss                 | -0.00788     |
|    n_updates            | 16880        |
|    policy_gradient_loss | -0.00326     |
|    std                  | 0.937        |
|    value_loss           | 0.00258      |
------------------------------------------
-----------------------------------------
| rollout/                |             |
|    ep_len_mean          | 116         |
|    ep_rew_mean          | -0.559      |
| time/                   |             |
|    fps                  | 72          |
|    iterations           | 634         |
|    time_elapsed         | 2233        |
|    total_timesteps      | 432640      |
| train/                  |             |
|    approx_kl            | 0.002485931 |
|    clip_fraction        | 0.0316      |
|    clip_range           | 0.2         |
|    entropy_loss         | -2.69       |
|    explained_variance   | 0.000307    |
|    learning_rate        | 0.0003      |
|    loss                 | -0.0312     |
|    n_updates            | 16890       |
|    policy_gradient_loss | -0.00404    |
|    std                  | 0.937       |
|    value_loss           | 0.00221     |
-----------------------------------------
-----------------------------------------
| rollout/                |             |
|    ep_len_mean          | 116         |
|    ep_rew_mean          | -0.559      |
| time/                   |             |
|    fps                  | 72          |
|    iterations           | 635         |
|    time_elapsed         | 2235        |
|    total_timesteps      | 432896      |
| train/                  |             |
|    approx_kl            | 0.005652927 |
|    clip_fraction        | 0.1         |
|    clip_range           | 0.2         |
|    entropy_loss         | -2.69       |
|    explained_variance   | -0.000362   |
|    learning_rate        | 0.0003      |
|    loss                 | -0.0401     |
|    n_updates            | 16900       |
|    policy_gradient_loss | -0.00889    |
|    std                  | 0.934       |
|    value_loss           | 0.00221     |
-----------------------------------------
------------------------------------------
| rollout/                |              |
|    ep_len_mean          | 116          |
|    ep_rew_mean          | -0.561       |
| time/                   |              |
|    fps                  | 72           |
|    iterations           | 636          |
|    time_elapsed         | 2240         |
|    total_timesteps      | 433152       |
| train/                  |              |
|    approx_kl            | 0.0056167003 |
|    clip_fraction        | 0.0508       |
|    clip_range           | 0.2          |
|    entropy_loss         | -2.69        |
|    explained_variance   | -0.00726     |
|    learning_rate        | 0.0003       |
|    loss                 | -0.0514      |
|    n_updates            | 16910        |
|    policy_gradient_loss | -0.00566     |
|    std                  | 0.933        |
|    value_loss           | 0.00246      |
------------------------------------------
------------------------------------------
| rollout/                |              |
|    ep_len_mean          | 116          |
|    ep_rew_mean          | -0.56        |
| time/                   |              |
|    fps                  | 72           |
|    iterations           | 637          |
|    time_elapsed         | 2244         |
|    total_timesteps      | 433408       |
| train/                  |              |
|    approx_kl            | 0.0033239103 |
|    clip_fraction        | 0.0926       |
|    clip_range           | 0.2          |
|    entropy_loss         | -2.68        |
|    explained_variance   | -0.00085     |
|    learning_rate        | 0.0003       |
|    loss                 | -0.0251      |
|    n_updates            | 16920        |
|    policy_gradient_loss | -0.00671     |
|    std                  | 0.931        |
|    value_loss           | 0.0024       |
------------------------------------------
------------------------------------------
| rollout/                |              |
|    ep_len_mean          | 116          |
|    ep_rew_mean          | -0.562       |
| time/                   |              |
|    fps                  | 72           |
|    iterations           | 638          |
|    time_elapsed         | 2247         |
|    total_timesteps      | 433664       |
| train/                  |              |
|    approx_kl            | 0.0053542405 |
|    clip_fraction        | 0.073        |
|    clip_range           | 0.2          |
|    entropy_loss         | -2.68        |
|    explained_variance   | -0.000893    |
|    learning_rate        | 0.0003       |
|    loss                 | -0.0345      |
|    n_updates            | 16930        |
|    policy_gradient_loss | -0.00574     |
|    std                  | 0.927        |
|    value_loss           | 0.00227      |
------------------------------------------
------------------------------------------
| rollout/                |              |
|    ep_len_mean          | 118          |
|    ep_rew_mean          | -0.774       |
| time/                   |              |
|    fps                  | 72           |
|    iterations           | 639          |
|    time_elapsed         | 2249         |
|    total_timesteps      | 433920       |
| train/                  |              |
|    approx_kl            | 0.0038748796 |
|    clip_fraction        | 0.00586      |
|    clip_range           | 0.2          |
|    entropy_loss         | -2.68        |
|    explained_variance   | -0.00132     |
|    learning_rate        | 0.0003       |
|    loss                 | -0.0324      |
|    n_updates            | 16940        |
|    policy_gradient_loss | -0.000824    |
|    std                  | 0.931        |
|    value_loss           | 0.00235      |
------------------------------------------
------------------------------------------
| rollout/                |              |
|    ep_len_mean          | 118          |
|    ep_rew_mean          | -0.775       |
| time/                   |              |
|    fps                  | 72           |
|    iterations           | 640          |
|    time_elapsed         | 2252         |
|    total_timesteps      | 434176       |
| train/                  |              |
|    approx_kl            | 0.0058675045 |
|    clip_fraction        | 0.0703       |
|    clip_range           | 0.2          |
|    entropy_loss         | -2.68        |
|    explained_variance   | 0.00117      |
|    learning_rate        | 0.0003       |
|    loss                 | -0.0383      |
|    n_updates            | 16950        |
|    policy_gradient_loss | -0.00523     |
|    std                  | 0.931        |
|    value_loss           | 0.00271      |
------------------------------------------
------------------------------------------
| rollout/                |              |
|    ep_len_mean          | 118          |
|    ep_rew_mean          | -0.774       |
| time/                   |              |
|    fps                  | 72           |
|    iterations           | 641          |
|    time_elapsed         | 2257         |
|    total_timesteps      | 434432       |
| train/                  |              |
|    approx_kl            | 0.0062800497 |
|    clip_fraction        | 0.0172       |
|    clip_range           | 0.2          |
|    entropy_loss         | -2.68        |
|    explained_variance   | 5.68e-05     |
|    learning_rate        | 0.0003       |
|    loss                 | -0.00915     |
|    n_updates            | 16960        |
|    policy_gradient_loss | -0.00226     |
|    std                  | 0.93         |
|    value_loss           | 0.00232      |
------------------------------------------
------------------------------------------
| rollout/                |              |
|    ep_len_mean          | 118          |
|    ep_rew_mean          | -0.773       |
| time/                   |              |
|    fps                  | 72           |
|    iterations           | 642          |
|    time_elapsed         | 2261         |
|    total_timesteps      | 434688       |
| train/                  |              |
|    approx_kl            | 0.0070990124 |
|    clip_fraction        | 0.0871       |
|    clip_range           | 0.2          |
|    entropy_loss         | -2.68        |
|    explained_variance   | -0.00243     |
|    learning_rate        | 0.0003       |
|    loss                 | -0.0403      |
|    n_updates            | 16970        |
|    policy_gradient_loss | -0.00859     |
|    std                  | 0.932        |
|    value_loss           | 0.00222      |
------------------------------------------
------------------------------------------
| rollout/                |              |
|    ep_len_mean          | 116          |
|    ep_rew_mean          | -0.56        |
| time/                   |              |
|    fps                  | 72           |
|    iterations           | 643          |
|    time_elapsed         | 2267         |
|    total_timesteps      | 434944       |
| train/                  |              |
|    approx_kl            | 0.0052280896 |
|    clip_fraction        | 0.0219       |
|    clip_range           | 0.2          |
|    entropy_loss         | -2.68        |
|    explained_variance   | 0.0118       |
|    learning_rate        | 0.0003       |
|    loss                 | -0.0406      |
|    n_updates            | 16980        |
|    policy_gradient_loss | -0.00128     |
|    std                  | 0.931        |
|    value_loss           | 0.00212      |
------------------------------------------
------------------------------------------
| rollout/                |              |
|    ep_len_mean          | 116          |
|    ep_rew_mean          | -0.563       |
| time/                   |              |
|    fps                  | 72           |
|    iterations           | 644          |
|    time_elapsed         | 2274         |
|    total_timesteps      | 435200       |
| train/                  |              |
|    approx_kl            | 0.0070516765 |
|    clip_fraction        | 0.0484       |
|    clip_range           | 0.2          |
|    entropy_loss         | -2.68        |
|    explained_variance   | 0.000225     |
|    learning_rate        | 0.0003       |
|    loss                 | -0.0304      |
|    n_updates            | 16990        |
|    policy_gradient_loss | -0.00247     |
|    std                  | 0.929        |
|    value_loss           | 1.72         |
------------------------------------------
-----------------------------------------
| rollout/                |             |
|    ep_len_mean          | 118         |
|    ep_rew_mean          | -0.775      |
| time/                   |             |
|    fps                  | 72          |
|    iterations           | 645         |
|    time_elapsed         | 2276        |
|    total_timesteps      | 435456      |
| train/                  |             |
|    approx_kl            | 0.006022007 |
|    clip_fraction        | 0.0512      |
|    clip_range           | 0.2         |
|    entropy_loss         | -2.68       |
|    explained_variance   | 0.0125      |
|    learning_rate        | 0.0003      |
|    loss                 | -0.0429     |
|    n_updates            | 17000       |
|    policy_gradient_loss | -0.00459    |
|    std                  | 0.927       |
|    value_loss           | 0.00241     |
-----------------------------------------
------------------------------------------
| rollout/                |              |
|    ep_len_mean          | 118          |
|    ep_rew_mean          | -0.775       |
| time/                   |              |
|    fps                  | 72           |
|    iterations           | 646          |
|    time_elapsed         | 2279         |
|    total_timesteps      | 435712       |
| train/                  |              |
|    approx_kl            | 0.0070277075 |
|    clip_fraction        | 0.101        |
|    clip_range           | 0.2          |
|    entropy_loss         | -2.68        |
|    explained_variance   | -0.00335     |
|    learning_rate        | 0.0003       |
|    loss                 | -0.0345      |
|    n_updates            | 17010        |
|    policy_gradient_loss | -0.00973     |
|    std                  | 0.93         |
|    value_loss           | 0.0022       |
------------------------------------------
------------------------------------------
| rollout/                |              |
|    ep_len_mean          | 118          |
|    ep_rew_mean          | -0.775       |
| time/                   |              |
|    fps                  | 72           |
|    iterations           | 647          |
|    time_elapsed         | 2283         |
|    total_timesteps      | 435968       |
| train/                  |              |
|    approx_kl            | 0.0030761333 |
|    clip_fraction        | 0.00156      |
|    clip_range           | 0.2          |
|    entropy_loss         | -2.68        |
|    explained_variance   | -0.000337    |
|    learning_rate        | 0.0003       |
|    loss                 | -0.0238      |
|    n_updates            | 17020        |
|    policy_gradient_loss | -0.000174    |
|    std                  | 0.931        |
|    value_loss           | 0.00241      |
------------------------------------------
------------------------------------------
| rollout/                |              |
|    ep_len_mean          | 118          |
|    ep_rew_mean          | -0.778       |
| time/                   |              |
|    fps                  | 72           |
|    iterations           | 648          |
|    time_elapsed         | 2288         |
|    total_timesteps      | 436224       |
| train/                  |              |
|    approx_kl            | 0.0020690372 |
|    clip_fraction        | 0            |
|    clip_range           | 0.2          |
|    entropy_loss         | -2.68        |
|    explained_variance   | -0.0063      |
|    learning_rate        | 0.0003       |
|    loss                 | -0.0227      |
|    n_updates            | 17030        |
|    policy_gradient_loss | -0.000587    |
|    std                  | 0.928        |
|    value_loss           | 0.00244      |
------------------------------------------
-----------------------------------------
| rollout/                |             |
|    ep_len_mean          | 118         |
|    ep_rew_mean          | -0.778      |
| time/                   |             |
|    fps                  | 72          |
|    iterations           | 649         |
|    time_elapsed         | 2292        |
|    total_timesteps      | 436480      |
| train/                  |             |
|    approx_kl            | 0.004520258 |
|    clip_fraction        | 0.0809      |
|    clip_range           | 0.2         |
|    entropy_loss         | -2.67       |
|    explained_variance   | 0.00692     |
|    learning_rate        | 0.0003      |
|    loss                 | -0.0354     |
|    n_updates            | 17040       |
|    policy_gradient_loss | -0.00821    |
|    std                  | 0.927       |
|    value_loss           | 0.00229     |
-----------------------------------------
----------------------------------------
| rollout/                |            |
|    ep_len_mean          | 118        |
|    ep_rew_mean          | -0.779     |
| time/                   |            |
|    fps                  | 72         |
|    iterations           | 650        |
|    time_elapsed         | 2297       |
|    total_timesteps      | 436736     |
| train/                  |            |
|    approx_kl            | 0.00615446 |
|    clip_fraction        | 0.059      |
|    clip_range           | 0.2        |
|    entropy_loss         | -2.67      |
|    explained_variance   | 0.00602    |
|    learning_rate        | 0.0003     |
|    loss                 | -0.0463    |
|    n_updates            | 17050      |
|    policy_gradient_loss | -0.00564   |
|    std                  | 0.923      |
|    value_loss           | 0.00233    |
----------------------------------------
------------------------------------------
| rollout/                |              |
|    ep_len_mean          | 118          |
|    ep_rew_mean          | -0.778       |
| time/                   |              |
|    fps                  | 72           |
|    iterations           | 651          |
|    time_elapsed         | 2301         |
|    total_timesteps      | 436992       |
| train/                  |              |
|    approx_kl            | 0.0047647236 |
|    clip_fraction        | 0.0961       |
|    clip_range           | 0.2          |
|    entropy_loss         | -2.66        |
|    explained_variance   | 0.00847      |
|    learning_rate        | 0.0003       |
|    loss                 | -0.04        |
|    n_updates            | 17060        |
|    policy_gradient_loss | -0.00664     |
|    std                  | 0.921        |
|    value_loss           | 0.00258      |
------------------------------------------
------------------------------------------
| rollout/                |              |
|    ep_len_mean          | 118          |
|    ep_rew_mean          | -0.778       |
| time/                   |              |
|    fps                  | 72           |
|    iterations           | 652          |
|    time_elapsed         | 2306         |
|    total_timesteps      | 437248       |
| train/                  |              |
|    approx_kl            | 0.0033531995 |
|    clip_fraction        | 0.00352      |
|    clip_range           | 0.2          |
|    entropy_loss         | -2.65        |
|    explained_variance   | 0.0147       |
|    learning_rate        | 0.0003       |
|    loss                 | -0.0169      |
|    n_updates            | 17070        |
|    policy_gradient_loss | -0.000206    |
|    std                  | 0.915        |
|    value_loss           | 0.00229      |
------------------------------------------
------------------------------------------
| rollout/                |              |
|    ep_len_mean          | 119          |
|    ep_rew_mean          | -0.991       |
| time/                   |              |
|    fps                  | 72           |
|    iterations           | 653          |
|    time_elapsed         | 2308         |
|    total_timesteps      | 437504       |
| train/                  |              |
|    approx_kl            | 0.0021092042 |
|    clip_fraction        | 0.0121       |
|    clip_range           | 0.2          |
|    entropy_loss         | -2.65        |
|    explained_variance   | -0.0164      |
|    learning_rate        | 0.0003       |
|    loss                 | -0.0367      |
|    n_updates            | 17080        |
|    policy_gradient_loss | -0.000266    |
|    std                  | 0.916        |
|    value_loss           | 0.00256      |
------------------------------------------
------------------------------------------
| rollout/                |              |
|    ep_len_mean          | 119          |
|    ep_rew_mean          | -0.993       |
| time/                   |              |
|    fps                  | 72           |
|    iterations           | 654          |
|    time_elapsed         | 2313         |
|    total_timesteps      | 437760       |
| train/                  |              |
|    approx_kl            | 0.0017741593 |
|    clip_fraction        | 0.0191       |
|    clip_range           | 0.2          |
|    entropy_loss         | -2.65        |
|    explained_variance   | -0.00943     |
|    learning_rate        | 0.0003       |
|    loss                 | -0.0241      |
|    n_updates            | 17090        |
|    policy_gradient_loss | -0.000797    |
|    std                  | 0.921        |
|    value_loss           | 0.00215      |
------------------------------------------
------------------------------------------
| rollout/                |              |
|    ep_len_mean          | 119          |
|    ep_rew_mean          | -0.993       |
| time/                   |              |
|    fps                  | 72           |
|    iterations           | 655          |
|    time_elapsed         | 2315         |
|    total_timesteps      | 438016       |
| train/                  |              |
|    approx_kl            | 0.0036962952 |
|    clip_fraction        | 0.0359       |
|    clip_range           | 0.2          |
|    entropy_loss         | -2.66        |
|    explained_variance   | 0.0102       |
|    learning_rate        | 0.0003       |
|    loss                 | -0.0283      |
|    n_updates            | 17100        |
|    policy_gradient_loss | -0.00221     |
|    std                  | 0.921        |
|    value_loss           | 0.00228      |
------------------------------------------
-----------------------------------------
| rollout/                |             |
|    ep_len_mean          | 119         |
|    ep_rew_mean          | -0.993      |
| time/                   |             |
|    fps                  | 72          |
|    iterations           | 656         |
|    time_elapsed         | 2320        |
|    total_timesteps      | 438272      |
| train/                  |             |
|    approx_kl            | 0.008023943 |
|    clip_fraction        | 0.0875      |
|    clip_range           | 0.2         |
|    entropy_loss         | -2.66       |
|    explained_variance   | 0.00393     |
|    learning_rate        | 0.0003      |
|    loss                 | -0.0351     |
|    n_updates            | 17110       |
|    policy_gradient_loss | -0.00971    |
|    std                  | 0.924       |
|    value_loss           | 0.00253     |
-----------------------------------------
-----------------------------------------
| rollout/                |             |
|    ep_len_mean          | 119         |
|    ep_rew_mean          | -0.993      |
| time/                   |             |
|    fps                  | 72          |
|    iterations           | 657         |
|    time_elapsed         | 2324        |
|    total_timesteps      | 438528      |
| train/                  |             |
|    approx_kl            | 0.004953556 |
|    clip_fraction        | 0.105       |
|    clip_range           | 0.2         |
|    entropy_loss         | -2.67       |
|    explained_variance   | -0.0015     |
|    learning_rate        | 0.0003      |
|    loss                 | -0.041      |
|    n_updates            | 17120       |
|    policy_gradient_loss | -0.0106     |
|    std                  | 0.924       |
|    value_loss           | 0.00225     |
-----------------------------------------
------------------------------------------
| rollout/                |              |
|    ep_len_mean          | 119          |
|    ep_rew_mean          | -0.993       |
| time/                   |              |
|    fps                  | 72           |
|    iterations           | 658          |
|    time_elapsed         | 2327         |
|    total_timesteps      | 438784       |
| train/                  |              |
|    approx_kl            | 0.0031840885 |
|    clip_fraction        | 0.0848       |
|    clip_range           | 0.2          |
|    entropy_loss         | -2.66        |
|    explained_variance   | 0.0163       |
|    learning_rate        | 0.0003       |
|    loss                 | -0.039       |
|    n_updates            | 17130        |
|    policy_gradient_loss | -0.0076      |
|    std                  | 0.926        |
|    value_loss           | 0.00233      |
------------------------------------------
-----------------------------------------
| rollout/                |             |
|    ep_len_mean          | 119         |
|    ep_rew_mean          | -0.993      |
| time/                   |             |
|    fps                  | 72          |
|    iterations           | 659         |
|    time_elapsed         | 2330        |
|    total_timesteps      | 439040      |
| train/                  |             |
|    approx_kl            | 0.004082644 |
|    clip_fraction        | 0.0492      |
|    clip_range           | 0.2         |
|    entropy_loss         | -2.67       |
|    explained_variance   | -0.0288     |
|    learning_rate        | 0.0003      |
|    loss                 | -0.0114     |
|    n_updates            | 17140       |
|    policy_gradient_loss | -0.00484    |
|    std                  | 0.931       |
|    value_loss           | 0.00227     |
-----------------------------------------
------------------------------------------
| rollout/                |              |
|    ep_len_mean          | 119          |
|    ep_rew_mean          | -0.993       |
| time/                   |              |
|    fps                  | 72           |
|    iterations           | 660          |
|    time_elapsed         | 2332         |
|    total_timesteps      | 439296       |
| train/                  |              |
|    approx_kl            | 0.0057461523 |
|    clip_fraction        | 0.0781       |
|    clip_range           | 0.2          |
|    entropy_loss         | -2.68        |
|    explained_variance   | 0.0237       |
|    learning_rate        | 0.0003       |
|    loss                 | -0.0267      |
|    n_updates            | 17150        |
|    policy_gradient_loss | -0.0046      |
|    std                  | 0.935        |
|    value_loss           | 0.00265      |
------------------------------------------
-----------------------------------------
| rollout/                |             |
|    ep_len_mean          | 119         |
|    ep_rew_mean          | -0.993      |
| time/                   |             |
|    fps                  | 72          |
|    iterations           | 661         |
|    time_elapsed         | 2338        |
|    total_timesteps      | 439552      |
| train/                  |             |
|    approx_kl            | 0.006576171 |
|    clip_fraction        | 0.0645      |
|    clip_range           | 0.2         |
|    entropy_loss         | -2.69       |
|    explained_variance   | 0.0257      |
|    learning_rate        | 0.0003      |
|    loss                 | -0.0377     |
|    n_updates            | 17160       |
|    policy_gradient_loss | -0.00745    |
|    std                  | 0.934       |
|    value_loss           | 0.00248     |
-----------------------------------------
------------------------------------------
| rollout/                |              |
|    ep_len_mean          | 119          |
|    ep_rew_mean          | -0.993       |
| time/                   |              |
|    fps                  | 72           |
|    iterations           | 662          |
|    time_elapsed         | 2341         |
|    total_timesteps      | 439808       |
| train/                  |              |
|    approx_kl            | 0.0034622035 |
|    clip_fraction        | 0.0289       |
|    clip_range           | 0.2          |
|    entropy_loss         | -2.68        |
|    explained_variance   | -0.00532     |
|    learning_rate        | 0.0003       |
|    loss                 | -0.0322      |
|    n_updates            | 17170        |
|    policy_gradient_loss | -0.00394     |
|    std                  | 0.933        |
|    value_loss           | 0.00254      |
------------------------------------------
-----------------------------------------
| rollout/                |             |
|    ep_len_mean          | 119         |
|    ep_rew_mean          | -0.993      |
| time/                   |             |
|    fps                  | 72          |
|    iterations           | 663         |
|    time_elapsed         | 2346        |
|    total_timesteps      | 440064      |
| train/                  |             |
|    approx_kl            | 0.004124985 |
|    clip_fraction        | 0.0168      |
|    clip_range           | 0.2         |
|    entropy_loss         | -2.68       |
|    explained_variance   | -0.02       |
|    learning_rate        | 0.0003      |
|    loss                 | -0.0384     |
|    n_updates            | 17180       |
|    policy_gradient_loss | -0.00181    |
|    std                  | 0.929       |
|    value_loss           | 0.00221     |
-----------------------------------------
-----------------------------------------
| rollout/                |             |
|    ep_len_mean          | 118         |
|    ep_rew_mean          | -0.783      |
| time/                   |             |
|    fps                  | 72          |
|    iterations           | 664         |
|    time_elapsed         | 2350        |
|    total_timesteps      | 440320      |
| train/                  |             |
|    approx_kl            | 0.011274257 |
|    clip_fraction        | 0.125       |
|    clip_range           | 0.2         |
|    entropy_loss         | -2.67       |
|    explained_variance   | 0.00393     |
|    learning_rate        | 0.0003      |
|    loss                 | -0.0275     |
|    n_updates            | 17190       |
|    policy_gradient_loss | -0.00793    |
|    std                  | 0.929       |
|    value_loss           | 0.00233     |
-----------------------------------------
------------------------------------------
| rollout/                |              |
|    ep_len_mean          | 118          |
|    ep_rew_mean          | -0.781       |
| time/                   |              |
|    fps                  | 72           |
|    iterations           | 665          |
|    time_elapsed         | 2353         |
|    total_timesteps      | 440576       |
| train/                  |              |
|    approx_kl            | 0.0055019343 |
|    clip_fraction        | 0.0469       |
|    clip_range           | 0.2          |
|    entropy_loss         | -2.68        |
|    explained_variance   | -8.17e-05    |
|    learning_rate        | 0.0003       |
|    loss                 | -0.0181      |
|    n_updates            | 17200        |
|    policy_gradient_loss | -0.00358     |
|    std                  | 0.93         |
|    value_loss           | 1.72         |
------------------------------------------
----------------------------------------
| rollout/                |            |
|    ep_len_mean          | 118        |
|    ep_rew_mean          | -0.779     |
| time/                   |            |
|    fps                  | 72         |
|    iterations           | 666        |
|    time_elapsed         | 2357       |
|    total_timesteps      | 440832     |
| train/                  |            |
|    approx_kl            | 0.00728755 |
|    clip_fraction        | 0.0918     |
|    clip_range           | 0.2        |
|    entropy_loss         | -2.67      |
|    explained_variance   | -0.0118    |
|    learning_rate        | 0.0003     |
|    loss                 | -0.0354    |
|    n_updates            | 17210      |
|    policy_gradient_loss | -0.0108    |
|    std                  | 0.927      |
|    value_loss           | 0.00244    |
----------------------------------------
------------------------------------------
| rollout/                |              |
|    ep_len_mean          | 118          |
|    ep_rew_mean          | -0.781       |
| time/                   |              |
|    fps                  | 72           |
|    iterations           | 667          |
|    time_elapsed         | 2360         |
|    total_timesteps      | 441088       |
| train/                  |              |
|    approx_kl            | 0.0071105165 |
|    clip_fraction        | 0.0813       |
|    clip_range           | 0.2          |
|    entropy_loss         | -2.67        |
|    explained_variance   | -0.000113    |
|    learning_rate        | 0.0003       |
|    loss                 | -0.0269      |
|    n_updates            | 17220        |
|    policy_gradient_loss | -0.00748     |
|    std                  | 0.924        |
|    value_loss           | 0.00223      |
------------------------------------------
------------------------------------------
| rollout/                |              |
|    ep_len_mean          | 118          |
|    ep_rew_mean          | -0.78        |
| time/                   |              |
|    fps                  | 72           |
|    iterations           | 668          |
|    time_elapsed         | 2363         |
|    total_timesteps      | 441344       |
| train/                  |              |
|    approx_kl            | 0.0047882656 |
|    clip_fraction        | 0.0422       |
|    clip_range           | 0.2          |
|    entropy_loss         | -2.66        |
|    explained_variance   | -0.000218    |
|    learning_rate        | 0.0003       |
|    loss                 | -0.0348      |
|    n_updates            | 17230        |
|    policy_gradient_loss | -0.00213     |
|    std                  | 0.921        |
|    value_loss           | 0.00243      |
------------------------------------------
------------------------------------------
| rollout/                |              |
|    ep_len_mean          | 118          |
|    ep_rew_mean          | -0.781       |
| time/                   |              |
|    fps                  | 72           |
|    iterations           | 669          |
|    time_elapsed         | 2367         |
|    total_timesteps      | 441600       |
| train/                  |              |
|    approx_kl            | 0.0034572638 |
|    clip_fraction        | 0.0207       |
|    clip_range           | 0.2          |
|    entropy_loss         | -2.66        |
|    explained_variance   | -0.00189     |
|    learning_rate        | 0.0003       |
|    loss                 | -0.0353      |
|    n_updates            | 17240        |
|    policy_gradient_loss | -0.00335     |
|    std                  | 0.924        |
|    value_loss           | 0.00221      |
------------------------------------------
----------------------------------------
| rollout/                |            |
|    ep_len_mean          | 118        |
|    ep_rew_mean          | -0.78      |
| time/                   |            |
|    fps                  | 72         |
|    iterations           | 670        |
|    time_elapsed         | 2370       |
|    total_timesteps      | 441856     |
| train/                  |            |
|    approx_kl            | 0.00260278 |
|    clip_fraction        | 0.00195    |
|    clip_range           | 0.2        |
|    entropy_loss         | -2.67      |
|    explained_variance   | 0.000431   |
|    learning_rate        | 0.0003     |
|    loss                 | -0.0182    |
|    n_updates            | 17250      |
|    policy_gradient_loss | -0.00059   |
|    std                  | 0.926      |
|    value_loss           | 0.00226    |
----------------------------------------
-----------------------------------------
| rollout/                |             |
|    ep_len_mean          | 118         |
|    ep_rew_mean          | -0.78       |
| time/                   |             |
|    fps                  | 72          |
|    iterations           | 671         |
|    time_elapsed         | 2374        |
|    total_timesteps      | 442112      |
| train/                  |             |
|    approx_kl            | 0.006651996 |
|    clip_fraction        | 0.0785      |
|    clip_range           | 0.2         |
|    entropy_loss         | -2.67       |
|    explained_variance   | 0.000665    |
|    learning_rate        | 0.0003      |
|    loss                 | -0.0233     |
|    n_updates            | 17260       |
|    policy_gradient_loss | -0.00521    |
|    std                  | 0.926       |
|    value_loss           | 0.00226     |
-----------------------------------------
-----------------------------------------
| rollout/                |             |
|    ep_len_mean          | 118         |
|    ep_rew_mean          | -0.78       |
| time/                   |             |
|    fps                  | 72          |
|    iterations           | 672         |
|    time_elapsed         | 2377        |
|    total_timesteps      | 442368      |
| train/                  |             |
|    approx_kl            | 0.005078393 |
|    clip_fraction        | 0.00742     |
|    clip_range           | 0.2         |
|    entropy_loss         | -2.67       |
|    explained_variance   | 0.000885    |
|    learning_rate        | 0.0003      |
|    loss                 | -0.0249     |
|    n_updates            | 17270       |
|    policy_gradient_loss | -0.000906   |
|    std                  | 0.927       |
|    value_loss           | 0.00238     |
-----------------------------------------
------------------------------------------
| rollout/                |              |
|    ep_len_mean          | 118          |
|    ep_rew_mean          | -0.781       |
| time/                   |              |
|    fps                  | 72           |
|    iterations           | 673          |
|    time_elapsed         | 2379         |
|    total_timesteps      | 442624       |
| train/                  |              |
|    approx_kl            | 0.0048267054 |
|    clip_fraction        | 0.0676       |
|    clip_range           | 0.2          |
|    entropy_loss         | -2.67        |
|    explained_variance   | 0.00385      |
|    learning_rate        | 0.0003       |
|    loss                 | -0.0259      |
|    n_updates            | 17280        |
|    policy_gradient_loss | -0.00795     |
|    std                  | 0.927        |
|    value_loss           | 0.00212      |
------------------------------------------
------------------------------------------
| rollout/                |              |
|    ep_len_mean          | 118          |
|    ep_rew_mean          | -0.782       |
| time/                   |              |
|    fps                  | 72           |
|    iterations           | 674          |
|    time_elapsed         | 2384         |
|    total_timesteps      | 442880       |
| train/                  |              |
|    approx_kl            | 0.0064812163 |
|    clip_fraction        | 0.0684       |
|    clip_range           | 0.2          |
|    entropy_loss         | -2.67        |
|    explained_variance   | -0.0186      |
|    learning_rate        | 0.0003       |
|    loss                 | -0.0183      |
|    n_updates            | 17290        |
|    policy_gradient_loss | -0.00785     |
|    std                  | 0.926        |
|    value_loss           | 0.00224      |
------------------------------------------
------------------------------------------
| rollout/                |              |
|    ep_len_mean          | 118          |
|    ep_rew_mean          | -0.782       |
| time/                   |              |
|    fps                  | 72           |
|    iterations           | 675          |
|    time_elapsed         | 2386         |
|    total_timesteps      | 443136       |
| train/                  |              |
|    approx_kl            | 0.0027571635 |
|    clip_fraction        | 0.000391     |
|    clip_range           | 0.2          |
|    entropy_loss         | -2.67        |
|    explained_variance   | -4.28e-05    |
|    learning_rate        | 0.0003       |
|    loss                 | -0.0313      |
|    n_updates            | 17300        |
|    policy_gradient_loss | -0.000654    |
|    std                  | 0.926        |
|    value_loss           | 0.00214      |
------------------------------------------
------------------------------------------
| rollout/                |              |
|    ep_len_mean          | 118          |
|    ep_rew_mean          | -0.781       |
| time/                   |              |
|    fps                  | 72           |
|    iterations           | 676          |
|    time_elapsed         | 2391         |
|    total_timesteps      | 443392       |
| train/                  |              |
|    approx_kl            | 0.0035100728 |
|    clip_fraction        | 0.0238       |
|    clip_range           | 0.2          |
|    entropy_loss         | -2.68        |
|    explained_variance   | -0.000152    |
|    learning_rate        | 0.0003       |
|    loss                 | -0.0279      |
|    n_updates            | 17310        |
|    policy_gradient_loss | -0.00314     |
|    std                  | 0.927        |
|    value_loss           | 0.00235      |
------------------------------------------
------------------------------------------
| rollout/                |              |
|    ep_len_mean          | 118          |
|    ep_rew_mean          | -0.78        |
| time/                   |              |
|    fps                  | 72           |
|    iterations           | 677          |
|    time_elapsed         | 2395         |
|    total_timesteps      | 443648       |
| train/                  |              |
|    approx_kl            | 0.0040349616 |
|    clip_fraction        | 0.0187       |
|    clip_range           | 0.2          |
|    entropy_loss         | -2.68        |
|    explained_variance   | 0.00755      |
|    learning_rate        | 0.0003       |
|    loss                 | -0.0385      |
|    n_updates            | 17320        |
|    policy_gradient_loss | 7.03e-05     |
|    std                  | 0.929        |
|    value_loss           | 0.00226      |
------------------------------------------
------------------------------------------
| rollout/                |              |
|    ep_len_mean          | 118          |
|    ep_rew_mean          | -0.781       |
| time/                   |              |
|    fps                  | 72           |
|    iterations           | 678          |
|    time_elapsed         | 2400         |
|    total_timesteps      | 443904       |
| train/                  |              |
|    approx_kl            | 0.0046542706 |
|    clip_fraction        | 0.0586       |
|    clip_range           | 0.2          |
|    entropy_loss         | -2.67        |
|    explained_variance   | -0.021       |
|    learning_rate        | 0.0003       |
|    loss                 | -0.0458      |
|    n_updates            | 17330        |
|    policy_gradient_loss | -0.00392     |
|    std                  | 0.923        |
|    value_loss           | 0.00239      |
------------------------------------------
-----------------------------------------
| rollout/                |             |
|    ep_len_mean          | 118         |
|    ep_rew_mean          | -0.783      |
| time/                   |             |
|    fps                  | 72          |
|    iterations           | 679         |
|    time_elapsed         | 2403        |
|    total_timesteps      | 444160      |
| train/                  |             |
|    approx_kl            | 0.008540743 |
|    clip_fraction        | 0.0906      |
|    clip_range           | 0.2         |
|    entropy_loss         | -2.66       |
|    explained_variance   | 0.00386     |
|    learning_rate        | 0.0003      |
|    loss                 | -0.04       |
|    n_updates            | 17340       |
|    policy_gradient_loss | -0.00867    |
|    std                  | 0.92        |
|    value_loss           | 0.00214     |
-----------------------------------------
------------------------------------------
| rollout/                |              |
|    ep_len_mean          | 118          |
|    ep_rew_mean          | -0.781       |
| time/                   |              |
|    fps                  | 72           |
|    iterations           | 680          |
|    time_elapsed         | 2407         |
|    total_timesteps      | 444416       |
| train/                  |              |
|    approx_kl            | 0.0035191507 |
|    clip_fraction        | 0.0531       |
|    clip_range           | 0.2          |
|    entropy_loss         | -2.66        |
|    explained_variance   | -0.00235     |
|    learning_rate        | 0.0003       |
|    loss                 | -0.0274      |
|    n_updates            | 17350        |
|    policy_gradient_loss | -0.00439     |
|    std                  | 0.916        |
|    value_loss           | 0.00214      |
------------------------------------------
-----------------------------------------
| rollout/                |             |
|    ep_len_mean          | 118         |
|    ep_rew_mean          | -0.781      |
| time/                   |             |
|    fps                  | 72          |
|    iterations           | 681         |
|    time_elapsed         | 2412        |
|    total_timesteps      | 444672      |
| train/                  |             |
|    approx_kl            | 0.004118667 |
|    clip_fraction        | 0.0043      |
|    clip_range           | 0.2         |
|    entropy_loss         | -2.65       |
|    explained_variance   | -0.021      |
|    learning_rate        | 0.0003      |
|    loss                 | -0.0302     |
|    n_updates            | 17360       |
|    policy_gradient_loss | -0.000334   |
|    std                  | 0.913       |
|    value_loss           | 0.00245     |
-----------------------------------------
------------------------------------------
| rollout/                |              |
|    ep_len_mean          | 118          |
|    ep_rew_mean          | -0.779       |
| time/                   |              |
|    fps                  | 72           |
|    iterations           | 682          |
|    time_elapsed         | 2414         |
|    total_timesteps      | 444928       |
| train/                  |              |
|    approx_kl            | 0.0079135895 |
|    clip_fraction        | 0.0199       |
|    clip_range           | 0.2          |
|    entropy_loss         | -2.65        |
|    explained_variance   | 0.000348     |
|    learning_rate        | 0.0003       |
|    loss                 | -0.0156      |
|    n_updates            | 17370        |
|    policy_gradient_loss | -0.000604    |
|    std                  | 0.913        |
|    value_loss           | 0.00228      |
------------------------------------------
-----------------------------------------
| rollout/                |             |
|    ep_len_mean          | 118         |
|    ep_rew_mean          | -0.78       |
| time/                   |             |
|    fps                  | 72          |
|    iterations           | 683         |
|    time_elapsed         | 2417        |
|    total_timesteps      | 445184      |
| train/                  |             |
|    approx_kl            | 0.001720503 |
|    clip_fraction        | 0.0109      |
|    clip_range           | 0.2         |
|    entropy_loss         | -2.65       |
|    explained_variance   | -0.000614   |
|    learning_rate        | 0.0003      |
|    loss                 | -0.0254     |
|    n_updates            | 17380       |
|    policy_gradient_loss | -0.000774   |
|    std                  | 0.912       |
|    value_loss           | 0.00238     |
-----------------------------------------
-----------------------------------------
| rollout/                |             |
|    ep_len_mean          | 118         |
|    ep_rew_mean          | -0.78       |
| time/                   |             |
|    fps                  | 72          |
|    iterations           | 684         |
|    time_elapsed         | 2421        |
|    total_timesteps      | 445440      |
| train/                  |             |
|    approx_kl            | 0.002946017 |
|    clip_fraction        | 0.0223      |
|    clip_range           | 0.2         |
|    entropy_loss         | -2.64       |
|    explained_variance   | 0.00153     |
|    learning_rate        | 0.0003      |
|    loss                 | -0.0271     |
|    n_updates            | 17390       |
|    policy_gradient_loss | -0.00236    |
|    std                  | 0.913       |
|    value_loss           | 0.00247     |
-----------------------------------------
------------------------------------------
| rollout/                |              |
|    ep_len_mean          | 118          |
|    ep_rew_mean          | -0.779       |
| time/                   |              |
|    fps                  | 72           |
|    iterations           | 685          |
|    time_elapsed         | 2424         |
|    total_timesteps      | 445696       |
| train/                  |              |
|    approx_kl            | 0.0021971944 |
|    clip_fraction        | 0.023        |
|    clip_range           | 0.2          |
|    entropy_loss         | -2.65        |
|    explained_variance   | -0.00458     |
|    learning_rate        | 0.0003       |
|    loss                 | -0.0304      |
|    n_updates            | 17400        |
|    policy_gradient_loss | -0.00222     |
|    std                  | 0.912        |
|    value_loss           | 0.00218      |
------------------------------------------
------------------------------------------
| rollout/                |              |
|    ep_len_mean          | 118          |
|    ep_rew_mean          | -0.779       |
| time/                   |              |
|    fps                  | 72           |
|    iterations           | 686          |
|    time_elapsed         | 2428         |
|    total_timesteps      | 445952       |
| train/                  |              |
|    approx_kl            | 0.0030935027 |
|    clip_fraction        | 0.00117      |
|    clip_range           | 0.2          |
|    entropy_loss         | -2.65        |
|    explained_variance   | 0.00311      |
|    learning_rate        | 0.0003       |
|    loss                 | -0.0196      |
|    n_updates            | 17410        |
|    policy_gradient_loss | 0.000618     |
|    std                  | 0.913        |
|    value_loss           | 0.00237      |
------------------------------------------
-----------------------------------------
| rollout/                |             |
|    ep_len_mean          | 118         |
|    ep_rew_mean          | -0.78       |
| time/                   |             |
|    fps                  | 72          |
|    iterations           | 687         |
|    time_elapsed         | 2435        |
|    total_timesteps      | 446208      |
| train/                  |             |
|    approx_kl            | 0.002901427 |
|    clip_fraction        | 0.0551      |
|    clip_range           | 0.2         |
|    entropy_loss         | -2.65       |
|    explained_variance   | -0.00581    |
|    learning_rate        | 0.0003      |
|    loss                 | -0.0384     |
|    n_updates            | 17420       |
|    policy_gradient_loss | -0.00384    |
|    std                  | 0.914       |
|    value_loss           | 0.00242     |
-----------------------------------------
-----------------------------------------
| rollout/                |             |
|    ep_len_mean          | 118         |
|    ep_rew_mean          | -0.779      |
| time/                   |             |
|    fps                  | 72          |
|    iterations           | 688         |
|    time_elapsed         | 2439        |
|    total_timesteps      | 446464      |
| train/                  |             |
|    approx_kl            | 0.007030896 |
|    clip_fraction        | 0.0637      |
|    clip_range           | 0.2         |
|    entropy_loss         | -2.65       |
|    explained_variance   | 0.000321    |
|    learning_rate        | 0.0003      |
|    loss                 | -0.0175     |
|    n_updates            | 17430       |
|    policy_gradient_loss | -0.00647    |
|    std                  | 0.909       |
|    value_loss           | 0.00199     |
-----------------------------------------
