Using cpu device
Wrapping the env with a `Monitor` wrapper
Wrapping the env in a DummyVecEnv.
---------------------------------
| rollout/           |          |
|    ep_len_mean     | 120      |
|    ep_rew_mean     | -1.58    |
| time/              |          |
|    fps             | 90       |
|    iterations      | 1        |
|    time_elapsed    | 2        |
|    total_timesteps | 256      |
---------------------------------
------------------------------------------
| rollout/                |              |
|    ep_len_mean          | 80.3         |
|    ep_rew_mean          | 5.58         |
| time/                   |              |
|    fps                  | 84           |
|    iterations           | 2            |
|    time_elapsed         | 6            |
|    total_timesteps      | 512          |
| train/                  |              |
|    approx_kl            | 0.0037368587 |
|    clip_fraction        | 0.0578       |
|    clip_range           | 0.2          |
|    entropy_loss         | -2.84        |
|    explained_variance   | 0.17         |
|    learning_rate        | 0.0003       |
|    loss                 | -0.0296      |
|    n_updates            | 10           |
|    policy_gradient_loss | -0.00437     |
|    std                  | 0.997        |
|    value_loss           | 0.0139       |
------------------------------------------
-----------------------------------------
| rollout/                |             |
|    ep_len_mean          | 90.2        |
|    ep_rew_mean          | 3.82        |
| time/                   |             |
|    fps                  | 88          |
|    iterations           | 3           |
|    time_elapsed         | 8           |
|    total_timesteps      | 768         |
| train/                  |             |
|    approx_kl            | 0.014687082 |
|    clip_fraction        | 0.0699      |
|    clip_range           | 0.2         |
|    entropy_loss         | -2.83       |
|    explained_variance   | -0.00195    |
|    learning_rate        | 0.0003      |
|    loss                 | -0.0197     |
|    n_updates            | 20          |
|    policy_gradient_loss | -0.00782    |
|    std                  | 0.997       |
|    value_loss           | 3.09        |
-----------------------------------------
-----------------------------------------
| rollout/                |             |
|    ep_len_mean          | 80.3        |
|    ep_rew_mean          | 5.67        |
| time/                   |             |
|    fps                  | 86          |
|    iterations           | 4           |
|    time_elapsed         | 11          |
|    total_timesteps      | 1024        |
| train/                  |             |
|    approx_kl            | 0.009741344 |
|    clip_fraction        | 0.0617      |
|    clip_range           | 0.2         |
|    entropy_loss         | -2.84       |
|    explained_variance   | -0.141      |
|    learning_rate        | 0.0003      |
|    loss                 | -0.0479     |
|    n_updates            | 30          |
|    policy_gradient_loss | -0.00655    |
|    std                  | 1           |
|    value_loss           | 0.00861     |
-----------------------------------------
------------------------------------------
| rollout/                |              |
|    ep_len_mean          | 80.3         |
|    ep_rew_mean          | 5.69         |
| time/                   |              |
|    fps                  | 87           |
|    iterations           | 5            |
|    time_elapsed         | 14           |
|    total_timesteps      | 1280         |
| train/                  |              |
|    approx_kl            | 0.0042223935 |
|    clip_fraction        | 0.0043       |
|    clip_range           | 0.2          |
|    entropy_loss         | -2.85        |
|    explained_variance   | 0.000879     |
|    learning_rate        | 0.0003       |
|    loss                 | -0.0214      |
|    n_updates            | 40           |
|    policy_gradient_loss | -0.00236     |
|    std                  | 1.01         |
|    value_loss           | 3.16         |
------------------------------------------
------------------------------------------
| rollout/                |              |
|    ep_len_mean          | 85           |
|    ep_rew_mean          | 4.93         |
| time/                   |              |
|    fps                  | 88           |
|    iterations           | 6            |
|    time_elapsed         | 17           |
|    total_timesteps      | 1536         |
| train/                  |              |
|    approx_kl            | 0.0071055535 |
|    clip_fraction        | 0.0266       |
|    clip_range           | 0.2          |
|    entropy_loss         | -2.85        |
|    explained_variance   | 0.00108      |
|    learning_rate        | 0.0003       |
|    loss                 | -0.0292      |
|    n_updates            | 50           |
|    policy_gradient_loss | -0.00366     |
|    std                  | 1.01         |
|    value_loss           | 1.59         |
------------------------------------------
----------------------------------------
| rollout/                |            |
|    ep_len_mean          | 83.3       |
|    ep_rew_mean          | 5.78       |
| time/                   |            |
|    fps                  | 87         |
|    iterations           | 7          |
|    time_elapsed         | 20         |
|    total_timesteps      | 1792       |
| train/                  |            |
|    approx_kl            | 0.01521245 |
|    clip_fraction        | 0.141      |
|    clip_range           | 0.2        |
|    entropy_loss         | -2.85      |
|    explained_variance   | 0.434      |
|    learning_rate        | 0.0003     |
|    loss                 | -0.0208    |
|    n_updates            | 60         |
|    policy_gradient_loss | -0.0109    |
|    std                  | 1          |
|    value_loss           | 0.00118    |
----------------------------------------
------------------------------------------
| rollout/                |              |
|    ep_len_mean          | 84.5         |
|    ep_rew_mean          | 5.79         |
| time/                   |              |
|    fps                  | 87           |
|    iterations           | 8            |
|    time_elapsed         | 23           |
|    total_timesteps      | 2048         |
| train/                  |              |
|    approx_kl            | 0.0024251468 |
|    clip_fraction        | 0.00117      |
|    clip_range           | 0.2          |
|    entropy_loss         | -2.85        |
|    explained_variance   | -0.00449     |
|    learning_rate        | 0.0003       |
|    loss                 | 3.9          |
|    n_updates            | 70           |
|    policy_gradient_loss | -0.00182     |
|    std                  | 1            |
|    value_loss           | 14           |
------------------------------------------
-------------------------------------------
| rollout/                |               |
|    ep_len_mean          | 87.3          |
|    ep_rew_mean          | 5.23          |
| time/                   |               |
|    fps                  | 89            |
|    iterations           | 9             |
|    time_elapsed         | 25            |
|    total_timesteps      | 2304          |
| train/                  |               |
|    approx_kl            | 0.00094768195 |
|    clip_fraction        | 0             |
|    clip_range           | 0.2           |
|    entropy_loss         | -2.84         |
|    explained_variance   | 0.000175      |
|    learning_rate        | 0.0003        |
|    loss                 | 4.76          |
|    n_updates            | 80            |
|    policy_gradient_loss | 0.000545      |
|    std                  | 1             |
|    value_loss           | 11.3          |
-------------------------------------------
-----------------------------------------
| rollout/                |             |
|    ep_len_mean          | 86.6        |
|    ep_rew_mean          | 5.27        |
| time/                   |             |
|    fps                  | 89          |
|    iterations           | 10          |
|    time_elapsed         | 28          |
|    total_timesteps      | 2560        |
| train/                  |             |
|    approx_kl            | 0.004033409 |
|    clip_fraction        | 0.00937     |
|    clip_range           | 0.2         |
|    entropy_loss         | -2.85       |
|    explained_variance   | 0.0393      |
|    learning_rate        | 0.0003      |
|    loss                 | -0.0269     |
|    n_updates            | 90          |
|    policy_gradient_loss | -0.00237    |
|    std                  | 1           |
|    value_loss           | 0.0462      |
-----------------------------------------
------------------------------------------
| rollout/                |              |
|    ep_len_mean          | 88.7         |
|    ep_rew_mean          | 4.82         |
| time/                   |              |
|    fps                  | 89           |
|    iterations           | 11           |
|    time_elapsed         | 31           |
|    total_timesteps      | 2816         |
| train/                  |              |
|    approx_kl            | 0.0066924184 |
|    clip_fraction        | 0.0797       |
|    clip_range           | 0.2          |
|    entropy_loss         | -2.85        |
|    explained_variance   | 0.00112      |
|    learning_rate        | 0.0003       |
|    loss                 | -0.0513      |
|    n_updates            | 100          |
|    policy_gradient_loss | -0.00653     |
|    std                  | 1            |
|    value_loss           | 1.43         |
------------------------------------------
------------------------------------------
| rollout/                |              |
|    ep_len_mean          | 87.4         |
|    ep_rew_mean          | 5.31         |
| time/                   |              |
|    fps                  | 89           |
|    iterations           | 12           |
|    time_elapsed         | 34           |
|    total_timesteps      | 3072         |
| train/                  |              |
|    approx_kl            | 0.0009604723 |
|    clip_fraction        | 0            |
|    clip_range           | 0.2          |
|    entropy_loss         | -2.84        |
|    explained_variance   | 0.0407       |
|    learning_rate        | 0.0003       |
|    loss                 | -0.0189      |
|    n_updates            | 110          |
|    policy_gradient_loss | 0.000143     |
|    std                  | 1            |
|    value_loss           | 0.024        |
------------------------------------------
-----------------------------------------
| rollout/                |             |
|    ep_len_mean          | 86.8        |
|    ep_rew_mean          | 5.37        |
| time/                   |             |
|    fps                  | 89          |
|    iterations           | 13          |
|    time_elapsed         | 37          |
|    total_timesteps      | 3328        |
| train/                  |             |
|    approx_kl            | 0.006987796 |
|    clip_fraction        | 0.0699      |
|    clip_range           | 0.2         |
|    entropy_loss         | -2.84       |
|    explained_variance   | 0.00143     |
|    learning_rate        | 0.0003      |
|    loss                 | -0.019      |
|    n_updates            | 120         |
|    policy_gradient_loss | -0.00613    |
|    std                  | 1           |
|    value_loss           | 2.98        |
-----------------------------------------
---------------------------------------
| rollout/                |           |
|    ep_len_mean          | 88.5      |
|    ep_rew_mean          | 5.05      |
| time/                   |           |
|    fps                  | 89        |
|    iterations           | 14        |
|    time_elapsed         | 39        |
|    total_timesteps      | 3584      |
| train/                  |           |
|    approx_kl            | 0.0091896 |
|    clip_fraction        | 0.084     |
|    clip_range           | 0.2       |
|    entropy_loss         | -2.85     |
|    explained_variance   | 0.00151   |
|    learning_rate        | 0.0003    |
|    loss                 | -0.0413   |
|    n_updates            | 130       |
|    policy_gradient_loss | -0.00314  |
|    std                  | 1.01      |
|    value_loss           | 1.51      |
---------------------------------------
-----------------------------------------
| rollout/                |             |
|    ep_len_mean          | 90          |
|    ep_rew_mean          | 4.75        |
| time/                   |             |
|    fps                  | 90          |
|    iterations           | 15          |
|    time_elapsed         | 42          |
|    total_timesteps      | 3840        |
| train/                  |             |
|    approx_kl            | 0.009432487 |
|    clip_fraction        | 0.0293      |
|    clip_range           | 0.2         |
|    entropy_loss         | -2.85       |
|    explained_variance   | 0.0956      |
|    learning_rate        | 0.0003      |
|    loss                 | -0.0293     |
|    n_updates            | 140         |
|    policy_gradient_loss | -0.00202    |
|    std                  | 1.01        |
|    value_loss           | 0.00682     |
-----------------------------------------
------------------------------------------
| rollout/                |              |
|    ep_len_mean          | 89.3         |
|    ep_rew_mean          | 4.83         |
| time/                   |              |
|    fps                  | 90           |
|    iterations           | 16           |
|    time_elapsed         | 45           |
|    total_timesteps      | 4096         |
| train/                  |              |
|    approx_kl            | 0.0070662843 |
|    clip_fraction        | 0.0289       |
|    clip_range           | 0.2          |
|    entropy_loss         | -2.85        |
|    explained_variance   | 0.241        |
|    learning_rate        | 0.0003       |
|    loss                 | -0.0465      |
|    n_updates            | 150          |
|    policy_gradient_loss | -0.00299     |
|    std                  | 1            |
|    value_loss           | 0.00713      |
------------------------------------------
-----------------------------------------
| rollout/                |             |
|    ep_len_mean          | 88.8        |
|    ep_rew_mean          | 4.9         |
| time/                   |             |
|    fps                  | 89          |
|    iterations           | 17          |
|    time_elapsed         | 48          |
|    total_timesteps      | 4352        |
| train/                  |             |
|    approx_kl            | 0.002734011 |
|    clip_fraction        | 0           |
|    clip_range           | 0.2         |
|    entropy_loss         | -2.85       |
|    explained_variance   | 0.000302    |
|    learning_rate        | 0.0003      |
|    loss                 | -0.0367     |
|    n_updates            | 160         |
|    policy_gradient_loss | -0.00026    |
|    std                  | 1.01        |
|    value_loss           | 1.58        |
-----------------------------------------
-----------------------------------------
| rollout/                |             |
|    ep_len_mean          | 90          |
|    ep_rew_mean          | 4.65        |
| time/                   |             |
|    fps                  | 90          |
|    iterations           | 18          |
|    time_elapsed         | 50          |
|    total_timesteps      | 4608        |
| train/                  |             |
|    approx_kl            | 0.008639479 |
|    clip_fraction        | 0.114       |
|    clip_range           | 0.2         |
|    entropy_loss         | -2.85       |
|    explained_variance   | 6.22e-05    |
|    learning_rate        | 0.0003      |
|    loss                 | -0.0412     |
|    n_updates            | 170         |
|    policy_gradient_loss | -0.00733    |
|    std                  | 1.01        |
|    value_loss           | 1.59        |
-----------------------------------------
-----------------------------------------
| rollout/                |             |
|    ep_len_mean          | 91.7        |
|    ep_rew_mean          | 4.32        |
| time/                   |             |
|    fps                  | 90          |
|    iterations           | 19          |
|    time_elapsed         | 53          |
|    total_timesteps      | 4864        |
| train/                  |             |
|    approx_kl            | 0.009243228 |
|    clip_fraction        | 0.107       |
|    clip_range           | 0.2         |
|    entropy_loss         | -2.85       |
|    explained_variance   | 0.0582      |
|    learning_rate        | 0.0003      |
|    loss                 | -0.0207     |
|    n_updates            | 180         |
|    policy_gradient_loss | -0.0106     |
|    std                  | 1           |
|    value_loss           | 0.00552     |
-----------------------------------------
------------------------------------------
| rollout/                |              |
|    ep_len_mean          | 92.7         |
|    ep_rew_mean          | 4.12         |
| time/                   |              |
|    fps                  | 90           |
|    iterations           | 20           |
|    time_elapsed         | 56           |
|    total_timesteps      | 5120         |
| train/                  |              |
|    approx_kl            | 0.0063973707 |
|    clip_fraction        | 0.0906       |
|    clip_range           | 0.2          |
|    entropy_loss         | -2.85        |
|    explained_variance   | 0.135        |
|    learning_rate        | 0.0003       |
|    loss                 | -0.0346      |
|    n_updates            | 190          |
|    policy_gradient_loss | -0.00809     |
|    std                  | 1.01         |
|    value_loss           | 0.00414      |
------------------------------------------
------------------------------------------
| rollout/                |              |
|    ep_len_mean          | 93.7         |
|    ep_rew_mean          | 3.93         |
| time/                   |              |
|    fps                  | 91           |
|    iterations           | 21           |
|    time_elapsed         | 58           |
|    total_timesteps      | 5376         |
| train/                  |              |
|    approx_kl            | 0.0031640988 |
|    clip_fraction        | 0.0469       |
|    clip_range           | 0.2          |
|    entropy_loss         | -2.85        |
|    explained_variance   | 0.148        |
|    learning_rate        | 0.0003       |
|    loss                 | -0.0235      |
|    n_updates            | 200          |
|    policy_gradient_loss | -0.00306     |
|    std                  | 1            |
|    value_loss           | 0.00468      |
------------------------------------------
-----------------------------------------
| rollout/                |             |
|    ep_len_mean          | 93          |
|    ep_rew_mean          | 4.03        |
| time/                   |             |
|    fps                  | 91          |
|    iterations           | 22          |
|    time_elapsed         | 61          |
|    total_timesteps      | 5632        |
| train/                  |             |
|    approx_kl            | 0.005999662 |
|    clip_fraction        | 0.023       |
|    clip_range           | 0.2         |
|    entropy_loss         | -2.84       |
|    explained_variance   | 0.00169     |
|    learning_rate        | 0.0003      |
|    loss                 | -0.015      |
|    n_updates            | 210         |
|    policy_gradient_loss | -0.00171    |
|    std                  | 1           |
|    value_loss           | 0.00468     |
-----------------------------------------
-----------------------------------------
| rollout/                |             |
|    ep_len_mean          | 93.9        |
|    ep_rew_mean          | 3.86        |
| time/                   |             |
|    fps                  | 91          |
|    iterations           | 23          |
|    time_elapsed         | 64          |
|    total_timesteps      | 5888        |
| train/                  |             |
|    approx_kl            | 0.009503227 |
|    clip_fraction        | 0.0426      |
|    clip_range           | 0.2         |
|    entropy_loss         | -2.84       |
|    explained_variance   | -0.00167    |
|    learning_rate        | 0.0003      |
|    loss                 | -0.0408     |
|    n_updates            | 220         |
|    policy_gradient_loss | -0.00359    |
|    std                  | 1           |
|    value_loss           | 1.66        |
-----------------------------------------
------------------------------------------
| rollout/                |              |
|    ep_len_mean          | 94.7         |
|    ep_rew_mean          | 3.71         |
| time/                   |              |
|    fps                  | 91           |
|    iterations           | 24           |
|    time_elapsed         | 67           |
|    total_timesteps      | 6144         |
| train/                  |              |
|    approx_kl            | 0.0044037513 |
|    clip_fraction        | 0.0414       |
|    clip_range           | 0.2          |
|    entropy_loss         | -2.85        |
|    explained_variance   | 0.0672       |
|    learning_rate        | 0.0003       |
|    loss                 | -0.0305      |
|    n_updates            | 230          |
|    policy_gradient_loss | -0.00369     |
|    std                  | 1.01         |
|    value_loss           | 0.00322      |
------------------------------------------
-----------------------------------------
| rollout/                |             |
|    ep_len_mean          | 95.5        |
|    ep_rew_mean          | 3.56        |
| time/                   |             |
|    fps                  | 91          |
|    iterations           | 25          |
|    time_elapsed         | 69          |
|    total_timesteps      | 6400        |
| train/                  |             |
|    approx_kl            | 0.002256538 |
|    clip_fraction        | 0.0109      |
|    clip_range           | 0.2         |
|    entropy_loss         | -2.86       |
|    explained_variance   | 0.0552      |
|    learning_rate        | 0.0003      |
|    loss                 | -0.0329     |
|    n_updates            | 240         |
|    policy_gradient_loss | -0.00165    |
|    std                  | 1.02        |
|    value_loss           | 0.00352     |
-----------------------------------------
------------------------------------------
| rollout/                |              |
|    ep_len_mean          | 96.2         |
|    ep_rew_mean          | 3.42         |
| time/                   |              |
|    fps                  | 92           |
|    iterations           | 26           |
|    time_elapsed         | 72           |
|    total_timesteps      | 6656         |
| train/                  |              |
|    approx_kl            | 0.0077008083 |
|    clip_fraction        | 0.0914       |
|    clip_range           | 0.2          |
|    entropy_loss         | -2.88        |
|    explained_variance   | 0.118        |
|    learning_rate        | 0.0003       |
|    loss                 | -0.048       |
|    n_updates            | 250          |
|    policy_gradient_loss | -0.00947     |
|    std                  | 1.02         |
|    value_loss           | 0.00326      |
------------------------------------------
------------------------------------------
| rollout/                |              |
|    ep_len_mean          | 97.2         |
|    ep_rew_mean          | 3.23         |
| time/                   |              |
|    fps                  | 91           |
|    iterations           | 27           |
|    time_elapsed         | 75           |
|    total_timesteps      | 6912         |
| train/                  |              |
|    approx_kl            | 0.0057921372 |
|    clip_fraction        | 0.0195       |
|    clip_range           | 0.2          |
|    entropy_loss         | -2.89        |
|    explained_variance   | 0.0605       |
|    learning_rate        | 0.0003       |
|    loss                 | -0.0422      |
|    n_updates            | 260          |
|    policy_gradient_loss | -0.0009      |
|    std                  | 1.03         |
|    value_loss           | 0.0026       |
------------------------------------------
-----------------------------------------
| rollout/                |             |
|    ep_len_mean          | 96.5        |
|    ep_rew_mean          | 3.33        |
| time/                   |             |
|    fps                  | 91          |
|    iterations           | 28          |
|    time_elapsed         | 78          |
|    total_timesteps      | 7168        |
| train/                  |             |
|    approx_kl            | 0.004593906 |
|    clip_fraction        | 0.0434      |
|    clip_range           | 0.2         |
|    entropy_loss         | -2.89       |
|    explained_variance   | 0.0704      |
|    learning_rate        | 0.0003      |
|    loss                 | -0.0277     |
|    n_updates            | 270         |
|    policy_gradient_loss | -0.00295    |
|    std                  | 1.03        |
|    value_loss           | 0.00281     |
-----------------------------------------
------------------------------------------
| rollout/                |              |
|    ep_len_mean          | 97.1         |
|    ep_rew_mean          | 3.22         |
| time/                   |              |
|    fps                  | 92           |
|    iterations           | 29           |
|    time_elapsed         | 80           |
|    total_timesteps      | 7424         |
| train/                  |              |
|    approx_kl            | 0.0062970147 |
|    clip_fraction        | 0.0641       |
|    clip_range           | 0.2          |
|    entropy_loss         | -2.89        |
|    explained_variance   | -0.00118     |
|    learning_rate        | 0.0003       |
|    loss                 | -0.0285      |
|    n_updates            | 280          |
|    policy_gradient_loss | -0.00495     |
|    std                  | 1.03         |
|    value_loss           | 1.69         |
------------------------------------------
-----------------------------------------
| rollout/                |             |
|    ep_len_mean          | 97.7        |
|    ep_rew_mean          | 3.1         |
| time/                   |             |
|    fps                  | 92          |
|    iterations           | 30          |
|    time_elapsed         | 83          |
|    total_timesteps      | 7680        |
| train/                  |             |
|    approx_kl            | 0.008339718 |
|    clip_fraction        | 0.0566      |
|    clip_range           | 0.2         |
|    entropy_loss         | -2.89       |
|    explained_variance   | 0.123       |
|    learning_rate        | 0.0003      |
|    loss                 | -0.0321     |
|    n_updates            | 290         |
|    policy_gradient_loss | -0.00361    |
|    std                  | 1.03        |
|    value_loss           | 0.00414     |
-----------------------------------------
------------------------------------------
| rollout/                |              |
|    ep_len_mean          | 98.3         |
|    ep_rew_mean          | 3            |
| time/                   |              |
|    fps                  | 92           |
|    iterations           | 31           |
|    time_elapsed         | 85           |
|    total_timesteps      | 7936         |
| train/                  |              |
|    approx_kl            | 0.0036324495 |
|    clip_fraction        | 0.0176       |
|    clip_range           | 0.2          |
|    entropy_loss         | -2.89        |
|    explained_variance   | -0.000907    |
|    learning_rate        | 0.0003       |
|    loss                 | -0.0457      |
|    n_updates            | 300          |
|    policy_gradient_loss | -0.00162     |
|    std                  | 1.02         |
|    value_loss           | 0.00391      |
------------------------------------------
------------------------------------------
| rollout/                |              |
|    ep_len_mean          | 98.2         |
|    ep_rew_mean          | 3.09         |
| time/                   |              |
|    fps                  | 92           |
|    iterations           | 32           |
|    time_elapsed         | 88           |
|    total_timesteps      | 8192         |
| train/                  |              |
|    approx_kl            | 0.0045026336 |
|    clip_fraction        | 0.0309       |
|    clip_range           | 0.2          |
|    entropy_loss         | -2.87        |
|    explained_variance   | -0.0176      |
|    learning_rate        | 0.0003       |
|    loss                 | -0.0395      |
|    n_updates            | 310          |
|    policy_gradient_loss | -0.00338     |
|    std                  | 1.01         |
|    value_loss           | 0.00403      |
------------------------------------------
------------------------------------------
| rollout/                |              |
|    ep_len_mean          | 98.7         |
|    ep_rew_mean          | 2.99         |
| time/                   |              |
|    fps                  | 92           |
|    iterations           | 33           |
|    time_elapsed         | 91           |
|    total_timesteps      | 8448         |
| train/                  |              |
|    approx_kl            | 0.0051608095 |
|    clip_fraction        | 0.0184       |
|    clip_range           | 0.2          |
|    entropy_loss         | -2.86        |
|    explained_variance   | -0.00262     |
|    learning_rate        | 0.0003       |
|    loss                 | 3.38         |
|    n_updates            | 320          |
|    policy_gradient_loss | -0.0034      |
|    std                  | 1.01         |
|    value_loss           | 13.4         |
------------------------------------------
------------------------------------------
| rollout/                |              |
|    ep_len_mean          | 99.2         |
|    ep_rew_mean          | 2.89         |
| time/                   |              |
|    fps                  | 92           |
|    iterations           | 34           |
|    time_elapsed         | 93           |
|    total_timesteps      | 8704         |
| train/                  |              |
|    approx_kl            | 0.0062654098 |
|    clip_fraction        | 0.104        |
|    clip_range           | 0.2          |
|    entropy_loss         | -2.86        |
|    explained_variance   | 0.0239       |
|    learning_rate        | 0.0003       |
|    loss                 | -0.0295      |
|    n_updates            | 330          |
|    policy_gradient_loss | -0.00915     |
|    std                  | 1.02         |
|    value_loss           | 0.0164       |
------------------------------------------
-----------------------------------------
| rollout/                |             |
|    ep_len_mean          | 99.7        |
|    ep_rew_mean          | 2.8         |
| time/                   |             |
|    fps                  | 92          |
|    iterations           | 35          |
|    time_elapsed         | 96          |
|    total_timesteps      | 8960        |
| train/                  |             |
|    approx_kl            | 0.003206095 |
|    clip_fraction        | 0.0219      |
|    clip_range           | 0.2         |
|    entropy_loss         | -2.87       |
|    explained_variance   | -0.0979     |
|    learning_rate        | 0.0003      |
|    loss                 | -0.0351     |
|    n_updates            | 340         |
|    policy_gradient_loss | -0.00173    |
|    std                  | 1.02        |
|    value_loss           | 0.0103      |
-----------------------------------------
-----------------------------------------
| rollout/                |             |
|    ep_len_mean          | 100         |
|    ep_rew_mean          | 2.71        |
| time/                   |             |
|    fps                  | 93          |
|    iterations           | 36          |
|    time_elapsed         | 98          |
|    total_timesteps      | 9216        |
| train/                  |             |
|    approx_kl            | 0.008616545 |
|    clip_fraction        | 0.148       |
|    clip_range           | 0.2         |
|    entropy_loss         | -2.88       |
|    explained_variance   | 0.0759      |
|    learning_rate        | 0.0003      |
|    loss                 | -0.041      |
|    n_updates            | 350         |
|    policy_gradient_loss | -0.0172     |
|    std                  | 1.02        |
|    value_loss           | 0.00914     |
-----------------------------------------
-----------------------------------------
| rollout/                |             |
|    ep_len_mean          | 101         |
|    ep_rew_mean          | 2.6         |
| time/                   |             |
|    fps                  | 93          |
|    iterations           | 37          |
|    time_elapsed         | 101         |
|    total_timesteps      | 9472        |
| train/                  |             |
|    approx_kl            | 0.011118916 |
|    clip_fraction        | 0.165       |
|    clip_range           | 0.2         |
|    entropy_loss         | -2.88       |
|    explained_variance   | -0.00506    |
|    learning_rate        | 0.0003      |
|    loss                 | -0.0432     |
|    n_updates            | 360         |
|    policy_gradient_loss | -0.013      |
|    std                  | 1.02        |
|    value_loss           | 0.00206     |
-----------------------------------------
----------------------------------------
| rollout/                |            |
|    ep_len_mean          | 101        |
|    ep_rew_mean          | 2.51       |
| time/                   |            |
|    fps                  | 93         |
|    iterations           | 38         |
|    time_elapsed         | 104        |
|    total_timesteps      | 9728       |
| train/                  |            |
|    approx_kl            | 0.00340846 |
|    clip_fraction        | 0.00313    |
|    clip_range           | 0.2        |
|    entropy_loss         | -2.88      |
|    explained_variance   | 0.0875     |
|    learning_rate        | 0.0003     |
|    loss                 | -0.0407    |
|    n_updates            | 370        |
|    policy_gradient_loss | 0.000206   |
|    std                  | 1.02       |
|    value_loss           | 0.00789    |
----------------------------------------
------------------------------------------
| rollout/                |              |
|    ep_len_mean          | 101          |
|    ep_rew_mean          | 2.65         |
| time/                   |              |
|    fps                  | 93           |
|    iterations           | 39           |
|    time_elapsed         | 107          |
|    total_timesteps      | 9984         |
| train/                  |              |
|    approx_kl            | 0.0029712084 |
|    clip_fraction        | 0.00117      |
|    clip_range           | 0.2          |
|    entropy_loss         | -2.88        |
|    explained_variance   | -0.0273      |
|    learning_rate        | 0.0003       |
|    loss                 | -0.0226      |
|    n_updates            | 380          |
|    policy_gradient_loss | -0.000692    |
|    std                  | 1.02         |
|    value_loss           | 0.00951      |
------------------------------------------
-----------------------------------------
| rollout/                |             |
|    ep_len_mean          | 101         |
|    ep_rew_mean          | 2.57        |
| time/                   |             |
|    fps                  | 93          |
|    iterations           | 40          |
|    time_elapsed         | 109         |
|    total_timesteps      | 10240       |
| train/                  |             |
|    approx_kl            | 0.012556504 |
|    clip_fraction        | 0.057       |
|    clip_range           | 0.2         |
|    entropy_loss         | -2.88       |
|    explained_variance   | 0.00138     |
|    learning_rate        | 0.0003      |
|    loss                 | 4.53        |
|    n_updates            | 390         |
|    policy_gradient_loss | -0.00474    |
|    std                  | 1.02        |
|    value_loss           | 12.8        |
-----------------------------------------
------------------------------------------
| rollout/                |              |
|    ep_len_mean          | 101          |
|    ep_rew_mean          | 2.57         |
| time/                   |              |
|    fps                  | 93           |
|    iterations           | 41           |
|    time_elapsed         | 112          |
|    total_timesteps      | 10496        |
| train/                  |              |
|    approx_kl            | 0.0061811022 |
|    clip_fraction        | 0.0746       |
|    clip_range           | 0.2          |
|    entropy_loss         | -2.87        |
|    explained_variance   | 0.0899       |
|    learning_rate        | 0.0003       |
|    loss                 | -0.0449      |
|    n_updates            | 400          |
|    policy_gradient_loss | -0.00967     |
|    std                  | 1.02         |
|    value_loss           | 0.0199       |
------------------------------------------
-----------------------------------------
| rollout/                |             |
|    ep_len_mean          | 102         |
|    ep_rew_mean          | 2.37        |
| time/                   |             |
|    fps                  | 93          |
|    iterations           | 42          |
|    time_elapsed         | 115         |
|    total_timesteps      | 10752       |
| train/                  |             |
|    approx_kl            | 0.010732606 |
|    clip_fraction        | 0.118       |
|    clip_range           | 0.2         |
|    entropy_loss         | -2.87       |
|    explained_variance   | 0.0485      |
|    learning_rate        | 0.0003      |
|    loss                 | -0.0272     |
|    n_updates            | 410         |
|    policy_gradient_loss | -0.0101     |
|    std                  | 1.02        |
|    value_loss           | 0.0218      |
-----------------------------------------
------------------------------------------
| rollout/                |              |
|    ep_len_mean          | 104          |
|    ep_rew_mean          | 2.16         |
| time/                   |              |
|    fps                  | 93           |
|    iterations           | 43           |
|    time_elapsed         | 117          |
|    total_timesteps      | 11008        |
| train/                  |              |
|    approx_kl            | 0.0024859447 |
|    clip_fraction        | 0.00117      |
|    clip_range           | 0.2          |
|    entropy_loss         | -2.87        |
|    explained_variance   | -0.167       |
|    learning_rate        | 0.0003       |
|    loss                 | -0.0185      |
|    n_updates            | 420          |
|    policy_gradient_loss | -9.22e-05    |
|    std                  | 1.02         |
|    value_loss           | 0.0078       |
------------------------------------------
------------------------------------------
| rollout/                |              |
|    ep_len_mean          | 104          |
|    ep_rew_mean          | 2.17         |
| time/                   |              |
|    fps                  | 93           |
|    iterations           | 44           |
|    time_elapsed         | 120          |
|    total_timesteps      | 11264        |
| train/                  |              |
|    approx_kl            | 0.0071360115 |
|    clip_fraction        | 0.0699       |
|    clip_range           | 0.2          |
|    entropy_loss         | -2.87        |
|    explained_variance   | -0.0319      |
|    learning_rate        | 0.0003       |
|    loss                 | -0.0226      |
|    n_updates            | 430          |
|    policy_gradient_loss | -0.00662     |
|    std                  | 1.02         |
|    value_loss           | 0.00913      |
------------------------------------------
-----------------------------------------
| rollout/                |             |
|    ep_len_mean          | 106         |
|    ep_rew_mean          | 1.75        |
| time/                   |             |
|    fps                  | 93          |
|    iterations           | 45          |
|    time_elapsed         | 122         |
|    total_timesteps      | 11520       |
| train/                  |             |
|    approx_kl            | 0.006107675 |
|    clip_fraction        | 0.0578      |
|    clip_range           | 0.2         |
|    entropy_loss         | -2.87       |
|    explained_variance   | -0.0409     |
|    learning_rate        | 0.0003      |
|    loss                 | -0.0338     |
|    n_updates            | 440         |
|    policy_gradient_loss | -0.00429    |
|    std                  | 1.01        |
|    value_loss           | 0.00984     |
-----------------------------------------
------------------------------------------
| rollout/                |              |
|    ep_len_mean          | 106          |
|    ep_rew_mean          | 1.74         |
| time/                   |              |
|    fps                  | 93           |
|    iterations           | 46           |
|    time_elapsed         | 125          |
|    total_timesteps      | 11776        |
| train/                  |              |
|    approx_kl            | 0.0035407871 |
|    clip_fraction        | 0.0195       |
|    clip_range           | 0.2          |
|    entropy_loss         | -2.86        |
|    explained_variance   | 0.0465       |
|    learning_rate        | 0.0003       |
|    loss                 | -0.027       |
|    n_updates            | 450          |
|    policy_gradient_loss | -0.00286     |
|    std                  | 1.01         |
|    value_loss           | 0.00772      |
------------------------------------------
------------------------------------------
| rollout/                |              |
|    ep_len_mean          | 107          |
|    ep_rew_mean          | 1.54         |
| time/                   |              |
|    fps                  | 93           |
|    iterations           | 47           |
|    time_elapsed         | 128          |
|    total_timesteps      | 12032        |
| train/                  |              |
|    approx_kl            | 0.0038431277 |
|    clip_fraction        | 0.0898       |
|    clip_range           | 0.2          |
|    entropy_loss         | -2.85        |
|    explained_variance   | 0.0113       |
|    learning_rate        | 0.0003       |
|    loss                 | -0.0274      |
|    n_updates            | 460          |
|    policy_gradient_loss | -0.00726     |
|    std                  | 1.01         |
|    value_loss           | 0.00755      |
------------------------------------------
-----------------------------------------
| rollout/                |             |
|    ep_len_mean          | 107         |
|    ep_rew_mean          | 1.52        |
| time/                   |             |
|    fps                  | 93          |
|    iterations           | 48          |
|    time_elapsed         | 131         |
|    total_timesteps      | 12288       |
| train/                  |             |
|    approx_kl            | 0.007422218 |
|    clip_fraction        | 0.0992      |
|    clip_range           | 0.2         |
|    entropy_loss         | -2.85       |
|    explained_variance   | 0.0601      |
|    learning_rate        | 0.0003      |
|    loss                 | -0.0518     |
|    n_updates            | 470         |
|    policy_gradient_loss | -0.00887    |
|    std                  | 1.01        |
|    value_loss           | 0.00764     |
-----------------------------------------
------------------------------------------
| rollout/                |              |
|    ep_len_mean          | 108          |
|    ep_rew_mean          | 1.31         |
| time/                   |              |
|    fps                  | 93           |
|    iterations           | 49           |
|    time_elapsed         | 133          |
|    total_timesteps      | 12544        |
| train/                  |              |
|    approx_kl            | 0.0044085924 |
|    clip_fraction        | 0.0082       |
|    clip_range           | 0.2          |
|    entropy_loss         | -2.85        |
|    explained_variance   | -0.0226      |
|    learning_rate        | 0.0003       |
|    loss                 | -0.00211     |
|    n_updates            | 480          |
|    policy_gradient_loss | -0.00105     |
|    std                  | 1.01         |
|    value_loss           | 0.00738      |
------------------------------------------
-----------------------------------------
| rollout/                |             |
|    ep_len_mean          | 109         |
|    ep_rew_mean          | 1.1         |
| time/                   |             |
|    fps                  | 93          |
|    iterations           | 50          |
|    time_elapsed         | 136         |
|    total_timesteps      | 12800       |
| train/                  |             |
|    approx_kl            | 0.007311047 |
|    clip_fraction        | 0.0902      |
|    clip_range           | 0.2         |
|    entropy_loss         | -2.85       |
|    explained_variance   | 0.143       |
|    learning_rate        | 0.0003      |
|    loss                 | -0.0171     |
|    n_updates            | 490         |
|    policy_gradient_loss | -0.00893    |
|    std                  | 1.01        |
|    value_loss           | 0.00545     |
-----------------------------------------
-----------------------------------------
| rollout/                |             |
|    ep_len_mean          | 110         |
|    ep_rew_mean          | 0.882       |
| time/                   |             |
|    fps                  | 94          |
|    iterations           | 51          |
|    time_elapsed         | 138         |
|    total_timesteps      | 13056       |
| train/                  |             |
|    approx_kl            | 0.004801148 |
|    clip_fraction        | 0.0492      |
|    clip_range           | 0.2         |
|    entropy_loss         | -2.85       |
|    explained_variance   | 0.0843      |
|    learning_rate        | 0.0003      |
|    loss                 | -0.0393     |
|    n_updates            | 500         |
|    policy_gradient_loss | -0.00299    |
|    std                  | 1.01        |
|    value_loss           | 0.00487     |
-----------------------------------------
------------------------------------------
| rollout/                |              |
|    ep_len_mean          | 110          |
|    ep_rew_mean          | 0.893        |
| time/                   |              |
|    fps                  | 94           |
|    iterations           | 52           |
|    time_elapsed         | 141          |
|    total_timesteps      | 13312        |
| train/                  |              |
|    approx_kl            | 0.0042899502 |
|    clip_fraction        | 0.0437       |
|    clip_range           | 0.2          |
|    entropy_loss         | -2.85        |
|    explained_variance   | 0.154        |
|    learning_rate        | 0.0003       |
|    loss                 | -0.0413      |
|    n_updates            | 510          |
|    policy_gradient_loss | -0.00228     |
|    std                  | 1            |
|    value_loss           | 0.00454      |
------------------------------------------
------------------------------------------
| rollout/                |              |
|    ep_len_mean          | 110          |
|    ep_rew_mean          | 0.892        |
| time/                   |              |
|    fps                  | 94           |
|    iterations           | 53           |
|    time_elapsed         | 143          |
|    total_timesteps      | 13568        |
| train/                  |              |
|    approx_kl            | 0.0062697316 |
|    clip_fraction        | 0.0895       |
|    clip_range           | 0.2          |
|    entropy_loss         | -2.84        |
|    explained_variance   | 0.139        |
|    learning_rate        | 0.0003       |
|    loss                 | -0.0255      |
|    n_updates            | 520          |
|    policy_gradient_loss | -0.00963     |
|    std                  | 0.995        |
|    value_loss           | 0.00571      |
------------------------------------------
------------------------------------------
| rollout/                |              |
|    ep_len_mean          | 111          |
|    ep_rew_mean          | 0.683        |
| time/                   |              |
|    fps                  | 94           |
|    iterations           | 54           |
|    time_elapsed         | 146          |
|    total_timesteps      | 13824        |
| train/                  |              |
|    approx_kl            | 0.0054791076 |
|    clip_fraction        | 0.043        |
|    clip_range           | 0.2          |
|    entropy_loss         | -2.82        |
|    explained_variance   | -0.071       |
|    learning_rate        | 0.0003       |
|    loss                 | -0.0399      |
|    n_updates            | 530          |
|    policy_gradient_loss | -0.00585     |
|    std                  | 0.99         |
|    value_loss           | 0.00472      |
------------------------------------------
-----------------------------------------
| rollout/                |             |
|    ep_len_mean          | 113         |
|    ep_rew_mean          | 0.268       |
| time/                   |             |
|    fps                  | 94          |
|    iterations           | 55          |
|    time_elapsed         | 149         |
|    total_timesteps      | 14080       |
| train/                  |             |
|    approx_kl            | 0.004688047 |
|    clip_fraction        | 0.00586     |
|    clip_range           | 0.2         |
|    entropy_loss         | -2.82       |
|    explained_variance   | 0.0309      |
|    learning_rate        | 0.0003      |
|    loss                 | -0.0391     |
|    n_updates            | 540         |
|    policy_gradient_loss | 1.39e-05    |
|    std                  | 0.993       |
|    value_loss           | 0.00377     |
-----------------------------------------
-----------------------------------------
| rollout/                |             |
|    ep_len_mean          | 113         |
|    ep_rew_mean          | 0.277       |
| time/                   |             |
|    fps                  | 94          |
|    iterations           | 56          |
|    time_elapsed         | 152         |
|    total_timesteps      | 14336       |
| train/                  |             |
|    approx_kl            | 0.005459818 |
|    clip_fraction        | 0.05        |
|    clip_range           | 0.2         |
|    entropy_loss         | -2.83       |
|    explained_variance   | 0.0205      |
|    learning_rate        | 0.0003      |
|    loss                 | -0.023      |
|    n_updates            | 550         |
|    policy_gradient_loss | -0.00508    |
|    std                  | 0.992       |
|    value_loss           | 0.0036      |
-----------------------------------------
------------------------------------------
| rollout/                |              |
|    ep_len_mean          | 114          |
|    ep_rew_mean          | 0.0629       |
| time/                   |              |
|    fps                  | 94           |
|    iterations           | 57           |
|    time_elapsed         | 154          |
|    total_timesteps      | 14592        |
| train/                  |              |
|    approx_kl            | 0.0046647605 |
|    clip_fraction        | 0.0629       |
|    clip_range           | 0.2          |
|    entropy_loss         | -2.82        |
|    explained_variance   | -0.0154      |
|    learning_rate        | 0.0003       |
|    loss                 | -0.0341      |
|    n_updates            | 560          |
|    policy_gradient_loss | -0.00495     |
|    std                  | 0.992        |
|    value_loss           | 0.00395      |
------------------------------------------
-----------------------------------------
| rollout/                |             |
|    ep_len_mean          | 114         |
|    ep_rew_mean          | 0.0531      |
| time/                   |             |
|    fps                  | 94          |
|    iterations           | 58          |
|    time_elapsed         | 157         |
|    total_timesteps      | 14848       |
| train/                  |             |
|    approx_kl            | 0.005779059 |
|    clip_fraction        | 0.0766      |
|    clip_range           | 0.2         |
|    entropy_loss         | -2.82       |
|    explained_variance   | -0.036      |
|    learning_rate        | 0.0003      |
|    loss                 | -0.0354     |
|    n_updates            | 570         |
|    policy_gradient_loss | -0.00551    |
|    std                  | 0.993       |
|    value_loss           | 0.00455     |
-----------------------------------------
------------------------------------------
| rollout/                |              |
|    ep_len_mean          | 114          |
|    ep_rew_mean          | 0.0494       |
| time/                   |              |
|    fps                  | 94           |
|    iterations           | 59           |
|    time_elapsed         | 160          |
|    total_timesteps      | 15104        |
| train/                  |              |
|    approx_kl            | 0.0081312265 |
|    clip_fraction        | 0.0273       |
|    clip_range           | 0.2          |
|    entropy_loss         | -2.82        |
|    explained_variance   | -0.0431      |
|    learning_rate        | 0.0003       |
|    loss                 | -0.0282      |
|    n_updates            | 580          |
|    policy_gradient_loss | 9.12e-05     |
|    std                  | 0.992        |
|    value_loss           | 0.00601      |
------------------------------------------
------------------------------------------
| rollout/                |              |
|    ep_len_mean          | 114          |
|    ep_rew_mean          | 0.0562       |
| time/                   |              |
|    fps                  | 94           |
|    iterations           | 60           |
|    time_elapsed         | 162          |
|    total_timesteps      | 15360        |
| train/                  |              |
|    approx_kl            | 0.0046470426 |
|    clip_fraction        | 0.0395       |
|    clip_range           | 0.2          |
|    entropy_loss         | -2.82        |
|    explained_variance   | -0.148       |
|    learning_rate        | 0.0003       |
|    loss                 | -0.0321      |
|    n_updates            | 590          |
|    policy_gradient_loss | -0.0025      |
|    std                  | 0.989        |
|    value_loss           | 0.00553      |
------------------------------------------
------------------------------------------
| rollout/                |              |
|    ep_len_mean          | 115          |
|    ep_rew_mean          | -0.154       |
| time/                   |              |
|    fps                  | 94           |
|    iterations           | 61           |
|    time_elapsed         | 165          |
|    total_timesteps      | 15616        |
| train/                  |              |
|    approx_kl            | 0.0057979603 |
|    clip_fraction        | 0.0723       |
|    clip_range           | 0.2          |
|    entropy_loss         | -2.82        |
|    explained_variance   | -0.0778      |
|    learning_rate        | 0.0003       |
|    loss                 | -0.0438      |
|    n_updates            | 600          |
|    policy_gradient_loss | -0.00824     |
|    std                  | 0.993        |
|    value_loss           | 0.00619      |
------------------------------------------
-----------------------------------------
| rollout/                |             |
|    ep_len_mean          | 116         |
|    ep_rew_mean          | -0.374      |
| time/                   |             |
|    fps                  | 94          |
|    iterations           | 62          |
|    time_elapsed         | 167         |
|    total_timesteps      | 15872       |
| train/                  |             |
|    approx_kl            | 0.007297226 |
|    clip_fraction        | 0.0801      |
|    clip_range           | 0.2         |
|    entropy_loss         | -2.83       |
|    explained_variance   | 0.0438      |
|    learning_rate        | 0.0003      |
|    loss                 | -0.0402     |
|    n_updates            | 610         |
|    policy_gradient_loss | -0.00556    |
|    std                  | 0.993       |
|    value_loss           | 0.00524     |
-----------------------------------------
-----------------------------------------
| rollout/                |             |
|    ep_len_mean          | 116         |
|    ep_rew_mean          | -0.368      |
| time/                   |             |
|    fps                  | 94          |
|    iterations           | 63          |
|    time_elapsed         | 170         |
|    total_timesteps      | 16128       |
| train/                  |             |
|    approx_kl            | 0.005793511 |
|    clip_fraction        | 0.0316      |
|    clip_range           | 0.2         |
|    entropy_loss         | -2.83       |
|    explained_variance   | -0.0507     |
|    learning_rate        | 0.0003      |
|    loss                 | -0.0228     |
|    n_updates            | 620         |
|    policy_gradient_loss | -0.00243    |
|    std                  | 0.996       |
|    value_loss           | 0.00434     |
-----------------------------------------
-----------------------------------------
| rollout/                |             |
|    ep_len_mean          | 115         |
|    ep_rew_mean          | -0.163      |
| time/                   |             |
|    fps                  | 93          |
|    iterations           | 64          |
|    time_elapsed         | 175         |
|    total_timesteps      | 16384       |
| train/                  |             |
|    approx_kl            | 0.006624664 |
|    clip_fraction        | 0.0414      |
|    clip_range           | 0.2         |
|    entropy_loss         | -2.83       |
|    explained_variance   | 0.027       |
|    learning_rate        | 0.0003      |
|    loss                 | -0.0373     |
|    n_updates            | 630         |
|    policy_gradient_loss | -0.00263    |
|    std                  | 1           |
|    value_loss           | 0.00672     |
-----------------------------------------
----------------------------------------
| rollout/                |            |
|    ep_len_mean          | 115        |
|    ep_rew_mean          | -0.157     |
| time/                   |            |
|    fps                  | 93         |
|    iterations           | 65         |
|    time_elapsed         | 178        |
|    total_timesteps      | 16640      |
| train/                  |            |
|    approx_kl            | 0.01107342 |
|    clip_fraction        | 0.041      |
|    clip_range           | 0.2        |
|    entropy_loss         | -2.84      |
|    explained_variance   | 0.00181    |
|    learning_rate        | 0.0003     |
|    loss                 | 8.73       |
|    n_updates            | 640        |
|    policy_gradient_loss | -0.00436   |
|    std                  | 1          |
|    value_loss           | 13.6       |
----------------------------------------
------------------------------------------
| rollout/                |              |
|    ep_len_mean          | 115          |
|    ep_rew_mean          | -0.173       |
| time/                   |              |
|    fps                  | 93           |
|    iterations           | 66           |
|    time_elapsed         | 180          |
|    total_timesteps      | 16896        |
| train/                  |              |
|    approx_kl            | 0.0069511896 |
|    clip_fraction        | 0.111        |
|    clip_range           | 0.2          |
|    entropy_loss         | -2.84        |
|    explained_variance   | -0.00817     |
|    learning_rate        | 0.0003       |
|    loss                 | -0.0494      |
|    n_updates            | 650          |
|    policy_gradient_loss | -0.00805     |
|    std                  | 1            |
|    value_loss           | 0.00495      |
------------------------------------------
------------------------------------------
| rollout/                |              |
|    ep_len_mean          | 116          |
|    ep_rew_mean          | -0.388       |
| time/                   |              |
|    fps                  | 93           |
|    iterations           | 67           |
|    time_elapsed         | 183          |
|    total_timesteps      | 17152        |
| train/                  |              |
|    approx_kl            | 0.0040639676 |
|    clip_fraction        | 0.0559       |
|    clip_range           | 0.2          |
|    entropy_loss         | -2.84        |
|    explained_variance   | 0.0692       |
|    learning_rate        | 0.0003       |
|    loss                 | -0.0432      |
|    n_updates            | 660          |
|    policy_gradient_loss | -0.00471     |
|    std                  | 1            |
|    value_loss           | 0.0148       |
------------------------------------------
------------------------------------------
| rollout/                |              |
|    ep_len_mean          | 116          |
|    ep_rew_mean          | -0.388       |
| time/                   |              |
|    fps                  | 93           |
|    iterations           | 68           |
|    time_elapsed         | 185          |
|    total_timesteps      | 17408        |
| train/                  |              |
|    approx_kl            | 0.0027983086 |
|    clip_fraction        | 0.0043       |
|    clip_range           | 0.2          |
|    entropy_loss         | -2.84        |
|    explained_variance   | -0.0621      |
|    learning_rate        | 0.0003       |
|    loss                 | -0.0213      |
|    n_updates            | 670          |
|    policy_gradient_loss | -0.000545    |
|    std                  | 1            |
|    value_loss           | 0.0098       |
------------------------------------------
------------------------------------------
| rollout/                |              |
|    ep_len_mean          | 115          |
|    ep_rew_mean          | -0.182       |
| time/                   |              |
|    fps                  | 93           |
|    iterations           | 69           |
|    time_elapsed         | 188          |
|    total_timesteps      | 17664        |
| train/                  |              |
|    approx_kl            | 0.0041420017 |
|    clip_fraction        | 0.0348       |
|    clip_range           | 0.2          |
|    entropy_loss         | -2.84        |
|    explained_variance   | 0.0468       |
|    learning_rate        | 0.0003       |
|    loss                 | -0.0368      |
|    n_updates            | 680          |
|    policy_gradient_loss | -0.00285     |
|    std                  | 1            |
|    value_loss           | 0.0096       |
------------------------------------------
-----------------------------------------
| rollout/                |             |
|    ep_len_mean          | 115         |
|    ep_rew_mean          | -0.17       |
| time/                   |             |
|    fps                  | 93          |
|    iterations           | 70          |
|    time_elapsed         | 191         |
|    total_timesteps      | 17920       |
| train/                  |             |
|    approx_kl            | 0.005187059 |
|    clip_fraction        | 0.0277      |
|    clip_range           | 0.2         |
|    entropy_loss         | -2.84       |
|    explained_variance   | -0.000382   |
|    learning_rate        | 0.0003      |
|    loss                 | -0.0148     |
|    n_updates            | 690         |
|    policy_gradient_loss | -0.00171    |
|    std                  | 1           |
|    value_loss           | 1.64        |
-----------------------------------------
-----------------------------------------
| rollout/                |             |
|    ep_len_mean          | 115         |
|    ep_rew_mean          | -0.181      |
| time/                   |             |
|    fps                  | 93          |
|    iterations           | 71          |
|    time_elapsed         | 193         |
|    total_timesteps      | 18176       |
| train/                  |             |
|    approx_kl            | 0.006970655 |
|    clip_fraction        | 0.0246      |
|    clip_range           | 0.2         |
|    entropy_loss         | -2.84       |
|    explained_variance   | -0.0679     |
|    learning_rate        | 0.0003      |
|    loss                 | -0.0231     |
|    n_updates            | 700         |
|    policy_gradient_loss | -0.00109    |
|    std                  | 0.999       |
|    value_loss           | 0.0103      |
-----------------------------------------
------------------------------------------
| rollout/                |              |
|    ep_len_mean          | 115          |
|    ep_rew_mean          | -0.19        |
| time/                   |              |
|    fps                  | 93           |
|    iterations           | 72           |
|    time_elapsed         | 196          |
|    total_timesteps      | 18432        |
| train/                  |              |
|    approx_kl            | 0.0065824827 |
|    clip_fraction        | 0.0996       |
|    clip_range           | 0.2          |
|    entropy_loss         | -2.84        |
|    explained_variance   | 0.021        |
|    learning_rate        | 0.0003       |
|    loss                 | -0.0415      |
|    n_updates            | 710          |
|    policy_gradient_loss | -0.00723     |
|    std                  | 1            |
|    value_loss           | 0.00377      |
------------------------------------------
------------------------------------------
| rollout/                |              |
|    ep_len_mean          | 115          |
|    ep_rew_mean          | -0.197       |
| time/                   |              |
|    fps                  | 92           |
|    iterations           | 73           |
|    time_elapsed         | 201          |
|    total_timesteps      | 18688        |
| train/                  |              |
|    approx_kl            | 0.0052093435 |
|    clip_fraction        | 0.0297       |
|    clip_range           | 0.2          |
|    entropy_loss         | -2.84        |
|    explained_variance   | 0.1          |
|    learning_rate        | 0.0003       |
|    loss                 | -0.0284      |
|    n_updates            | 720          |
|    policy_gradient_loss | -0.00285     |
|    std                  | 0.998        |
|    value_loss           | 0.00816      |
------------------------------------------
-----------------------------------------
| rollout/                |             |
|    ep_len_mean          | 113         |
|    ep_rew_mean          | 0.221       |
| time/                   |             |
|    fps                  | 92          |
|    iterations           | 74          |
|    time_elapsed         | 204         |
|    total_timesteps      | 18944       |
| train/                  |             |
|    approx_kl            | 0.007918259 |
|    clip_fraction        | 0.108       |
|    clip_range           | 0.2         |
|    entropy_loss         | -2.83       |
|    explained_variance   | -0.0266     |
|    learning_rate        | 0.0003      |
|    loss                 | -0.0445     |
|    n_updates            | 730         |
|    policy_gradient_loss | -0.0107     |
|    std                  | 0.995       |
|    value_loss           | 0.00442     |
-----------------------------------------
-----------------------------------------
| rollout/                |             |
|    ep_len_mean          | 113         |
|    ep_rew_mean          | 0.215       |
| time/                   |             |
|    fps                  | 92          |
|    iterations           | 75          |
|    time_elapsed         | 207         |
|    total_timesteps      | 19200       |
| train/                  |             |
|    approx_kl            | 0.012415308 |
|    clip_fraction        | 0.0809      |
|    clip_range           | 0.2         |
|    entropy_loss         | -2.83       |
|    explained_variance   | 0.000165    |
|    learning_rate        | 0.0003      |
|    loss                 | 0.0198      |
|    n_updates            | 740         |
|    policy_gradient_loss | -0.00606    |
|    std                  | 0.995       |
|    value_loss           | 5.01        |
-----------------------------------------
------------------------------------------
| rollout/                |              |
|    ep_len_mean          | 114          |
|    ep_rew_mean          | 0.00512      |
| time/                   |              |
|    fps                  | 92           |
|    iterations           | 76           |
|    time_elapsed         | 209          |
|    total_timesteps      | 19456        |
| train/                  |              |
|    approx_kl            | 0.0050770156 |
|    clip_fraction        | 0.00664      |
|    clip_range           | 0.2          |
|    entropy_loss         | -2.83        |
|    explained_variance   | -0.0499      |
|    learning_rate        | 0.0003       |
|    loss                 | -0.0247      |
|    n_updates            | 750          |
|    policy_gradient_loss | -0.000536    |
|    std                  | 0.995        |
|    value_loss           | 0.00913      |
------------------------------------------
------------------------------------------
| rollout/                |              |
|    ep_len_mean          | 114          |
|    ep_rew_mean          | -0.00045     |
| time/                   |              |
|    fps                  | 92           |
|    iterations           | 77           |
|    time_elapsed         | 212          |
|    total_timesteps      | 19712        |
| train/                  |              |
|    approx_kl            | 0.0059026834 |
|    clip_fraction        | 0.0363       |
|    clip_range           | 0.2          |
|    entropy_loss         | -2.83        |
|    explained_variance   | -0.14        |
|    learning_rate        | 0.0003       |
|    loss                 | -0.0221      |
|    n_updates            | 760          |
|    policy_gradient_loss | -0.00366     |
|    std                  | 0.993        |
|    value_loss           | 0.00849      |
------------------------------------------
-----------------------------------------
| rollout/                |             |
|    ep_len_mean          | 114         |
|    ep_rew_mean          | 0.00655     |
| time/                   |             |
|    fps                  | 92          |
|    iterations           | 78          |
|    time_elapsed         | 214         |
|    total_timesteps      | 19968       |
| train/                  |             |
|    approx_kl            | 0.005426892 |
|    clip_fraction        | 0.0582      |
|    clip_range           | 0.2         |
|    entropy_loss         | -2.82       |
|    explained_variance   | 0.0441      |
|    learning_rate        | 0.0003      |
|    loss                 | -0.0278     |
|    n_updates            | 770         |
|    policy_gradient_loss | -0.00372    |
|    std                  | 0.99        |
|    value_loss           | 0.00501     |
-----------------------------------------
-----------------------------------------
| rollout/                |             |
|    ep_len_mean          | 114         |
|    ep_rew_mean          | 0.0132      |
| time/                   |             |
|    fps                  | 92          |
|    iterations           | 79          |
|    time_elapsed         | 217         |
|    total_timesteps      | 20224       |
| train/                  |             |
|    approx_kl            | 0.006254643 |
|    clip_fraction        | 0.0813      |
|    clip_range           | 0.2         |
|    entropy_loss         | -2.81       |
|    explained_variance   | 0.015       |
|    learning_rate        | 0.0003      |
|    loss                 | -0.0302     |
|    n_updates            | 780         |
|    policy_gradient_loss | -0.00713    |
|    std                  | 0.983       |
|    value_loss           | 0.00614     |
-----------------------------------------
------------------------------------------
| rollout/                |              |
|    ep_len_mean          | 111          |
|    ep_rew_mean          | 0.414        |
| time/                   |              |
|    fps                  | 92           |
|    iterations           | 80           |
|    time_elapsed         | 220          |
|    total_timesteps      | 20480        |
| train/                  |              |
|    approx_kl            | 0.0055583185 |
|    clip_fraction        | 0.0387       |
|    clip_range           | 0.2          |
|    entropy_loss         | -2.81        |
|    explained_variance   | -0.077       |
|    learning_rate        | 0.0003       |
|    loss                 | -0.0137      |
|    n_updates            | 790          |
|    policy_gradient_loss | -0.00316     |
|    std                  | 0.989        |
|    value_loss           | 0.0052       |
------------------------------------------
------------------------------------------
| rollout/                |              |
|    ep_len_mean          | 110          |
|    ep_rew_mean          | 0.633        |
| time/                   |              |
|    fps                  | 92           |
|    iterations           | 81           |
|    time_elapsed         | 224          |
|    total_timesteps      | 20736        |
| train/                  |              |
|    approx_kl            | 0.0069728866 |
|    clip_fraction        | 0.0535       |
|    clip_range           | 0.2          |
|    entropy_loss         | -2.81        |
|    explained_variance   | -0.00053     |
|    learning_rate        | 0.0003       |
|    loss                 | 6.68         |
|    n_updates            | 800          |
|    policy_gradient_loss | -0.0037      |
|    std                  | 0.987        |
|    value_loss           | 3.37         |
------------------------------------------
-----------------------------------------
| rollout/                |             |
|    ep_len_mean          | 110         |
|    ep_rew_mean          | 0.633       |
| time/                   |             |
|    fps                  | 92          |
|    iterations           | 82          |
|    time_elapsed         | 226         |
|    total_timesteps      | 20992       |
| train/                  |             |
|    approx_kl            | 0.009203025 |
|    clip_fraction        | 0.0898      |
|    clip_range           | 0.2         |
|    entropy_loss         | -2.81       |
|    explained_variance   | 7.01e-05    |
|    learning_rate        | 0.0003      |
|    loss                 | -0.0244     |
|    n_updates            | 810         |
|    policy_gradient_loss | -0.00861    |
|    std                  | 0.985       |
|    value_loss           | 3.35        |
-----------------------------------------
-----------------------------------------
| rollout/                |             |
|    ep_len_mean          | 108         |
|    ep_rew_mean          | 0.853       |
| time/                   |             |
|    fps                  | 92          |
|    iterations           | 83          |
|    time_elapsed         | 229         |
|    total_timesteps      | 21248       |
| train/                  |             |
|    approx_kl            | 0.006722739 |
|    clip_fraction        | 0.0582      |
|    clip_range           | 0.2         |
|    entropy_loss         | -2.81       |
|    explained_variance   | -0.0125     |
|    learning_rate        | 0.0003      |
|    loss                 | -0.0211     |
|    n_updates            | 820         |
|    policy_gradient_loss | -0.00506    |
|    std                  | 0.984       |
|    value_loss           | 0.00423     |
-----------------------------------------
------------------------------------------
| rollout/                |              |
|    ep_len_mean          | 108          |
|    ep_rew_mean          | 0.853        |
| time/                   |              |
|    fps                  | 92           |
|    iterations           | 84           |
|    time_elapsed         | 232          |
|    total_timesteps      | 21504        |
| train/                  |              |
|    approx_kl            | 0.0039950986 |
|    clip_fraction        | 0.0512       |
|    clip_range           | 0.2          |
|    entropy_loss         | -2.81        |
|    explained_variance   | 0.000512     |
|    learning_rate        | 0.0003       |
|    loss                 | -0.0265      |
|    n_updates            | 830          |
|    policy_gradient_loss | -0.00784     |
|    std                  | 0.984        |
|    value_loss           | 1.68         |
------------------------------------------
------------------------------------------
| rollout/                |              |
|    ep_len_mean          | 107          |
|    ep_rew_mean          | 1.06         |
| time/                   |              |
|    fps                  | 92           |
|    iterations           | 85           |
|    time_elapsed         | 235          |
|    total_timesteps      | 21760        |
| train/                  |              |
|    approx_kl            | 0.0050175134 |
|    clip_fraction        | 0.0586       |
|    clip_range           | 0.2          |
|    entropy_loss         | -2.8         |
|    explained_variance   | -0.00839     |
|    learning_rate        | 0.0003       |
|    loss                 | -0.0265      |
|    n_updates            | 840          |
|    policy_gradient_loss | -0.00411     |
|    std                  | 0.979        |
|    value_loss           | 0.0048       |
------------------------------------------
-----------------------------------------
| rollout/                |             |
|    ep_len_mean          | 107         |
|    ep_rew_mean          | 1.05        |
| time/                   |             |
|    fps                  | 92          |
|    iterations           | 86          |
|    time_elapsed         | 237         |
|    total_timesteps      | 22016       |
| train/                  |             |
|    approx_kl            | 0.008325312 |
|    clip_fraction        | 0.059       |
|    clip_range           | 0.2         |
|    entropy_loss         | -2.79       |
|    explained_variance   | -0.001      |
|    learning_rate        | 0.0003      |
|    loss                 | -0.0237     |
|    n_updates            | 850         |
|    policy_gradient_loss | -0.00197    |
|    std                  | 0.978       |
|    value_loss           | 1.69        |
-----------------------------------------
------------------------------------------
| rollout/                |              |
|    ep_len_mean          | 106          |
|    ep_rew_mean          | 1.26         |
| time/                   |              |
|    fps                  | 92           |
|    iterations           | 87           |
|    time_elapsed         | 240          |
|    total_timesteps      | 22272        |
| train/                  |              |
|    approx_kl            | 0.0051823994 |
|    clip_fraction        | 0.0168       |
|    clip_range           | 0.2          |
|    entropy_loss         | -2.79        |
|    explained_variance   | -0.0382      |
|    learning_rate        | 0.0003       |
|    loss                 | -0.0263      |
|    n_updates            | 860          |
|    policy_gradient_loss | -0.00162     |
|    std                  | 0.975        |
|    value_loss           | 0.00536      |
------------------------------------------
------------------------------------------
| rollout/                |              |
|    ep_len_mean          | 106          |
|    ep_rew_mean          | 1.26         |
| time/                   |              |
|    fps                  | 92           |
|    iterations           | 88           |
|    time_elapsed         | 243          |
|    total_timesteps      | 22528        |
| train/                  |              |
|    approx_kl            | 0.0088417865 |
|    clip_fraction        | 0.121        |
|    clip_range           | 0.2          |
|    entropy_loss         | -2.79        |
|    explained_variance   | 4.39e-05     |
|    learning_rate        | 0.0003       |
|    loss                 | -0.0553      |
|    n_updates            | 870          |
|    policy_gradient_loss | -0.00765     |
|    std                  | 0.973        |
|    value_loss           | 1.7          |
------------------------------------------
------------------------------------------
| rollout/                |              |
|    ep_len_mean          | 105          |
|    ep_rew_mean          | 1.47         |
| time/                   |              |
|    fps                  | 92           |
|    iterations           | 89           |
|    time_elapsed         | 245          |
|    total_timesteps      | 22784        |
| train/                  |              |
|    approx_kl            | 0.0042123506 |
|    clip_fraction        | 0.0762       |
|    clip_range           | 0.2          |
|    entropy_loss         | -2.78        |
|    explained_variance   | 0.00358      |
|    learning_rate        | 0.0003       |
|    loss                 | -0.0416      |
|    n_updates            | 880          |
|    policy_gradient_loss | -0.00583     |
|    std                  | 0.97         |
|    value_loss           | 0.0048       |
------------------------------------------
------------------------------------------
| rollout/                |              |
|    ep_len_mean          | 105          |
|    ep_rew_mean          | 1.47         |
| time/                   |              |
|    fps                  | 92           |
|    iterations           | 90           |
|    time_elapsed         | 248          |
|    total_timesteps      | 23040        |
| train/                  |              |
|    approx_kl            | 0.0002964714 |
|    clip_fraction        | 0            |
|    clip_range           | 0.2          |
|    entropy_loss         | -2.78        |
|    explained_variance   | -5.19e-05    |
|    learning_rate        | 0.0003       |
|    loss                 | 4.56         |
|    n_updates            | 890          |
|    policy_gradient_loss | 0.000224     |
|    std                  | 0.969        |
|    value_loss           | 13.6         |
------------------------------------------
------------------------------------------
| rollout/                |              |
|    ep_len_mean          | 104          |
|    ep_rew_mean          | 1.69         |
| time/                   |              |
|    fps                  | 92           |
|    iterations           | 91           |
|    time_elapsed         | 251          |
|    total_timesteps      | 23296        |
| train/                  |              |
|    approx_kl            | 0.0022230363 |
|    clip_fraction        | 0.023        |
|    clip_range           | 0.2          |
|    entropy_loss         | -2.77        |
|    explained_variance   | -0.00764     |
|    learning_rate        | 0.0003       |
|    loss                 | -0.0281      |
|    n_updates            | 900          |
|    policy_gradient_loss | -0.00304     |
|    std                  | 0.964        |
|    value_loss           | 0.0161       |
------------------------------------------
-----------------------------------------
| rollout/                |             |
|    ep_len_mean          | 102         |
|    ep_rew_mean          | 2.12        |
| time/                   |             |
|    fps                  | 92          |
|    iterations           | 92          |
|    time_elapsed         | 254         |
|    total_timesteps      | 23552       |
| train/                  |             |
|    approx_kl            | 0.008286634 |
|    clip_fraction        | 0.114       |
|    clip_range           | 0.2         |
|    entropy_loss         | -2.76       |
|    explained_variance   | 0.00016     |
|    learning_rate        | 0.0003      |
|    loss                 | 3.06        |
|    n_updates            | 910         |
|    policy_gradient_loss | -0.0055     |
|    std                  | 0.963       |
|    value_loss           | 1.55        |
-----------------------------------------
------------------------------------------
| rollout/                |              |
|    ep_len_mean          | 99.3         |
|    ep_rew_mean          | 2.55         |
| time/                   |              |
|    fps                  | 92           |
|    iterations           | 93           |
|    time_elapsed         | 258          |
|    total_timesteps      | 23808        |
| train/                  |              |
|    approx_kl            | 0.0032104026 |
|    clip_fraction        | 0.00156      |
|    clip_range           | 0.2          |
|    entropy_loss         | -2.76        |
|    explained_variance   | -9.76e-05    |
|    learning_rate        | 0.0003       |
|    loss                 | -0.0268      |
|    n_updates            | 920          |
|    policy_gradient_loss | -0.00062     |
|    std                  | 0.962        |
|    value_loss           | 3.12         |
------------------------------------------
------------------------------------------
| rollout/                |              |
|    ep_len_mean          | 99.3         |
|    ep_rew_mean          | 2.55         |
| time/                   |              |
|    fps                  | 92           |
|    iterations           | 94           |
|    time_elapsed         | 260          |
|    total_timesteps      | 24064        |
| train/                  |              |
|    approx_kl            | 0.0045206305 |
|    clip_fraction        | 0.0664       |
|    clip_range           | 0.2          |
|    entropy_loss         | -2.76        |
|    explained_variance   | -6.71e-05    |
|    learning_rate        | 0.0003       |
|    loss                 | -0.0231      |
|    n_updates            | 930          |
|    policy_gradient_loss | -0.00459     |
|    std                  | 0.964        |
|    value_loss           | 3.1          |
------------------------------------------
-----------------------------------------
| rollout/                |             |
|    ep_len_mean          | 99.3        |
|    ep_rew_mean          | 2.55        |
| time/                   |             |
|    fps                  | 92          |
|    iterations           | 95          |
|    time_elapsed         | 263         |
|    total_timesteps      | 24320       |
| train/                  |             |
|    approx_kl            | 0.005784177 |
|    clip_fraction        | 0.0508      |
|    clip_range           | 0.2         |
|    entropy_loss         | -2.77       |
|    explained_variance   | 0.0134      |
|    learning_rate        | 0.0003      |
|    loss                 | -0.0123     |
|    n_updates            | 940         |
|    policy_gradient_loss | -0.00527    |
|    std                  | 0.966       |
|    value_loss           | 0.00926     |
-----------------------------------------
------------------------------------------
| rollout/                |              |
|    ep_len_mean          | 99.3         |
|    ep_rew_mean          | 2.55         |
| time/                   |              |
|    fps                  | 92           |
|    iterations           | 96           |
|    time_elapsed         | 265          |
|    total_timesteps      | 24576        |
| train/                  |              |
|    approx_kl            | 0.0050506294 |
|    clip_fraction        | 0.0437       |
|    clip_range           | 0.2          |
|    entropy_loss         | -2.77        |
|    explained_variance   | 0.00343      |
|    learning_rate        | 0.0003       |
|    loss                 | -0.0391      |
|    n_updates            | 950          |
|    policy_gradient_loss | -0.00349     |
|    std                  | 0.964        |
|    value_loss           | 0.00629      |
------------------------------------------
------------------------------------------
| rollout/                |              |
|    ep_len_mean          | 99.3         |
|    ep_rew_mean          | 2.55         |
| time/                   |              |
|    fps                  | 91           |
|    iterations           | 97           |
|    time_elapsed         | 270          |
|    total_timesteps      | 24832        |
| train/                  |              |
|    approx_kl            | 0.0060607744 |
|    clip_fraction        | 0.0207       |
|    clip_range           | 0.2          |
|    entropy_loss         | -2.77        |
|    explained_variance   | -0.0049      |
|    learning_rate        | 0.0003       |
|    loss                 | -0.0231      |
|    n_updates            | 960          |
|    policy_gradient_loss | -0.00195     |
|    std                  | 0.965        |
|    value_loss           | 0.00771      |
------------------------------------------
------------------------------------------
| rollout/                |              |
|    ep_len_mean          | 99.3         |
|    ep_rew_mean          | 2.55         |
| time/                   |              |
|    fps                  | 91           |
|    iterations           | 98           |
|    time_elapsed         | 272          |
|    total_timesteps      | 25088        |
| train/                  |              |
|    approx_kl            | 0.0045268703 |
|    clip_fraction        | 0.043        |
|    clip_range           | 0.2          |
|    entropy_loss         | -2.76        |
|    explained_variance   | -0.00894     |
|    learning_rate        | 0.0003       |
|    loss                 | -0.0522      |
|    n_updates            | 970          |
|    policy_gradient_loss | -0.00528     |
|    std                  | 0.963        |
|    value_loss           | 0.00541      |
------------------------------------------
------------------------------------------
| rollout/                |              |
|    ep_len_mean          | 97           |
|    ep_rew_mean          | 2.97         |
| time/                   |              |
|    fps                  | 91           |
|    iterations           | 99           |
|    time_elapsed         | 276          |
|    total_timesteps      | 25344        |
| train/                  |              |
|    approx_kl            | 0.0058680354 |
|    clip_fraction        | 0.0289       |
|    clip_range           | 0.2          |
|    entropy_loss         | -2.76        |
|    explained_variance   | 0.00537      |
|    learning_rate        | 0.0003       |
|    loss                 | -0.029       |
|    n_updates            | 980          |
|    policy_gradient_loss | -0.00193     |
|    std                  | 0.963        |
|    value_loss           | 0.00551      |
------------------------------------------
-----------------------------------------
| rollout/                |             |
|    ep_len_mean          | 95.8        |
|    ep_rew_mean          | 3.18        |
| time/                   |             |
|    fps                  | 91          |
|    iterations           | 100         |
|    time_elapsed         | 279         |
|    total_timesteps      | 25600       |
| train/                  |             |
|    approx_kl            | 0.009793879 |
|    clip_fraction        | 0.077       |
|    clip_range           | 0.2         |
|    entropy_loss         | -2.76       |
|    explained_variance   | -2.65e-05   |
|    learning_rate        | 0.0003      |
|    loss                 | -0.0144     |
|    n_updates            | 990         |
|    policy_gradient_loss | -0.00386    |
|    std                  | 0.965       |
|    value_loss           | 3.29        |
-----------------------------------------
------------------------------------------
| rollout/                |              |
|    ep_len_mean          | 95.8         |
|    ep_rew_mean          | 3.18         |
| time/                   |              |
|    fps                  | 91           |
|    iterations           | 101          |
|    time_elapsed         | 281          |
|    total_timesteps      | 25856        |
| train/                  |              |
|    approx_kl            | 0.0051297867 |
|    clip_fraction        | 0.0902       |
|    clip_range           | 0.2          |
|    entropy_loss         | -2.77        |
|    explained_variance   | 0.000286     |
|    learning_rate        | 0.0003       |
|    loss                 | -0.0192      |
|    n_updates            | 1000         |
|    policy_gradient_loss | -0.0102      |
|    std                  | 0.963        |
|    value_loss           | 1.65         |
------------------------------------------
------------------------------------------
| rollout/                |              |
|    ep_len_mean          | 95.5         |
|    ep_rew_mean          | 3.19         |
| time/                   |              |
|    fps                  | 91           |
|    iterations           | 102          |
|    time_elapsed         | 284          |
|    total_timesteps      | 26112        |
| train/                  |              |
|    approx_kl            | 0.0053139683 |
|    clip_fraction        | 0.0332       |
|    clip_range           | 0.2          |
|    entropy_loss         | -2.76        |
|    explained_variance   | 0.00533      |
|    learning_rate        | 0.0003       |
|    loss                 | -0.034       |
|    n_updates            | 1010         |
|    policy_gradient_loss | -0.00263     |
|    std                  | 0.966        |
|    value_loss           | 0.00676      |
------------------------------------------
-----------------------------------------
| rollout/                |             |
|    ep_len_mean          | 95.5        |
|    ep_rew_mean          | 3.19        |
| time/                   |             |
|    fps                  | 91          |
|    iterations           | 103         |
|    time_elapsed         | 287         |
|    total_timesteps      | 26368       |
| train/                  |             |
|    approx_kl            | 0.004364975 |
|    clip_fraction        | 0.0082      |
|    clip_range           | 0.2         |
|    entropy_loss         | -2.77       |
|    explained_variance   | -0.000159   |
|    learning_rate        | 0.0003      |
|    loss                 | -0.0427     |
|    n_updates            | 1020        |
|    policy_gradient_loss | -0.00126    |
|    std                  | 0.963       |
|    value_loss           | 1.66        |
-----------------------------------------
-----------------------------------------
| rollout/                |             |
|    ep_len_mean          | 95.5        |
|    ep_rew_mean          | 3.2         |
| time/                   |             |
|    fps                  | 91          |
|    iterations           | 104         |
|    time_elapsed         | 289         |
|    total_timesteps      | 26624       |
| train/                  |             |
|    approx_kl            | 0.004129676 |
|    clip_fraction        | 0.0395      |
|    clip_range           | 0.2         |
|    entropy_loss         | -2.76       |
|    explained_variance   | -0.011      |
|    learning_rate        | 0.0003      |
|    loss                 | -0.025      |
|    n_updates            | 1030        |
|    policy_gradient_loss | -0.00243    |
|    std                  | 0.962       |
|    value_loss           | 0.00518     |
-----------------------------------------
---------------------------------------
| rollout/                |           |
|    ep_len_mean          | 95.5      |
|    ep_rew_mean          | 3.2       |
| time/                   |           |
|    fps                  | 91        |
|    iterations           | 105       |
|    time_elapsed         | 294       |
|    total_timesteps      | 26880     |
| train/                  |           |
|    approx_kl            | 0.0079674 |
|    clip_fraction        | 0.0609    |
|    clip_range           | 0.2       |
|    entropy_loss         | -2.76     |
|    explained_variance   | -0.00584  |
|    learning_rate        | 0.0003    |
|    loss                 | -0.0157   |
|    n_updates            | 1040      |
|    policy_gradient_loss | -0.00511  |
|    std                  | 0.963     |
|    value_loss           | 0.00389   |
---------------------------------------
------------------------------------------
| rollout/                |              |
|    ep_len_mean          | 95.5         |
|    ep_rew_mean          | 3.2          |
| time/                   |              |
|    fps                  | 91           |
|    iterations           | 106          |
|    time_elapsed         | 297          |
|    total_timesteps      | 27136        |
| train/                  |              |
|    approx_kl            | 0.0042361454 |
|    clip_fraction        | 0.0586       |
|    clip_range           | 0.2          |
|    entropy_loss         | -2.76        |
|    explained_variance   | 0.0304       |
|    learning_rate        | 0.0003       |
|    loss                 | -0.0346      |
|    n_updates            | 1050         |
|    policy_gradient_loss | -0.00489     |
|    std                  | 0.961        |
|    value_loss           | 0.0041       |
------------------------------------------
------------------------------------------
| rollout/                |              |
|    ep_len_mean          | 94.3         |
|    ep_rew_mean          | 3.41         |
| time/                   |              |
|    fps                  | 91           |
|    iterations           | 107          |
|    time_elapsed         | 300          |
|    total_timesteps      | 27392        |
| train/                  |              |
|    approx_kl            | 0.0051454217 |
|    clip_fraction        | 0.0168       |
|    clip_range           | 0.2          |
|    entropy_loss         | -2.76        |
|    explained_variance   | 0.000675     |
|    learning_rate        | 0.0003       |
|    loss                 | 3.33         |
|    n_updates            | 1060         |
|    policy_gradient_loss | -0.00233     |
|    std                  | 0.958        |
|    value_loss           | 1.69         |
------------------------------------------
------------------------------------------
| rollout/                |              |
|    ep_len_mean          | 94.3         |
|    ep_rew_mean          | 3.41         |
| time/                   |              |
|    fps                  | 91           |
|    iterations           | 108          |
|    time_elapsed         | 302          |
|    total_timesteps      | 27648        |
| train/                  |              |
|    approx_kl            | 0.0067085116 |
|    clip_fraction        | 0.132        |
|    clip_range           | 0.2          |
|    entropy_loss         | -2.75        |
|    explained_variance   | -0.000474    |
|    learning_rate        | 0.0003       |
|    loss                 | -0.0433      |
|    n_updates            | 1070         |
|    policy_gradient_loss | -0.00746     |
|    std                  | 0.955        |
|    value_loss           | 1.68         |
------------------------------------------
------------------------------------------
| rollout/                |              |
|    ep_len_mean          | 94.3         |
|    ep_rew_mean          | 3.42         |
| time/                   |              |
|    fps                  | 91           |
|    iterations           | 109          |
|    time_elapsed         | 305          |
|    total_timesteps      | 27904        |
| train/                  |              |
|    approx_kl            | 0.0057336753 |
|    clip_fraction        | 0.052        |
|    clip_range           | 0.2          |
|    entropy_loss         | -2.75        |
|    explained_variance   | 0.0157       |
|    learning_rate        | 0.0003       |
|    loss                 | -0.0253      |
|    n_updates            | 1080         |
|    policy_gradient_loss | -0.00503     |
|    std                  | 0.955        |
|    value_loss           | 0.00551      |
------------------------------------------
-----------------------------------------
| rollout/                |             |
|    ep_len_mean          | 94.3        |
|    ep_rew_mean          | 3.43        |
| time/                   |             |
|    fps                  | 91          |
|    iterations           | 110         |
|    time_elapsed         | 307         |
|    total_timesteps      | 28160       |
| train/                  |             |
|    approx_kl            | 0.004467689 |
|    clip_fraction        | 0.0375      |
|    clip_range           | 0.2         |
|    entropy_loss         | -2.74       |
|    explained_variance   | 0.0321      |
|    learning_rate        | 0.0003      |
|    loss                 | -0.0191     |
|    n_updates            | 1090        |
|    policy_gradient_loss | -0.00295    |
|    std                  | 0.952       |
|    value_loss           | 0.00299     |
-----------------------------------------
-----------------------------------------
| rollout/                |             |
|    ep_len_mean          | 95.5        |
|    ep_rew_mean          | 3.22        |
| time/                   |             |
|    fps                  | 91          |
|    iterations           | 111         |
|    time_elapsed         | 310         |
|    total_timesteps      | 28416       |
| train/                  |             |
|    approx_kl            | 0.006342938 |
|    clip_fraction        | 0.0133      |
|    clip_range           | 0.2         |
|    entropy_loss         | -2.74       |
|    explained_variance   | 0.0517      |
|    learning_rate        | 0.0003      |
|    loss                 | 0.00366     |
|    n_updates            | 1100        |
|    policy_gradient_loss | -0.000263   |
|    std                  | 0.953       |
|    value_loss           | 0.00705     |
-----------------------------------------
----------------------------------------
| rollout/                |            |
|    ep_len_mean          | 96.7       |
|    ep_rew_mean          | 3.02       |
| time/                   |            |
|    fps                  | 91         |
|    iterations           | 112        |
|    time_elapsed         | 313        |
|    total_timesteps      | 28672      |
| train/                  |            |
|    approx_kl            | 0.00538766 |
|    clip_fraction        | 0.0629     |
|    clip_range           | 0.2        |
|    entropy_loss         | -2.74      |
|    explained_variance   | -0.089     |
|    learning_rate        | 0.0003     |
|    loss                 | -0.0528    |
|    n_updates            | 1110       |
|    policy_gradient_loss | -0.00774   |
|    std                  | 0.952      |
|    value_loss           | 0.00605    |
----------------------------------------
------------------------------------------
| rollout/                |              |
|    ep_len_mean          | 96.7         |
|    ep_rew_mean          | 3.02         |
| time/                   |              |
|    fps                  | 91           |
|    iterations           | 113          |
|    time_elapsed         | 316          |
|    total_timesteps      | 28928        |
| train/                  |              |
|    approx_kl            | 0.0039338367 |
|    clip_fraction        | 0.0582       |
|    clip_range           | 0.2          |
|    entropy_loss         | -2.74        |
|    explained_variance   | -0.000266    |
|    learning_rate        | 0.0003       |
|    loss                 | -0.0123      |
|    n_updates            | 1120         |
|    policy_gradient_loss | -0.00441     |
|    std                  | 0.95         |
|    value_loss           | 1.7          |
------------------------------------------
-----------------------------------------
| rollout/                |             |
|    ep_len_mean          | 96.7        |
|    ep_rew_mean          | 3.04        |
| time/                   |             |
|    fps                  | 91          |
|    iterations           | 114         |
|    time_elapsed         | 318         |
|    total_timesteps      | 29184       |
| train/                  |             |
|    approx_kl            | 0.008329076 |
|    clip_fraction        | 0.0605      |
|    clip_range           | 0.2         |
|    entropy_loss         | -2.74       |
|    explained_variance   | -0.00981    |
|    learning_rate        | 0.0003      |
|    loss                 | -0.0304     |
|    n_updates            | 1130        |
|    policy_gradient_loss | -0.0045     |
|    std                  | 0.95        |
|    value_loss           | 0.00176     |
-----------------------------------------
-----------------------------------------
| rollout/                |             |
|    ep_len_mean          | 96.7        |
|    ep_rew_mean          | 3.02        |
| time/                   |             |
|    fps                  | 91          |
|    iterations           | 115         |
|    time_elapsed         | 321         |
|    total_timesteps      | 29440       |
| train/                  |             |
|    approx_kl            | 0.005094389 |
|    clip_fraction        | 0.0914      |
|    clip_range           | 0.2         |
|    entropy_loss         | -2.74       |
|    explained_variance   | -0.0199     |
|    learning_rate        | 0.0003      |
|    loss                 | -0.0358     |
|    n_updates            | 1140        |
|    policy_gradient_loss | -0.00646    |
|    std                  | 0.95        |
|    value_loss           | 0.008       |
-----------------------------------------
------------------------------------------
| rollout/                |              |
|    ep_len_mean          | 96.7         |
|    ep_rew_mean          | 3.02         |
| time/                   |              |
|    fps                  | 91           |
|    iterations           | 116          |
|    time_elapsed         | 324          |
|    total_timesteps      | 29696        |
| train/                  |              |
|    approx_kl            | 0.0031623584 |
|    clip_fraction        | 0.025        |
|    clip_range           | 0.2          |
|    entropy_loss         | -2.73        |
|    explained_variance   | 0.0665       |
|    learning_rate        | 0.0003       |
|    loss                 | -0.04        |
|    n_updates            | 1150         |
|    policy_gradient_loss | -0.0015      |
|    std                  | 0.945        |
|    value_loss           | 0.00463      |
------------------------------------------
-----------------------------------------
| rollout/                |             |
|    ep_len_mean          | 96.7        |
|    ep_rew_mean          | 3           |
| time/                   |             |
|    fps                  | 91          |
|    iterations           | 117         |
|    time_elapsed         | 326         |
|    total_timesteps      | 29952       |
| train/                  |             |
|    approx_kl            | 0.003126961 |
|    clip_fraction        | 0.0211      |
|    clip_range           | 0.2         |
|    entropy_loss         | -2.72       |
|    explained_variance   | 0.0556      |
|    learning_rate        | 0.0003      |
|    loss                 | -0.0388     |
|    n_updates            | 1160        |
|    policy_gradient_loss | -0.00269    |
|    std                  | 0.939       |
|    value_loss           | 0.00725     |
-----------------------------------------
------------------------------------------
| rollout/                |              |
|    ep_len_mean          | 97.8         |
|    ep_rew_mean          | 2.79         |
| time/                   |              |
|    fps                  | 91           |
|    iterations           | 118          |
|    time_elapsed         | 329          |
|    total_timesteps      | 30208        |
| train/                  |              |
|    approx_kl            | 0.0036741884 |
|    clip_fraction        | 0.018        |
|    clip_range           | 0.2          |
|    entropy_loss         | -2.71        |
|    explained_variance   | 0.0664       |
|    learning_rate        | 0.0003       |
|    loss                 | -0.0317      |
|    n_updates            | 1170         |
|    policy_gradient_loss | -0.00268     |
|    std                  | 0.941        |
|    value_loss           | 0.00692      |
------------------------------------------
------------------------------------------
| rollout/                |              |
|    ep_len_mean          | 99           |
|    ep_rew_mean          | 2.58         |
| time/                   |              |
|    fps                  | 91           |
|    iterations           | 119          |
|    time_elapsed         | 333          |
|    total_timesteps      | 30464        |
| train/                  |              |
|    approx_kl            | 0.0039718887 |
|    clip_fraction        | 0.0531       |
|    clip_range           | 0.2          |
|    entropy_loss         | -2.72        |
|    explained_variance   | 0.124        |
|    learning_rate        | 0.0003       |
|    loss                 | -0.0294      |
|    n_updates            | 1180         |
|    policy_gradient_loss | -0.00569     |
|    std                  | 0.943        |
|    value_loss           | 0.00279      |
------------------------------------------
----------------------------------------
| rollout/                |            |
|    ep_len_mean          | 100        |
|    ep_rew_mean          | 2.37       |
| time/                   |            |
|    fps                  | 91         |
|    iterations           | 120        |
|    time_elapsed         | 336        |
|    total_timesteps      | 30720      |
| train/                  |            |
|    approx_kl            | 0.00952114 |
|    clip_fraction        | 0.0723     |
|    clip_range           | 0.2        |
|    entropy_loss         | -2.72      |
|    explained_variance   | 0.115      |
|    learning_rate        | 0.0003     |
|    loss                 | -0.00769   |
|    n_updates            | 1190       |
|    policy_gradient_loss | -0.00267   |
|    std                  | 0.945      |
|    value_loss           | 0.00763    |
----------------------------------------
-----------------------------------------
| rollout/                |             |
|    ep_len_mean          | 99          |
|    ep_rew_mean          | 2.59        |
| time/                   |             |
|    fps                  | 91          |
|    iterations           | 121         |
|    time_elapsed         | 339         |
|    total_timesteps      | 30976       |
| train/                  |             |
|    approx_kl            | 0.009680614 |
|    clip_fraction        | 0.0691      |
|    clip_range           | 0.2         |
|    entropy_loss         | -2.73       |
|    explained_variance   | 0.000582    |
|    learning_rate        | 0.0003      |
|    loss                 | -0.0326     |
|    n_updates            | 1200        |
|    policy_gradient_loss | -0.00486    |
|    std                  | 0.947       |
|    value_loss           | 1.72        |
-----------------------------------------
-------------------------------------------
| rollout/                |               |
|    ep_len_mean          | 99            |
|    ep_rew_mean          | 2.59          |
| time/                   |               |
|    fps                  | 90            |
|    iterations           | 122           |
|    time_elapsed         | 344           |
|    total_timesteps      | 31232         |
| train/                  |               |
|    approx_kl            | 0.00043946365 |
|    clip_fraction        | 0             |
|    clip_range           | 0.2           |
|    entropy_loss         | -2.73         |
|    explained_variance   | 0.000503      |
|    learning_rate        | 0.0003        |
|    loss                 | -0.0246       |
|    n_updates            | 1210          |
|    policy_gradient_loss | 0.000191      |
|    std                  | 0.945         |
|    value_loss           | 1.72          |
-------------------------------------------
------------------------------------------
| rollout/                |              |
|    ep_len_mean          | 99           |
|    ep_rew_mean          | 2.58         |
| time/                   |              |
|    fps                  | 90           |
|    iterations           | 123          |
|    time_elapsed         | 347          |
|    total_timesteps      | 31488        |
| train/                  |              |
|    approx_kl            | 0.0060084127 |
|    clip_fraction        | 0.0391       |
|    clip_range           | 0.2          |
|    entropy_loss         | -2.73        |
|    explained_variance   | -0.0013      |
|    learning_rate        | 0.0003       |
|    loss                 | 3.42         |
|    n_updates            | 1220         |
|    policy_gradient_loss | -0.00188     |
|    std                  | 0.945        |
|    value_loss           | 1.72         |
------------------------------------------
------------------------------------------
| rollout/                |              |
|    ep_len_mean          | 99           |
|    ep_rew_mean          | 2.59         |
| time/                   |              |
|    fps                  | 90           |
|    iterations           | 124          |
|    time_elapsed         | 350          |
|    total_timesteps      | 31744        |
| train/                  |              |
|    approx_kl            | 0.0073424242 |
|    clip_fraction        | 0.0598       |
|    clip_range           | 0.2          |
|    entropy_loss         | -2.72        |
|    explained_variance   | 0.0517       |
|    learning_rate        | 0.0003       |
|    loss                 | -0.0247      |
|    n_updates            | 1230         |
|    policy_gradient_loss | -0.00519     |
|    std                  | 0.943        |
|    value_loss           | 0.00456      |
------------------------------------------
-----------------------------------------
| rollout/                |             |
|    ep_len_mean          | 99          |
|    ep_rew_mean          | 2.59        |
| time/                   |             |
|    fps                  | 90          |
|    iterations           | 125         |
|    time_elapsed         | 352         |
|    total_timesteps      | 32000       |
| train/                  |             |
|    approx_kl            | 0.003401276 |
|    clip_fraction        | 0.0129      |
|    clip_range           | 0.2         |
|    entropy_loss         | -2.72       |
|    explained_variance   | -0.000814   |
|    learning_rate        | 0.0003      |
|    loss                 | -0.0267     |
|    n_updates            | 1240        |
|    policy_gradient_loss | -0.000258   |
|    std                  | 0.944       |
|    value_loss           | 1.73        |
-----------------------------------------
------------------------------------------
| rollout/                |              |
|    ep_len_mean          | 99           |
|    ep_rew_mean          | 2.58         |
| time/                   |              |
|    fps                  | 90           |
|    iterations           | 126          |
|    time_elapsed         | 355          |
|    total_timesteps      | 32256        |
| train/                  |              |
|    approx_kl            | 0.0050728396 |
|    clip_fraction        | 0.0391       |
|    clip_range           | 0.2          |
|    entropy_loss         | -2.72        |
|    explained_variance   | 0.0868       |
|    learning_rate        | 0.0003       |
|    loss                 | -0.019       |
|    n_updates            | 1250         |
|    policy_gradient_loss | -0.00356     |
|    std                  | 0.944        |
|    value_loss           | 0.00578      |
------------------------------------------
------------------------------------------
| rollout/                |              |
|    ep_len_mean          | 99           |
|    ep_rew_mean          | 2.59         |
| time/                   |              |
|    fps                  | 90           |
|    iterations           | 127          |
|    time_elapsed         | 358          |
|    total_timesteps      | 32512        |
| train/                  |              |
|    approx_kl            | 0.0051871585 |
|    clip_fraction        | 0.082        |
|    clip_range           | 0.2          |
|    entropy_loss         | -2.72        |
|    explained_variance   | -9.63e-05    |
|    learning_rate        | 0.0003       |
|    loss                 | -0.0493      |
|    n_updates            | 1260         |
|    policy_gradient_loss | -0.0109      |
|    std                  | 0.943        |
|    value_loss           | 1.72         |
------------------------------------------
------------------------------------------
| rollout/                |              |
|    ep_len_mean          | 98.6         |
|    ep_rew_mean          | 2.59         |
| time/                   |              |
|    fps                  | 90           |
|    iterations           | 128          |
|    time_elapsed         | 361          |
|    total_timesteps      | 32768        |
| train/                  |              |
|    approx_kl            | 0.0056378264 |
|    clip_fraction        | 0.0441       |
|    clip_range           | 0.2          |
|    entropy_loss         | -2.71        |
|    explained_variance   | -0.0193      |
|    learning_rate        | 0.0003       |
|    loss                 | -0.0324      |
|    n_updates            | 1270         |
|    policy_gradient_loss | -0.0044      |
|    std                  | 0.938        |
|    value_loss           | 0.00536      |
------------------------------------------
-----------------------------------------
| rollout/                |             |
|    ep_len_mean          | 99.8        |
|    ep_rew_mean          | 2.37        |
| time/                   |             |
|    fps                  | 90          |
|    iterations           | 129         |
|    time_elapsed         | 363         |
|    total_timesteps      | 33024       |
| train/                  |             |
|    approx_kl            | 0.004027527 |
|    clip_fraction        | 0.0711      |
|    clip_range           | 0.2         |
|    entropy_loss         | -2.71       |
|    explained_variance   | 0.000477    |
|    learning_rate        | 0.0003      |
|    loss                 | -0.0412     |
|    n_updates            | 1280        |
|    policy_gradient_loss | -0.00445    |
|    std                  | 0.937       |
|    value_loss           | 1.73        |
-----------------------------------------
------------------------------------------
| rollout/                |              |
|    ep_len_mean          | 99.8         |
|    ep_rew_mean          | 2.37         |
| time/                   |              |
|    fps                  | 90           |
|    iterations           | 130          |
|    time_elapsed         | 366          |
|    total_timesteps      | 33280        |
| train/                  |              |
|    approx_kl            | 0.0048657553 |
|    clip_fraction        | 0.0254       |
|    clip_range           | 0.2          |
|    entropy_loss         | -2.71        |
|    explained_variance   | 0.00198      |
|    learning_rate        | 0.0003       |
|    loss                 | -0.041       |
|    n_updates            | 1290         |
|    policy_gradient_loss | -0.00193     |
|    std                  | 0.937        |
|    value_loss           | 0.00445      |
------------------------------------------
------------------------------------------
| rollout/                |              |
|    ep_len_mean          | 98.6         |
|    ep_rew_mean          | 2.58         |
| time/                   |              |
|    fps                  | 90           |
|    iterations           | 131          |
|    time_elapsed         | 369          |
|    total_timesteps      | 33536        |
| train/                  |              |
|    approx_kl            | 0.0039012956 |
|    clip_fraction        | 0.0625       |
|    clip_range           | 0.2          |
|    entropy_loss         | -2.71        |
|    explained_variance   | -0.00263     |
|    learning_rate        | 0.0003       |
|    loss                 | -0.0381      |
|    n_updates            | 1300         |
|    policy_gradient_loss | -0.00638     |
|    std                  | 0.935        |
|    value_loss           | 0.00402      |
------------------------------------------
----------------------------------------
| rollout/                |            |
|    ep_len_mean          | 99.8       |
|    ep_rew_mean          | 2.37       |
| time/                   |            |
|    fps                  | 90         |
|    iterations           | 132        |
|    time_elapsed         | 372        |
|    total_timesteps      | 33792      |
| train/                  |            |
|    approx_kl            | 0.01652722 |
|    clip_fraction        | 0.129      |
|    clip_range           | 0.2        |
|    entropy_loss         | -2.7       |
|    explained_variance   | 0.00037    |
|    learning_rate        | 0.0003     |
|    loss                 | 3.34       |
|    n_updates            | 1310       |
|    policy_gradient_loss | -0.0067    |
|    std                  | 0.931      |
|    value_loss           | 5.11       |
----------------------------------------
------------------------------------------
| rollout/                |              |
|    ep_len_mean          | 99.8         |
|    ep_rew_mean          | 2.36         |
| time/                   |              |
|    fps                  | 90           |
|    iterations           | 133          |
|    time_elapsed         | 375          |
|    total_timesteps      | 34048        |
| train/                  |              |
|    approx_kl            | 0.0022480274 |
|    clip_fraction        | 0.023        |
|    clip_range           | 0.2          |
|    entropy_loss         | -2.7         |
|    explained_variance   | 0.109        |
|    learning_rate        | 0.0003       |
|    loss                 | -0.034       |
|    n_updates            | 1320         |
|    policy_gradient_loss | -0.00311     |
|    std                  | 0.934        |
|    value_loss           | 0.0043       |
------------------------------------------
-----------------------------------------
| rollout/                |             |
|    ep_len_mean          | 99.8        |
|    ep_rew_mean          | 2.36        |
| time/                   |             |
|    fps                  | 90          |
|    iterations           | 134         |
|    time_elapsed         | 378         |
|    total_timesteps      | 34304       |
| train/                  |             |
|    approx_kl            | 0.003943165 |
|    clip_fraction        | 0.052       |
|    clip_range           | 0.2         |
|    entropy_loss         | -2.7        |
|    explained_variance   | 0.000574    |
|    learning_rate        | 0.0003      |
|    loss                 | -0.0126     |
|    n_updates            | 1330        |
|    policy_gradient_loss | -0.00136    |
|    std                  | 0.935       |
|    value_loss           | 1.69        |
-----------------------------------------
------------------------------------------
| rollout/                |              |
|    ep_len_mean          | 99.8         |
|    ep_rew_mean          | 2.36         |
| time/                   |              |
|    fps                  | 90           |
|    iterations           | 135          |
|    time_elapsed         | 380          |
|    total_timesteps      | 34560        |
| train/                  |              |
|    approx_kl            | 0.0033333588 |
|    clip_fraction        | 0.0379       |
|    clip_range           | 0.2          |
|    entropy_loss         | -2.7         |
|    explained_variance   | 0.0715       |
|    learning_rate        | 0.0003       |
|    loss                 | -0.0374      |
|    n_updates            | 1340         |
|    policy_gradient_loss | -0.00263     |
|    std                  | 0.937        |
|    value_loss           | 0.00633      |
------------------------------------------
------------------------------------------
| rollout/                |              |
|    ep_len_mean          | 99.8         |
|    ep_rew_mean          | 2.36         |
| time/                   |              |
|    fps                  | 90           |
|    iterations           | 136          |
|    time_elapsed         | 383          |
|    total_timesteps      | 34816        |
| train/                  |              |
|    approx_kl            | 0.0053705047 |
|    clip_fraction        | 0.113        |
|    clip_range           | 0.2          |
|    entropy_loss         | -2.71        |
|    explained_variance   | -0.0477      |
|    learning_rate        | 0.0003       |
|    loss                 | -0.00794     |
|    n_updates            | 1350         |
|    policy_gradient_loss | -0.00513     |
|    std                  | 0.941        |
|    value_loss           | 0.00545      |
------------------------------------------
------------------------------------------
| rollout/                |              |
|    ep_len_mean          | 98.6         |
|    ep_rew_mean          | 2.58         |
| time/                   |              |
|    fps                  | 90           |
|    iterations           | 137          |
|    time_elapsed         | 386          |
|    total_timesteps      | 35072        |
| train/                  |              |
|    approx_kl            | 0.0047854916 |
|    clip_fraction        | 0.0691       |
|    clip_range           | 0.2          |
|    entropy_loss         | -2.72        |
|    explained_variance   | 0.0593       |
|    learning_rate        | 0.0003       |
|    loss                 | -0.0259      |
|    n_updates            | 1360         |
|    policy_gradient_loss | -0.00745     |
|    std                  | 0.941        |
|    value_loss           | 0.0044       |
------------------------------------------
-----------------------------------------
| rollout/                |             |
|    ep_len_mean          | 101         |
|    ep_rew_mean          | 2.15        |
| time/                   |             |
|    fps                  | 90          |
|    iterations           | 138         |
|    time_elapsed         | 389         |
|    total_timesteps      | 35328       |
| train/                  |             |
|    approx_kl            | 0.012389083 |
|    clip_fraction        | 0.132       |
|    clip_range           | 0.2         |
|    entropy_loss         | -2.71       |
|    explained_variance   | -0.000619   |
|    learning_rate        | 0.0003      |
|    loss                 | -0.0509     |
|    n_updates            | 1370        |
|    policy_gradient_loss | -0.0105     |
|    std                  | 0.938       |
|    value_loss           | 1.7         |
-----------------------------------------
------------------------------------------
| rollout/                |              |
|    ep_len_mean          | 101          |
|    ep_rew_mean          | 2.16         |
| time/                   |              |
|    fps                  | 90           |
|    iterations           | 139          |
|    time_elapsed         | 391          |
|    total_timesteps      | 35584        |
| train/                  |              |
|    approx_kl            | 0.0043847165 |
|    clip_fraction        | 0.0391       |
|    clip_range           | 0.2          |
|    entropy_loss         | -2.7         |
|    explained_variance   | 0.0247       |
|    learning_rate        | 0.0003       |
|    loss                 | -0.0368      |
|    n_updates            | 1380         |
|    policy_gradient_loss | -0.00489     |
|    std                  | 0.934        |
|    value_loss           | 0.00427      |
------------------------------------------
------------------------------------------
| rollout/                |              |
|    ep_len_mean          | 102          |
|    ep_rew_mean          | 1.95         |
| time/                   |              |
|    fps                  | 90           |
|    iterations           | 140          |
|    time_elapsed         | 394          |
|    total_timesteps      | 35840        |
| train/                  |              |
|    approx_kl            | 0.0055195885 |
|    clip_fraction        | 0.0312       |
|    clip_range           | 0.2          |
|    entropy_loss         | -2.7         |
|    explained_variance   | 0.0087       |
|    learning_rate        | 0.0003       |
|    loss                 | -0.0411      |
|    n_updates            | 1390         |
|    policy_gradient_loss | -0.00101     |
|    std                  | 0.935        |
|    value_loss           | 0.00385      |
------------------------------------------
------------------------------------------
| rollout/                |              |
|    ep_len_mean          | 101          |
|    ep_rew_mean          | 2.16         |
| time/                   |              |
|    fps                  | 90           |
|    iterations           | 141          |
|    time_elapsed         | 397          |
|    total_timesteps      | 36096        |
| train/                  |              |
|    approx_kl            | 0.0040186723 |
|    clip_fraction        | 0.0453       |
|    clip_range           | 0.2          |
|    entropy_loss         | -2.71        |
|    explained_variance   | -0.00819     |
|    learning_rate        | 0.0003       |
|    loss                 | -0.0431      |
|    n_updates            | 1400         |
|    policy_gradient_loss | -0.00359     |
|    std                  | 0.939        |
|    value_loss           | 0.00405      |
------------------------------------------
------------------------------------------
| rollout/                |              |
|    ep_len_mean          | 101          |
|    ep_rew_mean          | 2.15         |
| time/                   |              |
|    fps                  | 90           |
|    iterations           | 142          |
|    time_elapsed         | 399          |
|    total_timesteps      | 36352        |
| train/                  |              |
|    approx_kl            | 0.0037397754 |
|    clip_fraction        | 0.0563       |
|    clip_range           | 0.2          |
|    entropy_loss         | -2.71        |
|    explained_variance   | 0.000472     |
|    learning_rate        | 0.0003       |
|    loss                 | -0.00935     |
|    n_updates            | 1410         |
|    policy_gradient_loss | -0.00491     |
|    std                  | 0.94         |
|    value_loss           | 3.41         |
------------------------------------------
-------------------------------------------
| rollout/                |               |
|    ep_len_mean          | 97.4          |
|    ep_rew_mean          | 2.79          |
| time/                   |               |
|    fps                  | 90            |
|    iterations           | 143           |
|    time_elapsed         | 403           |
|    total_timesteps      | 36608         |
| train/                  |               |
|    approx_kl            | 0.00072120456 |
|    clip_fraction        | 0             |
|    clip_range           | 0.2           |
|    entropy_loss         | -2.72         |
|    explained_variance   | -0.0235       |
|    learning_rate        | 0.0003        |
|    loss                 | -0.0225       |
|    n_updates            | 1420          |
|    policy_gradient_loss | -0.000309     |
|    std                  | 0.945         |
|    value_loss           | 0.00538       |
-------------------------------------------
-----------------------------------------
| rollout/                |             |
|    ep_len_mean          | 98.6        |
|    ep_rew_mean          | 2.58        |
| time/                   |             |
|    fps                  | 90          |
|    iterations           | 144         |
|    time_elapsed         | 405         |
|    total_timesteps      | 36864       |
| train/                  |             |
|    approx_kl            | 0.031166859 |
|    clip_fraction        | 0.199       |
|    clip_range           | 0.2         |
|    entropy_loss         | -2.73       |
|    explained_variance   | 1.88e-05    |
|    learning_rate        | 0.0003      |
|    loss                 | 3.29        |
|    n_updates            | 1430        |
|    policy_gradient_loss | -0.0114     |
|    std                  | 0.947       |
|    value_loss           | 5.04        |
-----------------------------------------
------------------------------------------
| rollout/                |              |
|    ep_len_mean          | 98.6         |
|    ep_rew_mean          | 2.57         |
| time/                   |              |
|    fps                  | 90           |
|    iterations           | 145          |
|    time_elapsed         | 409          |
|    total_timesteps      | 37120        |
| train/                  |              |
|    approx_kl            | 0.0040824134 |
|    clip_fraction        | 0.0738       |
|    clip_range           | 0.2          |
|    entropy_loss         | -2.73        |
|    explained_variance   | 0.0226       |
|    learning_rate        | 0.0003       |
|    loss                 | -0.0315      |
|    n_updates            | 1440         |
|    policy_gradient_loss | -0.00552     |
|    std                  | 0.943        |
|    value_loss           | 0.00565      |
------------------------------------------
-----------------------------------------
| rollout/                |             |
|    ep_len_mean          | 98.6        |
|    ep_rew_mean          | 2.58        |
| time/                   |             |
|    fps                  | 90          |
|    iterations           | 146         |
|    time_elapsed         | 411         |
|    total_timesteps      | 37376       |
| train/                  |             |
|    approx_kl            | 0.005208436 |
|    clip_fraction        | 0.0273      |
|    clip_range           | 0.2         |
|    entropy_loss         | -2.72       |
|    explained_variance   | 0.000465    |
|    learning_rate        | 0.0003      |
|    loss                 | 3.32        |
|    n_updates            | 1450        |
|    policy_gradient_loss | -0.000958   |
|    std                  | 0.942       |
|    value_loss           | 1.67        |
-----------------------------------------
------------------------------------------
| rollout/                |              |
|    ep_len_mean          | 98.6         |
|    ep_rew_mean          | 2.58         |
| time/                   |              |
|    fps                  | 90           |
|    iterations           | 147          |
|    time_elapsed         | 414          |
|    total_timesteps      | 37632        |
| train/                  |              |
|    approx_kl            | 0.0022671623 |
|    clip_fraction        | 0.027        |
|    clip_range           | 0.2          |
|    entropy_loss         | -2.72        |
|    explained_variance   | 0.00954      |
|    learning_rate        | 0.0003       |
|    loss                 | -0.0314      |
|    n_updates            | 1460         |
|    policy_gradient_loss | -0.003       |
|    std                  | 0.947        |
|    value_loss           | 0.00505      |
------------------------------------------
------------------------------------------
| rollout/                |              |
|    ep_len_mean          | 96.2         |
|    ep_rew_mean          | 3            |
| time/                   |              |
|    fps                  | 90           |
|    iterations           | 148          |
|    time_elapsed         | 417          |
|    total_timesteps      | 37888        |
| train/                  |              |
|    approx_kl            | 0.0070514083 |
|    clip_fraction        | 0.0855       |
|    clip_range           | 0.2          |
|    entropy_loss         | -2.73        |
|    explained_variance   | -0.0109      |
|    learning_rate        | 0.0003       |
|    loss                 | -0.0449      |
|    n_updates            | 1470         |
|    policy_gradient_loss | -0.0101      |
|    std                  | 0.943        |
|    value_loss           | 0.00449      |
------------------------------------------
-----------------------------------------
| rollout/                |             |
|    ep_len_mean          | 96.2        |
|    ep_rew_mean          | 3           |
| time/                   |             |
|    fps                  | 90          |
|    iterations           | 149         |
|    time_elapsed         | 419         |
|    total_timesteps      | 38144       |
| train/                  |             |
|    approx_kl            | 0.005222616 |
|    clip_fraction        | 0.0121      |
|    clip_range           | 0.2         |
|    entropy_loss         | -2.72       |
|    explained_variance   | 2.76e-05    |
|    learning_rate        | 0.0003      |
|    loss                 | -0.00949    |
|    n_updates            | 1480        |
|    policy_gradient_loss | -0.00179    |
|    std                  | 0.941       |
|    value_loss           | 3.35        |
-----------------------------------------
-----------------------------------------
| rollout/                |             |
|    ep_len_mean          | 97.4        |
|    ep_rew_mean          | 2.79        |
| time/                   |             |
|    fps                  | 90          |
|    iterations           | 150         |
|    time_elapsed         | 422         |
|    total_timesteps      | 38400       |
| train/                  |             |
|    approx_kl            | 0.004023634 |
|    clip_fraction        | 0.0441      |
|    clip_range           | 0.2         |
|    entropy_loss         | -2.72       |
|    explained_variance   | 0.00647     |
|    learning_rate        | 0.0003      |
|    loss                 | -0.0304     |
|    n_updates            | 1490        |
|    policy_gradient_loss | -0.00412    |
|    std                  | 0.941       |
|    value_loss           | 0.00607     |
-----------------------------------------
-----------------------------------------
| rollout/                |             |
|    ep_len_mean          | 97.4        |
|    ep_rew_mean          | 2.78        |
| time/                   |             |
|    fps                  | 90          |
|    iterations           | 151         |
|    time_elapsed         | 425         |
|    total_timesteps      | 38656       |
| train/                  |             |
|    approx_kl            | 0.008718959 |
|    clip_fraction        | 0.102       |
|    clip_range           | 0.2         |
|    entropy_loss         | -2.72       |
|    explained_variance   | 0.0376      |
|    learning_rate        | 0.0003      |
|    loss                 | -0.0151     |
|    n_updates            | 1500        |
|    policy_gradient_loss | -0.00982    |
|    std                  | 0.944       |
|    value_loss           | 0.005       |
-----------------------------------------
------------------------------------------
| rollout/                |              |
|    ep_len_mean          | 97.4         |
|    ep_rew_mean          | 2.78         |
| time/                   |              |
|    fps                  | 90           |
|    iterations           | 152          |
|    time_elapsed         | 427          |
|    total_timesteps      | 38912        |
| train/                  |              |
|    approx_kl            | 0.0059639895 |
|    clip_fraction        | 0.0367       |
|    clip_range           | 0.2          |
|    entropy_loss         | -2.72        |
|    explained_variance   | -0.00158     |
|    learning_rate        | 0.0003       |
|    loss                 | -0.032       |
|    n_updates            | 1510         |
|    policy_gradient_loss | -0.00365     |
|    std                  | 0.941        |
|    value_loss           | 0.00494      |
------------------------------------------
------------------------------------------
| rollout/                |              |
|    ep_len_mean          | 96.2         |
|    ep_rew_mean          | 3.01         |
| time/                   |              |
|    fps                  | 90           |
|    iterations           | 153          |
|    time_elapsed         | 430          |
|    total_timesteps      | 39168        |
| train/                  |              |
|    approx_kl            | 0.0030996192 |
|    clip_fraction        | 0.0273       |
|    clip_range           | 0.2          |
|    entropy_loss         | -2.71        |
|    explained_variance   | 0.0234       |
|    learning_rate        | 0.0003       |
|    loss                 | -0.0359      |
|    n_updates            | 1520         |
|    policy_gradient_loss | -0.00278     |
|    std                  | 0.935        |
|    value_loss           | 0.00498      |
------------------------------------------
-----------------------------------------
| rollout/                |             |
|    ep_len_mean          | 95.2        |
|    ep_rew_mean          | 3.23        |
| time/                   |             |
|    fps                  | 90          |
|    iterations           | 154         |
|    time_elapsed         | 435         |
|    total_timesteps      | 39424       |
| train/                  |             |
|    approx_kl            | 0.009068849 |
|    clip_fraction        | 0.073       |
|    clip_range           | 0.2         |
|    entropy_loss         | -2.7        |
|    explained_variance   | 8.98e-05    |
|    learning_rate        | 0.0003      |
|    loss                 | 3.37        |
|    n_updates            | 1530        |
|    policy_gradient_loss | -0.00503    |
|    std                  | 0.936       |
|    value_loss           | 1.69        |
-----------------------------------------
-----------------------------------------
| rollout/                |             |
|    ep_len_mean          | 95.2        |
|    ep_rew_mean          | 3.24        |
| time/                   |             |
|    fps                  | 90          |
|    iterations           | 155         |
|    time_elapsed         | 438         |
|    total_timesteps      | 39680       |
| train/                  |             |
|    approx_kl            | 0.008269709 |
|    clip_fraction        | 0.0371      |
|    clip_range           | 0.2         |
|    entropy_loss         | -2.71       |
|    explained_variance   | -0.000472   |
|    learning_rate        | 0.0003      |
|    loss                 | 9           |
|    n_updates            | 1540        |
|    policy_gradient_loss | -0.00531    |
|    std                  | 0.936       |
|    value_loss           | 11.8        |
-----------------------------------------
-----------------------------------------
| rollout/                |             |
|    ep_len_mean          | 95.2        |
|    ep_rew_mean          | 3.24        |
| time/                   |             |
|    fps                  | 90          |
|    iterations           | 156         |
|    time_elapsed         | 442         |
|    total_timesteps      | 39936       |
| train/                  |             |
|    approx_kl            | 0.005588659 |
|    clip_fraction        | 0.0488      |
|    clip_range           | 0.2         |
|    entropy_loss         | -2.71       |
|    explained_variance   | 0.00339     |
|    learning_rate        | 0.0003      |
|    loss                 | -0.0595     |
|    n_updates            | 1550        |
|    policy_gradient_loss | -0.00431    |
|    std                  | 0.94        |
|    value_loss           | 0.00853     |
-----------------------------------------
------------------------------------------
| rollout/                |              |
|    ep_len_mean          | 96.4         |
|    ep_rew_mean          | 3.02         |
| time/                   |              |
|    fps                  | 90           |
|    iterations           | 157          |
|    time_elapsed         | 445          |
|    total_timesteps      | 40192        |
| train/                  |              |
|    approx_kl            | 0.0048875446 |
|    clip_fraction        | 0.025        |
|    clip_range           | 0.2          |
|    entropy_loss         | -2.72        |
|    explained_variance   | 0.014        |
|    learning_rate        | 0.0003       |
|    loss                 | -0.0105      |
|    n_updates            | 1560         |
|    policy_gradient_loss | -0.00223     |
|    std                  | 0.942        |
|    value_loss           | 0.00957      |
------------------------------------------
------------------------------------------
| rollout/                |              |
|    ep_len_mean          | 96.4         |
|    ep_rew_mean          | 3.02         |
| time/                   |              |
|    fps                  | 90           |
|    iterations           | 158          |
|    time_elapsed         | 448          |
|    total_timesteps      | 40448        |
| train/                  |              |
|    approx_kl            | 0.0046193292 |
|    clip_fraction        | 0.0738       |
|    clip_range           | 0.2          |
|    entropy_loss         | -2.72        |
|    explained_variance   | -0.0134      |
|    learning_rate        | 0.0003       |
|    loss                 | -0.0386      |
|    n_updates            | 1570         |
|    policy_gradient_loss | -0.00338     |
|    std                  | 0.94         |
|    value_loss           | 0.00697      |
------------------------------------------
----------------------------------------
| rollout/                |            |
|    ep_len_mean          | 96.4       |
|    ep_rew_mean          | 3.02       |
| time/                   |            |
|    fps                  | 90         |
|    iterations           | 159        |
|    time_elapsed         | 450        |
|    total_timesteps      | 40704      |
| train/                  |            |
|    approx_kl            | 0.00848262 |
|    clip_fraction        | 0.12       |
|    clip_range           | 0.2        |
|    entropy_loss         | -2.71      |
|    explained_variance   | -0.000159  |
|    learning_rate        | 0.0003     |
|    loss                 | -0.0525    |
|    n_updates            | 1580       |
|    policy_gradient_loss | -0.00845   |
|    std                  | 0.941      |
|    value_loss           | 1.64       |
----------------------------------------
-----------------------------------------
| rollout/                |             |
|    ep_len_mean          | 95.2        |
|    ep_rew_mean          | 3.24        |
| time/                   |             |
|    fps                  | 90          |
|    iterations           | 160         |
|    time_elapsed         | 453         |
|    total_timesteps      | 40960       |
| train/                  |             |
|    approx_kl            | 0.010472311 |
|    clip_fraction        | 0.0941      |
|    clip_range           | 0.2         |
|    entropy_loss         | -2.71       |
|    explained_variance   | 0.00585     |
|    learning_rate        | 0.0003      |
|    loss                 | -0.0282     |
|    n_updates            | 1590        |
|    policy_gradient_loss | -0.00592    |
|    std                  | 0.937       |
|    value_loss           | 0.0068      |
-----------------------------------------
----------------------------------------
| rollout/                |            |
|    ep_len_mean          | 95.2       |
|    ep_rew_mean          | 3.25       |
| time/                   |            |
|    fps                  | 90         |
|    iterations           | 161        |
|    time_elapsed         | 456        |
|    total_timesteps      | 41216      |
| train/                  |            |
|    approx_kl            | 0.01913626 |
|    clip_fraction        | 0.18       |
|    clip_range           | 0.2        |
|    entropy_loss         | -2.7       |
|    explained_variance   | -0.000331  |
|    learning_rate        | 0.0003     |
|    loss                 | 0.00721    |
|    n_updates            | 1600       |
|    policy_gradient_loss | -0.00845   |
|    std                  | 0.935      |
|    value_loss           | 3.29       |
----------------------------------------
------------------------------------------
| rollout/                |              |
|    ep_len_mean          | 96.4         |
|    ep_rew_mean          | 3.03         |
| time/                   |              |
|    fps                  | 90           |
|    iterations           | 162          |
|    time_elapsed         | 459          |
|    total_timesteps      | 41472        |
| train/                  |              |
|    approx_kl            | 0.0039843153 |
|    clip_fraction        | 0.0445       |
|    clip_range           | 0.2          |
|    entropy_loss         | -2.7         |
|    explained_variance   | -0.00115     |
|    learning_rate        | 0.0003       |
|    loss                 | -0.0359      |
|    n_updates            | 1610         |
|    policy_gradient_loss | -0.00522     |
|    std                  | 0.927        |
|    value_loss           | 0.00701      |
------------------------------------------
------------------------------------------
| rollout/                |              |
|    ep_len_mean          | 95.2         |
|    ep_rew_mean          | 3.25         |
| time/                   |              |
|    fps                  | 90           |
|    iterations           | 163          |
|    time_elapsed         | 462          |
|    total_timesteps      | 41728        |
| train/                  |              |
|    approx_kl            | 0.0027890687 |
|    clip_fraction        | 0.0156       |
|    clip_range           | 0.2          |
|    entropy_loss         | -2.68        |
|    explained_variance   | -0.000326    |
|    learning_rate        | 0.0003       |
|    loss                 | -0.036       |
|    n_updates            | 1620         |
|    policy_gradient_loss | -0.00145     |
|    std                  | 0.928        |
|    value_loss           | 0.00683      |
------------------------------------------
-----------------------------------------
| rollout/                |             |
|    ep_len_mean          | 96.4        |
|    ep_rew_mean          | 3.04        |
| time/                   |             |
|    fps                  | 90          |
|    iterations           | 164         |
|    time_elapsed         | 464         |
|    total_timesteps      | 41984       |
| train/                  |             |
|    approx_kl            | 0.010850497 |
|    clip_fraction        | 0.172       |
|    clip_range           | 0.2         |
|    entropy_loss         | -2.69       |
|    explained_variance   | 0.000223    |
|    learning_rate        | 0.0003      |
|    loss                 | 3.23        |
|    n_updates            | 1630        |
|    policy_gradient_loss | -0.0175     |
|    std                  | 0.926       |
|    value_loss           | 1.65        |
-----------------------------------------
-----------------------------------------
| rollout/                |             |
|    ep_len_mean          | 95.5        |
|    ep_rew_mean          | 3.25        |
| time/                   |             |
|    fps                  | 90          |
|    iterations           | 165         |
|    time_elapsed         | 467         |
|    total_timesteps      | 42240       |
| train/                  |             |
|    approx_kl            | 0.001037491 |
|    clip_fraction        | 0           |
|    clip_range           | 0.2         |
|    entropy_loss         | -2.68       |
|    explained_variance   | -0.0116     |
|    learning_rate        | 0.0003      |
|    loss                 | -0.027      |
|    n_updates            | 1640        |
|    policy_gradient_loss | -0.000871   |
|    std                  | 0.926       |
|    value_loss           | 0.00611     |
-----------------------------------------
------------------------------------------
| rollout/                |              |
|    ep_len_mean          | 94.3         |
|    ep_rew_mean          | 3.47         |
| time/                   |              |
|    fps                  | 90           |
|    iterations           | 166          |
|    time_elapsed         | 470          |
|    total_timesteps      | 42496        |
| train/                  |              |
|    approx_kl            | 0.0004930231 |
|    clip_fraction        | 0            |
|    clip_range           | 0.2          |
|    entropy_loss         | -2.68        |
|    explained_variance   | -0.000159    |
|    learning_rate        | 0.0003       |
|    loss                 | 5.6          |
|    n_updates            | 1650         |
|    policy_gradient_loss | 2.64e-05     |
|    std                  | 0.926        |
|    value_loss           | 14.8         |
------------------------------------------
-----------------------------------------
| rollout/                |             |
|    ep_len_mean          | 94.3        |
|    ep_rew_mean          | 3.47        |
| time/                   |             |
|    fps                  | 90          |
|    iterations           | 167         |
|    time_elapsed         | 473         |
|    total_timesteps      | 42752       |
| train/                  |             |
|    approx_kl            | 0.006360241 |
|    clip_fraction        | 0.0469      |
|    clip_range           | 0.2         |
|    entropy_loss         | -2.68       |
|    explained_variance   | -0.000554   |
|    learning_rate        | 0.0003      |
|    loss                 | -0.0249     |
|    n_updates            | 1660        |
|    policy_gradient_loss | -0.00441    |
|    std                  | 0.928       |
|    value_loss           | 1.5         |
-----------------------------------------
------------------------------------------
| rollout/                |              |
|    ep_len_mean          | 95.5         |
|    ep_rew_mean          | 3.46         |
| time/                   |              |
|    fps                  | 90           |
|    iterations           | 168          |
|    time_elapsed         | 476          |
|    total_timesteps      | 43008        |
| train/                  |              |
|    approx_kl            | 0.0070496025 |
|    clip_fraction        | 0.0906       |
|    clip_range           | 0.2          |
|    entropy_loss         | -2.69        |
|    explained_variance   | -0.0018      |
|    learning_rate        | 0.0003       |
|    loss                 | -0.0201      |
|    n_updates            | 1670         |
|    policy_gradient_loss | -0.0102      |
|    std                  | 0.926        |
|    value_loss           | 0.0175       |
------------------------------------------
-----------------------------------------
| rollout/                |             |
|    ep_len_mean          | 96.6        |
|    ep_rew_mean          | 3.25        |
| time/                   |             |
|    fps                  | 90          |
|    iterations           | 169         |
|    time_elapsed         | 478         |
|    total_timesteps      | 43264       |
| train/                  |             |
|    approx_kl            | 0.005301651 |
|    clip_fraction        | 0.0109      |
|    clip_range           | 0.2         |
|    entropy_loss         | -2.68       |
|    explained_variance   | -0.000105   |
|    learning_rate        | 0.0003      |
|    loss                 | 6.37        |
|    n_updates            | 1680        |
|    policy_gradient_loss | -0.00139    |
|    std                  | 0.923       |
|    value_loss           | 12.2        |
-----------------------------------------
------------------------------------------
| rollout/                |              |
|    ep_len_mean          | 95.5         |
|    ep_rew_mean          | 3.46         |
| time/                   |              |
|    fps                  | 90           |
|    iterations           | 170          |
|    time_elapsed         | 481          |
|    total_timesteps      | 43520        |
| train/                  |              |
|    approx_kl            | 0.0069465577 |
|    clip_fraction        | 0.0719       |
|    clip_range           | 0.2          |
|    entropy_loss         | -2.67        |
|    explained_variance   | -0.000794    |
|    learning_rate        | 0.0003       |
|    loss                 | 0.00375      |
|    n_updates            | 1690         |
|    policy_gradient_loss | -0.00598     |
|    std                  | 0.921        |
|    value_loss           | 1.39         |
------------------------------------------
-----------------------------------------
| rollout/                |             |
|    ep_len_mean          | 95.5        |
|    ep_rew_mean          | 3.47        |
| time/                   |             |
|    fps                  | 90          |
|    iterations           | 171         |
|    time_elapsed         | 484         |
|    total_timesteps      | 43776       |
| train/                  |             |
|    approx_kl            | 0.004516198 |
|    clip_fraction        | 0.0102      |
|    clip_range           | 0.2         |
|    entropy_loss         | -2.67       |
|    explained_variance   | 6.2e-05     |
|    learning_rate        | 0.0003      |
|    loss                 | -0.00217    |
|    n_updates            | 1700        |
|    policy_gradient_loss | -0.00174    |
|    std                  | 0.923       |
|    value_loss           | 1.43        |
-----------------------------------------
------------------------------------------
| rollout/                |              |
|    ep_len_mean          | 95.5         |
|    ep_rew_mean          | 3.47         |
| time/                   |              |
|    fps                  | 90           |
|    iterations           | 172          |
|    time_elapsed         | 487          |
|    total_timesteps      | 44032        |
| train/                  |              |
|    approx_kl            | 0.0076484797 |
|    clip_fraction        | 0.0891       |
|    clip_range           | 0.2          |
|    entropy_loss         | -2.68        |
|    explained_variance   | -0.000115    |
|    learning_rate        | 0.0003       |
|    loss                 | 2.85         |
|    n_updates            | 1710         |
|    policy_gradient_loss | -0.00545     |
|    std                  | 0.927        |
|    value_loss           | 1.46         |
------------------------------------------
------------------------------------------
| rollout/                |              |
|    ep_len_mean          | 95.5         |
|    ep_rew_mean          | 3.47         |
| time/                   |              |
|    fps                  | 90           |
|    iterations           | 173          |
|    time_elapsed         | 490          |
|    total_timesteps      | 44288        |
| train/                  |              |
|    approx_kl            | 0.0072984733 |
|    clip_fraction        | 0.0762       |
|    clip_range           | 0.2          |
|    entropy_loss         | -2.69        |
|    explained_variance   | -0.0119      |
|    learning_rate        | 0.0003       |
|    loss                 | -0.015       |
|    n_updates            | 1720         |
|    policy_gradient_loss | -0.0063      |
|    std                  | 0.928        |
|    value_loss           | 0.022        |
------------------------------------------
-----------------------------------------
| rollout/                |             |
|    ep_len_mean          | 95.5        |
|    ep_rew_mean          | 3.46        |
| time/                   |             |
|    fps                  | 90          |
|    iterations           | 174         |
|    time_elapsed         | 492         |
|    total_timesteps      | 44544       |
| train/                  |             |
|    approx_kl            | 0.005717256 |
|    clip_fraction        | 0.0762      |
|    clip_range           | 0.2         |
|    entropy_loss         | -2.68       |
|    explained_variance   | -0.00186    |
|    learning_rate        | 0.0003      |
|    loss                 | -0.0269     |
|    n_updates            | 1730        |
|    policy_gradient_loss | -0.00408    |
|    std                  | 0.925       |
|    value_loss           | 0.0158      |
-----------------------------------------
-----------------------------------------
| rollout/                |             |
|    ep_len_mean          | 95.5        |
|    ep_rew_mean          | 3.46        |
| time/                   |             |
|    fps                  | 90          |
|    iterations           | 175         |
|    time_elapsed         | 497         |
|    total_timesteps      | 44800       |
| train/                  |             |
|    approx_kl            | 0.006662718 |
|    clip_fraction        | 0.025       |
|    clip_range           | 0.2         |
|    entropy_loss         | -2.68       |
|    explained_variance   | -0.00351    |
|    learning_rate        | 0.0003      |
|    loss                 | -0.00692    |
|    n_updates            | 1740        |
|    policy_gradient_loss | -0.00367    |
|    std                  | 0.929       |
|    value_loss           | 0.0107      |
-----------------------------------------
-----------------------------------------
| rollout/                |             |
|    ep_len_mean          | 95.5        |
|    ep_rew_mean          | 3.46        |
| time/                   |             |
|    fps                  | 90          |
|    iterations           | 176         |
|    time_elapsed         | 499         |
|    total_timesteps      | 45056       |
| train/                  |             |
|    approx_kl            | 0.004770176 |
|    clip_fraction        | 0.043       |
|    clip_range           | 0.2         |
|    entropy_loss         | -2.69       |
|    explained_variance   | -5.97e-05   |
|    learning_rate        | 0.0003      |
|    loss                 | 3.08        |
|    n_updates            | 1750        |
|    policy_gradient_loss | -0.00222    |
|    std                  | 0.928       |
|    value_loss           | 1.56        |
-----------------------------------------
-----------------------------------------
| rollout/                |             |
|    ep_len_mean          | 95.5        |
|    ep_rew_mean          | 3.46        |
| time/                   |             |
|    fps                  | 90          |
|    iterations           | 177         |
|    time_elapsed         | 502         |
|    total_timesteps      | 45312       |
| train/                  |             |
|    approx_kl            | 0.005463642 |
|    clip_fraction        | 0.0551      |
|    clip_range           | 0.2         |
|    entropy_loss         | -2.69       |
|    explained_variance   | -0.0207     |
|    learning_rate        | 0.0003      |
|    loss                 | -0.0215     |
|    n_updates            | 1760        |
|    policy_gradient_loss | -0.00547    |
|    std                  | 0.929       |
|    value_loss           | 0.00788     |
-----------------------------------------
-----------------------------------------
| rollout/                |             |
|    ep_len_mean          | 95.5        |
|    ep_rew_mean          | 3.46        |
| time/                   |             |
|    fps                  | 89          |
|    iterations           | 178         |
|    time_elapsed         | 507         |
|    total_timesteps      | 45568       |
| train/                  |             |
|    approx_kl            | 0.004366447 |
|    clip_fraction        | 0.0547      |
|    clip_range           | 0.2         |
|    entropy_loss         | -2.69       |
|    explained_variance   | 0.00994     |
|    learning_rate        | 0.0003      |
|    loss                 | -0.0167     |
|    n_updates            | 1770        |
|    policy_gradient_loss | -0.00237    |
|    std                  | 0.928       |
|    value_loss           | 0.00689     |
-----------------------------------------
-----------------------------------------
| rollout/                |             |
|    ep_len_mean          | 97.8        |
|    ep_rew_mean          | 3.04        |
| time/                   |             |
|    fps                  | 89          |
|    iterations           | 179         |
|    time_elapsed         | 509         |
|    total_timesteps      | 45824       |
| train/                  |             |
|    approx_kl            | 0.008446417 |
|    clip_fraction        | 0.129       |
|    clip_range           | 0.2         |
|    entropy_loss         | -2.69       |
|    explained_variance   | 0.00243     |
|    learning_rate        | 0.0003      |
|    loss                 | -0.0289     |
|    n_updates            | 1780        |
|    policy_gradient_loss | -0.0108     |
|    std                  | 0.931       |
|    value_loss           | 0.00572     |
-----------------------------------------
-----------------------------------------
| rollout/                |             |
|    ep_len_mean          | 96.6        |
|    ep_rew_mean          | 3.25        |
| time/                   |             |
|    fps                  | 89          |
|    iterations           | 180         |
|    time_elapsed         | 512         |
|    total_timesteps      | 46080       |
| train/                  |             |
|    approx_kl            | 0.006144777 |
|    clip_fraction        | 0.0227      |
|    clip_range           | 0.2         |
|    entropy_loss         | -2.69       |
|    explained_variance   | 0.0135      |
|    learning_rate        | 0.0003      |
|    loss                 | -0.0213     |
|    n_updates            | 1790        |
|    policy_gradient_loss | -0.000937   |
|    std                  | 0.931       |
|    value_loss           | 0.00466     |
-----------------------------------------
------------------------------------------
| rollout/                |              |
|    ep_len_mean          | 97.8         |
|    ep_rew_mean          | 3.04         |
| time/                   |              |
|    fps                  | 89           |
|    iterations           | 181          |
|    time_elapsed         | 515          |
|    total_timesteps      | 46336        |
| train/                  |              |
|    approx_kl            | 0.0018916756 |
|    clip_fraction        | 0.0211       |
|    clip_range           | 0.2          |
|    entropy_loss         | -2.69        |
|    explained_variance   | 9.1e-05      |
|    learning_rate        | 0.0003       |
|    loss                 | -0.0181      |
|    n_updates            | 1800         |
|    policy_gradient_loss | -0.00211     |
|    std                  | 0.933        |
|    value_loss           | 1.65         |
------------------------------------------
------------------------------------------
| rollout/                |              |
|    ep_len_mean          | 100          |
|    ep_rew_mean          | 2.61         |
| time/                   |              |
|    fps                  | 89           |
|    iterations           | 182          |
|    time_elapsed         | 518          |
|    total_timesteps      | 46592        |
| train/                  |              |
|    approx_kl            | 0.0037008063 |
|    clip_fraction        | 0.043        |
|    clip_range           | 0.2          |
|    entropy_loss         | -2.7         |
|    explained_variance   | -0.00445     |
|    learning_rate        | 0.0003       |
|    loss                 | -0.0335      |
|    n_updates            | 1810         |
|    policy_gradient_loss | -0.00305     |
|    std                  | 0.936        |
|    value_loss           | 0.0039       |
------------------------------------------
------------------------------------------
| rollout/                |              |
|    ep_len_mean          | 100          |
|    ep_rew_mean          | 2.62         |
| time/                   |              |
|    fps                  | 89           |
|    iterations           | 183          |
|    time_elapsed         | 522          |
|    total_timesteps      | 46848        |
| train/                  |              |
|    approx_kl            | 0.0038317586 |
|    clip_fraction        | 0.032        |
|    clip_range           | 0.2          |
|    entropy_loss         | -2.7         |
|    explained_variance   | 0.0217       |
|    learning_rate        | 0.0003       |
|    loss                 | -0.0348      |
|    n_updates            | 1820         |
|    policy_gradient_loss | -0.00431     |
|    std                  | 0.931        |
|    value_loss           | 0.00395      |
------------------------------------------
----------------------------------------
| rollout/                |            |
|    ep_len_mean          | 100        |
|    ep_rew_mean          | 2.62       |
| time/                   |            |
|    fps                  | 89         |
|    iterations           | 184        |
|    time_elapsed         | 525        |
|    total_timesteps      | 47104      |
| train/                  |            |
|    approx_kl            | 0.00500622 |
|    clip_fraction        | 0.0727     |
|    clip_range           | 0.2        |
|    entropy_loss         | -2.69      |
|    explained_variance   | 0.00501    |
|    learning_rate        | 0.0003     |
|    loss                 | -0.0454    |
|    n_updates            | 1830       |
|    policy_gradient_loss | -0.00665   |
|    std                  | 0.929      |
|    value_loss           | 0.00391    |
----------------------------------------
------------------------------------------
| rollout/                |              |
|    ep_len_mean          | 101          |
|    ep_rew_mean          | 2.41         |
| time/                   |              |
|    fps                  | 89           |
|    iterations           | 185          |
|    time_elapsed         | 527          |
|    total_timesteps      | 47360        |
| train/                  |              |
|    approx_kl            | 0.0061593517 |
|    clip_fraction        | 0.0801       |
|    clip_range           | 0.2          |
|    entropy_loss         | -2.68        |
|    explained_variance   | 0.0319       |
|    learning_rate        | 0.0003       |
|    loss                 | -0.0395      |
|    n_updates            | 1840         |
|    policy_gradient_loss | -0.00787     |
|    std                  | 0.924        |
|    value_loss           | 0.00352      |
------------------------------------------
------------------------------------------
| rollout/                |              |
|    ep_len_mean          | 100          |
|    ep_rew_mean          | 2.61         |
| time/                   |              |
|    fps                  | 89           |
|    iterations           | 186          |
|    time_elapsed         | 531          |
|    total_timesteps      | 47616        |
| train/                  |              |
|    approx_kl            | 0.0046337806 |
|    clip_fraction        | 0.0367       |
|    clip_range           | 0.2          |
|    entropy_loss         | -2.68        |
|    explained_variance   | 0.00239      |
|    learning_rate        | 0.0003       |
|    loss                 | -0.0275      |
|    n_updates            | 1850         |
|    policy_gradient_loss | -0.00198     |
|    std                  | 0.924        |
|    value_loss           | 0.00356      |
------------------------------------------
-----------------------------------------
| rollout/                |             |
|    ep_len_mean          | 101         |
|    ep_rew_mean          | 2.4         |
| time/                   |             |
|    fps                  | 89          |
|    iterations           | 187         |
|    time_elapsed         | 535         |
|    total_timesteps      | 47872       |
| train/                  |             |
|    approx_kl            | 0.003404568 |
|    clip_fraction        | 0.0273      |
|    clip_range           | 0.2         |
|    entropy_loss         | -2.68       |
|    explained_variance   | -0.000256   |
|    learning_rate        | 0.0003      |
|    loss                 | -0.0301     |
|    n_updates            | 1860        |
|    policy_gradient_loss | -0.00204    |
|    std                  | 0.925       |
|    value_loss           | 1.68        |
-----------------------------------------
------------------------------------------
| rollout/                |              |
|    ep_len_mean          | 101          |
|    ep_rew_mean          | 2.4          |
| time/                   |              |
|    fps                  | 89           |
|    iterations           | 188          |
|    time_elapsed         | 538          |
|    total_timesteps      | 48128        |
| train/                  |              |
|    approx_kl            | 0.0060801567 |
|    clip_fraction        | 0.0531       |
|    clip_range           | 0.2          |
|    entropy_loss         | -2.68        |
|    explained_variance   | 0.00993      |
|    learning_rate        | 0.0003       |
|    loss                 | -0.0227      |
|    n_updates            | 1870         |
|    policy_gradient_loss | -0.0054      |
|    std                  | 0.926        |
|    value_loss           | 0.00307      |
------------------------------------------
------------------------------------------
| rollout/                |              |
|    ep_len_mean          | 101          |
|    ep_rew_mean          | 2.4          |
| time/                   |              |
|    fps                  | 89           |
|    iterations           | 189          |
|    time_elapsed         | 540          |
|    total_timesteps      | 48384        |
| train/                  |              |
|    approx_kl            | 0.0062874076 |
|    clip_fraction        | 0.0488       |
|    clip_range           | 0.2          |
|    entropy_loss         | -2.68        |
|    explained_variance   | 9.05e-05     |
|    learning_rate        | 0.0003       |
|    loss                 | -0.0418      |
|    n_updates            | 1880         |
|    policy_gradient_loss | -0.00321     |
|    std                  | 0.926        |
|    value_loss           | 1.69         |
------------------------------------------
------------------------------------------
| rollout/                |              |
|    ep_len_mean          | 100          |
|    ep_rew_mean          | 2.61         |
| time/                   |              |
|    fps                  | 89           |
|    iterations           | 190          |
|    time_elapsed         | 545          |
|    total_timesteps      | 48640        |
| train/                  |              |
|    approx_kl            | 0.0038883158 |
|    clip_fraction        | 0.0258       |
|    clip_range           | 0.2          |
|    entropy_loss         | -2.69        |
|    explained_variance   | 0.00403      |
|    learning_rate        | 0.0003       |
|    loss                 | -0.0196      |
|    n_updates            | 1890         |
|    policy_gradient_loss | -0.0022      |
|    std                  | 0.928        |
|    value_loss           | 0.00297      |
------------------------------------------
-----------------------------------------
| rollout/                |             |
|    ep_len_mean          | 99          |
|    ep_rew_mean          | 2.83        |
| time/                   |             |
|    fps                  | 89          |
|    iterations           | 191         |
|    time_elapsed         | 548         |
|    total_timesteps      | 48896       |
| train/                  |             |
|    approx_kl            | 0.009048018 |
|    clip_fraction        | 0.0832      |
|    clip_range           | 0.2         |
|    entropy_loss         | -2.69       |
|    explained_variance   | 0.000189    |
|    learning_rate        | 0.0003      |
|    loss                 | -0.0276     |
|    n_updates            | 1900        |
|    policy_gradient_loss | -0.00356    |
|    std                  | 0.927       |
|    value_loss           | 1.69        |
-----------------------------------------
-----------------------------------------
| rollout/                |             |
|    ep_len_mean          | 100         |
|    ep_rew_mean          | 2.61        |
| time/                   |             |
|    fps                  | 89          |
|    iterations           | 192         |
|    time_elapsed         | 550         |
|    total_timesteps      | 49152       |
| train/                  |             |
|    approx_kl            | 0.010640303 |
|    clip_fraction        | 0.0863      |
|    clip_range           | 0.2         |
|    entropy_loss         | -2.69       |
|    explained_variance   | -0.000134   |
|    learning_rate        | 0.0003      |
|    loss                 | 3.32        |
|    n_updates            | 1910        |
|    policy_gradient_loss | -0.00628    |
|    std                  | 0.93        |
|    value_loss           | 1.68        |
-----------------------------------------
-----------------------------------------
| rollout/                |             |
|    ep_len_mean          | 101         |
|    ep_rew_mean          | 2.4         |
| time/                   |             |
|    fps                  | 88          |
|    iterations           | 193         |
|    time_elapsed         | 555         |
|    total_timesteps      | 49408       |
| train/                  |             |
|    approx_kl            | 0.008958437 |
|    clip_fraction        | 0.13        |
|    clip_range           | 0.2         |
|    entropy_loss         | -2.69       |
|    explained_variance   | 0.0282      |
|    learning_rate        | 0.0003      |
|    loss                 | -0.0306     |
|    n_updates            | 1920        |
|    policy_gradient_loss | -0.00711    |
|    std                  | 0.931       |
|    value_loss           | 0.00232     |
-----------------------------------------
----------------------------------------
| rollout/                |            |
|    ep_len_mean          | 101        |
|    ep_rew_mean          | 2.4        |
| time/                   |            |
|    fps                  | 88         |
|    iterations           | 194        |
|    time_elapsed         | 558        |
|    total_timesteps      | 49664      |
| train/                  |            |
|    approx_kl            | 0.00543225 |
|    clip_fraction        | 0.114      |
|    clip_range           | 0.2        |
|    entropy_loss         | -2.69      |
|    explained_variance   | 0.0111     |
|    learning_rate        | 0.0003     |
|    loss                 | -0.0584    |
|    n_updates            | 1930       |
|    policy_gradient_loss | -0.0118    |
|    std                  | 0.928      |
|    value_loss           | 0.00301    |
----------------------------------------
------------------------------------------
| rollout/                |              |
|    ep_len_mean          | 101          |
|    ep_rew_mean          | 2.4          |
| time/                   |              |
|    fps                  | 89           |
|    iterations           | 195          |
|    time_elapsed         | 560          |
|    total_timesteps      | 49920        |
| train/                  |              |
|    approx_kl            | 0.0017208671 |
|    clip_fraction        | 0.0113       |
|    clip_range           | 0.2          |
|    entropy_loss         | -2.69        |
|    explained_variance   | -0.00272     |
|    learning_rate        | 0.0003       |
|    loss                 | -0.0286      |
|    n_updates            | 1940         |
|    policy_gradient_loss | -0.00129     |
|    std                  | 0.93         |
|    value_loss           | 0.00221      |
------------------------------------------
-----------------------------------------
| rollout/                |             |
|    ep_len_mean          | 101         |
|    ep_rew_mean          | 2.4         |
| time/                   |             |
|    fps                  | 89          |
|    iterations           | 196         |
|    time_elapsed         | 563         |
|    total_timesteps      | 50176       |
| train/                  |             |
|    approx_kl            | 0.005740944 |
|    clip_fraction        | 0.0867      |
|    clip_range           | 0.2         |
|    entropy_loss         | -2.69       |
|    explained_variance   | -0.000334   |
|    learning_rate        | 0.0003      |
|    loss                 | -0.0356     |
|    n_updates            | 1950        |
|    policy_gradient_loss | -0.00632    |
|    std                  | 0.929       |
|    value_loss           | 0.00213     |
-----------------------------------------
-----------------------------------------
| rollout/                |             |
|    ep_len_mean          | 101         |
|    ep_rew_mean          | 2.4         |
| time/                   |             |
|    fps                  | 89          |
|    iterations           | 197         |
|    time_elapsed         | 566         |
|    total_timesteps      | 50432       |
| train/                  |             |
|    approx_kl            | 0.006359658 |
|    clip_fraction        | 0.104       |
|    clip_range           | 0.2         |
|    entropy_loss         | -2.69       |
|    explained_variance   | -0.00463    |
|    learning_rate        | 0.0003      |
|    loss                 | -0.029      |
|    n_updates            | 1960        |
|    policy_gradient_loss | -0.00693    |
|    std                  | 0.929       |
|    value_loss           | 0.00256     |
-----------------------------------------
------------------------------------------
| rollout/                |              |
|    ep_len_mean          | 102          |
|    ep_rew_mean          | 2.19         |
| time/                   |              |
|    fps                  | 89           |
|    iterations           | 198          |
|    time_elapsed         | 568          |
|    total_timesteps      | 50688        |
| train/                  |              |
|    approx_kl            | 0.0050511044 |
|    clip_fraction        | 0.073        |
|    clip_range           | 0.2          |
|    entropy_loss         | -2.69        |
|    explained_variance   | -0.00654     |
|    learning_rate        | 0.0003       |
|    loss                 | -0.046       |
|    n_updates            | 1970         |
|    policy_gradient_loss | -0.00552     |
|    std                  | 0.924        |
|    value_loss           | 0.00299      |
------------------------------------------
------------------------------------------
| rollout/                |              |
|    ep_len_mean          | 102          |
|    ep_rew_mean          | 2.19         |
| time/                   |              |
|    fps                  | 89           |
|    iterations           | 199          |
|    time_elapsed         | 571          |
|    total_timesteps      | 50944        |
| train/                  |              |
|    approx_kl            | 0.0020083818 |
|    clip_fraction        | 0.0418       |
|    clip_range           | 0.2          |
|    entropy_loss         | -2.68        |
|    explained_variance   | 0.00414      |
|    learning_rate        | 0.0003       |
|    loss                 | -0.0416      |
|    n_updates            | 1980         |
|    policy_gradient_loss | -0.0041      |
|    std                  | 0.924        |
|    value_loss           | 0.00297      |
------------------------------------------
-----------------------------------------
| rollout/                |             |
|    ep_len_mean          | 104         |
|    ep_rew_mean          | 1.97        |
| time/                   |             |
|    fps                  | 89          |
|    iterations           | 200         |
|    time_elapsed         | 573         |
|    total_timesteps      | 51200       |
| train/                  |             |
|    approx_kl            | 0.003797741 |
|    clip_fraction        | 0.0117      |
|    clip_range           | 0.2         |
|    entropy_loss         | -2.69       |
|    explained_variance   | 0.0185      |
|    learning_rate        | 0.0003      |
|    loss                 | -0.0485     |
|    n_updates            | 1990        |
|    policy_gradient_loss | -0.00297    |
|    std                  | 0.931       |
|    value_loss           | 0.00296     |
-----------------------------------------
------------------------------------------
| rollout/                |              |
|    ep_len_mean          | 104          |
|    ep_rew_mean          | 1.97         |
| time/                   |              |
|    fps                  | 89           |
|    iterations           | 201          |
|    time_elapsed         | 576          |
|    total_timesteps      | 51456        |
| train/                  |              |
|    approx_kl            | 0.0022189298 |
|    clip_fraction        | 0.0199       |
|    clip_range           | 0.2          |
|    entropy_loss         | -2.7         |
|    explained_variance   | 0.0202       |
|    learning_rate        | 0.0003       |
|    loss                 | -0.0324      |
|    n_updates            | 2000         |
|    policy_gradient_loss | -0.00186     |
|    std                  | 0.933        |
|    value_loss           | 0.0031       |
------------------------------------------
-----------------------------------------
| rollout/                |             |
|    ep_len_mean          | 104         |
|    ep_rew_mean          | 1.97        |
| time/                   |             |
|    fps                  | 89          |
|    iterations           | 202         |
|    time_elapsed         | 579         |
|    total_timesteps      | 51712       |
| train/                  |             |
|    approx_kl            | 0.004833063 |
|    clip_fraction        | 0.0297      |
|    clip_range           | 0.2         |
|    entropy_loss         | -2.7        |
|    explained_variance   | -8.43e-05   |
|    learning_rate        | 0.0003      |
|    loss                 | -0.0155     |
|    n_updates            | 2010        |
|    policy_gradient_loss | -0.00113    |
|    std                  | 0.93        |
|    value_loss           | 1.71        |
-----------------------------------------
------------------------------------------
| rollout/                |              |
|    ep_len_mean          | 104          |
|    ep_rew_mean          | 1.97         |
| time/                   |              |
|    fps                  | 89           |
|    iterations           | 203          |
|    time_elapsed         | 582          |
|    total_timesteps      | 51968        |
| train/                  |              |
|    approx_kl            | 0.0064899586 |
|    clip_fraction        | 0.0242       |
|    clip_range           | 0.2          |
|    entropy_loss         | -2.69        |
|    explained_variance   | 0.00338      |
|    learning_rate        | 0.0003       |
|    loss                 | -0.0291      |
|    n_updates            | 2020         |
|    policy_gradient_loss | -0.00215     |
|    std                  | 0.926        |
|    value_loss           | 0.00312      |
------------------------------------------
-----------------------------------------
| rollout/                |             |
|    ep_len_mean          | 105         |
|    ep_rew_mean          | 1.76        |
| time/                   |             |
|    fps                  | 89          |
|    iterations           | 204         |
|    time_elapsed         | 584         |
|    total_timesteps      | 52224       |
| train/                  |             |
|    approx_kl            | 0.003968968 |
|    clip_fraction        | 0.0461      |
|    clip_range           | 0.2         |
|    entropy_loss         | -2.69       |
|    explained_variance   | -0.0163     |
|    learning_rate        | 0.0003      |
|    loss                 | -0.0349     |
|    n_updates            | 2030        |
|    policy_gradient_loss | -0.00385    |
|    std                  | 0.932       |
|    value_loss           | 0.00295     |
-----------------------------------------
------------------------------------------
| rollout/                |              |
|    ep_len_mean          | 105          |
|    ep_rew_mean          | 1.75         |
| time/                   |              |
|    fps                  | 89           |
|    iterations           | 205          |
|    time_elapsed         | 587          |
|    total_timesteps      | 52480        |
| train/                  |              |
|    approx_kl            | 0.0077926246 |
|    clip_fraction        | 0.0254       |
|    clip_range           | 0.2          |
|    entropy_loss         | -2.7         |
|    explained_variance   | 0.0148       |
|    learning_rate        | 0.0003       |
|    loss                 | -0.0396      |
|    n_updates            | 2040         |
|    policy_gradient_loss | -0.000837    |
|    std                  | 0.933        |
|    value_loss           | 0.00307      |
------------------------------------------
-----------------------------------------
| rollout/                |             |
|    ep_len_mean          | 104         |
|    ep_rew_mean          | 1.75        |
| time/                   |             |
|    fps                  | 89          |
|    iterations           | 206         |
|    time_elapsed         | 592         |
|    total_timesteps      | 52736       |
| train/                  |             |
|    approx_kl            | 0.005372637 |
|    clip_fraction        | 0.077       |
|    clip_range           | 0.2         |
|    entropy_loss         | -2.7        |
|    explained_variance   | 0.00747     |
|    learning_rate        | 0.0003      |
|    loss                 | -0.0249     |
|    n_updates            | 2050        |
|    policy_gradient_loss | -0.0087     |
|    std                  | 0.935       |
|    value_loss           | 0.0028      |
-----------------------------------------
----------------------------------------
| rollout/                |            |
|    ep_len_mean          | 106        |
|    ep_rew_mean          | 1.54       |
| time/                   |            |
|    fps                  | 89         |
|    iterations           | 207        |
|    time_elapsed         | 594        |
|    total_timesteps      | 52992      |
| train/                  |            |
|    approx_kl            | 0.00402144 |
|    clip_fraction        | 0.0375     |
|    clip_range           | 0.2        |
|    entropy_loss         | -2.7       |
|    explained_variance   | -0.000139  |
|    learning_rate        | 0.0003     |
|    loss                 | 3.38       |
|    n_updates            | 2060       |
|    policy_gradient_loss | -0.0034    |
|    std                  | 0.934      |
|    value_loss           | 3.41       |
----------------------------------------
-------------------------------------------
| rollout/                |               |
|    ep_len_mean          | 106           |
|    ep_rew_mean          | 1.55          |
| time/                   |               |
|    fps                  | 89            |
|    iterations           | 208           |
|    time_elapsed         | 597           |
|    total_timesteps      | 53248         |
| train/                  |               |
|    approx_kl            | 0.00015283702 |
|    clip_fraction        | 0             |
|    clip_range           | 0.2           |
|    entropy_loss         | -2.7          |
|    explained_variance   | -0.0107       |
|    learning_rate        | 0.0003        |
|    loss                 | -0.0272       |
|    n_updates            | 2070          |
|    policy_gradient_loss | -0.000728     |
|    std                  | 0.93          |
|    value_loss           | 0.00316       |
-------------------------------------------
-----------------------------------------
| rollout/                |             |
|    ep_len_mean          | 105         |
|    ep_rew_mean          | 1.56        |
| time/                   |             |
|    fps                  | 89          |
|    iterations           | 209         |
|    time_elapsed         | 600         |
|    total_timesteps      | 53504       |
| train/                  |             |
|    approx_kl            | 0.007142308 |
|    clip_fraction        | 0.0437      |
|    clip_range           | 0.2         |
|    entropy_loss         | -2.69       |
|    explained_variance   | 0.0167      |
|    learning_rate        | 0.0003      |
|    loss                 | -0.0315     |
|    n_updates            | 2080        |
|    policy_gradient_loss | -0.00236    |
|    std                  | 0.93        |
|    value_loss           | 0.00335     |
-----------------------------------------
-----------------------------------------
| rollout/                |             |
|    ep_len_mean          | 106         |
|    ep_rew_mean          | 1.34        |
| time/                   |             |
|    fps                  | 89          |
|    iterations           | 210         |
|    time_elapsed         | 603         |
|    total_timesteps      | 53760       |
| train/                  |             |
|    approx_kl            | 0.008076837 |
|    clip_fraction        | 0.0969      |
|    clip_range           | 0.2         |
|    entropy_loss         | -2.69       |
|    explained_variance   | -0.000399   |
|    learning_rate        | 0.0003      |
|    loss                 | -0.0265     |
|    n_updates            | 2090        |
|    policy_gradient_loss | -0.00624    |
|    std                  | 0.93        |
|    value_loss           | 1.7         |
-----------------------------------------
-----------------------------------------
| rollout/                |             |
|    ep_len_mean          | 107         |
|    ep_rew_mean          | 1.13        |
| time/                   |             |
|    fps                  | 89          |
|    iterations           | 211         |
|    time_elapsed         | 605         |
|    total_timesteps      | 54016       |
| train/                  |             |
|    approx_kl            | 0.008910281 |
|    clip_fraction        | 0.123       |
|    clip_range           | 0.2         |
|    entropy_loss         | -2.69       |
|    explained_variance   | -0.005      |
|    learning_rate        | 0.0003      |
|    loss                 | -0.055      |
|    n_updates            | 2100        |
|    policy_gradient_loss | -0.00863    |
|    std                  | 0.931       |
|    value_loss           | 0.00307     |
-----------------------------------------
------------------------------------------
| rollout/                |              |
|    ep_len_mean          | 107          |
|    ep_rew_mean          | 1.13         |
| time/                   |              |
|    fps                  | 88           |
|    iterations           | 212          |
|    time_elapsed         | 610          |
|    total_timesteps      | 54272        |
| train/                  |              |
|    approx_kl            | 0.0036796294 |
|    clip_fraction        | 0.043        |
|    clip_range           | 0.2          |
|    entropy_loss         | -2.69        |
|    explained_variance   | 0.00939      |
|    learning_rate        | 0.0003       |
|    loss                 | -0.0336      |
|    n_updates            | 2110         |
|    policy_gradient_loss | -0.00387     |
|    std                  | 0.925        |
|    value_loss           | 0.00267      |
------------------------------------------
------------------------------------------
| rollout/                |              |
|    ep_len_mean          | 106          |
|    ep_rew_mean          | 1.34         |
| time/                   |              |
|    fps                  | 88           |
|    iterations           | 213          |
|    time_elapsed         | 613          |
|    total_timesteps      | 54528        |
| train/                  |              |
|    approx_kl            | 0.0014255696 |
|    clip_fraction        | 0            |
|    clip_range           | 0.2          |
|    entropy_loss         | -2.68        |
|    explained_variance   | 0.00891      |
|    learning_rate        | 0.0003       |
|    loss                 | -0.0328      |
|    n_updates            | 2120         |
|    policy_gradient_loss | 0.000157     |
|    std                  | 0.926        |
|    value_loss           | 0.00271      |
------------------------------------------
------------------------------------------
| rollout/                |              |
|    ep_len_mean          | 106          |
|    ep_rew_mean          | 1.34         |
| time/                   |              |
|    fps                  | 88           |
|    iterations           | 214          |
|    time_elapsed         | 617          |
|    total_timesteps      | 54784        |
| train/                  |              |
|    approx_kl            | 0.0043058195 |
|    clip_fraction        | 0.0176       |
|    clip_range           | 0.2          |
|    entropy_loss         | -2.68        |
|    explained_variance   | -0.000147    |
|    learning_rate        | 0.0003       |
|    loss                 | -0.0216      |
|    n_updates            | 2130         |
|    policy_gradient_loss | -0.00242     |
|    std                  | 0.925        |
|    value_loss           | 3.41         |
------------------------------------------
----------------------------------------
| rollout/                |            |
|    ep_len_mean          | 106        |
|    ep_rew_mean          | 1.34       |
| time/                   |            |
|    fps                  | 88         |
|    iterations           | 215        |
|    time_elapsed         | 620        |
|    total_timesteps      | 55040      |
| train/                  |            |
|    approx_kl            | 0.00444314 |
|    clip_fraction        | 0.052      |
|    clip_range           | 0.2        |
|    entropy_loss         | -2.68      |
|    explained_variance   | 0.00799    |
|    learning_rate        | 0.0003     |
|    loss                 | -0.0288    |
|    n_updates            | 2140       |
|    policy_gradient_loss | -0.00557   |
|    std                  | 0.927      |
|    value_loss           | 0.00293    |
----------------------------------------
------------------------------------------
| rollout/                |              |
|    ep_len_mean          | 105          |
|    ep_rew_mean          | 1.55         |
| time/                   |              |
|    fps                  | 88           |
|    iterations           | 216          |
|    time_elapsed         | 623          |
|    total_timesteps      | 55296        |
| train/                  |              |
|    approx_kl            | 0.0055470783 |
|    clip_fraction        | 0.0645       |
|    clip_range           | 0.2          |
|    entropy_loss         | -2.69        |
|    explained_variance   | 0.00392      |
|    learning_rate        | 0.0003       |
|    loss                 | -0.0384      |
|    n_updates            | 2150         |
|    policy_gradient_loss | -0.00289     |
|    std                  | 0.927        |
|    value_loss           | 0.00314      |
------------------------------------------
------------------------------------------
| rollout/                |              |
|    ep_len_mean          | 103          |
|    ep_rew_mean          | 1.76         |
| time/                   |              |
|    fps                  | 88           |
|    iterations           | 217          |
|    time_elapsed         | 626          |
|    total_timesteps      | 55552        |
| train/                  |              |
|    approx_kl            | 0.0029404168 |
|    clip_fraction        | 0.0219       |
|    clip_range           | 0.2          |
|    entropy_loss         | -2.69        |
|    explained_variance   | -0.000116    |
|    learning_rate        | 0.0003       |
|    loss                 | -0.0163      |
|    n_updates            | 2160         |
|    policy_gradient_loss | -0.000898    |
|    std                  | 0.927        |
|    value_loss           | 3.39         |
------------------------------------------
-----------------------------------------
| rollout/                |             |
|    ep_len_mean          | 103         |
|    ep_rew_mean          | 1.77        |
| time/                   |             |
|    fps                  | 88          |
|    iterations           | 218         |
|    time_elapsed         | 629         |
|    total_timesteps      | 55808       |
| train/                  |             |
|    approx_kl            | 0.009929877 |
|    clip_fraction        | 0.104       |
|    clip_range           | 0.2         |
|    entropy_loss         | -2.69       |
|    explained_variance   | 5.33e-05    |
|    learning_rate        | 0.0003      |
|    loss                 | 3.36        |
|    n_updates            | 2170        |
|    policy_gradient_loss | -0.0061     |
|    std                  | 0.927       |
|    value_loss           | 1.7         |
-----------------------------------------
-----------------------------------------
| rollout/                |             |
|    ep_len_mean          | 103         |
|    ep_rew_mean          | 1.77        |
| time/                   |             |
|    fps                  | 88          |
|    iterations           | 219         |
|    time_elapsed         | 631         |
|    total_timesteps      | 56064       |
| train/                  |             |
|    approx_kl            | 0.008140194 |
|    clip_fraction        | 0.0742      |
|    clip_range           | 0.2         |
|    entropy_loss         | -2.69       |
|    explained_variance   | 0.00187     |
|    learning_rate        | 0.0003      |
|    loss                 | -0.0431     |
|    n_updates            | 2180        |
|    policy_gradient_loss | -0.00415    |
|    std                  | 0.926       |
|    value_loss           | 0.00292     |
-----------------------------------------
------------------------------------------
| rollout/                |              |
|    ep_len_mean          | 103          |
|    ep_rew_mean          | 1.77         |
| time/                   |              |
|    fps                  | 88           |
|    iterations           | 220          |
|    time_elapsed         | 634          |
|    total_timesteps      | 56320        |
| train/                  |              |
|    approx_kl            | 0.0042069284 |
|    clip_fraction        | 0.018        |
|    clip_range           | 0.2          |
|    entropy_loss         | -2.69        |
|    explained_variance   | 0.00343      |
|    learning_rate        | 0.0003       |
|    loss                 | -0.0258      |
|    n_updates            | 2190         |
|    policy_gradient_loss | -0.00171     |
|    std                  | 0.928        |
|    value_loss           | 0.00278      |
------------------------------------------
------------------------------------------
| rollout/                |              |
|    ep_len_mean          | 105          |
|    ep_rew_mean          | 1.55         |
| time/                   |              |
|    fps                  | 88           |
|    iterations           | 221          |
|    time_elapsed         | 637          |
|    total_timesteps      | 56576        |
| train/                  |              |
|    approx_kl            | 0.0057149753 |
|    clip_fraction        | 0.0715       |
|    clip_range           | 0.2          |
|    entropy_loss         | -2.69        |
|    explained_variance   | -0.00764     |
|    learning_rate        | 0.0003       |
|    loss                 | -0.0333      |
|    n_updates            | 2200         |
|    policy_gradient_loss | -0.00906     |
|    std                  | 0.925        |
|    value_loss           | 0.00302      |
------------------------------------------
------------------------------------------
| rollout/                |              |
|    ep_len_mean          | 105          |
|    ep_rew_mean          | 1.56         |
| time/                   |              |
|    fps                  | 88           |
|    iterations           | 222          |
|    time_elapsed         | 639          |
|    total_timesteps      | 56832        |
| train/                  |              |
|    approx_kl            | 0.0061195046 |
|    clip_fraction        | 0.108        |
|    clip_range           | 0.2          |
|    entropy_loss         | -2.68        |
|    explained_variance   | 0.00528      |
|    learning_rate        | 0.0003       |
|    loss                 | -0.0465      |
|    n_updates            | 2210         |
|    policy_gradient_loss | -0.00865     |
|    std                  | 0.921        |
|    value_loss           | 0.00298      |
------------------------------------------
------------------------------------------
| rollout/                |              |
|    ep_len_mean          | 105          |
|    ep_rew_mean          | 1.56         |
| time/                   |              |
|    fps                  | 88           |
|    iterations           | 223          |
|    time_elapsed         | 642          |
|    total_timesteps      | 57088        |
| train/                  |              |
|    approx_kl            | 0.0041815345 |
|    clip_fraction        | 0.0262       |
|    clip_range           | 0.2          |
|    entropy_loss         | -2.67        |
|    explained_variance   | 0.0103       |
|    learning_rate        | 0.0003       |
|    loss                 | -0.0413      |
|    n_updates            | 2220         |
|    policy_gradient_loss | -0.00325     |
|    std                  | 0.92         |
|    value_loss           | 0.00302      |
------------------------------------------
------------------------------------------
| rollout/                |              |
|    ep_len_mean          | 105          |
|    ep_rew_mean          | 1.56         |
| time/                   |              |
|    fps                  | 88           |
|    iterations           | 224          |
|    time_elapsed         | 644          |
|    total_timesteps      | 57344        |
| train/                  |              |
|    approx_kl            | 0.0049267923 |
|    clip_fraction        | 0.0703       |
|    clip_range           | 0.2          |
|    entropy_loss         | -2.67        |
|    explained_variance   | -0.00297     |
|    learning_rate        | 0.0003       |
|    loss                 | -0.0453      |
|    n_updates            | 2230         |
|    policy_gradient_loss | -0.00659     |
|    std                  | 0.919        |
|    value_loss           | 0.00276      |
------------------------------------------
-----------------------------------------
| rollout/                |             |
|    ep_len_mean          | 105         |
|    ep_rew_mean          | 1.56        |
| time/                   |             |
|    fps                  | 88          |
|    iterations           | 225         |
|    time_elapsed         | 647         |
|    total_timesteps      | 57600       |
| train/                  |             |
|    approx_kl            | 0.004262721 |
|    clip_fraction        | 0.0238      |
|    clip_range           | 0.2         |
|    entropy_loss         | -2.67       |
|    explained_variance   | -0.00361    |
|    learning_rate        | 0.0003      |
|    loss                 | -0.029      |
|    n_updates            | 2240        |
|    policy_gradient_loss | -0.00313    |
|    std                  | 0.919       |
|    value_loss           | 0.00289     |
-----------------------------------------
------------------------------------------
| rollout/                |              |
|    ep_len_mean          | 103          |
|    ep_rew_mean          | 1.77         |
| time/                   |              |
|    fps                  | 88           |
|    iterations           | 226          |
|    time_elapsed         | 652          |
|    total_timesteps      | 57856        |
| train/                  |              |
|    approx_kl            | 0.0028060458 |
|    clip_fraction        | 0.0301       |
|    clip_range           | 0.2          |
|    entropy_loss         | -2.67        |
|    explained_variance   | -0.00193     |
|    learning_rate        | 0.0003       |
|    loss                 | -0.0246      |
|    n_updates            | 2250         |
|    policy_gradient_loss | -0.00421     |
|    std                  | 0.921        |
|    value_loss           | 0.00285      |
------------------------------------------
-----------------------------------------
| rollout/                |             |
|    ep_len_mean          | 105         |
|    ep_rew_mean          | 1.56        |
| time/                   |             |
|    fps                  | 88          |
|    iterations           | 227         |
|    time_elapsed         | 654         |
|    total_timesteps      | 58112       |
| train/                  |             |
|    approx_kl            | 0.005281067 |
|    clip_fraction        | 0.0402      |
|    clip_range           | 0.2         |
|    entropy_loss         | -2.67       |
|    explained_variance   | 5.37e-05    |
|    learning_rate        | 0.0003      |
|    loss                 | -0.026      |
|    n_updates            | 2260        |
|    policy_gradient_loss | -0.0019     |
|    std                  | 0.921       |
|    value_loss           | 1.71        |
-----------------------------------------
-----------------------------------------
| rollout/                |             |
|    ep_len_mean          | 105         |
|    ep_rew_mean          | 1.56        |
| time/                   |             |
|    fps                  | 88          |
|    iterations           | 228         |
|    time_elapsed         | 657         |
|    total_timesteps      | 58368       |
| train/                  |             |
|    approx_kl            | 0.008721615 |
|    clip_fraction        | 0.0547      |
|    clip_range           | 0.2         |
|    entropy_loss         | -2.68       |
|    explained_variance   | -0.00991    |
|    learning_rate        | 0.0003      |
|    loss                 | -0.036      |
|    n_updates            | 2270        |
|    policy_gradient_loss | -0.00509    |
|    std                  | 0.924       |
|    value_loss           | 0.00262     |
-----------------------------------------
------------------------------------------
| rollout/                |              |
|    ep_len_mean          | 106          |
|    ep_rew_mean          | 1.34         |
| time/                   |              |
|    fps                  | 88           |
|    iterations           | 229          |
|    time_elapsed         | 660          |
|    total_timesteps      | 58624        |
| train/                  |              |
|    approx_kl            | 0.0042174784 |
|    clip_fraction        | 0.0527       |
|    clip_range           | 0.2          |
|    entropy_loss         | -2.68        |
|    explained_variance   | 0.00145      |
|    learning_rate        | 0.0003       |
|    loss                 | -0.0269      |
|    n_updates            | 2280         |
|    policy_gradient_loss | -0.00256     |
|    std                  | 0.923        |
|    value_loss           | 0.00288      |
------------------------------------------
-----------------------------------------
| rollout/                |             |
|    ep_len_mean          | 106         |
|    ep_rew_mean          | 1.34        |
| time/                   |             |
|    fps                  | 88          |
|    iterations           | 230         |
|    time_elapsed         | 664         |
|    total_timesteps      | 58880       |
| train/                  |             |
|    approx_kl            | 0.004499835 |
|    clip_fraction        | 0.0043      |
|    clip_range           | 0.2         |
|    entropy_loss         | -2.67       |
|    explained_variance   | -0.00166    |
|    learning_rate        | 0.0003      |
|    loss                 | -0.0289     |
|    n_updates            | 2290        |
|    policy_gradient_loss | -0.000926   |
|    std                  | 0.918       |
|    value_loss           | 0.0028      |
-----------------------------------------
------------------------------------------
| rollout/                |              |
|    ep_len_mean          | 106          |
|    ep_rew_mean          | 1.34         |
| time/                   |              |
|    fps                  | 88           |
|    iterations           | 231          |
|    time_elapsed         | 667          |
|    total_timesteps      | 59136        |
| train/                  |              |
|    approx_kl            | 0.0068911896 |
|    clip_fraction        | 0.0754       |
|    clip_range           | 0.2          |
|    entropy_loss         | -2.67        |
|    explained_variance   | -0.00301     |
|    learning_rate        | 0.0003       |
|    loss                 | -0.0302      |
|    n_updates            | 2300         |
|    policy_gradient_loss | -0.00884     |
|    std                  | 0.92         |
|    value_loss           | 0.0032       |
------------------------------------------
------------------------------------------
| rollout/                |              |
|    ep_len_mean          | 107          |
|    ep_rew_mean          | 1.13         |
| time/                   |              |
|    fps                  | 88           |
|    iterations           | 232          |
|    time_elapsed         | 669          |
|    total_timesteps      | 59392        |
| train/                  |              |
|    approx_kl            | 0.0019774614 |
|    clip_fraction        | 0.0129       |
|    clip_range           | 0.2          |
|    entropy_loss         | -2.67        |
|    explained_variance   | 0.00271      |
|    learning_rate        | 0.0003       |
|    loss                 | -0.0318      |
|    n_updates            | 2310         |
|    policy_gradient_loss | -0.00101     |
|    std                  | 0.918        |
|    value_loss           | 0.00315      |
------------------------------------------
------------------------------------------
| rollout/                |              |
|    ep_len_mean          | 108          |
|    ep_rew_mean          | 0.919        |
| time/                   |              |
|    fps                  | 88           |
|    iterations           | 233          |
|    time_elapsed         | 672          |
|    total_timesteps      | 59648        |
| train/                  |              |
|    approx_kl            | 0.0033090413 |
|    clip_fraction        | 0.0117       |
|    clip_range           | 0.2          |
|    entropy_loss         | -2.66        |
|    explained_variance   | -0.00496     |
|    learning_rate        | 0.0003       |
|    loss                 | -0.024       |
|    n_updates            | 2320         |
|    policy_gradient_loss | -0.00148     |
|    std                  | 0.914        |
|    value_loss           | 0.00291      |
------------------------------------------
------------------------------------------
| rollout/                |              |
|    ep_len_mean          | 108          |
|    ep_rew_mean          | 0.918        |
| time/                   |              |
|    fps                  | 88           |
|    iterations           | 234          |
|    time_elapsed         | 675          |
|    total_timesteps      | 59904        |
| train/                  |              |
|    approx_kl            | 0.0016610804 |
|    clip_fraction        | 0.0437       |
|    clip_range           | 0.2          |
|    entropy_loss         | -2.65        |
|    explained_variance   | 0.0169       |
|    learning_rate        | 0.0003       |
|    loss                 | -0.0276      |
|    n_updates            | 2330         |
|    policy_gradient_loss | -0.00261     |
|    std                  | 0.91         |
|    value_loss           | 0.00283      |
------------------------------------------
-----------------------------------------
| rollout/                |             |
|    ep_len_mean          | 108         |
|    ep_rew_mean          | 0.919       |
| time/                   |             |
|    fps                  | 88          |
|    iterations           | 235         |
|    time_elapsed         | 677         |
|    total_timesteps      | 60160       |
| train/                  |             |
|    approx_kl            | 0.012772644 |
|    clip_fraction        | 0.165       |
|    clip_range           | 0.2         |
|    entropy_loss         | -2.65       |
|    explained_variance   | -0.0105     |
|    learning_rate        | 0.0003      |
|    loss                 | -0.0406     |
|    n_updates            | 2340        |
|    policy_gradient_loss | -0.0164     |
|    std                  | 0.908       |
|    value_loss           | 0.00274     |
-----------------------------------------
Saved /workspace/curriculum_p1.zip
