Wrapping the env with a `Monitor` wrapper
Wrapping the env in a DummyVecEnv.
Resumed from /workspace/curriculum_p2.zip
---------------------------------
| rollout/           |          |
|    ep_len_mean     | 106      |
|    ep_rew_mean     | 1.55     |
| time/              |          |
|    fps             | 100      |
|    iterations      | 1        |
|    time_elapsed    | 2        |
|    total_timesteps | 120576   |
---------------------------------
------------------------------------------
| rollout/                |              |
|    ep_len_mean          | 107          |
|    ep_rew_mean          | 1.55         |
| time/                   |              |
|    fps                  | 99           |
|    iterations           | 2            |
|    time_elapsed         | 5            |
|    total_timesteps      | 120832       |
| train/                  |              |
|    approx_kl            | 0.0056200814 |
|    clip_fraction        | 0.093        |
|    clip_range           | 0.2          |
|    entropy_loss         | -2.61        |
|    explained_variance   | 0.004        |
|    learning_rate        | 0.0003       |
|    loss                 | -0.0486      |
|    n_updates            | 4710         |
|    policy_gradient_loss | -0.00947     |
|    std                  | 0.894        |
|    value_loss           | 0.00988      |
------------------------------------------
------------------------------------------
| rollout/                |              |
|    ep_len_mean          | 108          |
|    ep_rew_mean          | 1.55         |
| time/                   |              |
|    fps                  | 103          |
|    iterations           | 3            |
|    time_elapsed         | 7            |
|    total_timesteps      | 121088       |
| train/                  |              |
|    approx_kl            | 0.0051894495 |
|    clip_fraction        | 0.0363       |
|    clip_range           | 0.2          |
|    entropy_loss         | -2.62        |
|    explained_variance   | -0.00104     |
|    learning_rate        | 0.0003       |
|    loss                 | -0.0296      |
|    n_updates            | 4720         |
|    policy_gradient_loss | -0.00602     |
|    std                  | 0.901        |
|    value_loss           | 0.00983      |
------------------------------------------
------------------------------------------
| rollout/                |              |
|    ep_len_mean          | 110          |
|    ep_rew_mean          | 1.33         |
| time/                   |              |
|    fps                  | 101          |
|    iterations           | 4            |
|    time_elapsed         | 10           |
|    total_timesteps      | 121344       |
| train/                  |              |
|    approx_kl            | 0.0073358854 |
|    clip_fraction        | 0.0586       |
|    clip_range           | 0.2          |
|    entropy_loss         | -2.63        |
|    explained_variance   | 0.00298      |
|    learning_rate        | 0.0003       |
|    loss                 | -0.0197      |
|    n_updates            | 4730         |
|    policy_gradient_loss | -0.00538     |
|    std                  | 0.907        |
|    value_loss           | 0.00707      |
------------------------------------------
-----------------------------------------
| rollout/                |             |
|    ep_len_mean          | 110         |
|    ep_rew_mean          | 1.33        |
| time/                   |             |
|    fps                  | 100         |
|    iterations           | 5           |
|    time_elapsed         | 12          |
|    total_timesteps      | 121600      |
| train/                  |             |
|    approx_kl            | 0.004136364 |
|    clip_fraction        | 0.00508     |
|    clip_range           | 0.2         |
|    entropy_loss         | -2.65       |
|    explained_variance   | -0.00484    |
|    learning_rate        | 0.0003      |
|    loss                 | -0.0293     |
|    n_updates            | 4740        |
|    policy_gradient_loss | -0.000196   |
|    std                  | 0.91        |
|    value_loss           | 0.00226     |
-----------------------------------------
------------------------------------------
| rollout/                |              |
|    ep_len_mean          | 112          |
|    ep_rew_mean          | 1.12         |
| time/                   |              |
|    fps                  | 101          |
|    iterations           | 6            |
|    time_elapsed         | 15           |
|    total_timesteps      | 121856       |
| train/                  |              |
|    approx_kl            | 0.0061214846 |
|    clip_fraction        | 0.107        |
|    clip_range           | 0.2          |
|    entropy_loss         | -2.65        |
|    explained_variance   | -0.000202    |
|    learning_rate        | 0.0003       |
|    loss                 | -0.0484      |
|    n_updates            | 4750         |
|    policy_gradient_loss | -0.00868     |
|    std                  | 0.914        |
|    value_loss           | 0.00448      |
------------------------------------------
------------------------------------------
| rollout/                |              |
|    ep_len_mean          | 113          |
|    ep_rew_mean          | 1.12         |
| time/                   |              |
|    fps                  | 101          |
|    iterations           | 7            |
|    time_elapsed         | 17           |
|    total_timesteps      | 122112       |
| train/                  |              |
|    approx_kl            | 0.0031959463 |
|    clip_fraction        | 0.00625      |
|    clip_range           | 0.2          |
|    entropy_loss         | -2.66        |
|    explained_variance   | -0.00212     |
|    learning_rate        | 0.0003       |
|    loss                 | -0.0318      |
|    n_updates            | 4760         |
|    policy_gradient_loss | -0.00074     |
|    std                  | 0.917        |
|    value_loss           | 0.0049       |
------------------------------------------
------------------------------------------
| rollout/                |              |
|    ep_len_mean          | 113          |
|    ep_rew_mean          | 1.12         |
| time/                   |              |
|    fps                  | 102          |
|    iterations           | 8            |
|    time_elapsed         | 20           |
|    total_timesteps      | 122368       |
| train/                  |              |
|    approx_kl            | 0.0053051515 |
|    clip_fraction        | 0.102        |
|    clip_range           | 0.2          |
|    entropy_loss         | -2.66        |
|    explained_variance   | 0.00111      |
|    learning_rate        | 0.0003       |
|    loss                 | -0.0131      |
|    n_updates            | 4770         |
|    policy_gradient_loss | -0.00801     |
|    std                  | 0.916        |
|    value_loss           | 0.00191      |
------------------------------------------
-----------------------------------------
| rollout/                |             |
|    ep_len_mean          | 114         |
|    ep_rew_mean          | 1.11        |
| time/                   |             |
|    fps                  | 101         |
|    iterations           | 9           |
|    time_elapsed         | 22          |
|    total_timesteps      | 122624      |
| train/                  |             |
|    approx_kl            | 0.004510387 |
|    clip_fraction        | 0.0723      |
|    clip_range           | 0.2         |
|    entropy_loss         | -2.66       |
|    explained_variance   | -0.00146    |
|    learning_rate        | 0.0003      |
|    loss                 | -0.0128     |
|    n_updates            | 4780        |
|    policy_gradient_loss | -0.0057     |
|    std                  | 0.913       |
|    value_loss           | 0.00861     |
-----------------------------------------
-----------------------------------------
| rollout/                |             |
|    ep_len_mean          | 115         |
|    ep_rew_mean          | 0.914       |
| time/                   |             |
|    fps                  | 101         |
|    iterations           | 10          |
|    time_elapsed         | 25          |
|    total_timesteps      | 122880      |
| train/                  |             |
|    approx_kl            | 0.006114486 |
|    clip_fraction        | 0.0773      |
|    clip_range           | 0.2         |
|    entropy_loss         | -2.65       |
|    explained_variance   | 0.00591     |
|    learning_rate        | 0.0003      |
|    loss                 | -0.0354     |
|    n_updates            | 4790        |
|    policy_gradient_loss | -0.00429    |
|    std                  | 0.912       |
|    value_loss           | 0.00276     |
-----------------------------------------
-----------------------------------------
| rollout/                |             |
|    ep_len_mean          | 116         |
|    ep_rew_mean          | 0.912       |
| time/                   |             |
|    fps                  | 102         |
|    iterations           | 11          |
|    time_elapsed         | 27          |
|    total_timesteps      | 123136      |
| train/                  |             |
|    approx_kl            | 0.005161535 |
|    clip_fraction        | 0.0719      |
|    clip_range           | 0.2         |
|    entropy_loss         | -2.65       |
|    explained_variance   | -0.00648    |
|    learning_rate        | 0.0003      |
|    loss                 | -0.0272     |
|    n_updates            | 4800        |
|    policy_gradient_loss | -0.00522    |
|    std                  | 0.912       |
|    value_loss           | 0.00434     |
-----------------------------------------
-----------------------------------------
| rollout/                |             |
|    ep_len_mean          | 117         |
|    ep_rew_mean          | 0.903       |
| time/                   |             |
|    fps                  | 102         |
|    iterations           | 12          |
|    time_elapsed         | 30          |
|    total_timesteps      | 123392      |
| train/                  |             |
|    approx_kl            | 0.004837196 |
|    clip_fraction        | 0.0379      |
|    clip_range           | 0.2         |
|    entropy_loss         | -2.65       |
|    explained_variance   | -0.0022     |
|    learning_rate        | 0.0003      |
|    loss                 | -0.0206     |
|    n_updates            | 4810        |
|    policy_gradient_loss | -0.00322    |
|    std                  | 0.912       |
|    value_loss           | 0.00742     |
-----------------------------------------
-----------------------------------------
| rollout/                |             |
|    ep_len_mean          | 117         |
|    ep_rew_mean          | 0.9         |
| time/                   |             |
|    fps                  | 102         |
|    iterations           | 13          |
|    time_elapsed         | 32          |
|    total_timesteps      | 123648      |
| train/                  |             |
|    approx_kl            | 0.008758886 |
|    clip_fraction        | 0.106       |
|    clip_range           | 0.2         |
|    entropy_loss         | -2.66       |
|    explained_variance   | 0.00107     |
|    learning_rate        | 0.0003      |
|    loss                 | -0.0259     |
|    n_updates            | 4820        |
|    policy_gradient_loss | -0.00849    |
|    std                  | 0.917       |
|    value_loss           | 0.00697     |
-----------------------------------------
------------------------------------------
| rollout/                |              |
|    ep_len_mean          | 118          |
|    ep_rew_mean          | 0.908        |
| time/                   |              |
|    fps                  | 102          |
|    iterations           | 14           |
|    time_elapsed         | 35           |
|    total_timesteps      | 123904       |
| train/                  |              |
|    approx_kl            | 0.0052414574 |
|    clip_fraction        | 0.0949       |
|    clip_range           | 0.2          |
|    entropy_loss         | -2.66        |
|    explained_variance   | 0.000359     |
|    learning_rate        | 0.0003       |
|    loss                 | -0.0426      |
|    n_updates            | 4830         |
|    policy_gradient_loss | -0.00654     |
|    std                  | 0.915        |
|    value_loss           | 0.00749      |
------------------------------------------
------------------------------------------
| rollout/                |              |
|    ep_len_mean          | 119          |
|    ep_rew_mean          | 0.898        |
| time/                   |              |
|    fps                  | 101          |
|    iterations           | 15           |
|    time_elapsed         | 37           |
|    total_timesteps      | 124160       |
| train/                  |              |
|    approx_kl            | 0.0030083542 |
|    clip_fraction        | 0.0172       |
|    clip_range           | 0.2          |
|    entropy_loss         | -2.66        |
|    explained_variance   | -0.00316     |
|    learning_rate        | 0.0003       |
|    loss                 | -0.015       |
|    n_updates            | 4840         |
|    policy_gradient_loss | -0.00152     |
|    std                  | 0.914        |
|    value_loss           | 0.00634      |
------------------------------------------
------------------------------------------
| rollout/                |              |
|    ep_len_mean          | 119          |
|    ep_rew_mean          | 0.882        |
| time/                   |              |
|    fps                  | 102          |
|    iterations           | 16           |
|    time_elapsed         | 40           |
|    total_timesteps      | 124416       |
| train/                  |              |
|    approx_kl            | 0.0064187106 |
|    clip_fraction        | 0.043        |
|    clip_range           | 0.2          |
|    entropy_loss         | -2.66        |
|    explained_variance   | 0.00183      |
|    learning_rate        | 0.0003       |
|    loss                 | -0.0426      |
|    n_updates            | 4850         |
|    policy_gradient_loss | -0.00394     |
|    std                  | 0.92         |
|    value_loss           | 0.00905      |
------------------------------------------
-----------------------------------------
| rollout/                |             |
|    ep_len_mean          | 120         |
|    ep_rew_mean          | 0.845       |
| time/                   |             |
|    fps                  | 102         |
|    iterations           | 17          |
|    time_elapsed         | 42          |
|    total_timesteps      | 124672      |
| train/                  |             |
|    approx_kl            | 0.004492314 |
|    clip_fraction        | 0.0453      |
|    clip_range           | 0.2         |
|    entropy_loss         | -2.67       |
|    explained_variance   | -0.00157    |
|    learning_rate        | 0.0003      |
|    loss                 | -0.037      |
|    n_updates            | 4860        |
|    policy_gradient_loss | -0.00302    |
|    std                  | 0.92        |
|    value_loss           | 0.00499     |
-----------------------------------------
------------------------------------------
| rollout/                |              |
|    ep_len_mean          | 121          |
|    ep_rew_mean          | 0.624        |
| time/                   |              |
|    fps                  | 102          |
|    iterations           | 18           |
|    time_elapsed         | 44           |
|    total_timesteps      | 124928       |
| train/                  |              |
|    approx_kl            | 0.0052712727 |
|    clip_fraction        | 0.0832       |
|    clip_range           | 0.2          |
|    entropy_loss         | -2.67        |
|    explained_variance   | -0.0159      |
|    learning_rate        | 0.0003       |
|    loss                 | -0.0391      |
|    n_updates            | 4870         |
|    policy_gradient_loss | -0.00778     |
|    std                  | 0.919        |
|    value_loss           | 0.00404      |
------------------------------------------
------------------------------------------
| rollout/                |              |
|    ep_len_mean          | 122          |
|    ep_rew_mean          | 0.6          |
| time/                   |              |
|    fps                  | 101          |
|    iterations           | 19           |
|    time_elapsed         | 47           |
|    total_timesteps      | 125184       |
| train/                  |              |
|    approx_kl            | 0.0053476803 |
|    clip_fraction        | 0.0887       |
|    clip_range           | 0.2          |
|    entropy_loss         | -2.67        |
|    explained_variance   | -0.0029      |
|    learning_rate        | 0.0003       |
|    loss                 | -0.0318      |
|    n_updates            | 4880         |
|    policy_gradient_loss | -0.0063      |
|    std                  | 0.919        |
|    value_loss           | 0.00171      |
------------------------------------------
-----------------------------------------
| rollout/                |             |
|    ep_len_mean          | 122         |
|    ep_rew_mean          | 0.597       |
| time/                   |             |
|    fps                  | 102         |
|    iterations           | 20          |
|    time_elapsed         | 50          |
|    total_timesteps      | 125440      |
| train/                  |             |
|    approx_kl            | 0.007772607 |
|    clip_fraction        | 0.023       |
|    clip_range           | 0.2         |
|    entropy_loss         | -2.66       |
|    explained_variance   | 3.99e-06    |
|    learning_rate        | 0.0003      |
|    loss                 | -0.0357     |
|    n_updates            | 4890        |
|    policy_gradient_loss | -0.00149    |
|    std                  | 0.913       |
|    value_loss           | 1.75        |
-----------------------------------------
------------------------------------------
| rollout/                |              |
|    ep_len_mean          | 123          |
|    ep_rew_mean          | 0.595        |
| time/                   |              |
|    fps                  | 101          |
|    iterations           | 21           |
|    time_elapsed         | 52           |
|    total_timesteps      | 125696       |
| train/                  |              |
|    approx_kl            | 0.0073248697 |
|    clip_fraction        | 0.0387       |
|    clip_range           | 0.2          |
|    entropy_loss         | -2.65        |
|    explained_variance   | -0.000388    |
|    learning_rate        | 0.0003       |
|    loss                 | -0.00488     |
|    n_updates            | 4900         |
|    policy_gradient_loss | -0.0023      |
|    std                  | 0.91         |
|    value_loss           | 0.00428      |
------------------------------------------
------------------------------------------
| rollout/                |              |
|    ep_len_mean          | 125          |
|    ep_rew_mean          | 0.366        |
| time/                   |              |
|    fps                  | 101          |
|    iterations           | 22           |
|    time_elapsed         | 55           |
|    total_timesteps      | 125952       |
| train/                  |              |
|    approx_kl            | 0.0054084947 |
|    clip_fraction        | 0.0484       |
|    clip_range           | 0.2          |
|    entropy_loss         | -2.65        |
|    explained_variance   | -0.000471    |
|    learning_rate        | 0.0003       |
|    loss                 | -0.0329      |
|    n_updates            | 4910         |
|    policy_gradient_loss | -0.00614     |
|    std                  | 0.912        |
|    value_loss           | 0.00699      |
------------------------------------------
----------------------------------------
| rollout/                |            |
|    ep_len_mean          | 126        |
|    ep_rew_mean          | 0.348      |
| time/                   |            |
|    fps                  | 102        |
|    iterations           | 23         |
|    time_elapsed         | 57         |
|    total_timesteps      | 126208     |
| train/                  |            |
|    approx_kl            | 0.00453749 |
|    clip_fraction        | 0.073      |
|    clip_range           | 0.2        |
|    entropy_loss         | -2.65      |
|    explained_variance   | 0.00092    |
|    learning_rate        | 0.0003     |
|    loss                 | -0.0473    |
|    n_updates            | 4920       |
|    policy_gradient_loss | -0.00849   |
|    std                  | 0.911      |
|    value_loss           | 0.00374    |
----------------------------------------
-----------------------------------------
| rollout/                |             |
|    ep_len_mean          | 125         |
|    ep_rew_mean          | 0.545       |
| time/                   |             |
|    fps                  | 101         |
|    iterations           | 24          |
|    time_elapsed         | 60          |
|    total_timesteps      | 126464      |
| train/                  |             |
|    approx_kl            | 0.007346828 |
|    clip_fraction        | 0.0961      |
|    clip_range           | 0.2         |
|    entropy_loss         | -2.65       |
|    explained_variance   | 0.000811    |
|    learning_rate        | 0.0003      |
|    loss                 | -0.0305     |
|    n_updates            | 4930        |
|    policy_gradient_loss | -0.00691    |
|    std                  | 0.908       |
|    value_loss           | 0.00198     |
-----------------------------------------
------------------------------------------
| rollout/                |              |
|    ep_len_mean          | 126          |
|    ep_rew_mean          | 0.544        |
| time/                   |              |
|    fps                  | 101          |
|    iterations           | 25           |
|    time_elapsed         | 62           |
|    total_timesteps      | 126720       |
| train/                  |              |
|    approx_kl            | 0.0076243076 |
|    clip_fraction        | 0.0488       |
|    clip_range           | 0.2          |
|    entropy_loss         | -2.64        |
|    explained_variance   | -2.74e-06    |
|    learning_rate        | 0.0003       |
|    loss                 | 3.45         |
|    n_updates            | 4940         |
|    policy_gradient_loss | -0.00285     |
|    std                  | 0.908        |
|    value_loss           | 1.75         |
------------------------------------------
-----------------------------------------
| rollout/                |             |
|    ep_len_mean          | 128         |
|    ep_rew_mean          | 0.315       |
| time/                   |             |
|    fps                  | 101         |
|    iterations           | 26          |
|    time_elapsed         | 65          |
|    total_timesteps      | 126976      |
| train/                  |             |
|    approx_kl            | 0.013065521 |
|    clip_fraction        | 0.152       |
|    clip_range           | 0.2         |
|    entropy_loss         | -2.64       |
|    explained_variance   | -0.0024     |
|    learning_rate        | 0.0003      |
|    loss                 | -0.028      |
|    n_updates            | 4950        |
|    policy_gradient_loss | -0.0151     |
|    std                  | 0.909       |
|    value_loss           | 0.0108      |
-----------------------------------------
------------------------------------------
| rollout/                |              |
|    ep_len_mean          | 128          |
|    ep_rew_mean          | 0.303        |
| time/                   |              |
|    fps                  | 101          |
|    iterations           | 27           |
|    time_elapsed         | 68           |
|    total_timesteps      | 127232       |
| train/                  |              |
|    approx_kl            | 0.0070097437 |
|    clip_fraction        | 0.0648       |
|    clip_range           | 0.2          |
|    entropy_loss         | -2.65        |
|    explained_variance   | -0.000146    |
|    learning_rate        | 0.0003       |
|    loss                 | -0.0346      |
|    n_updates            | 4960         |
|    policy_gradient_loss | -0.0062      |
|    std                  | 0.913        |
|    value_loss           | 0.00503      |
------------------------------------------
------------------------------------------
| rollout/                |              |
|    ep_len_mean          | 129          |
|    ep_rew_mean          | 0.294        |
| time/                   |              |
|    fps                  | 101          |
|    iterations           | 28           |
|    time_elapsed         | 70           |
|    total_timesteps      | 127488       |
| train/                  |              |
|    approx_kl            | 0.0082461815 |
|    clip_fraction        | 0.106        |
|    clip_range           | 0.2          |
|    entropy_loss         | -2.66        |
|    explained_variance   | 0.0006       |
|    learning_rate        | 0.0003       |
|    loss                 | -0.0441      |
|    n_updates            | 4970         |
|    policy_gradient_loss | -0.0116      |
|    std                  | 0.914        |
|    value_loss           | 0.00476      |
------------------------------------------
------------------------------------------
| rollout/                |              |
|    ep_len_mean          | 130          |
|    ep_rew_mean          | 0.288        |
| time/                   |              |
|    fps                  | 101          |
|    iterations           | 29           |
|    time_elapsed         | 73           |
|    total_timesteps      | 127744       |
| train/                  |              |
|    approx_kl            | 0.0045238817 |
|    clip_fraction        | 0.0441       |
|    clip_range           | 0.2          |
|    entropy_loss         | -2.66        |
|    explained_variance   | 0.0019       |
|    learning_rate        | 0.0003       |
|    loss                 | -0.0391      |
|    n_updates            | 4980         |
|    policy_gradient_loss | -0.00264     |
|    std                  | 0.914        |
|    value_loss           | 0.0076       |
------------------------------------------
------------------------------------------
| rollout/                |              |
|    ep_len_mean          | 130          |
|    ep_rew_mean          | 0.284        |
| time/                   |              |
|    fps                  | 101          |
|    iterations           | 30           |
|    time_elapsed         | 75           |
|    total_timesteps      | 128000       |
| train/                  |              |
|    approx_kl            | 0.0037286954 |
|    clip_fraction        | 0.0141       |
|    clip_range           | 0.2          |
|    entropy_loss         | -2.65        |
|    explained_variance   | -0.00402     |
|    learning_rate        | 0.0003       |
|    loss                 | -0.0293      |
|    n_updates            | 4990         |
|    policy_gradient_loss | -0.00121     |
|    std                  | 0.911        |
|    value_loss           | 0.00579      |
------------------------------------------
-----------------------------------------
| rollout/                |             |
|    ep_len_mean          | 131         |
|    ep_rew_mean          | 0.268       |
| time/                   |             |
|    fps                  | 101         |
|    iterations           | 31          |
|    time_elapsed         | 78          |
|    total_timesteps      | 128256      |
| train/                  |             |
|    approx_kl            | 0.004370677 |
|    clip_fraction        | 0.0445      |
|    clip_range           | 0.2         |
|    entropy_loss         | -2.65       |
|    explained_variance   | 0.00123     |
|    learning_rate        | 0.0003      |
|    loss                 | -0.0318     |
|    n_updates            | 5000        |
|    policy_gradient_loss | -0.00316    |
|    std                  | 0.912       |
|    value_loss           | 0.00817     |
-----------------------------------------
----------------------------------------
| rollout/                |            |
|    ep_len_mean          | 132        |
|    ep_rew_mean          | 0.267      |
| time/                   |            |
|    fps                  | 101        |
|    iterations           | 32         |
|    time_elapsed         | 80         |
|    total_timesteps      | 128512     |
| train/                  |            |
|    approx_kl            | 0.00678767 |
|    clip_fraction        | 0.0148     |
|    clip_range           | 0.2        |
|    entropy_loss         | -2.65      |
|    explained_variance   | -4.88e-05  |
|    learning_rate        | 0.0003     |
|    loss                 | -0.025     |
|    n_updates            | 5010       |
|    policy_gradient_loss | -0.00186   |
|    std                  | 0.907      |
|    value_loss           | 1.74       |
----------------------------------------
-----------------------------------------
| rollout/                |             |
|    ep_len_mean          | 132         |
|    ep_rew_mean          | 0.263       |
| time/                   |             |
|    fps                  | 101         |
|    iterations           | 33          |
|    time_elapsed         | 83          |
|    total_timesteps      | 128768      |
| train/                  |             |
|    approx_kl            | 0.004921714 |
|    clip_fraction        | 0.0957      |
|    clip_range           | 0.2         |
|    entropy_loss         | -2.64       |
|    explained_variance   | 0.00142     |
|    learning_rate        | 0.0003      |
|    loss                 | -0.0368     |
|    n_updates            | 5020        |
|    policy_gradient_loss | -0.00781    |
|    std                  | 0.911       |
|    value_loss           | 0.0107      |
-----------------------------------------
------------------------------------------
| rollout/                |              |
|    ep_len_mean          | 134          |
|    ep_rew_mean          | 0.0448       |
| time/                   |              |
|    fps                  | 101          |
|    iterations           | 34           |
|    time_elapsed         | 85           |
|    total_timesteps      | 129024       |
| train/                  |              |
|    approx_kl            | 0.0034419287 |
|    clip_fraction        | 0.00352      |
|    clip_range           | 0.2          |
|    entropy_loss         | -2.65        |
|    explained_variance   | 0.000329     |
|    learning_rate        | 0.0003       |
|    loss                 | -0.0393      |
|    n_updates            | 5030         |
|    policy_gradient_loss | -0.000777    |
|    std                  | 0.915        |
|    value_loss           | 0.00368      |
------------------------------------------
------------------------------------------
| rollout/                |              |
|    ep_len_mean          | 134          |
|    ep_rew_mean          | 0.0324       |
| time/                   |              |
|    fps                  | 101          |
|    iterations           | 35           |
|    time_elapsed         | 88           |
|    total_timesteps      | 129280       |
| train/                  |              |
|    approx_kl            | 0.0073404256 |
|    clip_fraction        | 0.0672       |
|    clip_range           | 0.2          |
|    entropy_loss         | -2.65        |
|    explained_variance   | 0.00114      |
|    learning_rate        | 0.0003       |
|    loss                 | -0.0366      |
|    n_updates            | 5040         |
|    policy_gradient_loss | -0.00334     |
|    std                  | 0.911        |
|    value_loss           | 0.00514      |
------------------------------------------
-----------------------------------------
| rollout/                |             |
|    ep_len_mean          | 134         |
|    ep_rew_mean          | 0.257       |
| time/                   |             |
|    fps                  | 101         |
|    iterations           | 36          |
|    time_elapsed         | 91          |
|    total_timesteps      | 129536      |
| train/                  |             |
|    approx_kl            | 0.005080927 |
|    clip_fraction        | 0.0629      |
|    clip_range           | 0.2         |
|    entropy_loss         | -2.64       |
|    explained_variance   | 0.000409    |
|    learning_rate        | 0.0003      |
|    loss                 | -0.0353     |
|    n_updates            | 5050        |
|    policy_gradient_loss | -0.00552    |
|    std                  | 0.906       |
|    value_loss           | 0.0106      |
-----------------------------------------
-----------------------------------------
| rollout/                |             |
|    ep_len_mean          | 134         |
|    ep_rew_mean          | 0.264       |
| time/                   |             |
|    fps                  | 101         |
|    iterations           | 37          |
|    time_elapsed         | 93          |
|    total_timesteps      | 129792      |
| train/                  |             |
|    approx_kl            | 0.012191345 |
|    clip_fraction        | 0.0836      |
|    clip_range           | 0.2         |
|    entropy_loss         | -2.64       |
|    explained_variance   | 1.89e-05    |
|    learning_rate        | 0.0003      |
|    loss                 | 15.7        |
|    n_updates            | 5060        |
|    policy_gradient_loss | -0.0063     |
|    std                  | 0.904       |
|    value_loss           | 13.6        |
-----------------------------------------
----------------------------------------
| rollout/                |            |
|    ep_len_mean          | 135        |
|    ep_rew_mean          | 0.267      |
| time/                   |            |
|    fps                  | 101        |
|    iterations           | 38         |
|    time_elapsed         | 96         |
|    total_timesteps      | 130048     |
| train/                  |            |
|    approx_kl            | 0.00734742 |
|    clip_fraction        | 0.101      |
|    clip_range           | 0.2        |
|    entropy_loss         | -2.63      |
|    explained_variance   | -0.0144    |
|    learning_rate        | 0.0003     |
|    loss                 | -0.0275    |
|    n_updates            | 5070       |
|    policy_gradient_loss | -0.0052    |
|    std                  | 0.901      |
|    value_loss           | 0.00725    |
----------------------------------------
------------------------------------------
| rollout/                |              |
|    ep_len_mean          | 135          |
|    ep_rew_mean          | 0.466        |
| time/                   |              |
|    fps                  | 100          |
|    iterations           | 39           |
|    time_elapsed         | 99           |
|    total_timesteps      | 130304       |
| train/                  |              |
|    approx_kl            | 0.0047300067 |
|    clip_fraction        | 0.0293       |
|    clip_range           | 0.2          |
|    entropy_loss         | -2.63        |
|    explained_variance   | -0.000232    |
|    learning_rate        | 0.0003       |
|    loss                 | -0.0208      |
|    n_updates            | 5080         |
|    policy_gradient_loss | -0.00285     |
|    std                  | 0.901        |
|    value_loss           | 0.0166       |
------------------------------------------
------------------------------------------
| rollout/                |              |
|    ep_len_mean          | 135          |
|    ep_rew_mean          | 0.457        |
| time/                   |              |
|    fps                  | 100          |
|    iterations           | 40           |
|    time_elapsed         | 101          |
|    total_timesteps      | 130560       |
| train/                  |              |
|    approx_kl            | 0.0026840933 |
|    clip_fraction        | 0.0121       |
|    clip_range           | 0.2          |
|    entropy_loss         | -2.63        |
|    explained_variance   | -8.11e-06    |
|    learning_rate        | 0.0003       |
|    loss                 | 3.14         |
|    n_updates            | 5090         |
|    policy_gradient_loss | -0.00147     |
|    std                  | 0.903        |
|    value_loss           | 1.6          |
------------------------------------------
------------------------------------------
| rollout/                |              |
|    ep_len_mean          | 136          |
|    ep_rew_mean          | 0.444        |
| time/                   |              |
|    fps                  | 100          |
|    iterations           | 41           |
|    time_elapsed         | 104          |
|    total_timesteps      | 130816       |
| train/                  |              |
|    approx_kl            | 0.0031263446 |
|    clip_fraction        | 0.0324       |
|    clip_range           | 0.2          |
|    entropy_loss         | -2.63        |
|    explained_variance   | 0.000521     |
|    learning_rate        | 0.0003       |
|    loss                 | -0.0312      |
|    n_updates            | 5100         |
|    policy_gradient_loss | -0.00389     |
|    std                  | 0.9          |
|    value_loss           | 0.0123       |
------------------------------------------
----------------------------------------
| rollout/                |            |
|    ep_len_mean          | 136        |
|    ep_rew_mean          | 0.44       |
| time/                   |            |
|    fps                  | 101        |
|    iterations           | 42         |
|    time_elapsed         | 106        |
|    total_timesteps      | 131072     |
| train/                  |            |
|    approx_kl            | 0.00580862 |
|    clip_fraction        | 0.059      |
|    clip_range           | 0.2        |
|    entropy_loss         | -2.62      |
|    explained_variance   | 0.000234   |
|    learning_rate        | 0.0003     |
|    loss                 | -0.0361    |
|    n_updates            | 5110       |
|    policy_gradient_loss | -0.00434   |
|    std                  | 0.898      |
|    value_loss           | 0.00572    |
----------------------------------------
-----------------------------------------
| rollout/                |             |
|    ep_len_mean          | 137         |
|    ep_rew_mean          | 0.436       |
| time/                   |             |
|    fps                  | 100         |
|    iterations           | 43          |
|    time_elapsed         | 108         |
|    total_timesteps      | 131328      |
| train/                  |             |
|    approx_kl            | 0.005899887 |
|    clip_fraction        | 0.0316      |
|    clip_range           | 0.2         |
|    entropy_loss         | -2.62       |
|    explained_variance   | 0.00173     |
|    learning_rate        | 0.0003      |
|    loss                 | -0.0273     |
|    n_updates            | 5120        |
|    policy_gradient_loss | -0.00188    |
|    std                  | 0.897       |
|    value_loss           | 0.00986     |
-----------------------------------------
------------------------------------------
| rollout/                |              |
|    ep_len_mean          | 138          |
|    ep_rew_mean          | 0.429        |
| time/                   |              |
|    fps                  | 100          |
|    iterations           | 44           |
|    time_elapsed         | 111          |
|    total_timesteps      | 131584       |
| train/                  |              |
|    approx_kl            | 0.0064917784 |
|    clip_fraction        | 0.112        |
|    clip_range           | 0.2          |
|    entropy_loss         | -2.62        |
|    explained_variance   | 0.000683     |
|    learning_rate        | 0.0003       |
|    loss                 | -0.0405      |
|    n_updates            | 5130         |
|    policy_gradient_loss | -0.00929     |
|    std                  | 0.898        |
|    value_loss           | 0.00794      |
------------------------------------------
-----------------------------------------
| rollout/                |             |
|    ep_len_mean          | 138         |
|    ep_rew_mean          | 0.426       |
| time/                   |             |
|    fps                  | 100         |
|    iterations           | 45          |
|    time_elapsed         | 114         |
|    total_timesteps      | 131840      |
| train/                  |             |
|    approx_kl            | 0.008296172 |
|    clip_fraction        | 0.107       |
|    clip_range           | 0.2         |
|    entropy_loss         | -2.62       |
|    explained_variance   | -7.51e-06   |
|    learning_rate        | 0.0003      |
|    loss                 | -0.0235     |
|    n_updates            | 5140        |
|    policy_gradient_loss | -0.013      |
|    std                  | 0.896       |
|    value_loss           | 1.66        |
-----------------------------------------
------------------------------------------
| rollout/                |              |
|    ep_len_mean          | 139          |
|    ep_rew_mean          | 0.408        |
| time/                   |              |
|    fps                  | 100          |
|    iterations           | 46           |
|    time_elapsed         | 116          |
|    total_timesteps      | 132096       |
| train/                  |              |
|    approx_kl            | 0.0032321338 |
|    clip_fraction        | 0.0121       |
|    clip_range           | 0.2          |
|    entropy_loss         | -2.61        |
|    explained_variance   | 0.00352      |
|    learning_rate        | 0.0003       |
|    loss                 | -0.0321      |
|    n_updates            | 5150         |
|    policy_gradient_loss | -0.000783    |
|    std                  | 0.893        |
|    value_loss           | 0.0113       |
------------------------------------------
------------------------------------------
| rollout/                |              |
|    ep_len_mean          | 140          |
|    ep_rew_mean          | 0.399        |
| time/                   |              |
|    fps                  | 101          |
|    iterations           | 47           |
|    time_elapsed         | 119          |
|    total_timesteps      | 132352       |
| train/                  |              |
|    approx_kl            | 0.0047769453 |
|    clip_fraction        | 0.041        |
|    clip_range           | 0.2          |
|    entropy_loss         | -2.61        |
|    explained_variance   | 0.00082      |
|    learning_rate        | 0.0003       |
|    loss                 | -0.0286      |
|    n_updates            | 5160         |
|    policy_gradient_loss | -0.00354     |
|    std                  | 0.89         |
|    value_loss           | 0.00748      |
------------------------------------------
-----------------------------------------
| rollout/                |             |
|    ep_len_mean          | 140         |
|    ep_rew_mean          | 0.389       |
| time/                   |             |
|    fps                  | 100         |
|    iterations           | 48          |
|    time_elapsed         | 121         |
|    total_timesteps      | 132608      |
| train/                  |             |
|    approx_kl            | 0.006531651 |
|    clip_fraction        | 0.118       |
|    clip_range           | 0.2         |
|    entropy_loss         | -2.6        |
|    explained_variance   | -6.54e-05   |
|    learning_rate        | 0.0003      |
|    loss                 | -0.0296     |
|    n_updates            | 5170        |
|    policy_gradient_loss | -0.0107     |
|    std                  | 0.89        |
|    value_loss           | 0.0064      |
-----------------------------------------
------------------------------------------
| rollout/                |              |
|    ep_len_mean          | 142          |
|    ep_rew_mean          | 0.167        |
| time/                   |              |
|    fps                  | 100          |
|    iterations           | 49           |
|    time_elapsed         | 124          |
|    total_timesteps      | 132864       |
| train/                  |              |
|    approx_kl            | 0.0034117312 |
|    clip_fraction        | 0.0516       |
|    clip_range           | 0.2          |
|    entropy_loss         | -2.6         |
|    explained_variance   | 0.0012       |
|    learning_rate        | 0.0003       |
|    loss                 | -0.0279      |
|    n_updates            | 5180         |
|    policy_gradient_loss | -0.00512     |
|    std                  | 0.89         |
|    value_loss           | 0.00676      |
------------------------------------------
------------------------------------------
| rollout/                |              |
|    ep_len_mean          | 143          |
|    ep_rew_mean          | 0.16         |
| time/                   |              |
|    fps                  | 100          |
|    iterations           | 50           |
|    time_elapsed         | 126          |
|    total_timesteps      | 133120       |
| train/                  |              |
|    approx_kl            | 0.0034421617 |
|    clip_fraction        | 0.0117       |
|    clip_range           | 0.2          |
|    entropy_loss         | -2.6         |
|    explained_variance   | 0.000686     |
|    learning_rate        | 0.0003       |
|    loss                 | -0.017       |
|    n_updates            | 5190         |
|    policy_gradient_loss | -0.000556    |
|    std                  | 0.887        |
|    value_loss           | 0.00479      |
------------------------------------------
-----------------------------------------
| rollout/                |             |
|    ep_len_mean          | 142         |
|    ep_rew_mean          | 0.37        |
| time/                   |             |
|    fps                  | 100         |
|    iterations           | 51          |
|    time_elapsed         | 129         |
|    total_timesteps      | 133376      |
| train/                  |             |
|    approx_kl            | 0.005268499 |
|    clip_fraction        | 0.0688      |
|    clip_range           | 0.2         |
|    entropy_loss         | -2.59       |
|    explained_variance   | -0.000251   |
|    learning_rate        | 0.0003      |
|    loss                 | -0.02       |
|    n_updates            | 5200        |
|    policy_gradient_loss | -0.00423    |
|    std                  | 0.887       |
|    value_loss           | 0.00596     |
-----------------------------------------
------------------------------------------
| rollout/                |              |
|    ep_len_mean          | 143          |
|    ep_rew_mean          | 0.365        |
| time/                   |              |
|    fps                  | 100          |
|    iterations           | 52           |
|    time_elapsed         | 132          |
|    total_timesteps      | 133632       |
| train/                  |              |
|    approx_kl            | 0.0043816515 |
|    clip_fraction        | 0.0457       |
|    clip_range           | 0.2          |
|    entropy_loss         | -2.6         |
|    explained_variance   | -4.77e-06    |
|    learning_rate        | 0.0003       |
|    loss                 | 3.36         |
|    n_updates            | 5210         |
|    policy_gradient_loss | -0.00374     |
|    std                  | 0.888        |
|    value_loss           | 1.7          |
------------------------------------------
-----------------------------------------
| rollout/                |             |
|    ep_len_mean          | 144         |
|    ep_rew_mean          | 0.365       |
| time/                   |             |
|    fps                  | 100         |
|    iterations           | 53          |
|    time_elapsed         | 134         |
|    total_timesteps      | 133888      |
| train/                  |             |
|    approx_kl            | 0.005416817 |
|    clip_fraction        | 0.034       |
|    clip_range           | 0.2         |
|    entropy_loss         | -2.6        |
|    explained_variance   | -0.00304    |
|    learning_rate        | 0.0003      |
|    loss                 | -0.0276     |
|    n_updates            | 5220        |
|    policy_gradient_loss | -0.00374    |
|    std                  | 0.89        |
|    value_loss           | 0.00608     |
-----------------------------------------
-----------------------------------------
| rollout/                |             |
|    ep_len_mean          | 145         |
|    ep_rew_mean          | 0.147       |
| time/                   |             |
|    fps                  | 100         |
|    iterations           | 54          |
|    time_elapsed         | 137         |
|    total_timesteps      | 134144      |
| train/                  |             |
|    approx_kl            | 0.004903226 |
|    clip_fraction        | 0.0359      |
|    clip_range           | 0.2         |
|    entropy_loss         | -2.6        |
|    explained_variance   | -0.00142    |
|    learning_rate        | 0.0003      |
|    loss                 | -0.0294     |
|    n_updates            | 5230        |
|    policy_gradient_loss | -0.00377    |
|    std                  | 0.891       |
|    value_loss           | 0.00665     |
-----------------------------------------
------------------------------------------
| rollout/                |              |
|    ep_len_mean          | 144          |
|    ep_rew_mean          | 0.34         |
| time/                   |              |
|    fps                  | 100          |
|    iterations           | 55           |
|    time_elapsed         | 139          |
|    total_timesteps      | 134400       |
| train/                  |              |
|    approx_kl            | 0.0057224687 |
|    clip_fraction        | 0.0621       |
|    clip_range           | 0.2          |
|    entropy_loss         | -2.61        |
|    explained_variance   | 0.00157      |
|    learning_rate        | 0.0003       |
|    loss                 | -0.0222      |
|    n_updates            | 5240         |
|    policy_gradient_loss | -0.00245     |
|    std                  | 0.891        |
|    value_loss           | 0.00464      |
------------------------------------------
-----------------------------------------
| rollout/                |             |
|    ep_len_mean          | 145         |
|    ep_rew_mean          | 0.325       |
| time/                   |             |
|    fps                  | 100         |
|    iterations           | 56          |
|    time_elapsed         | 142         |
|    total_timesteps      | 134656      |
| train/                  |             |
|    approx_kl            | 0.007486061 |
|    clip_fraction        | 0.105       |
|    clip_range           | 0.2         |
|    entropy_loss         | -2.61       |
|    explained_variance   | 4.26e-05    |
|    learning_rate        | 0.0003      |
|    loss                 | -0.0474     |
|    n_updates            | 5250        |
|    policy_gradient_loss | -0.0083     |
|    std                  | 0.892       |
|    value_loss           | 1.71        |
-----------------------------------------
----------------------------------------
| rollout/                |            |
|    ep_len_mean          | 146        |
|    ep_rew_mean          | 0.327      |
| time/                   |            |
|    fps                  | 100        |
|    iterations           | 57         |
|    time_elapsed         | 144        |
|    total_timesteps      | 134912     |
| train/                  |            |
|    approx_kl            | 0.00487604 |
|    clip_fraction        | 0.052      |
|    clip_range           | 0.2        |
|    entropy_loss         | -2.61      |
|    explained_variance   | 0.00264    |
|    learning_rate        | 0.0003     |
|    loss                 | -0.0346    |
|    n_updates            | 5260       |
|    policy_gradient_loss | -0.0036    |
|    std                  | 0.897      |
|    value_loss           | 0.00708    |
----------------------------------------
------------------------------------------
| rollout/                |              |
|    ep_len_mean          | 148          |
|    ep_rew_mean          | 0.112        |
| time/                   |              |
|    fps                  | 100          |
|    iterations           | 58           |
|    time_elapsed         | 147          |
|    total_timesteps      | 135168       |
| train/                  |              |
|    approx_kl            | 0.0058946433 |
|    clip_fraction        | 0.0813       |
|    clip_range           | 0.2          |
|    entropy_loss         | -2.62        |
|    explained_variance   | 0.000626     |
|    learning_rate        | 0.0003       |
|    loss                 | -0.0262      |
|    n_updates            | 5270         |
|    policy_gradient_loss | -0.00492     |
|    std                  | 0.898        |
|    value_loss           | 0.00538      |
------------------------------------------
------------------------------------------
| rollout/                |              |
|    ep_len_mean          | 148          |
|    ep_rew_mean          | 0.113        |
| time/                   |              |
|    fps                  | 100          |
|    iterations           | 59           |
|    time_elapsed         | 150          |
|    total_timesteps      | 135424       |
| train/                  |              |
|    approx_kl            | 0.0021251389 |
|    clip_fraction        | 0.0469       |
|    clip_range           | 0.2          |
|    entropy_loss         | -2.63        |
|    explained_variance   | -0.000202    |
|    learning_rate        | 0.0003       |
|    loss                 | -0.0309      |
|    n_updates            | 5280         |
|    policy_gradient_loss | -0.00297     |
|    std                  | 0.904        |
|    value_loss           | 0.00529      |
------------------------------------------
-----------------------------------------
| rollout/                |             |
|    ep_len_mean          | 148         |
|    ep_rew_mean          | 0.107       |
| time/                   |             |
|    fps                  | 100         |
|    iterations           | 60          |
|    time_elapsed         | 152         |
|    total_timesteps      | 135680      |
| train/                  |             |
|    approx_kl            | 0.004540471 |
|    clip_fraction        | 0.0121      |
|    clip_range           | 0.2         |
|    entropy_loss         | -2.64       |
|    explained_variance   | 0.00196     |
|    learning_rate        | 0.0003      |
|    loss                 | -0.0181     |
|    n_updates            | 5290        |
|    policy_gradient_loss | -0.00163    |
|    std                  | 0.906       |
|    value_loss           | 0.0067      |
-----------------------------------------
-----------------------------------------
| rollout/                |             |
|    ep_len_mean          | 148         |
|    ep_rew_mean          | 0.108       |
| time/                   |             |
|    fps                  | 100         |
|    iterations           | 61          |
|    time_elapsed         | 154         |
|    total_timesteps      | 135936      |
| train/                  |             |
|    approx_kl            | 0.005553264 |
|    clip_fraction        | 0.0723      |
|    clip_range           | 0.2         |
|    entropy_loss         | -2.64       |
|    explained_variance   | 0.000609    |
|    learning_rate        | 0.0003      |
|    loss                 | -0.0269     |
|    n_updates            | 5300        |
|    policy_gradient_loss | -0.0063     |
|    std                  | 0.912       |
|    value_loss           | 0.00725     |
-----------------------------------------
------------------------------------------
| rollout/                |              |
|    ep_len_mean          | 148          |
|    ep_rew_mean          | 0.0962       |
| time/                   |              |
|    fps                  | 100          |
|    iterations           | 62           |
|    time_elapsed         | 157          |
|    total_timesteps      | 136192       |
| train/                  |              |
|    approx_kl            | 0.0047604907 |
|    clip_fraction        | 0.0484       |
|    clip_range           | 0.2          |
|    entropy_loss         | -2.65        |
|    explained_variance   | 0.000268     |
|    learning_rate        | 0.0003       |
|    loss                 | -0.0326      |
|    n_updates            | 5310         |
|    policy_gradient_loss | -0.00571     |
|    std                  | 0.914        |
|    value_loss           | 0.00494      |
------------------------------------------
------------------------------------------
| rollout/                |              |
|    ep_len_mean          | 148          |
|    ep_rew_mean          | 0.0806       |
| time/                   |              |
|    fps                  | 100          |
|    iterations           | 63           |
|    time_elapsed         | 159          |
|    total_timesteps      | 136448       |
| train/                  |              |
|    approx_kl            | 0.0064786715 |
|    clip_fraction        | 0.0781       |
|    clip_range           | 0.2          |
|    entropy_loss         | -2.66        |
|    explained_variance   | 0.000701     |
|    learning_rate        | 0.0003       |
|    loss                 | -0.023       |
|    n_updates            | 5320         |
|    policy_gradient_loss | -0.00799     |
|    std                  | 0.915        |
|    value_loss           | 0.00545      |
------------------------------------------
-----------------------------------------
| rollout/                |             |
|    ep_len_mean          | 148         |
|    ep_rew_mean          | 0.0682      |
| time/                   |             |
|    fps                  | 100         |
|    iterations           | 64          |
|    time_elapsed         | 162         |
|    total_timesteps      | 136704      |
| train/                  |             |
|    approx_kl            | 0.003318975 |
|    clip_fraction        | 0.0203      |
|    clip_range           | 0.2         |
|    entropy_loss         | -2.65       |
|    explained_variance   | -0.00234    |
|    learning_rate        | 0.0003      |
|    loss                 | -0.034      |
|    n_updates            | 5330        |
|    policy_gradient_loss | -0.00142    |
|    std                  | 0.913       |
|    value_loss           | 0.00536     |
-----------------------------------------
-----------------------------------------
| rollout/                |             |
|    ep_len_mean          | 148         |
|    ep_rew_mean          | 0.057       |
| time/                   |             |
|    fps                  | 100         |
|    iterations           | 65          |
|    time_elapsed         | 164         |
|    total_timesteps      | 136960      |
| train/                  |             |
|    approx_kl            | 0.004514685 |
|    clip_fraction        | 0.0449      |
|    clip_range           | 0.2         |
|    entropy_loss         | -2.65       |
|    explained_variance   | 0.00136     |
|    learning_rate        | 0.0003      |
|    loss                 | -0.0106     |
|    n_updates            | 5340        |
|    policy_gradient_loss | -0.00212    |
|    std                  | 0.915       |
|    value_loss           | 0.00531     |
-----------------------------------------
------------------------------------------
| rollout/                |              |
|    ep_len_mean          | 148          |
|    ep_rew_mean          | 0.0708       |
| time/                   |              |
|    fps                  | 100          |
|    iterations           | 66           |
|    time_elapsed         | 167          |
|    total_timesteps      | 137216       |
| train/                  |              |
|    approx_kl            | 0.0051916363 |
|    clip_fraction        | 0.0234       |
|    clip_range           | 0.2          |
|    entropy_loss         | -2.66        |
|    explained_variance   | 0.000201     |
|    learning_rate        | 0.0003       |
|    loss                 | -0.0269      |
|    n_updates            | 5350         |
|    policy_gradient_loss | -0.00197     |
|    std                  | 0.917        |
|    value_loss           | 0.00452      |
------------------------------------------
-----------------------------------------
| rollout/                |             |
|    ep_len_mean          | 148         |
|    ep_rew_mean          | 0.064       |
| time/                   |             |
|    fps                  | 100         |
|    iterations           | 67          |
|    time_elapsed         | 169         |
|    total_timesteps      | 137472      |
| train/                  |             |
|    approx_kl            | 0.003885811 |
|    clip_fraction        | 0.0637      |
|    clip_range           | 0.2         |
|    entropy_loss         | -2.67       |
|    explained_variance   | -0.00157    |
|    learning_rate        | 0.0003      |
|    loss                 | -0.0394     |
|    n_updates            | 5360        |
|    policy_gradient_loss | -0.00517    |
|    std                  | 0.922       |
|    value_loss           | 0.00489     |
-----------------------------------------
-----------------------------------------
| rollout/                |             |
|    ep_len_mean          | 148         |
|    ep_rew_mean          | 0.0556      |
| time/                   |             |
|    fps                  | 99          |
|    iterations           | 68          |
|    time_elapsed         | 174         |
|    total_timesteps      | 137728      |
| train/                  |             |
|    approx_kl            | 0.002751028 |
|    clip_fraction        | 0.0418      |
|    clip_range           | 0.2         |
|    entropy_loss         | -2.67       |
|    explained_variance   | -0.00323    |
|    learning_rate        | 0.0003      |
|    loss                 | -0.0258     |
|    n_updates            | 5370        |
|    policy_gradient_loss | -0.007      |
|    std                  | 0.913       |
|    value_loss           | 0.00506     |
-----------------------------------------
------------------------------------------
| rollout/                |              |
|    ep_len_mean          | 148          |
|    ep_rew_mean          | 0.0572       |
| time/                   |              |
|    fps                  | 99           |
|    iterations           | 69           |
|    time_elapsed         | 177          |
|    total_timesteps      | 137984       |
| train/                  |              |
|    approx_kl            | 0.0041638287 |
|    clip_fraction        | 0.0742       |
|    clip_range           | 0.2          |
|    entropy_loss         | -2.65        |
|    explained_variance   | -0.000915    |
|    learning_rate        | 0.0003       |
|    loss                 | -0.032       |
|    n_updates            | 5380         |
|    policy_gradient_loss | -0.00445     |
|    std                  | 0.909        |
|    value_loss           | 0.00505      |
------------------------------------------
-----------------------------------------
| rollout/                |             |
|    ep_len_mean          | 148         |
|    ep_rew_mean          | 0.0607      |
| time/                   |             |
|    fps                  | 99          |
|    iterations           | 70          |
|    time_elapsed         | 179         |
|    total_timesteps      | 138240      |
| train/                  |             |
|    approx_kl            | 0.009476595 |
|    clip_fraction        | 0.0301      |
|    clip_range           | 0.2         |
|    entropy_loss         | -2.65       |
|    explained_variance   | 0.00876     |
|    learning_rate        | 0.0003      |
|    loss                 | -0.0136     |
|    n_updates            | 5390        |
|    policy_gradient_loss | -0.000873   |
|    std                  | 0.91        |
|    value_loss           | 0.00577     |
-----------------------------------------
------------------------------------------
| rollout/                |              |
|    ep_len_mean          | 148          |
|    ep_rew_mean          | 0.0538       |
| time/                   |              |
|    fps                  | 99           |
|    iterations           | 71           |
|    time_elapsed         | 182          |
|    total_timesteps      | 138496       |
| train/                  |              |
|    approx_kl            | 0.0063551017 |
|    clip_fraction        | 0.0664       |
|    clip_range           | 0.2          |
|    entropy_loss         | -2.65        |
|    explained_variance   | -0.000161    |
|    learning_rate        | 0.0003       |
|    loss                 | -0.037       |
|    n_updates            | 5400         |
|    policy_gradient_loss | -0.00532     |
|    std                  | 0.91         |
|    value_loss           | 0.006        |
------------------------------------------
-----------------------------------------
| rollout/                |             |
|    ep_len_mean          | 148         |
|    ep_rew_mean          | 0.0434      |
| time/                   |             |
|    fps                  | 99          |
|    iterations           | 72          |
|    time_elapsed         | 185         |
|    total_timesteps      | 138752      |
| train/                  |             |
|    approx_kl            | 0.005428132 |
|    clip_fraction        | 0.0766      |
|    clip_range           | 0.2         |
|    entropy_loss         | -2.65       |
|    explained_variance   | 0.00652     |
|    learning_rate        | 0.0003      |
|    loss                 | -0.0402     |
|    n_updates            | 5410        |
|    policy_gradient_loss | -0.00821    |
|    std                  | 0.909       |
|    value_loss           | 0.00445     |
-----------------------------------------
-----------------------------------------
| rollout/                |             |
|    ep_len_mean          | 148         |
|    ep_rew_mean          | 0.0501      |
| time/                   |             |
|    fps                  | 99          |
|    iterations           | 73          |
|    time_elapsed         | 187         |
|    total_timesteps      | 139008      |
| train/                  |             |
|    approx_kl            | 0.006111314 |
|    clip_fraction        | 0.0555      |
|    clip_range           | 0.2         |
|    entropy_loss         | -2.64       |
|    explained_variance   | -0.000138   |
|    learning_rate        | 0.0003      |
|    loss                 | -0.0413     |
|    n_updates            | 5420        |
|    policy_gradient_loss | -0.0051     |
|    std                  | 0.907       |
|    value_loss           | 0.00634     |
-----------------------------------------
------------------------------------------
| rollout/                |              |
|    ep_len_mean          | 148          |
|    ep_rew_mean          | 0.0742       |
| time/                   |              |
|    fps                  | 99           |
|    iterations           | 74           |
|    time_elapsed         | 190          |
|    total_timesteps      | 139264       |
| train/                  |              |
|    approx_kl            | 0.0067279404 |
|    clip_fraction        | 0.0145       |
|    clip_range           | 0.2          |
|    entropy_loss         | -2.64        |
|    explained_variance   | -0.0031      |
|    learning_rate        | 0.0003       |
|    loss                 | -0.0307      |
|    n_updates            | 5430         |
|    policy_gradient_loss | -0.000955    |
|    std                  | 0.909        |
|    value_loss           | 0.0053       |
------------------------------------------
-----------------------------------------
| rollout/                |             |
|    ep_len_mean          | 148         |
|    ep_rew_mean          | 0.0868      |
| time/                   |             |
|    fps                  | 99          |
|    iterations           | 75          |
|    time_elapsed         | 193         |
|    total_timesteps      | 139520      |
| train/                  |             |
|    approx_kl            | 0.004750616 |
|    clip_fraction        | 0.091       |
|    clip_range           | 0.2         |
|    entropy_loss         | -2.64       |
|    explained_variance   | 0.000422    |
|    learning_rate        | 0.0003      |
|    loss                 | -0.029      |
|    n_updates            | 5440        |
|    policy_gradient_loss | -0.00546    |
|    std                  | 0.908       |
|    value_loss           | 0.00359     |
-----------------------------------------
------------------------------------------
| rollout/                |              |
|    ep_len_mean          | 148          |
|    ep_rew_mean          | 0.103        |
| time/                   |              |
|    fps                  | 99           |
|    iterations           | 76           |
|    time_elapsed         | 196          |
|    total_timesteps      | 139776       |
| train/                  |              |
|    approx_kl            | 0.0049376413 |
|    clip_fraction        | 0.00469      |
|    clip_range           | 0.2          |
|    entropy_loss         | -2.64        |
|    explained_variance   | 0.000146     |
|    learning_rate        | 0.0003       |
|    loss                 | -0.0218      |
|    n_updates            | 5450         |
|    policy_gradient_loss | -0.00068     |
|    std                  | 0.902        |
|    value_loss           | 0.00545      |
------------------------------------------
-----------------------------------------
| rollout/                |             |
|    ep_len_mean          | 149         |
|    ep_rew_mean          | -0.114      |
| time/                   |             |
|    fps                  | 99          |
|    iterations           | 77          |
|    time_elapsed         | 198         |
|    total_timesteps      | 140032      |
| train/                  |             |
|    approx_kl            | 0.005648844 |
|    clip_fraction        | 0.0613      |
|    clip_range           | 0.2         |
|    entropy_loss         | -2.63       |
|    explained_variance   | 0.00267     |
|    learning_rate        | 0.0003      |
|    loss                 | -0.0178     |
|    n_updates            | 5460        |
|    policy_gradient_loss | -0.0036     |
|    std                  | 0.902       |
|    value_loss           | 0.00435     |
-----------------------------------------
------------------------------------------
| rollout/                |              |
|    ep_len_mean          | 149          |
|    ep_rew_mean          | -0.11        |
| time/                   |              |
|    fps                  | 99           |
|    iterations           | 78           |
|    time_elapsed         | 201          |
|    total_timesteps      | 140288       |
| train/                  |              |
|    approx_kl            | 0.0027842042 |
|    clip_fraction        | 0.05         |
|    clip_range           | 0.2          |
|    entropy_loss         | -2.63        |
|    explained_variance   | 4.15e-05     |
|    learning_rate        | 0.0003       |
|    loss                 | -0.0499      |
|    n_updates            | 5470         |
|    policy_gradient_loss | -0.00396     |
|    std                  | 0.903        |
|    value_loss           | 0.00502      |
------------------------------------------
-----------------------------------------
| rollout/                |             |
|    ep_len_mean          | 149         |
|    ep_rew_mean          | -0.119      |
| time/                   |             |
|    fps                  | 99          |
|    iterations           | 79          |
|    time_elapsed         | 203         |
|    total_timesteps      | 140544      |
| train/                  |             |
|    approx_kl            | 0.004940113 |
|    clip_fraction        | 0.0312      |
|    clip_range           | 0.2         |
|    entropy_loss         | -2.63       |
|    explained_variance   | -0.00324    |
|    learning_rate        | 0.0003      |
|    loss                 | -0.035      |
|    n_updates            | 5480        |
|    policy_gradient_loss | -0.00217    |
|    std                  | 0.905       |
|    value_loss           | 0.00531     |
-----------------------------------------
------------------------------------------
| rollout/                |              |
|    ep_len_mean          | 149          |
|    ep_rew_mean          | -0.123       |
| time/                   |              |
|    fps                  | 99           |
|    iterations           | 80           |
|    time_elapsed         | 206          |
|    total_timesteps      | 140800       |
| train/                  |              |
|    approx_kl            | 0.0046543106 |
|    clip_fraction        | 0.0617       |
|    clip_range           | 0.2          |
|    entropy_loss         | -2.64        |
|    explained_variance   | 0.00253      |
|    learning_rate        | 0.0003       |
|    loss                 | -0.0254      |
|    n_updates            | 5490         |
|    policy_gradient_loss | -0.0054      |
|    std                  | 0.905        |
|    value_loss           | 0.00526      |
------------------------------------------
-----------------------------------------
| rollout/                |             |
|    ep_len_mean          | 149         |
|    ep_rew_mean          | -0.104      |
| time/                   |             |
|    fps                  | 99          |
|    iterations           | 81          |
|    time_elapsed         | 208         |
|    total_timesteps      | 141056      |
| train/                  |             |
|    approx_kl            | 0.005585001 |
|    clip_fraction        | 0.103       |
|    clip_range           | 0.2         |
|    entropy_loss         | -2.64       |
|    explained_variance   | -0.00266    |
|    learning_rate        | 0.0003      |
|    loss                 | -0.0394     |
|    n_updates            | 5500        |
|    policy_gradient_loss | -0.00732    |
|    std                  | 0.906       |
|    value_loss           | 0.00467     |
-----------------------------------------
------------------------------------------
| rollout/                |              |
|    ep_len_mean          | 149          |
|    ep_rew_mean          | -0.0916      |
| time/                   |              |
|    fps                  | 99           |
|    iterations           | 82           |
|    time_elapsed         | 211          |
|    total_timesteps      | 141312       |
| train/                  |              |
|    approx_kl            | 0.0045266375 |
|    clip_fraction        | 0.0215       |
|    clip_range           | 0.2          |
|    entropy_loss         | -2.64        |
|    explained_variance   | 0.000261     |
|    learning_rate        | 0.0003       |
|    loss                 | -0.0313      |
|    n_updates            | 5510         |
|    policy_gradient_loss | -0.000925    |
|    std                  | 0.905        |
|    value_loss           | 0.00518      |
------------------------------------------
-----------------------------------------
| rollout/                |             |
|    ep_len_mean          | 151         |
|    ep_rew_mean          | -0.313      |
| time/                   |             |
|    fps                  | 99          |
|    iterations           | 83          |
|    time_elapsed         | 214         |
|    total_timesteps      | 141568      |
| train/                  |             |
|    approx_kl            | 0.008866002 |
|    clip_fraction        | 0.0625      |
|    clip_range           | 0.2         |
|    entropy_loss         | -2.64       |
|    explained_variance   | 0.00299     |
|    learning_rate        | 0.0003      |
|    loss                 | -0.0105     |
|    n_updates            | 5520        |
|    policy_gradient_loss | -0.00428    |
|    std                  | 0.906       |
|    value_loss           | 0.00425     |
-----------------------------------------
------------------------------------------
| rollout/                |              |
|    ep_len_mean          | 151          |
|    ep_rew_mean          | -0.305       |
| time/                   |              |
|    fps                  | 99           |
|    iterations           | 84           |
|    time_elapsed         | 216          |
|    total_timesteps      | 141824       |
| train/                  |              |
|    approx_kl            | 0.0038116416 |
|    clip_fraction        | 0.0543       |
|    clip_range           | 0.2          |
|    entropy_loss         | -2.64        |
|    explained_variance   | 0.00103      |
|    learning_rate        | 0.0003       |
|    loss                 | -0.034       |
|    n_updates            | 5530         |
|    policy_gradient_loss | -0.00638     |
|    std                  | 0.905        |
|    value_loss           | 0.00656      |
------------------------------------------
-----------------------------------------
| rollout/                |             |
|    ep_len_mean          | 151         |
|    ep_rew_mean          | -0.305      |
| time/                   |             |
|    fps                  | 99          |
|    iterations           | 85          |
|    time_elapsed         | 219         |
|    total_timesteps      | 142080      |
| train/                  |             |
|    approx_kl            | 0.005075249 |
|    clip_fraction        | 0.0613      |
|    clip_range           | 0.2         |
|    entropy_loss         | -2.63       |
|    explained_variance   | -0.00351    |
|    learning_rate        | 0.0003      |
|    loss                 | -0.0338     |
|    n_updates            | 5540        |
|    policy_gradient_loss | -0.00796    |
|    std                  | 0.903       |
|    value_loss           | 0.00469     |
-----------------------------------------
-----------------------------------------
| rollout/                |             |
|    ep_len_mean          | 151         |
|    ep_rew_mean          | -0.307      |
| time/                   |             |
|    fps                  | 99          |
|    iterations           | 86          |
|    time_elapsed         | 222         |
|    total_timesteps      | 142336      |
| train/                  |             |
|    approx_kl            | 0.007998479 |
|    clip_fraction        | 0.0836      |
|    clip_range           | 0.2         |
|    entropy_loss         | -2.63       |
|    explained_variance   | -0.000157   |
|    learning_rate        | 0.0003      |
|    loss                 | -0.0412     |
|    n_updates            | 5550        |
|    policy_gradient_loss | -0.00721    |
|    std                  | 0.903       |
|    value_loss           | 0.00585     |
-----------------------------------------
-----------------------------------------
| rollout/                |             |
|    ep_len_mean          | 151         |
|    ep_rew_mean          | -0.302      |
| time/                   |             |
|    fps                  | 98          |
|    iterations           | 87          |
|    time_elapsed         | 224         |
|    total_timesteps      | 142592      |
| train/                  |             |
|    approx_kl            | 0.007738054 |
|    clip_fraction        | 0.0184      |
|    clip_range           | 0.2         |
|    entropy_loss         | -2.63       |
|    explained_variance   | -0.00231    |
|    learning_rate        | 0.0003      |
|    loss                 | -0.0599     |
|    n_updates            | 5560        |
|    policy_gradient_loss | -0.00166    |
|    std                  | 0.899       |
|    value_loss           | 0.00463     |
-----------------------------------------
----------------------------------------
| rollout/                |            |
|    ep_len_mean          | 151        |
|    ep_rew_mean          | -0.306     |
| time/                   |            |
|    fps                  | 98         |
|    iterations           | 88         |
|    time_elapsed         | 227        |
|    total_timesteps      | 142848     |
| train/                  |            |
|    approx_kl            | 0.00360067 |
|    clip_fraction        | 0.0172     |
|    clip_range           | 0.2        |
|    entropy_loss         | -2.62      |
|    explained_variance   | 0.00289    |
|    learning_rate        | 0.0003     |
|    loss                 | -0.0273    |
|    n_updates            | 5570       |
|    policy_gradient_loss | -0.00345   |
|    std                  | 0.899      |
|    value_loss           | 0.0055     |
----------------------------------------
------------------------------------------
| rollout/                |              |
|    ep_len_mean          | 151          |
|    ep_rew_mean          | -0.31        |
| time/                   |              |
|    fps                  | 98           |
|    iterations           | 89           |
|    time_elapsed         | 230          |
|    total_timesteps      | 143104       |
| train/                  |              |
|    approx_kl            | 0.0044312393 |
|    clip_fraction        | 0.0262       |
|    clip_range           | 0.2          |
|    entropy_loss         | -2.62        |
|    explained_variance   | 0.00012      |
|    learning_rate        | 0.0003       |
|    loss                 | -0.0392      |
|    n_updates            | 5580         |
|    policy_gradient_loss | -0.00274     |
|    std                  | 0.901        |
|    value_loss           | 0.00561      |
------------------------------------------
------------------------------------------
| rollout/                |              |
|    ep_len_mean          | 152          |
|    ep_rew_mean          | -0.527       |
| time/                   |              |
|    fps                  | 98           |
|    iterations           | 90           |
|    time_elapsed         | 232          |
|    total_timesteps      | 143360       |
| train/                  |              |
|    approx_kl            | 0.0033408343 |
|    clip_fraction        | 0.023        |
|    clip_range           | 0.2          |
|    entropy_loss         | -2.63        |
|    explained_variance   | -1.78e-05    |
|    learning_rate        | 0.0003       |
|    loss                 | -0.0276      |
|    n_updates            | 5590         |
|    policy_gradient_loss | -0.0024      |
|    std                  | 0.9          |
|    value_loss           | 0.005        |
------------------------------------------
------------------------------------------
| rollout/                |              |
|    ep_len_mean          | 152          |
|    ep_rew_mean          | -0.52        |
| time/                   |              |
|    fps                  | 98           |
|    iterations           | 91           |
|    time_elapsed         | 235          |
|    total_timesteps      | 143616       |
| train/                  |              |
|    approx_kl            | 0.0051502436 |
|    clip_fraction        | 0.0187       |
|    clip_range           | 0.2          |
|    entropy_loss         | -2.62        |
|    explained_variance   | -0.00237     |
|    learning_rate        | 0.0003       |
|    loss                 | -0.0156      |
|    n_updates            | 5600         |
|    policy_gradient_loss | -0.000581    |
|    std                  | 0.898        |
|    value_loss           | 0.00674      |
------------------------------------------
------------------------------------------
| rollout/                |              |
|    ep_len_mean          | 152          |
|    ep_rew_mean          | -0.526       |
| time/                   |              |
|    fps                  | 98           |
|    iterations           | 92           |
|    time_elapsed         | 238          |
|    total_timesteps      | 143872       |
| train/                  |              |
|    approx_kl            | 0.0057502133 |
|    clip_fraction        | 0.0531       |
|    clip_range           | 0.2          |
|    entropy_loss         | -2.62        |
|    explained_variance   | -0.00062     |
|    learning_rate        | 0.0003       |
|    loss                 | -0.0604      |
|    n_updates            | 5610         |
|    policy_gradient_loss | -0.00777     |
|    std                  | 0.896        |
|    value_loss           | 0.00511      |
------------------------------------------
------------------------------------------
| rollout/                |              |
|    ep_len_mean          | 151          |
|    ep_rew_mean          | -0.309       |
| time/                   |              |
|    fps                  | 98           |
|    iterations           | 93           |
|    time_elapsed         | 241          |
|    total_timesteps      | 144128       |
| train/                  |              |
|    approx_kl            | 0.0039039068 |
|    clip_fraction        | 0.0535       |
|    clip_range           | 0.2          |
|    entropy_loss         | -2.62        |
|    explained_variance   | 0.00414      |
|    learning_rate        | 0.0003       |
|    loss                 | -0.0267      |
|    n_updates            | 5620         |
|    policy_gradient_loss | -0.00462     |
|    std                  | 0.898        |
|    value_loss           | 0.00595      |
------------------------------------------
------------------------------------------
| rollout/                |              |
|    ep_len_mean          | 151          |
|    ep_rew_mean          | -0.317       |
| time/                   |              |
|    fps                  | 98           |
|    iterations           | 94           |
|    time_elapsed         | 244          |
|    total_timesteps      | 144384       |
| train/                  |              |
|    approx_kl            | 0.0077769994 |
|    clip_fraction        | 0.0887       |
|    clip_range           | 0.2          |
|    entropy_loss         | -2.62        |
|    explained_variance   | 5.39e-05     |
|    learning_rate        | 0.0003       |
|    loss                 | -0.0473      |
|    n_updates            | 5630         |
|    policy_gradient_loss | -0.00607     |
|    std                  | 0.899        |
|    value_loss           | 1.73         |
------------------------------------------
------------------------------------------
| rollout/                |              |
|    ep_len_mean          | 151          |
|    ep_rew_mean          | -0.328       |
| time/                   |              |
|    fps                  | 98           |
|    iterations           | 95           |
|    time_elapsed         | 246          |
|    total_timesteps      | 144640       |
| train/                  |              |
|    approx_kl            | 0.0048219077 |
|    clip_fraction        | 0.0617       |
|    clip_range           | 0.2          |
|    entropy_loss         | -2.62        |
|    explained_variance   | -0.00339     |
|    learning_rate        | 0.0003       |
|    loss                 | -0.0393      |
|    n_updates            | 5640         |
|    policy_gradient_loss | -0.00457     |
|    std                  | 0.897        |
|    value_loss           | 0.00722      |
------------------------------------------
-----------------------------------------
| rollout/                |             |
|    ep_len_mean          | 152         |
|    ep_rew_mean          | -0.546      |
| time/                   |             |
|    fps                  | 98          |
|    iterations           | 96          |
|    time_elapsed         | 249         |
|    total_timesteps      | 144896      |
| train/                  |             |
|    approx_kl            | 0.005485271 |
|    clip_fraction        | 0.0492      |
|    clip_range           | 0.2         |
|    entropy_loss         | -2.62       |
|    explained_variance   | -0.00101    |
|    learning_rate        | 0.0003      |
|    loss                 | -0.0301     |
|    n_updates            | 5650        |
|    policy_gradient_loss | -0.00291    |
|    std                  | 0.894       |
|    value_loss           | 0.0064      |
-----------------------------------------
------------------------------------------
| rollout/                |              |
|    ep_len_mean          | 152          |
|    ep_rew_mean          | -0.553       |
| time/                   |              |
|    fps                  | 98           |
|    iterations           | 97           |
|    time_elapsed         | 251          |
|    total_timesteps      | 145152       |
| train/                  |              |
|    approx_kl            | 0.0042833416 |
|    clip_fraction        | 0.0246       |
|    clip_range           | 0.2          |
|    entropy_loss         | -2.61        |
|    explained_variance   | 0.00036      |
|    learning_rate        | 0.0003       |
|    loss                 | -0.0113      |
|    n_updates            | 5660         |
|    policy_gradient_loss | -0.00217     |
|    std                  | 0.893        |
|    value_loss           | 0.00537      |
------------------------------------------
------------------------------------------
| rollout/                |              |
|    ep_len_mean          | 152          |
|    ep_rew_mean          | -0.546       |
| time/                   |              |
|    fps                  | 98           |
|    iterations           | 98           |
|    time_elapsed         | 254          |
|    total_timesteps      | 145408       |
| train/                  |              |
|    approx_kl            | 0.0040616803 |
|    clip_fraction        | 0.0355       |
|    clip_range           | 0.2          |
|    entropy_loss         | -2.61        |
|    explained_variance   | 0.00156      |
|    learning_rate        | 0.0003       |
|    loss                 | -0.0292      |
|    n_updates            | 5670         |
|    policy_gradient_loss | -0.0022      |
|    std                  | 0.893        |
|    value_loss           | 0.00641      |
------------------------------------------
------------------------------------------
| rollout/                |              |
|    ep_len_mean          | 154          |
|    ep_rew_mean          | -0.759       |
| time/                   |              |
|    fps                  | 98           |
|    iterations           | 99           |
|    time_elapsed         | 256          |
|    total_timesteps      | 145664       |
| train/                  |              |
|    approx_kl            | 0.0038656835 |
|    clip_fraction        | 0.0293       |
|    clip_range           | 0.2          |
|    entropy_loss         | -2.61        |
|    explained_variance   | 0.00292      |
|    learning_rate        | 0.0003       |
|    loss                 | -0.0296      |
|    n_updates            | 5680         |
|    policy_gradient_loss | -0.00232     |
|    std                  | 0.889        |
|    value_loss           | 0.00583      |
------------------------------------------
-----------------------------------------
| rollout/                |             |
|    ep_len_mean          | 152         |
|    ep_rew_mean          | -0.533      |
| time/                   |             |
|    fps                  | 98          |
|    iterations           | 100         |
|    time_elapsed         | 259         |
|    total_timesteps      | 145920      |
| train/                  |             |
|    approx_kl            | 0.008809679 |
|    clip_fraction        | 0.0691      |
|    clip_range           | 0.2         |
|    entropy_loss         | -2.6        |
|    explained_variance   | -0.0036     |
|    learning_rate        | 0.0003      |
|    loss                 | -0.0214     |
|    n_updates            | 5690        |
|    policy_gradient_loss | -0.00589    |
|    std                  | 0.889       |
|    value_loss           | 0.0064      |
-----------------------------------------
-----------------------------------------
| rollout/                |             |
|    ep_len_mean          | 152         |
|    ep_rew_mean          | -0.538      |
| time/                   |             |
|    fps                  | 98          |
|    iterations           | 101         |
|    time_elapsed         | 262         |
|    total_timesteps      | 146176      |
| train/                  |             |
|    approx_kl            | 0.007676605 |
|    clip_fraction        | 0.102       |
|    clip_range           | 0.2         |
|    entropy_loss         | -2.6        |
|    explained_variance   | -0.000101   |
|    learning_rate        | 0.0003      |
|    loss                 | -0.0269     |
|    n_updates            | 5700        |
|    policy_gradient_loss | -0.00572    |
|    std                  | 0.891       |
|    value_loss           | 1.72        |
-----------------------------------------
------------------------------------------
| rollout/                |              |
|    ep_len_mean          | 152          |
|    ep_rew_mean          | -0.527       |
| time/                   |              |
|    fps                  | 98           |
|    iterations           | 102          |
|    time_elapsed         | 264          |
|    total_timesteps      | 146432       |
| train/                  |              |
|    approx_kl            | 0.0028629329 |
|    clip_fraction        | 0.0461       |
|    clip_range           | 0.2          |
|    entropy_loss         | -2.6         |
|    explained_variance   | 0.00345      |
|    learning_rate        | 0.0003       |
|    loss                 | -0.0371      |
|    n_updates            | 5710         |
|    policy_gradient_loss | -0.00446     |
|    std                  | 0.889        |
|    value_loss           | 0.00667      |
------------------------------------------
-----------------------------------------
| rollout/                |             |
|    ep_len_mean          | 152         |
|    ep_rew_mean          | -0.529      |
| time/                   |             |
|    fps                  | 98          |
|    iterations           | 103         |
|    time_elapsed         | 267         |
|    total_timesteps      | 146688      |
| train/                  |             |
|    approx_kl            | 0.007063444 |
|    clip_fraction        | 0.0629      |
|    clip_range           | 0.2         |
|    entropy_loss         | -2.6        |
|    explained_variance   | 0.00013     |
|    learning_rate        | 0.0003      |
|    loss                 | -0.0135     |
|    n_updates            | 5720        |
|    policy_gradient_loss | -0.00635    |
|    std                  | 0.889       |
|    value_loss           | 0.00757     |
-----------------------------------------
-------------------------------------------
| rollout/                |               |
|    ep_len_mean          | 152           |
|    ep_rew_mean          | -0.529        |
| time/                   |               |
|    fps                  | 98            |
|    iterations           | 104           |
|    time_elapsed         | 270           |
|    total_timesteps      | 146944        |
| train/                  |               |
|    approx_kl            | 0.00038039126 |
|    clip_fraction        | 0             |
|    clip_range           | 0.2           |
|    entropy_loss         | -2.6          |
|    explained_variance   | 5.02e-05      |
|    learning_rate        | 0.0003        |
|    loss                 | 3.37          |
|    n_updates            | 5730          |
|    policy_gradient_loss | 7.83e-05      |
|    std                  | 0.888         |
|    value_loss           | 1.7           |
-------------------------------------------
------------------------------------------
| rollout/                |              |
|    ep_len_mean          | 152          |
|    ep_rew_mean          | -0.523       |
| time/                   |              |
|    fps                  | 98           |
|    iterations           | 105          |
|    time_elapsed         | 272          |
|    total_timesteps      | 147200       |
| train/                  |              |
|    approx_kl            | 0.0066343527 |
|    clip_fraction        | 0.0258       |
|    clip_range           | 0.2          |
|    entropy_loss         | -2.6         |
|    explained_variance   | -0.01        |
|    learning_rate        | 0.0003       |
|    loss                 | -0.0298      |
|    n_updates            | 5740         |
|    policy_gradient_loss | -0.00142     |
|    std                  | 0.887        |
|    value_loss           | 0.00821      |
------------------------------------------
-----------------------------------------
| rollout/                |             |
|    ep_len_mean          | 152         |
|    ep_rew_mean          | -0.52       |
| time/                   |             |
|    fps                  | 98          |
|    iterations           | 106         |
|    time_elapsed         | 275         |
|    total_timesteps      | 147456      |
| train/                  |             |
|    approx_kl            | 0.005438951 |
|    clip_fraction        | 0.0414      |
|    clip_range           | 0.2         |
|    entropy_loss         | -2.6        |
|    explained_variance   | 0.000954    |
|    learning_rate        | 0.0003      |
|    loss                 | -0.0183     |
|    n_updates            | 5750        |
|    policy_gradient_loss | -0.0041     |
|    std                  | 0.887       |
|    value_loss           | 0.00564     |
-----------------------------------------
-----------------------------------------
| rollout/                |             |
|    ep_len_mean          | 152         |
|    ep_rew_mean          | -0.52       |
| time/                   |             |
|    fps                  | 98          |
|    iterations           | 107         |
|    time_elapsed         | 277         |
|    total_timesteps      | 147712      |
| train/                  |             |
|    approx_kl            | 0.006324955 |
|    clip_fraction        | 0.0535      |
|    clip_range           | 0.2         |
|    entropy_loss         | -2.59       |
|    explained_variance   | 0.000286    |
|    learning_rate        | 0.0003      |
|    loss                 | -0.0322     |
|    n_updates            | 5760        |
|    policy_gradient_loss | -0.00751    |
|    std                  | 0.885       |
|    value_loss           | 0.00331     |
-----------------------------------------
------------------------------------------
| rollout/                |              |
|    ep_len_mean          | 152          |
|    ep_rew_mean          | -0.53        |
| time/                   |              |
|    fps                  | 98           |
|    iterations           | 108          |
|    time_elapsed         | 279          |
|    total_timesteps      | 147968       |
| train/                  |              |
|    approx_kl            | 0.0048698876 |
|    clip_fraction        | 0.0324       |
|    clip_range           | 0.2          |
|    entropy_loss         | -2.59        |
|    explained_variance   | -0.0025      |
|    learning_rate        | 0.0003       |
|    loss                 | -0.0201      |
|    n_updates            | 5770         |
|    policy_gradient_loss | -0.00369     |
|    std                  | 0.879        |
|    value_loss           | 0.00378      |
------------------------------------------
------------------------------------------
| rollout/                |              |
|    ep_len_mean          | 152          |
|    ep_rew_mean          | -0.54        |
| time/                   |              |
|    fps                  | 98           |
|    iterations           | 109          |
|    time_elapsed         | 282          |
|    total_timesteps      | 148224       |
| train/                  |              |
|    approx_kl            | 0.0022252263 |
|    clip_fraction        | 0.0273       |
|    clip_range           | 0.2          |
|    entropy_loss         | -2.57        |
|    explained_variance   | -0.00132     |
|    learning_rate        | 0.0003       |
|    loss                 | -0.016       |
|    n_updates            | 5780         |
|    policy_gradient_loss | -0.00195     |
|    std                  | 0.877        |
|    value_loss           | 0.00579      |
------------------------------------------
-----------------------------------------
| rollout/                |             |
|    ep_len_mean          | 152         |
|    ep_rew_mean          | -0.535      |
| time/                   |             |
|    fps                  | 98          |
|    iterations           | 110         |
|    time_elapsed         | 284         |
|    total_timesteps      | 148480      |
| train/                  |             |
|    approx_kl            | 0.005591807 |
|    clip_fraction        | 0.0609      |
|    clip_range           | 0.2         |
|    entropy_loss         | -2.57       |
|    explained_variance   | 0.0004      |
|    learning_rate        | 0.0003      |
|    loss                 | -0.012      |
|    n_updates            | 5790        |
|    policy_gradient_loss | -0.00475    |
|    std                  | 0.877       |
|    value_loss           | 0.00333     |
-----------------------------------------
-----------------------------------------
| rollout/                |             |
|    ep_len_mean          | 153         |
|    ep_rew_mean          | -0.543      |
| time/                   |             |
|    fps                  | 98          |
|    iterations           | 111         |
|    time_elapsed         | 287         |
|    total_timesteps      | 148736      |
| train/                  |             |
|    approx_kl            | 0.007960694 |
|    clip_fraction        | 0.123       |
|    clip_range           | 0.2         |
|    entropy_loss         | -2.57       |
|    explained_variance   | 0.00172     |
|    learning_rate        | 0.0003      |
|    loss                 | -0.0578     |
|    n_updates            | 5800        |
|    policy_gradient_loss | -0.0133     |
|    std                  | 0.875       |
|    value_loss           | 0.00759     |
-----------------------------------------
------------------------------------------
| rollout/                |              |
|    ep_len_mean          | 153          |
|    ep_rew_mean          | -0.549       |
| time/                   |              |
|    fps                  | 98           |
|    iterations           | 112          |
|    time_elapsed         | 290          |
|    total_timesteps      | 148992       |
| train/                  |              |
|    approx_kl            | 0.0050807223 |
|    clip_fraction        | 0.0109       |
|    clip_range           | 0.2          |
|    entropy_loss         | -2.57        |
|    explained_variance   | -1.11e-05    |
|    learning_rate        | 0.0003       |
|    loss                 | 2.01         |
|    n_updates            | 5810         |
|    policy_gradient_loss | -0.000837    |
|    std                  | 0.875        |
|    value_loss           | 13.9         |
------------------------------------------
-----------------------------------------
| rollout/                |             |
|    ep_len_mean          | 153         |
|    ep_rew_mean          | -0.567      |
| time/                   |             |
|    fps                  | 98          |
|    iterations           | 113         |
|    time_elapsed         | 292         |
|    total_timesteps      | 149248      |
| train/                  |             |
|    approx_kl            | 0.003022069 |
|    clip_fraction        | 0.0375      |
|    clip_range           | 0.2         |
|    entropy_loss         | -2.57       |
|    explained_variance   | 0.00904     |
|    learning_rate        | 0.0003      |
|    loss                 | -0.0169     |
|    n_updates            | 5820        |
|    policy_gradient_loss | -0.00392    |
|    std                  | 0.876       |
|    value_loss           | 0.0234      |
-----------------------------------------
------------------------------------------
| rollout/                |              |
|    ep_len_mean          | 153          |
|    ep_rew_mean          | -0.576       |
| time/                   |              |
|    fps                  | 98           |
|    iterations           | 114          |
|    time_elapsed         | 295          |
|    total_timesteps      | 149504       |
| train/                  |              |
|    approx_kl            | 0.0072900457 |
|    clip_fraction        | 0.0187       |
|    clip_range           | 0.2          |
|    entropy_loss         | -2.58        |
|    explained_variance   | -0.000573    |
|    learning_rate        | 0.0003       |
|    loss                 | -0.0146      |
|    n_updates            | 5830         |
|    policy_gradient_loss | -0.00121     |
|    std                  | 0.88         |
|    value_loss           | 0.0162       |
------------------------------------------
------------------------------------------
| rollout/                |              |
|    ep_len_mean          | 154          |
|    ep_rew_mean          | -0.801       |
| time/                   |              |
|    fps                  | 98           |
|    iterations           | 115          |
|    time_elapsed         | 297          |
|    total_timesteps      | 149760       |
| train/                  |              |
|    approx_kl            | 0.0068281097 |
|    clip_fraction        | 0.0875       |
|    clip_range           | 0.2          |
|    entropy_loss         | -2.58        |
|    explained_variance   | -0.00529     |
|    learning_rate        | 0.0003       |
|    loss                 | -0.0375      |
|    n_updates            | 5840         |
|    policy_gradient_loss | -0.00506     |
|    std                  | 0.882        |
|    value_loss           | 0.0116       |
------------------------------------------
------------------------------------------
| rollout/                |              |
|    ep_len_mean          | 154          |
|    ep_rew_mean          | -0.804       |
| time/                   |              |
|    fps                  | 98           |
|    iterations           | 116          |
|    time_elapsed         | 300          |
|    total_timesteps      | 150016       |
| train/                  |              |
|    approx_kl            | 0.0016733364 |
|    clip_fraction        | 0            |
|    clip_range           | 0.2          |
|    entropy_loss         | -2.59        |
|    explained_variance   | -0.00163     |
|    learning_rate        | 0.0003       |
|    loss                 | -0.026       |
|    n_updates            | 5850         |
|    policy_gradient_loss | -6.87e-05    |
|    std                  | 0.884        |
|    value_loss           | 0.00949      |
------------------------------------------
------------------------------------------
| rollout/                |              |
|    ep_len_mean          | 154          |
|    ep_rew_mean          | -0.803       |
| time/                   |              |
|    fps                  | 98           |
|    iterations           | 117          |
|    time_elapsed         | 302          |
|    total_timesteps      | 150272       |
| train/                  |              |
|    approx_kl            | 0.0060409806 |
|    clip_fraction        | 0.1          |
|    clip_range           | 0.2          |
|    entropy_loss         | -2.59        |
|    explained_variance   | 0.000851     |
|    learning_rate        | 0.0003       |
|    loss                 | -0.0121      |
|    n_updates            | 5860         |
|    policy_gradient_loss | -0.00585     |
|    std                  | 0.885        |
|    value_loss           | 0.00635      |
------------------------------------------
-----------------------------------------
| rollout/                |             |
|    ep_len_mean          | 154         |
|    ep_rew_mean          | -0.814      |
| time/                   |             |
|    fps                  | 98          |
|    iterations           | 118         |
|    time_elapsed         | 305         |
|    total_timesteps      | 150528      |
| train/                  |             |
|    approx_kl            | 0.008019892 |
|    clip_fraction        | 0.134       |
|    clip_range           | 0.2         |
|    entropy_loss         | -2.59       |
|    explained_variance   | 0.000404    |
|    learning_rate        | 0.0003      |
|    loss                 | -0.0364     |
|    n_updates            | 5870        |
|    policy_gradient_loss | -0.011      |
|    std                  | 0.884       |
|    value_loss           | 0.00872     |
-----------------------------------------
-----------------------------------------
| rollout/                |             |
|    ep_len_mean          | 154         |
|    ep_rew_mean          | -0.816      |
| time/                   |             |
|    fps                  | 99          |
|    iterations           | 119         |
|    time_elapsed         | 307         |
|    total_timesteps      | 150784      |
| train/                  |             |
|    approx_kl            | 0.006499719 |
|    clip_fraction        | 0.0836      |
|    clip_range           | 0.2         |
|    entropy_loss         | -2.59       |
|    explained_variance   | -0.000653   |
|    learning_rate        | 0.0003      |
|    loss                 | -0.0435     |
|    n_updates            | 5880        |
|    policy_gradient_loss | -0.00631    |
|    std                  | 0.884       |
|    value_loss           | 0.00663     |
-----------------------------------------
------------------------------------------
| rollout/                |              |
|    ep_len_mean          | 154          |
|    ep_rew_mean          | -0.822       |
| time/                   |              |
|    fps                  | 99           |
|    iterations           | 120          |
|    time_elapsed         | 310          |
|    total_timesteps      | 151040       |
| train/                  |              |
|    approx_kl            | 0.0024553905 |
|    clip_fraction        | 0.000391     |
|    clip_range           | 0.2          |
|    entropy_loss         | -2.59        |
|    explained_variance   | 0.00217      |
|    learning_rate        | 0.0003       |
|    loss                 | -0.0298      |
|    n_updates            | 5890         |
|    policy_gradient_loss | -2.13e-05    |
|    std                  | 0.884        |
|    value_loss           | 0.00795      |
------------------------------------------
------------------------------------------
| rollout/                |              |
|    ep_len_mean          | 154          |
|    ep_rew_mean          | -0.826       |
| time/                   |              |
|    fps                  | 99           |
|    iterations           | 121          |
|    time_elapsed         | 312          |
|    total_timesteps      | 151296       |
| train/                  |              |
|    approx_kl            | 0.0053017614 |
|    clip_fraction        | 0.0551       |
|    clip_range           | 0.2          |
|    entropy_loss         | -2.58        |
|    explained_variance   | -7.71e-05    |
|    learning_rate        | 0.0003       |
|    loss                 | -0.0459      |
|    n_updates            | 5900         |
|    policy_gradient_loss | -0.00645     |
|    std                  | 0.879        |
|    value_loss           | 0.0045       |
------------------------------------------
------------------------------------------
| rollout/                |              |
|    ep_len_mean          | 154          |
|    ep_rew_mean          | -0.824       |
| time/                   |              |
|    fps                  | 99           |
|    iterations           | 122          |
|    time_elapsed         | 315          |
|    total_timesteps      | 151552       |
| train/                  |              |
|    approx_kl            | 0.0068128593 |
|    clip_fraction        | 0.0891       |
|    clip_range           | 0.2          |
|    entropy_loss         | -2.58        |
|    explained_variance   | 0.000908     |
|    learning_rate        | 0.0003       |
|    loss                 | -0.0165      |
|    n_updates            | 5910         |
|    policy_gradient_loss | -0.00822     |
|    std                  | 0.876        |
|    value_loss           | 0.00613      |
------------------------------------------
------------------------------------------
| rollout/                |              |
|    ep_len_mean          | 154          |
|    ep_rew_mean          | -0.817       |
| time/                   |              |
|    fps                  | 99           |
|    iterations           | 123          |
|    time_elapsed         | 317          |
|    total_timesteps      | 151808       |
| train/                  |              |
|    approx_kl            | 0.0034927218 |
|    clip_fraction        | 0.0289       |
|    clip_range           | 0.2          |
|    entropy_loss         | -2.57        |
|    explained_variance   | -0.00154     |
|    learning_rate        | 0.0003       |
|    loss                 | -0.0273      |
|    n_updates            | 5920         |
|    policy_gradient_loss | -0.00142     |
|    std                  | 0.874        |
|    value_loss           | 0.00641      |
------------------------------------------
-----------------------------------------
| rollout/                |             |
|    ep_len_mean          | 154         |
|    ep_rew_mean          | -0.814      |
| time/                   |             |
|    fps                  | 99          |
|    iterations           | 124         |
|    time_elapsed         | 320         |
|    total_timesteps      | 152064      |
| train/                  |             |
|    approx_kl            | 0.005894596 |
|    clip_fraction        | 0.052       |
|    clip_range           | 0.2         |
|    entropy_loss         | -2.57       |
|    explained_variance   | -0.0027     |
|    learning_rate        | 0.0003      |
|    loss                 | -0.0201     |
|    n_updates            | 5930        |
|    policy_gradient_loss | -0.00549    |
|    std                  | 0.874       |
|    value_loss           | 0.00565     |
-----------------------------------------
------------------------------------------
| rollout/                |              |
|    ep_len_mean          | 154          |
|    ep_rew_mean          | -0.818       |
| time/                   |              |
|    fps                  | 99           |
|    iterations           | 125          |
|    time_elapsed         | 322          |
|    total_timesteps      | 152320       |
| train/                  |              |
|    approx_kl            | 0.0060175285 |
|    clip_fraction        | 0.0672       |
|    clip_range           | 0.2          |
|    entropy_loss         | -2.57        |
|    explained_variance   | -0.000115    |
|    learning_rate        | 0.0003       |
|    loss                 | -0.0183      |
|    n_updates            | 5940         |
|    policy_gradient_loss | -0.00598     |
|    std                  | 0.874        |
|    value_loss           | 0.00523      |
------------------------------------------
------------------------------------------
| rollout/                |              |
|    ep_len_mean          | 154          |
|    ep_rew_mean          | -0.815       |
| time/                   |              |
|    fps                  | 99           |
|    iterations           | 126          |
|    time_elapsed         | 325          |
|    total_timesteps      | 152576       |
| train/                  |              |
|    approx_kl            | 0.0062878905 |
|    clip_fraction        | 0.114        |
|    clip_range           | 0.2          |
|    entropy_loss         | -2.57        |
|    explained_variance   | 0.000483     |
|    learning_rate        | 0.0003       |
|    loss                 | -0.0474      |
|    n_updates            | 5950         |
|    policy_gradient_loss | -0.00888     |
|    std                  | 0.878        |
|    value_loss           | 0.00459      |
------------------------------------------
------------------------------------------
| rollout/                |              |
|    ep_len_mean          | 154          |
|    ep_rew_mean          | -0.81        |
| time/                   |              |
|    fps                  | 99           |
|    iterations           | 127          |
|    time_elapsed         | 327          |
|    total_timesteps      | 152832       |
| train/                  |              |
|    approx_kl            | 0.0073294165 |
|    clip_fraction        | 0.116        |
|    clip_range           | 0.2          |
|    entropy_loss         | -2.58        |
|    explained_variance   | -0.00187     |
|    learning_rate        | 0.0003       |
|    loss                 | -0.0388      |
|    n_updates            | 5960         |
|    policy_gradient_loss | -0.00646     |
|    std                  | 0.882        |
|    value_loss           | 0.0049       |
------------------------------------------
-----------------------------------------
| rollout/                |             |
|    ep_len_mean          | 154         |
|    ep_rew_mean          | -0.81       |
| time/                   |             |
|    fps                  | 99          |
|    iterations           | 128         |
|    time_elapsed         | 330         |
|    total_timesteps      | 153088      |
| train/                  |             |
|    approx_kl            | 0.006762717 |
|    clip_fraction        | 0.0895      |
|    clip_range           | 0.2         |
|    entropy_loss         | -2.59       |
|    explained_variance   | 0.00319     |
|    learning_rate        | 0.0003      |
|    loss                 | -0.0303     |
|    n_updates            | 5970        |
|    policy_gradient_loss | -0.00865    |
|    std                  | 0.884       |
|    value_loss           | 0.00668     |
-----------------------------------------
-----------------------------------------
| rollout/                |             |
|    ep_len_mean          | 154         |
|    ep_rew_mean          | -0.81       |
| time/                   |             |
|    fps                  | 99          |
|    iterations           | 129         |
|    time_elapsed         | 332         |
|    total_timesteps      | 153344      |
| train/                  |             |
|    approx_kl            | 0.004566185 |
|    clip_fraction        | 0.0461      |
|    clip_range           | 0.2         |
|    entropy_loss         | -2.59       |
|    explained_variance   | 0.00124     |
|    learning_rate        | 0.0003      |
|    loss                 | -0.0266     |
|    n_updates            | 5980        |
|    policy_gradient_loss | -0.00381    |
|    std                  | 0.885       |
|    value_loss           | 0.006       |
-----------------------------------------
------------------------------------------
| rollout/                |              |
|    ep_len_mean          | 154          |
|    ep_rew_mean          | -0.806       |
| time/                   |              |
|    fps                  | 99           |
|    iterations           | 130          |
|    time_elapsed         | 335          |
|    total_timesteps      | 153600       |
| train/                  |              |
|    approx_kl            | 0.0055976994 |
|    clip_fraction        | 0.0551       |
|    clip_range           | 0.2          |
|    entropy_loss         | -2.59        |
|    explained_variance   | 0.000843     |
|    learning_rate        | 0.0003       |
|    loss                 | -0.0384      |
|    n_updates            | 5990         |
|    policy_gradient_loss | -0.00518     |
|    std                  | 0.882        |
|    value_loss           | 0.00603      |
------------------------------------------
------------------------------------------
| rollout/                |              |
|    ep_len_mean          | 154          |
|    ep_rew_mean          | -0.81        |
| time/                   |              |
|    fps                  | 99           |
|    iterations           | 131          |
|    time_elapsed         | 337          |
|    total_timesteps      | 153856       |
| train/                  |              |
|    approx_kl            | 0.0032336842 |
|    clip_fraction        | 0.0105       |
|    clip_range           | 0.2          |
|    entropy_loss         | -2.59        |
|    explained_variance   | -0.00169     |
|    learning_rate        | 0.0003       |
|    loss                 | -0.0209      |
|    n_updates            | 6000         |
|    policy_gradient_loss | -0.000602    |
|    std                  | 0.885        |
|    value_loss           | 0.00585      |
------------------------------------------
-----------------------------------------
| rollout/                |             |
|    ep_len_mean          | 154         |
|    ep_rew_mean          | -0.81       |
| time/                   |             |
|    fps                  | 99          |
|    iterations           | 132         |
|    time_elapsed         | 340         |
|    total_timesteps      | 154112      |
| train/                  |             |
|    approx_kl            | 0.008362027 |
|    clip_fraction        | 0.0195      |
|    clip_range           | 0.2         |
|    entropy_loss         | -2.59       |
|    explained_variance   | 0.00349     |
|    learning_rate        | 0.0003      |
|    loss                 | -0.0252     |
|    n_updates            | 6010        |
|    policy_gradient_loss | -0.000907   |
|    std                  | 0.887       |
|    value_loss           | 0.00704     |
-----------------------------------------
------------------------------------------
| rollout/                |              |
|    ep_len_mean          | 154          |
|    ep_rew_mean          | -0.808       |
| time/                   |              |
|    fps                  | 99           |
|    iterations           | 133          |
|    time_elapsed         | 342          |
|    total_timesteps      | 154368       |
| train/                  |              |
|    approx_kl            | 0.0040298398 |
|    clip_fraction        | 0.0137       |
|    clip_range           | 0.2          |
|    entropy_loss         | -2.59        |
|    explained_variance   | 0.00111      |
|    learning_rate        | 0.0003       |
|    loss                 | -0.0258      |
|    n_updates            | 6020         |
|    policy_gradient_loss | -0.00167     |
|    std                  | 0.883        |
|    value_loss           | 0.00535      |
------------------------------------------
------------------------------------------
| rollout/                |              |
|    ep_len_mean          | 153          |
|    ep_rew_mean          | -0.591       |
| time/                   |              |
|    fps                  | 99           |
|    iterations           | 134          |
|    time_elapsed         | 345          |
|    total_timesteps      | 154624       |
| train/                  |              |
|    approx_kl            | 0.0030212107 |
|    clip_fraction        | 0.0473       |
|    clip_range           | 0.2          |
|    entropy_loss         | -2.59        |
|    explained_variance   | 0.00494      |
|    learning_rate        | 0.0003       |
|    loss                 | -0.0359      |
|    n_updates            | 6030         |
|    policy_gradient_loss | -0.00343     |
|    std                  | 0.882        |
|    value_loss           | 0.0048       |
------------------------------------------
------------------------------------------
| rollout/                |              |
|    ep_len_mean          | 153          |
|    ep_rew_mean          | -0.589       |
| time/                   |              |
|    fps                  | 99           |
|    iterations           | 135          |
|    time_elapsed         | 348          |
|    total_timesteps      | 154880       |
| train/                  |              |
|    approx_kl            | 0.0068938145 |
|    clip_fraction        | 0.0281       |
|    clip_range           | 0.2          |
|    entropy_loss         | -2.58        |
|    explained_variance   | -6.81e-05    |
|    learning_rate        | 0.0003       |
|    loss                 | 3.4          |
|    n_updates            | 6040         |
|    policy_gradient_loss | -0.00152     |
|    std                  | 0.882        |
|    value_loss           | 1.71         |
------------------------------------------
------------------------------------------
| rollout/                |              |
|    ep_len_mean          | 153          |
|    ep_rew_mean          | -0.591       |
| time/                   |              |
|    fps                  | 99           |
|    iterations           | 136          |
|    time_elapsed         | 350          |
|    total_timesteps      | 155136       |
| train/                  |              |
|    approx_kl            | 0.0025429777 |
|    clip_fraction        | 0.00117      |
|    clip_range           | 0.2          |
|    entropy_loss         | -2.58        |
|    explained_variance   | -0.00363     |
|    learning_rate        | 0.0003       |
|    loss                 | -0.0112      |
|    n_updates            | 6050         |
|    policy_gradient_loss | -0.00044     |
|    std                  | 0.877        |
|    value_loss           | 0.00599      |
------------------------------------------
-----------------------------------------
| rollout/                |             |
|    ep_len_mean          | 153         |
|    ep_rew_mean          | -0.591      |
| time/                   |             |
|    fps                  | 99          |
|    iterations           | 137         |
|    time_elapsed         | 353         |
|    total_timesteps      | 155392      |
| train/                  |             |
|    approx_kl            | 0.007358649 |
|    clip_fraction        | 0.144       |
|    clip_range           | 0.2         |
|    entropy_loss         | -2.57       |
|    explained_variance   | 0.000449    |
|    learning_rate        | 0.0003      |
|    loss                 | -0.0271     |
|    n_updates            | 6060        |
|    policy_gradient_loss | -0.015      |
|    std                  | 0.879       |
|    value_loss           | 0.00503     |
-----------------------------------------
-----------------------------------------
| rollout/                |             |
|    ep_len_mean          | 153         |
|    ep_rew_mean          | -0.584      |
| time/                   |             |
|    fps                  | 99          |
|    iterations           | 138         |
|    time_elapsed         | 355         |
|    total_timesteps      | 155648      |
| train/                  |             |
|    approx_kl            | 0.007662448 |
|    clip_fraction        | 0.0977      |
|    clip_range           | 0.2         |
|    entropy_loss         | -2.58       |
|    explained_variance   | -0.000383   |
|    learning_rate        | 0.0003      |
|    loss                 | -0.0559     |
|    n_updates            | 6070        |
|    policy_gradient_loss | -0.0061     |
|    std                  | 0.876       |
|    value_loss           | 0.00585     |
-----------------------------------------
------------------------------------------
| rollout/                |              |
|    ep_len_mean          | 153          |
|    ep_rew_mean          | -0.577       |
| time/                   |              |
|    fps                  | 99           |
|    iterations           | 139          |
|    time_elapsed         | 357          |
|    total_timesteps      | 155904       |
| train/                  |              |
|    approx_kl            | 0.0047714487 |
|    clip_fraction        | 0.0469       |
|    clip_range           | 0.2          |
|    entropy_loss         | -2.57        |
|    explained_variance   | 0.00116      |
|    learning_rate        | 0.0003       |
|    loss                 | -0.0216      |
|    n_updates            | 6080         |
|    policy_gradient_loss | -0.00499     |
|    std                  | 0.879        |
|    value_loss           | 0.0075       |
------------------------------------------
-----------------------------------------
| rollout/                |             |
|    ep_len_mean          | 153         |
|    ep_rew_mean          | -0.568      |
| time/                   |             |
|    fps                  | 99          |
|    iterations           | 140         |
|    time_elapsed         | 360         |
|    total_timesteps      | 156160      |
| train/                  |             |
|    approx_kl            | 0.005810869 |
|    clip_fraction        | 0.0828      |
|    clip_range           | 0.2         |
|    entropy_loss         | -2.58       |
|    explained_variance   | -0.00256    |
|    learning_rate        | 0.0003      |
|    loss                 | -0.045      |
|    n_updates            | 6090        |
|    policy_gradient_loss | -0.0066     |
|    std                  | 0.88        |
|    value_loss           | 0.0042      |
-----------------------------------------
------------------------------------------
| rollout/                |              |
|    ep_len_mean          | 153          |
|    ep_rew_mean          | -0.585       |
| time/                   |              |
|    fps                  | 99           |
|    iterations           | 141          |
|    time_elapsed         | 363          |
|    total_timesteps      | 156416       |
| train/                  |              |
|    approx_kl            | 0.0045933584 |
|    clip_fraction        | 0.0676       |
|    clip_range           | 0.2          |
|    entropy_loss         | -2.58        |
|    explained_variance   | 0.0007       |
|    learning_rate        | 0.0003       |
|    loss                 | -0.031       |
|    n_updates            | 6100         |
|    policy_gradient_loss | -0.00539     |
|    std                  | 0.878        |
|    value_loss           | 0.0048       |
------------------------------------------
----------------------------------------
| rollout/                |            |
|    ep_len_mean          | 153        |
|    ep_rew_mean          | -0.581     |
| time/                   |            |
|    fps                  | 99         |
|    iterations           | 142        |
|    time_elapsed         | 365        |
|    total_timesteps      | 156672     |
| train/                  |            |
|    approx_kl            | 0.00907681 |
|    clip_fraction        | 0.12       |
|    clip_range           | 0.2        |
|    entropy_loss         | -2.57      |
|    explained_variance   | -0.00279   |
|    learning_rate        | 0.0003     |
|    loss                 | -0.0326    |
|    n_updates            | 6110       |
|    policy_gradient_loss | -0.0129    |
|    std                  | 0.876      |
|    value_loss           | 0.005      |
----------------------------------------
------------------------------------------
| rollout/                |              |
|    ep_len_mean          | 153          |
|    ep_rew_mean          | -0.576       |
| time/                   |              |
|    fps                  | 99           |
|    iterations           | 143          |
|    time_elapsed         | 368          |
|    total_timesteps      | 156928       |
| train/                  |              |
|    approx_kl            | 0.0061630793 |
|    clip_fraction        | 0.113        |
|    clip_range           | 0.2          |
|    entropy_loss         | -2.56        |
|    explained_variance   | 0.000518     |
|    learning_rate        | 0.0003       |
|    loss                 | -0.0378      |
|    n_updates            | 6120         |
|    policy_gradient_loss | -0.0112      |
|    std                  | 0.871        |
|    value_loss           | 0.00326      |
------------------------------------------
-----------------------------------------
| rollout/                |             |
|    ep_len_mean          | 153         |
|    ep_rew_mean          | -0.579      |
| time/                   |             |
|    fps                  | 99          |
|    iterations           | 144         |
|    time_elapsed         | 370         |
|    total_timesteps      | 157184      |
| train/                  |             |
|    approx_kl            | 0.007561274 |
|    clip_fraction        | 0.111       |
|    clip_range           | 0.2         |
|    entropy_loss         | -2.56       |
|    explained_variance   | 0.00186     |
|    learning_rate        | 0.0003      |
|    loss                 | -0.0158     |
|    n_updates            | 6130        |
|    policy_gradient_loss | -0.0135     |
|    std                  | 0.869       |
|    value_loss           | 0.00721     |
-----------------------------------------
-----------------------------------------
| rollout/                |             |
|    ep_len_mean          | 153         |
|    ep_rew_mean          | -0.584      |
| time/                   |             |
|    fps                  | 99          |
|    iterations           | 145         |
|    time_elapsed         | 372         |
|    total_timesteps      | 157440      |
| train/                  |             |
|    approx_kl            | 0.008719739 |
|    clip_fraction        | 0.0801      |
|    clip_range           | 0.2         |
|    entropy_loss         | -2.55       |
|    explained_variance   | 5.64e-05    |
|    learning_rate        | 0.0003      |
|    loss                 | -0.0147     |
|    n_updates            | 6140        |
|    policy_gradient_loss | -0.00392    |
|    std                  | 0.869       |
|    value_loss           | 0.00562     |
-----------------------------------------
-----------------------------------------
| rollout/                |             |
|    ep_len_mean          | 153         |
|    ep_rew_mean          | -0.595      |
| time/                   |             |
|    fps                  | 99          |
|    iterations           | 146         |
|    time_elapsed         | 375         |
|    total_timesteps      | 157696      |
| train/                  |             |
|    approx_kl            | 0.006155328 |
|    clip_fraction        | 0.05        |
|    clip_range           | 0.2         |
|    entropy_loss         | -2.55       |
|    explained_variance   | 0.000392    |
|    learning_rate        | 0.0003      |
|    loss                 | -0.0315     |
|    n_updates            | 6150        |
|    policy_gradient_loss | -0.00387    |
|    std                  | 0.868       |
|    value_loss           | 0.00378     |
-----------------------------------------
-----------------------------------------
| rollout/                |             |
|    ep_len_mean          | 153         |
|    ep_rew_mean          | -0.583      |
| time/                   |             |
|    fps                  | 99          |
|    iterations           | 147         |
|    time_elapsed         | 377         |
|    total_timesteps      | 157952      |
| train/                  |             |
|    approx_kl            | 0.007489698 |
|    clip_fraction        | 0.0492      |
|    clip_range           | 0.2         |
|    entropy_loss         | -2.55       |
|    explained_variance   | -0.0081     |
|    learning_rate        | 0.0003      |
|    loss                 | -0.0309     |
|    n_updates            | 6160        |
|    policy_gradient_loss | -0.00274    |
|    std                  | 0.865       |
|    value_loss           | 0.00332     |
-----------------------------------------
-----------------------------------------
| rollout/                |             |
|    ep_len_mean          | 153         |
|    ep_rew_mean          | -0.576      |
| time/                   |             |
|    fps                  | 99          |
|    iterations           | 148         |
|    time_elapsed         | 380         |
|    total_timesteps      | 158208      |
| train/                  |             |
|    approx_kl            | 0.009935028 |
|    clip_fraction        | 0.114       |
|    clip_range           | 0.2         |
|    entropy_loss         | -2.55       |
|    explained_variance   | -0.00275    |
|    learning_rate        | 0.0003      |
|    loss                 | -0.0282     |
|    n_updates            | 6170        |
|    policy_gradient_loss | -0.00906    |
|    std                  | 0.868       |
|    value_loss           | 0.00303     |
-----------------------------------------
-----------------------------------------
| rollout/                |             |
|    ep_len_mean          | 153         |
|    ep_rew_mean          | -0.583      |
| time/                   |             |
|    fps                  | 99          |
|    iterations           | 149         |
|    time_elapsed         | 382         |
|    total_timesteps      | 158464      |
| train/                  |             |
|    approx_kl            | 0.004997637 |
|    clip_fraction        | 0.0469      |
|    clip_range           | 0.2         |
|    entropy_loss         | -2.55       |
|    explained_variance   | 0.000675    |
|    learning_rate        | 0.0003      |
|    loss                 | -0.0313     |
|    n_updates            | 6180        |
|    policy_gradient_loss | -0.00658    |
|    std                  | 0.867       |
|    value_loss           | 0.00732     |
-----------------------------------------
-----------------------------------------
| rollout/                |             |
|    ep_len_mean          | 153         |
|    ep_rew_mean          | -0.562      |
| time/                   |             |
|    fps                  | 99          |
|    iterations           | 150         |
|    time_elapsed         | 385         |
|    total_timesteps      | 158720      |
| train/                  |             |
|    approx_kl            | 0.005449333 |
|    clip_fraction        | 0.0172      |
|    clip_range           | 0.2         |
|    entropy_loss         | -2.55       |
|    explained_variance   | -0.000533   |
|    learning_rate        | 0.0003      |
|    loss                 | -0.0309     |
|    n_updates            | 6190        |
|    policy_gradient_loss | -0.000887   |
|    std                  | 0.867       |
|    value_loss           | 0.00765     |
-----------------------------------------
------------------------------------------
| rollout/                |              |
|    ep_len_mean          | 152          |
|    ep_rew_mean          | -0.366       |
| time/                   |              |
|    fps                  | 99           |
|    iterations           | 151          |
|    time_elapsed         | 388          |
|    total_timesteps      | 158976       |
| train/                  |              |
|    approx_kl            | 0.0036411986 |
|    clip_fraction        | 0.027        |
|    clip_range           | 0.2          |
|    entropy_loss         | -2.55        |
|    explained_variance   | 0.000236     |
|    learning_rate        | 0.0003       |
|    loss                 | -0.0157      |
|    n_updates            | 6200         |
|    policy_gradient_loss | -0.00237     |
|    std                  | 0.867        |
|    value_loss           | 0.00582      |
------------------------------------------
------------------------------------------
| rollout/                |              |
|    ep_len_mean          | 152          |
|    ep_rew_mean          | -0.356       |
| time/                   |              |
|    fps                  | 99           |
|    iterations           | 152          |
|    time_elapsed         | 390          |
|    total_timesteps      | 159232       |
| train/                  |              |
|    approx_kl            | 0.0053842566 |
|    clip_fraction        | 0.0102       |
|    clip_range           | 0.2          |
|    entropy_loss         | -2.55        |
|    explained_variance   | 2.31e-05     |
|    learning_rate        | 0.0003       |
|    loss                 | 6.42         |
|    n_updates            | 6210         |
|    policy_gradient_loss | -0.00332     |
|    std                  | 0.868        |
|    value_loss           | 13.7         |
------------------------------------------
------------------------------------------
| rollout/                |              |
|    ep_len_mean          | 154          |
|    ep_rew_mean          | -0.612       |
| time/                   |              |
|    fps                  | 99           |
|    iterations           | 153          |
|    time_elapsed         | 392          |
|    total_timesteps      | 159488       |
| train/                  |              |
|    approx_kl            | 0.0055448264 |
|    clip_fraction        | 0.0387       |
|    clip_range           | 0.2          |
|    entropy_loss         | -2.55        |
|    explained_variance   | 0.00467      |
|    learning_rate        | 0.0003       |
|    loss                 | -0.00521     |
|    n_updates            | 6220         |
|    policy_gradient_loss | -0.00298     |
|    std                  | 0.868        |
|    value_loss           | 0.019        |
------------------------------------------
------------------------------------------
| rollout/                |              |
|    ep_len_mean          | 154          |
|    ep_rew_mean          | -0.628       |
| time/                   |              |
|    fps                  | 100          |
|    iterations           | 154          |
|    time_elapsed         | 393          |
|    total_timesteps      | 159744       |
| train/                  |              |
|    approx_kl            | 0.0056962813 |
|    clip_fraction        | 0.0121       |
|    clip_range           | 0.2          |
|    entropy_loss         | -2.55        |
|    explained_variance   | 0.000554     |
|    learning_rate        | 0.0003       |
|    loss                 | 0.0689       |
|    n_updates            | 6230         |
|    policy_gradient_loss | -0.000599    |
|    std                  | 0.869        |
|    value_loss           | 0.402        |
------------------------------------------
-----------------------------------------
| rollout/                |             |
|    ep_len_mean          | 154         |
|    ep_rew_mean          | -0.621      |
| time/                   |             |
|    fps                  | 100         |
|    iterations           | 155         |
|    time_elapsed         | 395         |
|    total_timesteps      | 160000      |
| train/                  |             |
|    approx_kl            | 0.012517657 |
|    clip_fraction        | 0.136       |
|    clip_range           | 0.2         |
|    entropy_loss         | -2.56       |
|    explained_variance   | -0.000115   |
|    learning_rate        | 0.0003      |
|    loss                 | 0.185       |
|    n_updates            | 6240        |
|    policy_gradient_loss | -0.00522    |
|    std                  | 0.869       |
|    value_loss           | 0.433       |
-----------------------------------------
------------------------------------------
| rollout/                |              |
|    ep_len_mean          | 154          |
|    ep_rew_mean          | -0.632       |
| time/                   |              |
|    fps                  | 100          |
|    iterations           | 156          |
|    time_elapsed         | 397          |
|    total_timesteps      | 160256       |
| train/                  |              |
|    approx_kl            | 0.0053907144 |
|    clip_fraction        | 0.0637       |
|    clip_range           | 0.2          |
|    entropy_loss         | -2.56        |
|    explained_variance   | -0.0471      |
|    learning_rate        | 0.0003       |
|    loss                 | -0.0125      |
|    n_updates            | 6250         |
|    policy_gradient_loss | -0.00508     |
|    std                  | 0.872        |
|    value_loss           | 0.00534      |
------------------------------------------
-----------------------------------------
| rollout/                |             |
|    ep_len_mean          | 154         |
|    ep_rew_mean          | -0.625      |
| time/                   |             |
|    fps                  | 100         |
|    iterations           | 157         |
|    time_elapsed         | 398         |
|    total_timesteps      | 160512      |
| train/                  |             |
|    approx_kl            | 0.012104221 |
|    clip_fraction        | 0.141       |
|    clip_range           | 0.2         |
|    entropy_loss         | -2.56       |
|    explained_variance   | -0.000565   |
|    learning_rate        | 0.0003      |
|    loss                 | 0.221       |
|    n_updates            | 6260        |
|    policy_gradient_loss | -0.00683    |
|    std                  | 0.871       |
|    value_loss           | 1.61        |
-----------------------------------------
----------------------------------------
| rollout/                |            |
|    ep_len_mean          | 154        |
|    ep_rew_mean          | -0.636     |
| time/                   |            |
|    fps                  | 100        |
|    iterations           | 158        |
|    time_elapsed         | 400        |
|    total_timesteps      | 160768     |
| train/                  |            |
|    approx_kl            | 0.01159735 |
|    clip_fraction        | 0.0582     |
|    clip_range           | 0.2        |
|    entropy_loss         | -2.56      |
|    explained_variance   | 0.00209    |
|    learning_rate        | 0.0003     |
|    loss                 | 0.00331    |
|    n_updates            | 6270       |
|    policy_gradient_loss | -0.00167   |
|    std                  | 0.873      |
|    value_loss           | 0.0699     |
----------------------------------------
-----------------------------------------
| rollout/                |             |
|    ep_len_mean          | 154         |
|    ep_rew_mean          | -0.632      |
| time/                   |             |
|    fps                  | 101         |
|    iterations           | 159         |
|    time_elapsed         | 402         |
|    total_timesteps      | 161024      |
| train/                  |             |
|    approx_kl            | 0.009999174 |
|    clip_fraction        | 0.145       |
|    clip_range           | 0.2         |
|    entropy_loss         | -2.57       |
|    explained_variance   | -0.000258   |
|    learning_rate        | 0.0003      |
|    loss                 | -0.0156     |
|    n_updates            | 6280        |
|    policy_gradient_loss | -0.0056     |
|    std                  | 0.875       |
|    value_loss           | 0.359       |
-----------------------------------------
-----------------------------------------
| rollout/                |             |
|    ep_len_mean          | 154         |
|    ep_rew_mean          | -0.637      |
| time/                   |             |
|    fps                  | 101         |
|    iterations           | 160         |
|    time_elapsed         | 403         |
|    total_timesteps      | 161280      |
| train/                  |             |
|    approx_kl            | 0.005742654 |
|    clip_fraction        | 0.0191      |
|    clip_range           | 0.2         |
|    entropy_loss         | -2.57       |
|    explained_variance   | 0.000585    |
|    learning_rate        | 0.0003      |
|    loss                 | 0.512       |
|    n_updates            | 6290        |
|    policy_gradient_loss | -0.00102    |
|    std                  | 0.876       |
|    value_loss           | 1.34        |
-----------------------------------------
------------------------------------------
| rollout/                |              |
|    ep_len_mean          | 156          |
|    ep_rew_mean          | -0.863       |
| time/                   |              |
|    fps                  | 101          |
|    iterations           | 161          |
|    time_elapsed         | 405          |
|    total_timesteps      | 161536       |
| train/                  |              |
|    approx_kl            | 0.0059790565 |
|    clip_fraction        | 0.0629       |
|    clip_range           | 0.2          |
|    entropy_loss         | -2.57        |
|    explained_variance   | 0.00148      |
|    learning_rate        | 0.0003       |
|    loss                 | 0.75         |
|    n_updates            | 6300         |
|    policy_gradient_loss | -0.00386     |
|    std                  | 0.877        |
|    value_loss           | 1.73         |
------------------------------------------
-----------------------------------------
| rollout/                |             |
|    ep_len_mean          | 156         |
|    ep_rew_mean          | -0.869      |
| time/                   |             |
|    fps                  | 101         |
|    iterations           | 162         |
|    time_elapsed         | 406         |
|    total_timesteps      | 161792      |
| train/                  |             |
|    approx_kl            | 0.008827629 |
|    clip_fraction        | 0.1         |
|    clip_range           | 0.2         |
|    entropy_loss         | -2.57       |
|    explained_variance   | 0.0127      |
|    learning_rate        | 0.0003      |
|    loss                 | 3.6         |
|    n_updates            | 6310        |
|    policy_gradient_loss | -0.00735    |
|    std                  | 0.877       |
|    value_loss           | 5.84        |
-----------------------------------------
-----------------------------------------
| rollout/                |             |
|    ep_len_mean          | 156         |
|    ep_rew_mean          | -0.869      |
| time/                   |             |
|    fps                  | 102         |
|    iterations           | 163         |
|    time_elapsed         | 408         |
|    total_timesteps      | 162048      |
| train/                  |             |
|    approx_kl            | 0.013986941 |
|    clip_fraction        | 0.199       |
|    clip_range           | 0.2         |
|    entropy_loss         | -2.57       |
|    explained_variance   | 0.048       |
|    learning_rate        | 0.0003      |
|    loss                 | 0.311       |
|    n_updates            | 6320        |
|    policy_gradient_loss | -0.0146     |
|    std                  | 0.875       |
|    value_loss           | 1.3         |
-----------------------------------------
------------------------------------------
| rollout/                |              |
|    ep_len_mean          | 156          |
|    ep_rew_mean          | -0.977       |
| time/                   |              |
|    fps                  | 102          |
|    iterations           | 164          |
|    time_elapsed         | 410          |
|    total_timesteps      | 162304       |
| train/                  |              |
|    approx_kl            | 0.0074512996 |
|    clip_fraction        | 0.0234       |
|    clip_range           | 0.2          |
|    entropy_loss         | -2.56        |
|    explained_variance   | 0.0905       |
|    learning_rate        | 0.0003       |
|    loss                 | 3.66         |
|    n_updates            | 6330         |
|    policy_gradient_loss | -0.00231     |
|    std                  | 0.872        |
|    value_loss           | 10.1         |
------------------------------------------
-----------------------------------------
| rollout/                |             |
|    ep_len_mean          | 157         |
|    ep_rew_mean          | -1.29       |
| time/                   |             |
|    fps                  | 102         |
|    iterations           | 165         |
|    time_elapsed         | 411         |
|    total_timesteps      | 162560      |
| train/                  |             |
|    approx_kl            | 0.006822072 |
|    clip_fraction        | 0.0363      |
|    clip_range           | 0.2         |
|    entropy_loss         | -2.56       |
|    explained_variance   | 0.0706      |
|    learning_rate        | 0.0003      |
|    loss                 | 6.12        |
|    n_updates            | 6340        |
|    policy_gradient_loss | -0.00505    |
|    std                  | 0.871       |
|    value_loss           | 13.5        |
-----------------------------------------
-----------------------------------------
| rollout/                |             |
|    ep_len_mean          | 157         |
|    ep_rew_mean          | -1.1        |
| time/                   |             |
|    fps                  | 102         |
|    iterations           | 166         |
|    time_elapsed         | 413         |
|    total_timesteps      | 162816      |
| train/                  |             |
|    approx_kl            | 0.005395952 |
|    clip_fraction        | 0.0215      |
|    clip_range           | 0.2         |
|    entropy_loss         | -2.56       |
|    explained_variance   | -0.0364     |
|    learning_rate        | 0.0003      |
|    loss                 | 8.67        |
|    n_updates            | 6350        |
|    policy_gradient_loss | -0.00271    |
|    std                  | 0.868       |
|    value_loss           | 19.3        |
-----------------------------------------
-----------------------------------------
| rollout/                |             |
|    ep_len_mean          | 157         |
|    ep_rew_mean          | -1.1        |
| time/                   |             |
|    fps                  | 103         |
|    iterations           | 167         |
|    time_elapsed         | 414         |
|    total_timesteps      | 163072      |
| train/                  |             |
|    approx_kl            | 0.007808429 |
|    clip_fraction        | 0.0262      |
|    clip_range           | 0.2         |
|    entropy_loss         | -2.55       |
|    explained_variance   | 0.0284      |
|    learning_rate        | 0.0003      |
|    loss                 | 11.7        |
|    n_updates            | 6360        |
|    policy_gradient_loss | -0.00349    |
|    std                  | 0.867       |
|    value_loss           | 27.1        |
-----------------------------------------
-----------------------------------------
| rollout/                |             |
|    ep_len_mean          | 157         |
|    ep_rew_mean          | -1.13       |
| time/                   |             |
|    fps                  | 103         |
|    iterations           | 168         |
|    time_elapsed         | 416         |
|    total_timesteps      | 163328      |
| train/                  |             |
|    approx_kl            | 0.015043267 |
|    clip_fraction        | 0.176       |
|    clip_range           | 0.2         |
|    entropy_loss         | -2.55       |
|    explained_variance   | -0.26       |
|    learning_rate        | 0.0003      |
|    loss                 | 1.78        |
|    n_updates            | 6370        |
|    policy_gradient_loss | -0.0129     |
|    std                  | 0.866       |
|    value_loss           | 3.12        |
-----------------------------------------
-----------------------------------------
| rollout/                |             |
|    ep_len_mean          | 157         |
|    ep_rew_mean          | -1.13       |
| time/                   |             |
|    fps                  | 103         |
|    iterations           | 169         |
|    time_elapsed         | 418         |
|    total_timesteps      | 163584      |
| train/                  |             |
|    approx_kl            | 0.004261338 |
|    clip_fraction        | 0.118       |
|    clip_range           | 0.2         |
|    entropy_loss         | -2.55       |
|    explained_variance   | 0.173       |
|    learning_rate        | 0.0003      |
|    loss                 | 0.0366      |
|    n_updates            | 6380        |
|    policy_gradient_loss | -0.00933    |
|    std                  | 0.87        |
|    value_loss           | 0.199       |
-----------------------------------------
-----------------------------------------
| rollout/                |             |
|    ep_len_mean          | 157         |
|    ep_rew_mean          | -1.13       |
| time/                   |             |
|    fps                  | 103         |
|    iterations           | 170         |
|    time_elapsed         | 419         |
|    total_timesteps      | 163840      |
| train/                  |             |
|    approx_kl            | 0.005731101 |
|    clip_fraction        | 0.016       |
|    clip_range           | 0.2         |
|    entropy_loss         | -2.56       |
|    explained_variance   | -0.147      |
|    learning_rate        | 0.0003      |
|    loss                 | 2.04        |
|    n_updates            | 6390        |
|    policy_gradient_loss | -0.00171    |
|    std                  | 0.871       |
|    value_loss           | 5.86        |
-----------------------------------------
-----------------------------------------
| rollout/                |             |
|    ep_len_mean          | 157         |
|    ep_rew_mean          | -1.21       |
| time/                   |             |
|    fps                  | 103         |
|    iterations           | 171         |
|    time_elapsed         | 421         |
|    total_timesteps      | 164096      |
| train/                  |             |
|    approx_kl            | 0.009050394 |
|    clip_fraction        | 0.125       |
|    clip_range           | 0.2         |
|    entropy_loss         | -2.56       |
|    explained_variance   | -0.0057     |
|    learning_rate        | 0.0003      |
|    loss                 | 1.11        |
|    n_updates            | 6400        |
|    policy_gradient_loss | -0.00848    |
|    std                  | 0.869       |
|    value_loss           | 2.65        |
-----------------------------------------
-----------------------------------------
| rollout/                |             |
|    ep_len_mean          | 157         |
|    ep_rew_mean          | -1.2        |
| time/                   |             |
|    fps                  | 103         |
|    iterations           | 172         |
|    time_elapsed         | 423         |
|    total_timesteps      | 164352      |
| train/                  |             |
|    approx_kl            | 0.017646786 |
|    clip_fraction        | 0.149       |
|    clip_range           | 0.2         |
|    entropy_loss         | -2.55       |
|    explained_variance   | 0.0571      |
|    learning_rate        | 0.0003      |
|    loss                 | 7.31        |
|    n_updates            | 6410        |
|    policy_gradient_loss | -0.0138     |
|    std                  | 0.868       |
|    value_loss           | 16.5        |
-----------------------------------------
------------------------------------------
| rollout/                |              |
|    ep_len_mean          | 157          |
|    ep_rew_mean          | -1.32        |
| time/                   |              |
|    fps                  | 104          |
|    iterations           | 173          |
|    time_elapsed         | 425          |
|    total_timesteps      | 164608       |
| train/                  |              |
|    approx_kl            | 0.0033485426 |
|    clip_fraction        | 0.00352      |
|    clip_range           | 0.2          |
|    entropy_loss         | -2.55        |
|    explained_variance   | -0.0796      |
|    learning_rate        | 0.0003       |
|    loss                 | 3.59         |
|    n_updates            | 6420         |
|    policy_gradient_loss | -0.000651    |
|    std                  | 0.867        |
|    value_loss           | 10.5         |
------------------------------------------
-----------------------------------------
| rollout/                |             |
|    ep_len_mean          | 157         |
|    ep_rew_mean          | -1.4        |
| time/                   |             |
|    fps                  | 104         |
|    iterations           | 174         |
|    time_elapsed         | 426         |
|    total_timesteps      | 164864      |
| train/                  |             |
|    approx_kl            | 0.003771291 |
|    clip_fraction        | 0.00117     |
|    clip_range           | 0.2         |
|    entropy_loss         | -2.55       |
|    explained_variance   | 0.00701     |
|    learning_rate        | 0.0003      |
|    loss                 | 10.4        |
|    n_updates            | 6430        |
|    policy_gradient_loss | -0.00257    |
|    std                  | 0.866       |
|    value_loss           | 19.6        |
-----------------------------------------
----------------------------------------
| rollout/                |            |
|    ep_len_mean          | 157        |
|    ep_rew_mean          | -1.36      |
| time/                   |            |
|    fps                  | 104        |
|    iterations           | 175        |
|    time_elapsed         | 428        |
|    total_timesteps      | 165120     |
| train/                  |            |
|    approx_kl            | 0.02268358 |
|    clip_fraction        | 0.212      |
|    clip_range           | 0.2        |
|    entropy_loss         | -2.55      |
|    explained_variance   | 0.191      |
|    learning_rate        | 0.0003     |
|    loss                 | 2.39       |
|    n_updates            | 6440       |
|    policy_gradient_loss | -0.0145    |
|    std                  | 0.866      |
|    value_loss           | 4.74       |
----------------------------------------
------------------------------------------
| rollout/                |              |
|    ep_len_mean          | 157          |
|    ep_rew_mean          | -1.54        |
| time/                   |              |
|    fps                  | 104          |
|    iterations           | 176          |
|    time_elapsed         | 430          |
|    total_timesteps      | 165376       |
| train/                  |              |
|    approx_kl            | 0.0058737495 |
|    clip_fraction        | 0.0117       |
|    clip_range           | 0.2          |
|    entropy_loss         | -2.55        |
|    explained_variance   | 0.321        |
|    learning_rate        | 0.0003       |
|    loss                 | 3.02         |
|    n_updates            | 6450         |
|    policy_gradient_loss | -0.00264     |
|    std                  | 0.866        |
|    value_loss           | 5.24         |
------------------------------------------
---------------------------------------
| rollout/                |           |
|    ep_len_mean          | 157       |
|    ep_rew_mean          | -1.65     |
| time/                   |           |
|    fps                  | 104       |
|    iterations           | 177       |
|    time_elapsed         | 432       |
|    total_timesteps      | 165632    |
| train/                  |           |
|    approx_kl            | 0.0099232 |
|    clip_fraction        | 0.0426    |
|    clip_range           | 0.2       |
|    entropy_loss         | -2.55     |
|    explained_variance   | 0.257     |
|    learning_rate        | 0.0003    |
|    loss                 | 4.06      |
|    n_updates            | 6460      |
|    policy_gradient_loss | -0.00662  |
|    std                  | 0.867     |
|    value_loss           | 13.7      |
---------------------------------------
-------------------------------------------
| rollout/                |               |
|    ep_len_mean          | 157           |
|    ep_rew_mean          | -1.63         |
| time/                   |               |
|    fps                  | 104           |
|    iterations           | 178           |
|    time_elapsed         | 434           |
|    total_timesteps      | 165888        |
| train/                  |               |
|    approx_kl            | 0.00041060243 |
|    clip_fraction        | 0             |
|    clip_range           | 0.2           |
|    entropy_loss         | -2.55         |
|    explained_variance   | 0.435         |
|    learning_rate        | 0.0003        |
|    loss                 | 2.84          |
|    n_updates            | 6470          |
|    policy_gradient_loss | -6.19e-05     |
|    std                  | 0.866         |
|    value_loss           | 5.06          |
-------------------------------------------
-----------------------------------------
| rollout/                |             |
|    ep_len_mean          | 157         |
|    ep_rew_mean          | -1.62       |
| time/                   |             |
|    fps                  | 104         |
|    iterations           | 179         |
|    time_elapsed         | 436         |
|    total_timesteps      | 166144      |
| train/                  |             |
|    approx_kl            | 0.007982192 |
|    clip_fraction        | 0.0328      |
|    clip_range           | 0.2         |
|    entropy_loss         | -2.55       |
|    explained_variance   | 0.778       |
|    learning_rate        | 0.0003      |
|    loss                 | -0.00813    |
|    n_updates            | 6480        |
|    policy_gradient_loss | -0.00427    |
|    std                  | 0.867       |
|    value_loss           | 0.0663      |
-----------------------------------------
-----------------------------------------
| rollout/                |             |
|    ep_len_mean          | 157         |
|    ep_rew_mean          | -1.63       |
| time/                   |             |
|    fps                  | 104         |
|    iterations           | 180         |
|    time_elapsed         | 439         |
|    total_timesteps      | 166400      |
| train/                  |             |
|    approx_kl            | 0.009744646 |
|    clip_fraction        | 0.11        |
|    clip_range           | 0.2         |
|    entropy_loss         | -2.55       |
|    explained_variance   | 0.923       |
|    learning_rate        | 0.0003      |
|    loss                 | -0.0504     |
|    n_updates            | 6490        |
|    policy_gradient_loss | -0.0149     |
|    std                  | 0.867       |
|    value_loss           | 0.0224      |
-----------------------------------------
----------------------------------------
| rollout/                |            |
|    ep_len_mean          | 157        |
|    ep_rew_mean          | -1.61      |
| time/                   |            |
|    fps                  | 104        |
|    iterations           | 181        |
|    time_elapsed         | 444        |
|    total_timesteps      | 166656     |
| train/                  |            |
|    approx_kl            | 0.00525128 |
|    clip_fraction        | 0.0461     |
|    clip_range           | 0.2        |
|    entropy_loss         | -2.55      |
|    explained_variance   | 0.875      |
|    learning_rate        | 0.0003     |
|    loss                 | -0.036     |
|    n_updates            | 6500       |
|    policy_gradient_loss | -0.00403   |
|    std                  | 0.863      |
|    value_loss           | 0.0203     |
----------------------------------------
-----------------------------------------
| rollout/                |             |
|    ep_len_mean          | 157         |
|    ep_rew_mean          | -1.61       |
| time/                   |             |
|    fps                  | 104         |
|    iterations           | 182         |
|    time_elapsed         | 446         |
|    total_timesteps      | 166912      |
| train/                  |             |
|    approx_kl            | 0.006970629 |
|    clip_fraction        | 0.0484      |
|    clip_range           | 0.2         |
|    entropy_loss         | -2.53       |
|    explained_variance   | 0.978       |
|    learning_rate        | 0.0003      |
|    loss                 | -0.037      |
|    n_updates            | 6510        |
|    policy_gradient_loss | -0.00491    |
|    std                  | 0.856       |
|    value_loss           | 0.007       |
-----------------------------------------
-----------------------------------------
| rollout/                |             |
|    ep_len_mean          | 157         |
|    ep_rew_mean          | -1.6        |
| time/                   |             |
|    fps                  | 104         |
|    iterations           | 183         |
|    time_elapsed         | 448         |
|    total_timesteps      | 167168      |
| train/                  |             |
|    approx_kl            | 0.006224005 |
|    clip_fraction        | 0.0301      |
|    clip_range           | 0.2         |
|    entropy_loss         | -2.52       |
|    explained_variance   | 0.982       |
|    learning_rate        | 0.0003      |
|    loss                 | -0.0281     |
|    n_updates            | 6520        |
|    policy_gradient_loss | -0.00316    |
|    std                  | 0.855       |
|    value_loss           | 0.00788     |
-----------------------------------------
-----------------------------------------
| rollout/                |             |
|    ep_len_mean          | 157         |
|    ep_rew_mean          | -1.59       |
| time/                   |             |
|    fps                  | 104         |
|    iterations           | 184         |
|    time_elapsed         | 451         |
|    total_timesteps      | 167424      |
| train/                  |             |
|    approx_kl            | 0.005713024 |
|    clip_fraction        | 0.0691      |
|    clip_range           | 0.2         |
|    entropy_loss         | -2.52       |
|    explained_variance   | 0.955       |
|    learning_rate        | 0.0003      |
|    loss                 | -0.0228     |
|    n_updates            | 6530        |
|    policy_gradient_loss | -0.00572    |
|    std                  | 0.852       |
|    value_loss           | 0.02        |
-----------------------------------------
------------------------------------------
| rollout/                |              |
|    ep_len_mean          | 157          |
|    ep_rew_mean          | -1.6         |
| time/                   |              |
|    fps                  | 104          |
|    iterations           | 185          |
|    time_elapsed         | 454          |
|    total_timesteps      | 167680       |
| train/                  |              |
|    approx_kl            | 0.0039513716 |
|    clip_fraction        | 0.00937      |
|    clip_range           | 0.2          |
|    entropy_loss         | -2.51        |
|    explained_variance   | 0.474        |
|    learning_rate        | 0.0003       |
|    loss                 | -0.0222      |
|    n_updates            | 6540         |
|    policy_gradient_loss | -0.000401    |
|    std                  | 0.851        |
|    value_loss           | 0.00663      |
------------------------------------------
------------------------------------------
| rollout/                |              |
|    ep_len_mean          | 157          |
|    ep_rew_mean          | -1.59        |
| time/                   |              |
|    fps                  | 104          |
|    iterations           | 186          |
|    time_elapsed         | 456          |
|    total_timesteps      | 167936       |
| train/                  |              |
|    approx_kl            | 0.0029053914 |
|    clip_fraction        | 0.025        |
|    clip_range           | 0.2          |
|    entropy_loss         | -2.51        |
|    explained_variance   | 0.797        |
|    learning_rate        | 0.0003       |
|    loss                 | -0.028       |
|    n_updates            | 6550         |
|    policy_gradient_loss | -0.00151     |
|    std                  | 0.85         |
|    value_loss           | 0.00453      |
------------------------------------------
-----------------------------------------
| rollout/                |             |
|    ep_len_mean          | 157         |
|    ep_rew_mean          | -1.59       |
| time/                   |             |
|    fps                  | 104         |
|    iterations           | 187         |
|    time_elapsed         | 458         |
|    total_timesteps      | 168192      |
| train/                  |             |
|    approx_kl            | 0.005573786 |
|    clip_fraction        | 0.0578      |
|    clip_range           | 0.2         |
|    entropy_loss         | -2.51       |
|    explained_variance   | 0.799       |
|    learning_rate        | 0.0003      |
|    loss                 | -0.0207     |
|    n_updates            | 6560        |
|    policy_gradient_loss | -0.00608    |
|    std                  | 0.852       |
|    value_loss           | 0.0109      |
-----------------------------------------
------------------------------------------
| rollout/                |              |
|    ep_len_mean          | 157          |
|    ep_rew_mean          | -1.59        |
| time/                   |              |
|    fps                  | 104          |
|    iterations           | 188          |
|    time_elapsed         | 461          |
|    total_timesteps      | 168448       |
| train/                  |              |
|    approx_kl            | 0.0065459944 |
|    clip_fraction        | 0.0512       |
|    clip_range           | 0.2          |
|    entropy_loss         | -2.52        |
|    explained_variance   | 0.918        |
|    learning_rate        | 0.0003       |
|    loss                 | -0.0188      |
|    n_updates            | 6570         |
|    policy_gradient_loss | -0.0039      |
|    std                  | 0.853        |
|    value_loss           | 0.00278      |
------------------------------------------
------------------------------------------
| rollout/                |              |
|    ep_len_mean          | 157          |
|    ep_rew_mean          | -1.59        |
| time/                   |              |
|    fps                  | 104          |
|    iterations           | 189          |
|    time_elapsed         | 464          |
|    total_timesteps      | 168704       |
| train/                  |              |
|    approx_kl            | 0.0029609257 |
|    clip_fraction        | 0.0465       |
|    clip_range           | 0.2          |
|    entropy_loss         | -2.52        |
|    explained_variance   | 0.711        |
|    learning_rate        | 0.0003       |
|    loss                 | -0.0319      |
|    n_updates            | 6580         |
|    policy_gradient_loss | -0.00481     |
|    std                  | 0.851        |
|    value_loss           | 0.0106       |
------------------------------------------
------------------------------------------
| rollout/                |              |
|    ep_len_mean          | 157          |
|    ep_rew_mean          | -1.61        |
| time/                   |              |
|    fps                  | 104          |
|    iterations           | 190          |
|    time_elapsed         | 466          |
|    total_timesteps      | 168960       |
| train/                  |              |
|    approx_kl            | 0.0022857867 |
|    clip_fraction        | 0.00391      |
|    clip_range           | 0.2          |
|    entropy_loss         | -2.51        |
|    explained_variance   | -0.298       |
|    learning_rate        | 0.0003       |
|    loss                 | -0.0294      |
|    n_updates            | 6590         |
|    policy_gradient_loss | -0.000579    |
|    std                  | 0.85         |
|    value_loss           | 0.00389      |
------------------------------------------
-----------------------------------------
| rollout/                |             |
|    ep_len_mean          | 157         |
|    ep_rew_mean          | -1.61       |
| time/                   |             |
|    fps                  | 104         |
|    iterations           | 191         |
|    time_elapsed         | 469         |
|    total_timesteps      | 169216      |
| train/                  |             |
|    approx_kl            | 0.007706822 |
|    clip_fraction        | 0.0996      |
|    clip_range           | 0.2         |
|    entropy_loss         | -2.51       |
|    explained_variance   | 0.951       |
|    learning_rate        | 0.0003      |
|    loss                 | -0.0518     |
|    n_updates            | 6600        |
|    policy_gradient_loss | -0.00915    |
|    std                  | 0.845       |
|    value_loss           | 0.00471     |
-----------------------------------------
-----------------------------------------
| rollout/                |             |
|    ep_len_mean          | 157         |
|    ep_rew_mean          | -1.61       |
| time/                   |             |
|    fps                  | 104         |
|    iterations           | 192         |
|    time_elapsed         | 471         |
|    total_timesteps      | 169472      |
| train/                  |             |
|    approx_kl            | 0.005482302 |
|    clip_fraction        | 0.0266      |
|    clip_range           | 0.2         |
|    entropy_loss         | -2.5        |
|    explained_variance   | 0.955       |
|    learning_rate        | 0.0003      |
|    loss                 | -0.0341     |
|    n_updates            | 6610        |
|    policy_gradient_loss | -0.00338    |
|    std                  | 0.844       |
|    value_loss           | 0.00861     |
-----------------------------------------
------------------------------------------
| rollout/                |              |
|    ep_len_mean          | 157          |
|    ep_rew_mean          | -1.6         |
| time/                   |              |
|    fps                  | 104          |
|    iterations           | 193          |
|    time_elapsed         | 474          |
|    total_timesteps      | 169728       |
| train/                  |              |
|    approx_kl            | 0.0068732663 |
|    clip_fraction        | 0.153        |
|    clip_range           | 0.2          |
|    entropy_loss         | -2.5         |
|    explained_variance   | 0.553        |
|    learning_rate        | 0.0003       |
|    loss                 | -0.0398      |
|    n_updates            | 6620         |
|    policy_gradient_loss | -0.00759     |
|    std                  | 0.848        |
|    value_loss           | 0.00246      |
------------------------------------------
-----------------------------------------
| rollout/                |             |
|    ep_len_mean          | 157         |
|    ep_rew_mean          | -1.6        |
| time/                   |             |
|    fps                  | 103         |
|    iterations           | 194         |
|    time_elapsed         | 478         |
|    total_timesteps      | 169984      |
| train/                  |             |
|    approx_kl            | 0.008436526 |
|    clip_fraction        | 0.105       |
|    clip_range           | 0.2         |
|    entropy_loss         | -2.51       |
|    explained_variance   | 0.887       |
|    learning_rate        | 0.0003      |
|    loss                 | -0.046      |
|    n_updates            | 6630        |
|    policy_gradient_loss | -0.00972    |
|    std                  | 0.847       |
|    value_loss           | 0.00393     |
-----------------------------------------
------------------------------------------
| rollout/                |              |
|    ep_len_mean          | 157          |
|    ep_rew_mean          | -1.6         |
| time/                   |              |
|    fps                  | 103          |
|    iterations           | 195          |
|    time_elapsed         | 481          |
|    total_timesteps      | 170240       |
| train/                  |              |
|    approx_kl            | 0.0040573934 |
|    clip_fraction        | 0.0242       |
|    clip_range           | 0.2          |
|    entropy_loss         | -2.5         |
|    explained_variance   | 0.983        |
|    learning_rate        | 0.0003       |
|    loss                 | -0.0333      |
|    n_updates            | 6640         |
|    policy_gradient_loss | -0.00165     |
|    std                  | 0.847        |
|    value_loss           | 0.00115      |
------------------------------------------
------------------------------------------
| rollout/                |              |
|    ep_len_mean          | 158          |
|    ep_rew_mean          | -1.84        |
| time/                   |              |
|    fps                  | 103          |
|    iterations           | 196          |
|    time_elapsed         | 483          |
|    total_timesteps      | 170496       |
| train/                  |              |
|    approx_kl            | 0.0067157424 |
|    clip_fraction        | 0.0266       |
|    clip_range           | 0.2          |
|    entropy_loss         | -2.5         |
|    explained_variance   | 0.902        |
|    learning_rate        | 0.0003       |
|    loss                 | -0.00554     |
|    n_updates            | 6650         |
|    policy_gradient_loss | -0.00242     |
|    std                  | 0.844        |
|    value_loss           | 0.00178      |
------------------------------------------
-----------------------------------------
| rollout/                |             |
|    ep_len_mean          | 158         |
|    ep_rew_mean          | -1.85       |
| time/                   |             |
|    fps                  | 103         |
|    iterations           | 197         |
|    time_elapsed         | 486         |
|    total_timesteps      | 170752      |
| train/                  |             |
|    approx_kl            | 0.008729299 |
|    clip_fraction        | 0.105       |
|    clip_range           | 0.2         |
|    entropy_loss         | -2.5        |
|    explained_variance   | 0.742       |
|    learning_rate        | 0.0003      |
|    loss                 | -0.0325     |
|    n_updates            | 6660        |
|    policy_gradient_loss | -0.00777    |
|    std                  | 0.845       |
|    value_loss           | 0.00419     |
-----------------------------------------
-----------------------------------------
| rollout/                |             |
|    ep_len_mean          | 158         |
|    ep_rew_mean          | -1.84       |
| time/                   |             |
|    fps                  | 103         |
|    iterations           | 198         |
|    time_elapsed         | 487         |
|    total_timesteps      | 171008      |
| train/                  |             |
|    approx_kl            | 0.007465606 |
|    clip_fraction        | 0.0824      |
|    clip_range           | 0.2         |
|    entropy_loss         | -2.51       |
|    explained_variance   | -0.979      |
|    learning_rate        | 0.0003      |
|    loss                 | -0.0481     |
|    n_updates            | 6670        |
|    policy_gradient_loss | -0.00851    |
|    std                  | 0.85        |
|    value_loss           | 0.00302     |
-----------------------------------------
------------------------------------------
| rollout/                |              |
|    ep_len_mean          | 158          |
|    ep_rew_mean          | -2.02        |
| time/                   |              |
|    fps                  | 104          |
|    iterations           | 199          |
|    time_elapsed         | 489          |
|    total_timesteps      | 171264       |
| train/                  |              |
|    approx_kl            | 0.0075158887 |
|    clip_fraction        | 0.0223       |
|    clip_range           | 0.2          |
|    entropy_loss         | -2.51        |
|    explained_variance   | 0.227        |
|    learning_rate        | 0.0003       |
|    loss                 | 3.63         |
|    n_updates            | 6680         |
|    policy_gradient_loss | -0.000532    |
|    std                  | 0.85         |
|    value_loss           | 2.09         |
------------------------------------------
------------------------------------------
| rollout/                |              |
|    ep_len_mean          | 158          |
|    ep_rew_mean          | -2.1         |
| time/                   |              |
|    fps                  | 104          |
|    iterations           | 200          |
|    time_elapsed         | 490          |
|    total_timesteps      | 171520       |
| train/                  |              |
|    approx_kl            | 0.0077874325 |
|    clip_fraction        | 0.0184       |
|    clip_range           | 0.2          |
|    entropy_loss         | -2.51        |
|    explained_variance   | 0.316        |
|    learning_rate        | 0.0003       |
|    loss                 | -0.0179      |
|    n_updates            | 6690         |
|    policy_gradient_loss | -0.00228     |
|    std                  | 0.85         |
|    value_loss           | 2.29         |
------------------------------------------
-----------------------------------------
| rollout/                |             |
|    ep_len_mean          | 158         |
|    ep_rew_mean          | -2.12       |
| time/                   |             |
|    fps                  | 104         |
|    iterations           | 201         |
|    time_elapsed         | 492         |
|    total_timesteps      | 171776      |
| train/                  |             |
|    approx_kl            | 0.005235033 |
|    clip_fraction        | 0.0723      |
|    clip_range           | 0.2         |
|    entropy_loss         | -2.51       |
|    explained_variance   | 0.901       |
|    learning_rate        | 0.0003      |
|    loss                 | -0.045      |
|    n_updates            | 6700        |
|    policy_gradient_loss | -0.00735    |
|    std                  | 0.845       |
|    value_loss           | 0.00886     |
-----------------------------------------
-----------------------------------------
| rollout/                |             |
|    ep_len_mean          | 158         |
|    ep_rew_mean          | -2.11       |
| time/                   |             |
|    fps                  | 104         |
|    iterations           | 202         |
|    time_elapsed         | 494         |
|    total_timesteps      | 172032      |
| train/                  |             |
|    approx_kl            | 0.002329242 |
|    clip_fraction        | 0           |
|    clip_range           | 0.2         |
|    entropy_loss         | -2.49       |
|    explained_variance   | 0.251       |
|    learning_rate        | 0.0003      |
|    loss                 | 0.608       |
|    n_updates            | 6710        |
|    policy_gradient_loss | -0.00162    |
|    std                  | 0.84        |
|    value_loss           | 3.42        |
-----------------------------------------
----------------------------------------
| rollout/                |            |
|    ep_len_mean          | 158        |
|    ep_rew_mean          | -2.1       |
| time/                   |            |
|    fps                  | 104        |
|    iterations           | 203        |
|    time_elapsed         | 496        |
|    total_timesteps      | 172288     |
| train/                  |            |
|    approx_kl            | 0.01518864 |
|    clip_fraction        | 0.12       |
|    clip_range           | 0.2        |
|    entropy_loss         | -2.49      |
|    explained_variance   | 0.699      |
|    learning_rate        | 0.0003     |
|    loss                 | 0.885      |
|    n_updates            | 6720       |
|    policy_gradient_loss | -0.00915   |
|    std                  | 0.84       |
|    value_loss           | 2.41       |
----------------------------------------
-------------------------------------------
| rollout/                |               |
|    ep_len_mean          | 158           |
|    ep_rew_mean          | -2.1          |
| time/                   |               |
|    fps                  | 104           |
|    iterations           | 204           |
|    time_elapsed         | 497           |
|    total_timesteps      | 172544        |
| train/                  |               |
|    approx_kl            | 0.00096908305 |
|    clip_fraction        | 0             |
|    clip_range           | 0.2           |
|    entropy_loss         | -2.49         |
|    explained_variance   | 0.62          |
|    learning_rate        | 0.0003        |
|    loss                 | 3.73          |
|    n_updates            | 6730          |
|    policy_gradient_loss | -0.000697     |
|    std                  | 0.84          |
|    value_loss           | 9.51          |
-------------------------------------------
-------------------------------------------
| rollout/                |               |
|    ep_len_mean          | 158           |
|    ep_rew_mean          | -2.39         |
| time/                   |               |
|    fps                  | 105           |
|    iterations           | 205           |
|    time_elapsed         | 499           |
|    total_timesteps      | 172800        |
| train/                  |               |
|    approx_kl            | 4.9242983e-05 |
|    clip_fraction        | 0             |
|    clip_range           | 0.2           |
|    entropy_loss         | -2.49         |
|    explained_variance   | 0.324         |
|    learning_rate        | 0.0003        |
|    loss                 | 7.45          |
|    n_updates            | 6740          |
|    policy_gradient_loss | 2.97e-05      |
|    std                  | 0.841         |
|    value_loss           | 17.2          |
-------------------------------------------
-------------------------------------------
| rollout/                |               |
|    ep_len_mean          | 158           |
|    ep_rew_mean          | -2.53         |
| time/                   |               |
|    fps                  | 104           |
|    iterations           | 206           |
|    time_elapsed         | 502           |
|    total_timesteps      | 173056        |
| train/                  |               |
|    approx_kl            | 0.00027361186 |
|    clip_fraction        | 0             |
|    clip_range           | 0.2           |
|    entropy_loss         | -2.49         |
|    explained_variance   | 0.327         |
|    learning_rate        | 0.0003        |
|    loss                 | 7.46          |
|    n_updates            | 6750          |
|    policy_gradient_loss | -0.000358     |
|    std                  | 0.841         |
|    value_loss           | 18.4          |
-------------------------------------------
-------------------------------------------
| rollout/                |               |
|    ep_len_mean          | 158           |
|    ep_rew_mean          | -2.53         |
| time/                   |               |
|    fps                  | 105           |
|    iterations           | 207           |
|    time_elapsed         | 504           |
|    total_timesteps      | 173312        |
| train/                  |               |
|    approx_kl            | 3.5634264e-05 |
|    clip_fraction        | 0             |
|    clip_range           | 0.2           |
|    entropy_loss         | -2.49         |
|    explained_variance   | 0.765         |
|    learning_rate        | 0.0003        |
|    loss                 | 2.1           |
|    n_updates            | 6760          |
|    policy_gradient_loss | 0.00017       |
|    std                  | 0.84          |
|    value_loss           | 7.01          |
-------------------------------------------
-------------------------------------------
| rollout/                |               |
|    ep_len_mean          | 158           |
|    ep_rew_mean          | -2.51         |
| time/                   |               |
|    fps                  | 105           |
|    iterations           | 208           |
|    time_elapsed         | 506           |
|    total_timesteps      | 173568        |
| train/                  |               |
|    approx_kl            | 0.00041802065 |
|    clip_fraction        | 0             |
|    clip_range           | 0.2           |
|    entropy_loss         | -2.49         |
|    explained_variance   | 0.39          |
|    learning_rate        | 0.0003        |
|    loss                 | 8.27          |
|    n_updates            | 6770          |
|    policy_gradient_loss | -0.000157     |
|    std                  | 0.84          |
|    value_loss           | 16.6          |
-------------------------------------------
------------------------------------------
| rollout/                |              |
|    ep_len_mean          | 158          |
|    ep_rew_mean          | -2.53        |
| time/                   |              |
|    fps                  | 105          |
|    iterations           | 209          |
|    time_elapsed         | 507          |
|    total_timesteps      | 173824       |
| train/                  |              |
|    approx_kl            | 0.0036292735 |
|    clip_fraction        | 0.00273      |
|    clip_range           | 0.2          |
|    entropy_loss         | -2.49        |
|    explained_variance   | 0.631        |
|    learning_rate        | 0.0003       |
|    loss                 | 0.843        |
|    n_updates            | 6780         |
|    policy_gradient_loss | -0.00215     |
|    std                  | 0.84         |
|    value_loss           | 3.21         |
------------------------------------------
------------------------------------------
| rollout/                |              |
|    ep_len_mean          | 158          |
|    ep_rew_mean          | -2.68        |
| time/                   |              |
|    fps                  | 105          |
|    iterations           | 210          |
|    time_elapsed         | 509          |
|    total_timesteps      | 174080       |
| train/                  |              |
|    approx_kl            | 0.0024854862 |
|    clip_fraction        | 0            |
|    clip_range           | 0.2          |
|    entropy_loss         | -2.49        |
|    explained_variance   | 0.695        |
|    learning_rate        | 0.0003       |
|    loss                 | 2.45         |
|    n_updates            | 6790         |
|    policy_gradient_loss | -0.000772    |
|    std                  | 0.838        |
|    value_loss           | 3.7          |
------------------------------------------
------------------------------------------
| rollout/                |              |
|    ep_len_mean          | 158          |
|    ep_rew_mean          | -2.96        |
| time/                   |              |
|    fps                  | 105          |
|    iterations           | 211          |
|    time_elapsed         | 510          |
|    total_timesteps      | 174336       |
| train/                  |              |
|    approx_kl            | 0.0034230219 |
|    clip_fraction        | 0.00117      |
|    clip_range           | 0.2          |
|    entropy_loss         | -2.48        |
|    explained_variance   | 0.195        |
|    learning_rate        | 0.0003       |
|    loss                 | 2.57         |
|    n_updates            | 6800         |
|    policy_gradient_loss | -0.00257     |
|    std                  | 0.836        |
|    value_loss           | 4.87         |
------------------------------------------
------------------------------------------
| rollout/                |              |
|    ep_len_mean          | 158          |
|    ep_rew_mean          | -3.06        |
| time/                   |              |
|    fps                  | 105          |
|    iterations           | 212          |
|    time_elapsed         | 512          |
|    total_timesteps      | 174592       |
| train/                  |              |
|    approx_kl            | 0.0018459205 |
|    clip_fraction        | 0.000391     |
|    clip_range           | 0.2          |
|    entropy_loss         | -2.48        |
|    explained_variance   | 0.267        |
|    learning_rate        | 0.0003       |
|    loss                 | 4.06         |
|    n_updates            | 6810         |
|    policy_gradient_loss | -0.00169     |
|    std                  | 0.837        |
|    value_loss           | 15.3         |
------------------------------------------
-----------------------------------------
| rollout/                |             |
|    ep_len_mean          | 158         |
|    ep_rew_mean          | -3.29       |
| time/                   |             |
|    fps                  | 106         |
|    iterations           | 213         |
|    time_elapsed         | 514         |
|    total_timesteps      | 174848      |
| train/                  |             |
|    approx_kl            | 0.011960249 |
|    clip_fraction        | 0.098       |
|    clip_range           | 0.2         |
|    entropy_loss         | -2.48       |
|    explained_variance   | 0.933       |
|    learning_rate        | 0.0003      |
|    loss                 | 0.137       |
|    n_updates            | 6820        |
|    policy_gradient_loss | -0.00611    |
|    std                  | 0.839       |
|    value_loss           | 0.397       |
-----------------------------------------
-----------------------------------------
| rollout/                |             |
|    ep_len_mean          | 158         |
|    ep_rew_mean          | -3.3        |
| time/                   |             |
|    fps                  | 106         |
|    iterations           | 214         |
|    time_elapsed         | 515         |
|    total_timesteps      | 175104      |
| train/                  |             |
|    approx_kl            | 0.003622946 |
|    clip_fraction        | 0.0043      |
|    clip_range           | 0.2         |
|    entropy_loss         | -2.49       |
|    explained_variance   | 0.682       |
|    learning_rate        | 0.0003      |
|    loss                 | 0.744       |
|    n_updates            | 6830        |
|    policy_gradient_loss | -0.00133    |
|    std                  | 0.84        |
|    value_loss           | 2.72        |
-----------------------------------------
------------------------------------------
| rollout/                |              |
|    ep_len_mean          | 158          |
|    ep_rew_mean          | -3.35        |
| time/                   |              |
|    fps                  | 106          |
|    iterations           | 215          |
|    time_elapsed         | 517          |
|    total_timesteps      | 175360       |
| train/                  |              |
|    approx_kl            | 0.0103166355 |
|    clip_fraction        | 0.0406       |
|    clip_range           | 0.2          |
|    entropy_loss         | -2.49        |
|    explained_variance   | 0.868        |
|    learning_rate        | 0.0003       |
|    loss                 | 1.79         |
|    n_updates            | 6840         |
|    policy_gradient_loss | -0.00461     |
|    std                  | 0.84         |
|    value_loss           | 2.89         |
------------------------------------------
------------------------------------------
| rollout/                |              |
|    ep_len_mean          | 158          |
|    ep_rew_mean          | -3.55        |
| time/                   |              |
|    fps                  | 106          |
|    iterations           | 216          |
|    time_elapsed         | 519          |
|    total_timesteps      | 175616       |
| train/                  |              |
|    approx_kl            | 0.0103103975 |
|    clip_fraction        | 0.0398       |
|    clip_range           | 0.2          |
|    entropy_loss         | -2.49        |
|    explained_variance   | 0.898        |
|    learning_rate        | 0.0003       |
|    loss                 | 1.08         |
|    n_updates            | 6850         |
|    policy_gradient_loss | -0.0034      |
|    std                  | 0.841        |
|    value_loss           | 2.02         |
------------------------------------------
-----------------------------------------
| rollout/                |             |
|    ep_len_mean          | 158         |
|    ep_rew_mean          | -3.71       |
| time/                   |             |
|    fps                  | 106         |
|    iterations           | 217         |
|    time_elapsed         | 521         |
|    total_timesteps      | 175872      |
| train/                  |             |
|    approx_kl            | 0.019066703 |
|    clip_fraction        | 0.122       |
|    clip_range           | 0.2         |
|    entropy_loss         | -2.49       |
|    explained_variance   | 0.861       |
|    learning_rate        | 0.0003      |
|    loss                 | 0.854       |
|    n_updates            | 6860        |
|    policy_gradient_loss | -0.0119     |
|    std                  | 0.842       |
|    value_loss           | 2.96        |
-----------------------------------------
-----------------------------------------
| rollout/                |             |
|    ep_len_mean          | 158         |
|    ep_rew_mean          | -3.69       |
| time/                   |             |
|    fps                  | 106         |
|    iterations           | 218         |
|    time_elapsed         | 523         |
|    total_timesteps      | 176128      |
| train/                  |             |
|    approx_kl            | 0.011707951 |
|    clip_fraction        | 0.0461      |
|    clip_range           | 0.2         |
|    entropy_loss         | -2.49       |
|    explained_variance   | 0.904       |
|    learning_rate        | 0.0003      |
|    loss                 | 0.752       |
|    n_updates            | 6870        |
|    policy_gradient_loss | -0.00427    |
|    std                  | 0.843       |
|    value_loss           | 1.73        |
-----------------------------------------
-----------------------------------------
| rollout/                |             |
|    ep_len_mean          | 158         |
|    ep_rew_mean          | -3.69       |
| time/                   |             |
|    fps                  | 106         |
|    iterations           | 219         |
|    time_elapsed         | 526         |
|    total_timesteps      | 176384      |
| train/                  |             |
|    approx_kl            | 0.012219962 |
|    clip_fraction        | 0.0762      |
|    clip_range           | 0.2         |
|    entropy_loss         | -2.5        |
|    explained_variance   | 0.978       |
|    learning_rate        | 0.0003      |
|    loss                 | -0.0115     |
|    n_updates            | 6880        |
|    policy_gradient_loss | -0.00558    |
|    std                  | 0.846       |
|    value_loss           | 0.0483      |
-----------------------------------------
-----------------------------------------
| rollout/                |             |
|    ep_len_mean          | 157         |
|    ep_rew_mean          | -3.48       |
| time/                   |             |
|    fps                  | 106         |
|    iterations           | 220         |
|    time_elapsed         | 529         |
|    total_timesteps      | 176640      |
| train/                  |             |
|    approx_kl            | 0.004269874 |
|    clip_fraction        | 0.023       |
|    clip_range           | 0.2         |
|    entropy_loss         | -2.51       |
|    explained_variance   | 0.943       |
|    learning_rate        | 0.0003      |
|    loss                 | -0.00375    |
|    n_updates            | 6890        |
|    policy_gradient_loss | -0.00229    |
|    std                  | 0.849       |
|    value_loss           | 0.107       |
-----------------------------------------
-----------------------------------------
| rollout/                |             |
|    ep_len_mean          | 157         |
|    ep_rew_mean          | -3.48       |
| time/                   |             |
|    fps                  | 106         |
|    iterations           | 221         |
|    time_elapsed         | 531         |
|    total_timesteps      | 176896      |
| train/                  |             |
|    approx_kl            | 0.009989142 |
|    clip_fraction        | 0.0523      |
|    clip_range           | 0.2         |
|    entropy_loss         | -2.51       |
|    explained_variance   | 0.503       |
|    learning_rate        | 0.0003      |
|    loss                 | -0.0183     |
|    n_updates            | 6900        |
|    policy_gradient_loss | -0.00276    |
|    std                  | 0.85        |
|    value_loss           | 2.17        |
-----------------------------------------
------------------------------------------
| rollout/                |              |
|    ep_len_mean          | 157          |
|    ep_rew_mean          | -3.47        |
| time/                   |              |
|    fps                  | 106          |
|    iterations           | 222          |
|    time_elapsed         | 533          |
|    total_timesteps      | 177152       |
| train/                  |              |
|    approx_kl            | 0.0054313075 |
|    clip_fraction        | 0.025        |
|    clip_range           | 0.2          |
|    entropy_loss         | -2.51        |
|    explained_variance   | 0.982        |
|    learning_rate        | 0.0003       |
|    loss                 | -0.0281      |
|    n_updates            | 6910         |
|    policy_gradient_loss | -0.00393     |
|    std                  | 0.849        |
|    value_loss           | 0.0224       |
------------------------------------------
-----------------------------------------
| rollout/                |             |
|    ep_len_mean          | 157         |
|    ep_rew_mean          | -3.48       |
| time/                   |             |
|    fps                  | 106         |
|    iterations           | 223         |
|    time_elapsed         | 536         |
|    total_timesteps      | 177408      |
| train/                  |             |
|    approx_kl            | 0.003967804 |
|    clip_fraction        | 0.0203      |
|    clip_range           | 0.2         |
|    entropy_loss         | -2.51       |
|    explained_variance   | 0.959       |
|    learning_rate        | 0.0003      |
|    loss                 | -0.0114     |
|    n_updates            | 6920        |
|    policy_gradient_loss | -0.00221    |
|    std                  | 0.848       |
|    value_loss           | 0.0147      |
-----------------------------------------
-----------------------------------------
| rollout/                |             |
|    ep_len_mean          | 157         |
|    ep_rew_mean          | -3.48       |
| time/                   |             |
|    fps                  | 106         |
|    iterations           | 224         |
|    time_elapsed         | 538         |
|    total_timesteps      | 177664      |
| train/                  |             |
|    approx_kl            | 0.006383309 |
|    clip_fraction        | 0.0621      |
|    clip_range           | 0.2         |
|    entropy_loss         | -2.51       |
|    explained_variance   | 0.975       |
|    learning_rate        | 0.0003      |
|    loss                 | -0.0138     |
|    n_updates            | 6930        |
|    policy_gradient_loss | -0.0063     |
|    std                  | 0.851       |
|    value_loss           | 0.0215      |
-----------------------------------------
------------------------------------------
| rollout/                |              |
|    ep_len_mean          | 157          |
|    ep_rew_mean          | -3.36        |
| time/                   |              |
|    fps                  | 106          |
|    iterations           | 225          |
|    time_elapsed         | 541          |
|    total_timesteps      | 177920       |
| train/                  |              |
|    approx_kl            | 0.0068747234 |
|    clip_fraction        | 0.0918       |
|    clip_range           | 0.2          |
|    entropy_loss         | -2.51        |
|    explained_variance   | 0.969        |
|    learning_rate        | 0.0003       |
|    loss                 | -0.0238      |
|    n_updates            | 6940         |
|    policy_gradient_loss | -0.00656     |
|    std                  | 0.847        |
|    value_loss           | 0.0179       |
------------------------------------------
-----------------------------------------
| rollout/                |             |
|    ep_len_mean          | 157         |
|    ep_rew_mean          | -3.26       |
| time/                   |             |
|    fps                  | 106         |
|    iterations           | 226         |
|    time_elapsed         | 544         |
|    total_timesteps      | 178176      |
| train/                  |             |
|    approx_kl            | 0.003080607 |
|    clip_fraction        | 0.0082      |
|    clip_range           | 0.2         |
|    entropy_loss         | -2.5        |
|    explained_variance   | 0.949       |
|    learning_rate        | 0.0003      |
|    loss                 | -0.0208     |
|    n_updates            | 6950        |
|    policy_gradient_loss | -0.00159    |
|    std                  | 0.844       |
|    value_loss           | 0.0346      |
-----------------------------------------
-----------------------------------------
| rollout/                |             |
|    ep_len_mean          | 157         |
|    ep_rew_mean          | -3.46       |
| time/                   |             |
|    fps                  | 106         |
|    iterations           | 227         |
|    time_elapsed         | 546         |
|    total_timesteps      | 178432      |
| train/                  |             |
|    approx_kl            | 0.009036493 |
|    clip_fraction        | 0.108       |
|    clip_range           | 0.2         |
|    entropy_loss         | -2.5        |
|    explained_variance   | 0.797       |
|    learning_rate        | 0.0003      |
|    loss                 | -0.001      |
|    n_updates            | 6960        |
|    policy_gradient_loss | -0.00951    |
|    std                  | 0.845       |
|    value_loss           | 0.0269      |
-----------------------------------------
-----------------------------------------
| rollout/                |             |
|    ep_len_mean          | 157         |
|    ep_rew_mean          | -3.42       |
| time/                   |             |
|    fps                  | 106         |
|    iterations           | 228         |
|    time_elapsed         | 549         |
|    total_timesteps      | 178688      |
| train/                  |             |
|    approx_kl            | 0.006898743 |
|    clip_fraction        | 0.0203      |
|    clip_range           | 0.2         |
|    entropy_loss         | -2.51       |
|    explained_variance   | 0.931       |
|    learning_rate        | 0.0003      |
|    loss                 | -0.00657    |
|    n_updates            | 6970        |
|    policy_gradient_loss | -0.00151    |
|    std                  | 0.85        |
|    value_loss           | 0.00934     |
-----------------------------------------
----------------------------------------
| rollout/                |            |
|    ep_len_mean          | 157        |
|    ep_rew_mean          | -3.39      |
| time/                   |            |
|    fps                  | 106        |
|    iterations           | 229        |
|    time_elapsed         | 551        |
|    total_timesteps      | 178944     |
| train/                  |            |
|    approx_kl            | 0.00477377 |
|    clip_fraction        | 0.0668     |
|    clip_range           | 0.2        |
|    entropy_loss         | -2.51      |
|    explained_variance   | 0.968      |
|    learning_rate        | 0.0003     |
|    loss                 | -0.0247    |
|    n_updates            | 6980       |
|    policy_gradient_loss | -0.00766   |
|    std                  | 0.849      |
|    value_loss           | 0.00414    |
----------------------------------------
------------------------------------------
| rollout/                |              |
|    ep_len_mean          | 157          |
|    ep_rew_mean          | -3.39        |
| time/                   |              |
|    fps                  | 106          |
|    iterations           | 230          |
|    time_elapsed         | 554          |
|    total_timesteps      | 179200       |
| train/                  |              |
|    approx_kl            | 0.0019475538 |
|    clip_fraction        | 0.00195      |
|    clip_range           | 0.2          |
|    entropy_loss         | -2.51        |
|    explained_variance   | 0.852        |
|    learning_rate        | 0.0003       |
|    loss                 | -0.0221      |
|    n_updates            | 6990         |
|    policy_gradient_loss | 0.000433     |
|    std                  | 0.852        |
|    value_loss           | 0.005        |
------------------------------------------
------------------------------------------
| rollout/                |              |
|    ep_len_mean          | 157          |
|    ep_rew_mean          | -3.38        |
| time/                   |              |
|    fps                  | 106          |
|    iterations           | 231          |
|    time_elapsed         | 556          |
|    total_timesteps      | 179456       |
| train/                  |              |
|    approx_kl            | 0.0061149905 |
|    clip_fraction        | 0.059        |
|    clip_range           | 0.2          |
|    entropy_loss         | -2.52        |
|    explained_variance   | 0.863        |
|    learning_rate        | 0.0003       |
|    loss                 | -0.0366      |
|    n_updates            | 7000         |
|    policy_gradient_loss | -0.00726     |
|    std                  | 0.85         |
|    value_loss           | 0.00616      |
------------------------------------------
------------------------------------------
| rollout/                |              |
|    ep_len_mean          | 157          |
|    ep_rew_mean          | -3.31        |
| time/                   |              |
|    fps                  | 106          |
|    iterations           | 232          |
|    time_elapsed         | 558          |
|    total_timesteps      | 179712       |
| train/                  |              |
|    approx_kl            | 0.0033364305 |
|    clip_fraction        | 0.0879       |
|    clip_range           | 0.2          |
|    entropy_loss         | -2.51        |
|    explained_variance   | 0.944        |
|    learning_rate        | 0.0003       |
|    loss                 | -0.0312      |
|    n_updates            | 7010         |
|    policy_gradient_loss | -0.00588     |
|    std                  | 0.844        |
|    value_loss           | 0.00177      |
------------------------------------------
-----------------------------------------
| rollout/                |             |
|    ep_len_mean          | 157         |
|    ep_rew_mean          | -3.31       |
| time/                   |             |
|    fps                  | 106         |
|    iterations           | 233         |
|    time_elapsed         | 561         |
|    total_timesteps      | 179968      |
| train/                  |             |
|    approx_kl            | 0.005026999 |
|    clip_fraction        | 0.0719      |
|    clip_range           | 0.2         |
|    entropy_loss         | -2.49       |
|    explained_variance   | 0.661       |
|    learning_rate        | 0.0003      |
|    loss                 | -0.0427     |
|    n_updates            | 7020        |
|    policy_gradient_loss | -0.0079     |
|    std                  | 0.841       |
|    value_loss           | 0.00406     |
-----------------------------------------
----------------------------------------
| rollout/                |            |
|    ep_len_mean          | 158        |
|    ep_rew_mean          | -3.32      |
| time/                   |            |
|    fps                  | 106        |
|    iterations           | 234        |
|    time_elapsed         | 564        |
|    total_timesteps      | 180224     |
| train/                  |            |
|    approx_kl            | 0.00748833 |
|    clip_fraction        | 0.0582     |
|    clip_range           | 0.2        |
|    entropy_loss         | -2.49      |
|    explained_variance   | 0.86       |
|    learning_rate        | 0.0003     |
|    loss                 | -0.0368    |
|    n_updates            | 7030       |
|    policy_gradient_loss | -0.003     |
|    std                  | 0.841      |
|    value_loss           | 0.00364    |
----------------------------------------
------------------------------------------
| rollout/                |              |
|    ep_len_mean          | 158          |
|    ep_rew_mean          | -3.1         |
| time/                   |              |
|    fps                  | 106          |
|    iterations           | 235          |
|    time_elapsed         | 566          |
|    total_timesteps      | 180480       |
| train/                  |              |
|    approx_kl            | 0.0039288495 |
|    clip_fraction        | 0.00273      |
|    clip_range           | 0.2          |
|    entropy_loss         | -2.49        |
|    explained_variance   | -0.0303      |
|    learning_rate        | 0.0003       |
|    loss                 | 9.16         |
|    n_updates            | 7040         |
|    policy_gradient_loss | -0.00238     |
|    std                  | 0.842        |
|    value_loss           | 13.8         |
------------------------------------------
------------------------------------------
| rollout/                |              |
|    ep_len_mean          | 158          |
|    ep_rew_mean          | -3.12        |
| time/                   |              |
|    fps                  | 106          |
|    iterations           | 236          |
|    time_elapsed         | 569          |
|    total_timesteps      | 180736       |
| train/                  |              |
|    approx_kl            | 0.0013158841 |
|    clip_fraction        | 0            |
|    clip_range           | 0.2          |
|    entropy_loss         | -2.5         |
|    explained_variance   | 0.462        |
|    learning_rate        | 0.0003       |
|    loss                 | -0.026       |
|    n_updates            | 7050         |
|    policy_gradient_loss | -0.000389    |
|    std                  | 0.847        |
|    value_loss           | 0.0145       |
------------------------------------------
-----------------------------------------
| rollout/                |             |
|    ep_len_mean          | 158         |
|    ep_rew_mean          | -3.07       |
| time/                   |             |
|    fps                  | 106         |
|    iterations           | 237         |
|    time_elapsed         | 571         |
|    total_timesteps      | 180992      |
| train/                  |             |
|    approx_kl            | 0.010970516 |
|    clip_fraction        | 0.0301      |
|    clip_range           | 0.2         |
|    entropy_loss         | -2.51       |
|    explained_variance   | 0.982       |
|    learning_rate        | 0.0003      |
|    loss                 | -0.0336     |
|    n_updates            | 7060        |
|    policy_gradient_loss | -0.00265    |
|    std                  | 0.849       |
|    value_loss           | 0.0347      |
-----------------------------------------
-----------------------------------------
| rollout/                |             |
|    ep_len_mean          | 158         |
|    ep_rew_mean          | -2.94       |
| time/                   |             |
|    fps                  | 106         |
|    iterations           | 238         |
|    time_elapsed         | 574         |
|    total_timesteps      | 181248      |
| train/                  |             |
|    approx_kl            | 0.005480301 |
|    clip_fraction        | 0.0844      |
|    clip_range           | 0.2         |
|    entropy_loss         | -2.51       |
|    explained_variance   | 0.977       |
|    learning_rate        | 0.0003      |
|    loss                 | -0.0351     |
|    n_updates            | 7070        |
|    policy_gradient_loss | -0.00787    |
|    std                  | 0.851       |
|    value_loss           | 0.0201      |
-----------------------------------------
-----------------------------------------
| rollout/                |             |
|    ep_len_mean          | 158         |
|    ep_rew_mean          | -2.83       |
| time/                   |             |
|    fps                  | 106         |
|    iterations           | 239         |
|    time_elapsed         | 576         |
|    total_timesteps      | 181504      |
| train/                  |             |
|    approx_kl            | 0.007154703 |
|    clip_fraction        | 0.075       |
|    clip_range           | 0.2         |
|    entropy_loss         | -2.51       |
|    explained_variance   | 0.293       |
|    learning_rate        | 0.0003      |
|    loss                 | -0.0429     |
|    n_updates            | 7080        |
|    policy_gradient_loss | -0.00867    |
|    std                  | 0.849       |
|    value_loss           | 0.00544     |
-----------------------------------------
------------------------------------------
| rollout/                |              |
|    ep_len_mean          | 158          |
|    ep_rew_mean          | -2.85        |
| time/                   |              |
|    fps                  | 105          |
|    iterations           | 240          |
|    time_elapsed         | 581          |
|    total_timesteps      | 181760       |
| train/                  |              |
|    approx_kl            | 0.0050076377 |
|    clip_fraction        | 0.0699       |
|    clip_range           | 0.2          |
|    entropy_loss         | -2.51        |
|    explained_variance   | 0.967        |
|    learning_rate        | 0.0003       |
|    loss                 | -0.0267      |
|    n_updates            | 7090         |
|    policy_gradient_loss | -0.0046      |
|    std                  | 0.851        |
|    value_loss           | 0.00351      |
------------------------------------------
-----------------------------------------
| rollout/                |             |
|    ep_len_mean          | 158         |
|    ep_rew_mean          | -2.98       |
| time/                   |             |
|    fps                  | 105         |
|    iterations           | 241         |
|    time_elapsed         | 582         |
|    total_timesteps      | 182016      |
| train/                  |             |
|    approx_kl            | 0.010255871 |
|    clip_fraction        | 0.132       |
|    clip_range           | 0.2         |
|    entropy_loss         | -2.52       |
|    explained_variance   | 0.76        |
|    learning_rate        | 0.0003      |
|    loss                 | -0.0346     |
|    n_updates            | 7100        |
|    policy_gradient_loss | -0.0171     |
|    std                  | 0.853       |
|    value_loss           | 0.00551     |
-----------------------------------------
----------------------------------------
| rollout/                |            |
|    ep_len_mean          | 158        |
|    ep_rew_mean          | -3.12      |
| time/                   |            |
|    fps                  | 105        |
|    iterations           | 242        |
|    time_elapsed         | 584        |
|    total_timesteps      | 182272     |
| train/                  |            |
|    approx_kl            | 0.02068616 |
|    clip_fraction        | 0.143      |
|    clip_range           | 0.2        |
|    entropy_loss         | -2.52      |
|    explained_variance   | 0.209      |
|    learning_rate        | 0.0003     |
|    loss                 | 0.821      |
|    n_updates            | 7110       |
|    policy_gradient_loss | -0.0108    |
|    std                  | 0.855      |
|    value_loss           | 6.19       |
----------------------------------------
------------------------------------------
| rollout/                |              |
|    ep_len_mean          | 158          |
|    ep_rew_mean          | -3.19        |
| time/                   |              |
|    fps                  | 106          |
|    iterations           | 243          |
|    time_elapsed         | 586          |
|    total_timesteps      | 182528       |
| train/                  |              |
|    approx_kl            | 0.0055802064 |
|    clip_fraction        | 0.0148       |
|    clip_range           | 0.2          |
|    entropy_loss         | -2.52        |
|    explained_variance   | 0.672        |
|    learning_rate        | 0.0003       |
|    loss                 | 1.63         |
|    n_updates            | 7120         |
|    policy_gradient_loss | -0.00264     |
|    std                  | 0.855        |
|    value_loss           | 2.19         |
------------------------------------------
------------------------------------------
| rollout/                |              |
|    ep_len_mean          | 158          |
|    ep_rew_mean          | -3.24        |
| time/                   |              |
|    fps                  | 106          |
|    iterations           | 244          |
|    time_elapsed         | 587          |
|    total_timesteps      | 182784       |
| train/                  |              |
|    approx_kl            | 0.0037694876 |
|    clip_fraction        | 0.0379       |
|    clip_range           | 0.2          |
|    entropy_loss         | -2.53        |
|    explained_variance   | 0.81         |
|    learning_rate        | 0.0003       |
|    loss                 | -0.0175      |
|    n_updates            | 7130         |
|    policy_gradient_loss | -0.0029      |
|    std                  | 0.856        |
|    value_loss           | 0.0108       |
------------------------------------------
----------------------------------------
| rollout/                |            |
|    ep_len_mean          | 158        |
|    ep_rew_mean          | -3.5       |
| time/                   |            |
|    fps                  | 106        |
|    iterations           | 245        |
|    time_elapsed         | 589        |
|    total_timesteps      | 183040     |
| train/                  |            |
|    approx_kl            | 0.02286161 |
|    clip_fraction        | 0.184      |
|    clip_range           | 0.2        |
|    entropy_loss         | -2.53      |
|    explained_variance   | 0.583      |
|    learning_rate        | 0.0003     |
|    loss                 | 0.0458     |
|    n_updates            | 7140       |
|    policy_gradient_loss | -0.00858   |
|    std                  | 0.857      |
|    value_loss           | 0.245      |
----------------------------------------
-----------------------------------------
| rollout/                |             |
|    ep_len_mean          | 158         |
|    ep_rew_mean          | -3.61       |
| time/                   |             |
|    fps                  | 106         |
|    iterations           | 246         |
|    time_elapsed         | 591         |
|    total_timesteps      | 183296      |
| train/                  |             |
|    approx_kl            | 0.011679139 |
|    clip_fraction        | 0.0586      |
|    clip_range           | 0.2         |
|    entropy_loss         | -2.53       |
|    explained_variance   | 0.549       |
|    learning_rate        | 0.0003      |
|    loss                 | 2.88        |
|    n_updates            | 7150        |
|    policy_gradient_loss | -0.00681    |
|    std                  | 0.858       |
|    value_loss           | 3.71        |
-----------------------------------------
------------------------------------------
| rollout/                |              |
|    ep_len_mean          | 158          |
|    ep_rew_mean          | -3.82        |
| time/                   |              |
|    fps                  | 106          |
|    iterations           | 247          |
|    time_elapsed         | 592          |
|    total_timesteps      | 183552       |
| train/                  |              |
|    approx_kl            | 0.0027727105 |
|    clip_fraction        | 0.000781     |
|    clip_range           | 0.2          |
|    entropy_loss         | -2.53        |
|    explained_variance   | -0.523       |
|    learning_rate        | 0.0003       |
|    loss                 | 4.02         |
|    n_updates            | 7160         |
|    policy_gradient_loss | -0.00259     |
|    std                  | 0.858        |
|    value_loss           | 12.1         |
------------------------------------------
-------------------------------------------
| rollout/                |               |
|    ep_len_mean          | 158           |
|    ep_rew_mean          | -3.83         |
| time/                   |               |
|    fps                  | 106           |
|    iterations           | 248           |
|    time_elapsed         | 594           |
|    total_timesteps      | 183808        |
| train/                  |               |
|    approx_kl            | 0.00019558147 |
|    clip_fraction        | 0             |
|    clip_range           | 0.2           |
|    entropy_loss         | -2.53         |
|    explained_variance   | 0.639         |
|    learning_rate        | 0.0003        |
|    loss                 | 1.84          |
|    n_updates            | 7170          |
|    policy_gradient_loss | 0.000103      |
|    std                  | 0.858         |
|    value_loss           | 7.21          |
-------------------------------------------
------------------------------------------
| rollout/                |              |
|    ep_len_mean          | 158          |
|    ep_rew_mean          | -4.09        |
| time/                   |              |
|    fps                  | 106          |
|    iterations           | 249          |
|    time_elapsed         | 595          |
|    total_timesteps      | 184064       |
| train/                  |              |
|    approx_kl            | 0.0053829188 |
|    clip_fraction        | 0.00859      |
|    clip_range           | 0.2          |
|    entropy_loss         | -2.53        |
|    explained_variance   | 0.518        |
|    learning_rate        | 0.0003       |
|    loss                 | 1.1          |
|    n_updates            | 7180         |
|    policy_gradient_loss | -0.00437     |
|    std                  | 0.858        |
|    value_loss           | 4.21         |
------------------------------------------
------------------------------------------
| rollout/                |              |
|    ep_len_mean          | 158          |
|    ep_rew_mean          | -4.09        |
| time/                   |              |
|    fps                  | 106          |
|    iterations           | 250          |
|    time_elapsed         | 599          |
|    total_timesteps      | 184320       |
| train/                  |              |
|    approx_kl            | 0.0008893497 |
|    clip_fraction        | 0            |
|    clip_range           | 0.2          |
|    entropy_loss         | -2.53        |
|    explained_variance   | 0.647        |
|    learning_rate        | 0.0003       |
|    loss                 | 4.87         |
|    n_updates            | 7190         |
|    policy_gradient_loss | -0.00031     |
|    std                  | 0.858        |
|    value_loss           | 10.4         |
------------------------------------------
-----------------------------------------
| rollout/                |             |
|    ep_len_mean          | 158         |
|    ep_rew_mean          | -4.21       |
| time/                   |             |
|    fps                  | 106         |
|    iterations           | 251         |
|    time_elapsed         | 600         |
|    total_timesteps      | 184576      |
| train/                  |             |
|    approx_kl            | 0.002759422 |
|    clip_fraction        | 0.00195     |
|    clip_range           | 0.2         |
|    entropy_loss         | -2.53       |
|    explained_variance   | 0.499       |
|    learning_rate        | 0.0003      |
|    loss                 | 1.68        |
|    n_updates            | 7200        |
|    policy_gradient_loss | -0.0024     |
|    std                  | 0.858       |
|    value_loss           | 4.46        |
-----------------------------------------
-------------------------------------------
| rollout/                |               |
|    ep_len_mean          | 158           |
|    ep_rew_mean          | -4.21         |
| time/                   |               |
|    fps                  | 107           |
|    iterations           | 252           |
|    time_elapsed         | 602           |
|    total_timesteps      | 184832        |
| train/                  |               |
|    approx_kl            | 0.00062634377 |
|    clip_fraction        | 0             |
|    clip_range           | 0.2           |
|    entropy_loss         | -2.53         |
|    explained_variance   | 0.63          |
|    learning_rate        | 0.0003        |
|    loss                 | 1.65          |
|    n_updates            | 7210          |
|    policy_gradient_loss | 5.15e-05      |
|    std                  | 0.859         |
|    value_loss           | 4.91          |
-------------------------------------------
------------------------------------------
| rollout/                |              |
|    ep_len_mean          | 158          |
|    ep_rew_mean          | -4.22        |
| time/                   |              |
|    fps                  | 107          |
|    iterations           | 253          |
|    time_elapsed         | 603          |
|    total_timesteps      | 185088       |
| train/                  |              |
|    approx_kl            | 0.0024114987 |
|    clip_fraction        | 0.00195      |
|    clip_range           | 0.2          |
|    entropy_loss         | -2.53        |
|    explained_variance   | 0.536        |
|    learning_rate        | 0.0003       |
|    loss                 | 5.51         |
|    n_updates            | 7220         |
|    policy_gradient_loss | -0.0022      |
|    std                  | 0.859        |
|    value_loss           | 10.6         |
------------------------------------------
------------------------------------------
| rollout/                |              |
|    ep_len_mean          | 158          |
|    ep_rew_mean          | -4.29        |
| time/                   |              |
|    fps                  | 107          |
|    iterations           | 254          |
|    time_elapsed         | 605          |
|    total_timesteps      | 185344       |
| train/                  |              |
|    approx_kl            | 0.0076986672 |
|    clip_fraction        | 0.0223       |
|    clip_range           | 0.2          |
|    entropy_loss         | -2.53        |
|    explained_variance   | 0.769        |
|    learning_rate        | 0.0003       |
|    loss                 | 1.42         |
|    n_updates            | 7230         |
|    policy_gradient_loss | -0.00375     |
|    std                  | 0.859        |
|    value_loss           | 3.17         |
------------------------------------------
-----------------------------------------
| rollout/                |             |
|    ep_len_mean          | 158         |
|    ep_rew_mean          | -4.39       |
| time/                   |             |
|    fps                  | 107         |
|    iterations           | 255         |
|    time_elapsed         | 607         |
|    total_timesteps      | 185600      |
| train/                  |             |
|    approx_kl            | 0.011106137 |
|    clip_fraction        | 0.0402      |
|    clip_range           | 0.2         |
|    entropy_loss         | -2.53       |
|    explained_variance   | 0.651       |
|    learning_rate        | 0.0003      |
|    loss                 | 0.928       |
|    n_updates            | 7240        |
|    policy_gradient_loss | -0.00669    |
|    std                  | 0.86        |
|    value_loss           | 2.84        |
-----------------------------------------
------------------------------------------
| rollout/                |              |
|    ep_len_mean          | 158          |
|    ep_rew_mean          | -4.38        |
| time/                   |              |
|    fps                  | 107          |
|    iterations           | 256          |
|    time_elapsed         | 608          |
|    total_timesteps      | 185856       |
| train/                  |              |
|    approx_kl            | 0.0078012394 |
|    clip_fraction        | 0.0512       |
|    clip_range           | 0.2          |
|    entropy_loss         | -2.53        |
|    explained_variance   | 0.96         |
|    learning_rate        | 0.0003       |
|    loss                 | 0.429        |
|    n_updates            | 7250         |
|    policy_gradient_loss | -0.00349     |
|    std                  | 0.859        |
|    value_loss           | 0.884        |
------------------------------------------
-----------------------------------------
| rollout/                |             |
|    ep_len_mean          | 158         |
|    ep_rew_mean          | -4.47       |
| time/                   |             |
|    fps                  | 107         |
|    iterations           | 257         |
|    time_elapsed         | 610         |
|    total_timesteps      | 186112      |
| train/                  |             |
|    approx_kl            | 0.005823886 |
|    clip_fraction        | 0.0164      |
|    clip_range           | 0.2         |
|    entropy_loss         | -2.53       |
|    explained_variance   | 0.959       |
|    learning_rate        | 0.0003      |
|    loss                 | 0.0182      |
|    n_updates            | 7260        |
|    policy_gradient_loss | -0.00231    |
|    std                  | 0.86        |
|    value_loss           | 0.27        |
-----------------------------------------
------------------------------------------
| rollout/                |              |
|    ep_len_mean          | 158          |
|    ep_rew_mean          | -4.47        |
| time/                   |              |
|    fps                  | 107          |
|    iterations           | 258          |
|    time_elapsed         | 611          |
|    total_timesteps      | 186368       |
| train/                  |              |
|    approx_kl            | 0.0020052008 |
|    clip_fraction        | 0.00156      |
|    clip_range           | 0.2          |
|    entropy_loss         | -2.54        |
|    explained_variance   | 0.983        |
|    learning_rate        | 0.0003       |
|    loss                 | 0.0981       |
|    n_updates            | 7270         |
|    policy_gradient_loss | -0.000733    |
|    std                  | 0.864        |
|    value_loss           | 0.325        |
------------------------------------------
-----------------------------------------
| rollout/                |             |
|    ep_len_mean          | 158         |
|    ep_rew_mean          | -4.46       |
| time/                   |             |
|    fps                  | 108         |
|    iterations           | 259         |
|    time_elapsed         | 613         |
|    total_timesteps      | 186624      |
| train/                  |             |
|    approx_kl            | 0.008848847 |
|    clip_fraction        | 0.0215      |
|    clip_range           | 0.2         |
|    entropy_loss         | -2.55       |
|    explained_variance   | 0.802       |
|    learning_rate        | 0.0003      |
|    loss                 | 1.67        |
|    n_updates            | 7280        |
|    policy_gradient_loss | -0.00391    |
|    std                  | 0.865       |
|    value_loss           | 3.67        |
-----------------------------------------
------------------------------------------
| rollout/                |              |
|    ep_len_mean          | 158          |
|    ep_rew_mean          | -4.38        |
| time/                   |              |
|    fps                  | 108          |
|    iterations           | 260          |
|    time_elapsed         | 615          |
|    total_timesteps      | 186880       |
| train/                  |              |
|    approx_kl            | 0.0016378644 |
|    clip_fraction        | 0            |
|    clip_range           | 0.2          |
|    entropy_loss         | -2.55        |
|    explained_variance   | 0.583        |
|    learning_rate        | 0.0003       |
|    loss                 | 0.507        |
|    n_updates            | 7290         |
|    policy_gradient_loss | -0.000593    |
|    std                  | 0.865        |
|    value_loss           | 1.67         |
------------------------------------------
-----------------------------------------
| rollout/                |             |
|    ep_len_mean          | 158         |
|    ep_rew_mean          | -4.42       |
| time/                   |             |
|    fps                  | 108         |
|    iterations           | 261         |
|    time_elapsed         | 617         |
|    total_timesteps      | 187136      |
| train/                  |             |
|    approx_kl            | 0.001146846 |
|    clip_fraction        | 0           |
|    clip_range           | 0.2         |
|    entropy_loss         | -2.55       |
|    explained_variance   | 0.529       |
|    learning_rate        | 0.0003      |
|    loss                 | 4.89        |
|    n_updates            | 7300        |
|    policy_gradient_loss | -0.00078    |
|    std                  | 0.865       |
|    value_loss           | 8.56        |
-----------------------------------------
------------------------------------------
| rollout/                |              |
|    ep_len_mean          | 158          |
|    ep_rew_mean          | -4.43        |
| time/                   |              |
|    fps                  | 108          |
|    iterations           | 262          |
|    time_elapsed         | 620          |
|    total_timesteps      | 187392       |
| train/                  |              |
|    approx_kl            | 0.0043385946 |
|    clip_fraction        | 0.0809       |
|    clip_range           | 0.2          |
|    entropy_loss         | -2.55        |
|    explained_variance   | 0.97         |
|    learning_rate        | 0.0003       |
|    loss                 | 0.118        |
|    n_updates            | 7310         |
|    policy_gradient_loss | -0.00492     |
|    std                  | 0.866        |
|    value_loss           | 0.354        |
------------------------------------------
-----------------------------------------
| rollout/                |             |
|    ep_len_mean          | 158         |
|    ep_rew_mean          | -4.41       |
| time/                   |             |
|    fps                  | 108         |
|    iterations           | 263         |
|    time_elapsed         | 622         |
|    total_timesteps      | 187648      |
| train/                  |             |
|    approx_kl            | 0.007344725 |
|    clip_fraction        | 0.0984      |
|    clip_range           | 0.2         |
|    entropy_loss         | -2.55       |
|    explained_variance   | 0.0213      |
|    learning_rate        | 0.0003      |
|    loss                 | -0.00267    |
|    n_updates            | 7320        |
|    policy_gradient_loss | -0.00838    |
|    std                  | 0.869       |
|    value_loss           | 0.198       |
-----------------------------------------
----------------------------------------
| rollout/                |            |
|    ep_len_mean          | 158        |
|    ep_rew_mean          | -4.43      |
| time/                   |            |
|    fps                  | 108        |
|    iterations           | 264        |
|    time_elapsed         | 625        |
|    total_timesteps      | 187904     |
| train/                  |            |
|    approx_kl            | 0.00486849 |
|    clip_fraction        | 0.0719     |
|    clip_range           | 0.2        |
|    entropy_loss         | -2.56      |
|    explained_variance   | 0.673      |
|    learning_rate        | 0.0003     |
|    loss                 | -0.0277    |
|    n_updates            | 7330       |
|    policy_gradient_loss | -0.00764   |
|    std                  | 0.875      |
|    value_loss           | 0.102      |
----------------------------------------
-----------------------------------------
| rollout/                |             |
|    ep_len_mean          | 156         |
|    ep_rew_mean          | -4.07       |
| time/                   |             |
|    fps                  | 108         |
|    iterations           | 265         |
|    time_elapsed         | 627         |
|    total_timesteps      | 188160      |
| train/                  |             |
|    approx_kl            | 0.009769441 |
|    clip_fraction        | 0.0246      |
|    clip_range           | 0.2         |
|    entropy_loss         | -2.58       |
|    explained_variance   | 0.852       |
|    learning_rate        | 0.0003      |
|    loss                 | -0.0153     |
|    n_updates            | 7340        |
|    policy_gradient_loss | -0.00127    |
|    std                  | 0.88        |
|    value_loss           | 0.0531      |
-----------------------------------------
------------------------------------------
| rollout/                |              |
|    ep_len_mean          | 156          |
|    ep_rew_mean          | -3.95        |
| time/                   |              |
|    fps                  | 108          |
|    iterations           | 266          |
|    time_elapsed         | 630          |
|    total_timesteps      | 188416       |
| train/                  |              |
|    approx_kl            | 0.0069322987 |
|    clip_fraction        | 0.0367       |
|    clip_range           | 0.2          |
|    entropy_loss         | -2.59        |
|    explained_variance   | 0.00395      |
|    learning_rate        | 0.0003       |
|    loss                 | 0.00371      |
|    n_updates            | 7350         |
|    policy_gradient_loss | -0.00504     |
|    std                  | 0.883        |
|    value_loss           | 2.38         |
------------------------------------------
------------------------------------------
| rollout/                |              |
|    ep_len_mean          | 154          |
|    ep_rew_mean          | -3.58        |
| time/                   |              |
|    fps                  | 107          |
|    iterations           | 267          |
|    time_elapsed         | 633          |
|    total_timesteps      | 188672       |
| train/                  |              |
|    approx_kl            | 0.0061538666 |
|    clip_fraction        | 0.0949       |
|    clip_range           | 0.2          |
|    entropy_loss         | -2.59        |
|    explained_variance   | 0.5          |
|    learning_rate        | 0.0003       |
|    loss                 | -0.0397      |
|    n_updates            | 7360         |
|    policy_gradient_loss | -0.00881     |
|    std                  | 0.878        |
|    value_loss           | 0.0194       |
------------------------------------------
-----------------------------------------
| rollout/                |             |
|    ep_len_mean          | 154         |
|    ep_rew_mean          | -3.58       |
| time/                   |             |
|    fps                  | 107         |
|    iterations           | 268         |
|    time_elapsed         | 635         |
|    total_timesteps      | 188928      |
| train/                  |             |
|    approx_kl            | 0.014094159 |
|    clip_fraction        | 0.0395      |
|    clip_range           | 0.2         |
|    entropy_loss         | -2.58       |
|    explained_variance   | 0.00884     |
|    learning_rate        | 0.0003      |
|    loss                 | 4.28        |
|    n_updates            | 7370        |
|    policy_gradient_loss | -0.000398   |
|    std                  | 0.876       |
|    value_loss           | 2.2         |
-----------------------------------------
------------------------------------------
| rollout/                |              |
|    ep_len_mean          | 154          |
|    ep_rew_mean          | -3.6         |
| time/                   |              |
|    fps                  | 107          |
|    iterations           | 269          |
|    time_elapsed         | 640          |
|    total_timesteps      | 189184       |
| train/                  |              |
|    approx_kl            | 0.0058073336 |
|    clip_fraction        | 0.0422       |
|    clip_range           | 0.2          |
|    entropy_loss         | -2.57        |
|    explained_variance   | 0.922        |
|    learning_rate        | 0.0003       |
|    loss                 | -0.0349      |
|    n_updates            | 7380         |
|    policy_gradient_loss | -0.004       |
|    std                  | 0.869        |
|    value_loss           | 0.0112       |
------------------------------------------
------------------------------------------
| rollout/                |              |
|    ep_len_mean          | 154          |
|    ep_rew_mean          | -3.44        |
| time/                   |              |
|    fps                  | 107          |
|    iterations           | 270          |
|    time_elapsed         | 642          |
|    total_timesteps      | 189440       |
| train/                  |              |
|    approx_kl            | 0.0060699517 |
|    clip_fraction        | 0.0984       |
|    clip_range           | 0.2          |
|    entropy_loss         | -2.55        |
|    explained_variance   | 0.923        |
|    learning_rate        | 0.0003       |
|    loss                 | -0.0288      |
|    n_updates            | 7390         |
|    policy_gradient_loss | -0.00823     |
|    std                  | 0.867        |
|    value_loss           | 0.0169       |
------------------------------------------
----------------------------------------
| rollout/                |            |
|    ep_len_mean          | 154        |
|    ep_rew_mean          | -3.3       |
| time/                   |            |
|    fps                  | 107        |
|    iterations           | 271        |
|    time_elapsed         | 644        |
|    total_timesteps      | 189696     |
| train/                  |            |
|    approx_kl            | 0.00460169 |
|    clip_fraction        | 0.048      |
|    clip_range           | 0.2        |
|    entropy_loss         | -2.55      |
|    explained_variance   | 0.965      |
|    learning_rate        | 0.0003     |
|    loss                 | -0.0211    |
|    n_updates            | 7400       |
|    policy_gradient_loss | -0.0043    |
|    std                  | 0.865      |
|    value_loss           | 0.00726    |
----------------------------------------
-----------------------------------------
| rollout/                |             |
|    ep_len_mean          | 154         |
|    ep_rew_mean          | -3.07       |
| time/                   |             |
|    fps                  | 107         |
|    iterations           | 272         |
|    time_elapsed         | 647         |
|    total_timesteps      | 189952      |
| train/                  |             |
|    approx_kl            | 0.009576494 |
|    clip_fraction        | 0.104       |
|    clip_range           | 0.2         |
|    entropy_loss         | -2.55       |
|    explained_variance   | 0.699       |
|    learning_rate        | 0.0003      |
|    loss                 | -0.0491     |
|    n_updates            | 7410        |
|    policy_gradient_loss | -0.0108     |
|    std                  | 0.866       |
|    value_loss           | 0.0117      |
-----------------------------------------
-----------------------------------------
| rollout/                |             |
|    ep_len_mean          | 154         |
|    ep_rew_mean          | -3.08       |
| time/                   |             |
|    fps                  | 107         |
|    iterations           | 273         |
|    time_elapsed         | 649         |
|    total_timesteps      | 190208      |
| train/                  |             |
|    approx_kl            | 0.004029137 |
|    clip_fraction        | 0.0312      |
|    clip_range           | 0.2         |
|    entropy_loss         | -2.55       |
|    explained_variance   | 0.881       |
|    learning_rate        | 0.0003      |
|    loss                 | -0.0334     |
|    n_updates            | 7420        |
|    policy_gradient_loss | -0.00366    |
|    std                  | 0.871       |
|    value_loss           | 0.00871     |
-----------------------------------------
-----------------------------------------
| rollout/                |             |
|    ep_len_mean          | 154         |
|    ep_rew_mean          | -3.04       |
| time/                   |             |
|    fps                  | 107         |
|    iterations           | 274         |
|    time_elapsed         | 652         |
|    total_timesteps      | 190464      |
| train/                  |             |
|    approx_kl            | 0.010890273 |
|    clip_fraction        | 0.116       |
|    clip_range           | 0.2         |
|    entropy_loss         | -2.57       |
|    explained_variance   | 0.112       |
|    learning_rate        | 0.0003      |
|    loss                 | -0.0393     |
|    n_updates            | 7430        |
|    policy_gradient_loss | -0.00885    |
|    std                  | 0.876       |
|    value_loss           | 0.013       |
-----------------------------------------
------------------------------------------
| rollout/                |              |
|    ep_len_mean          | 154          |
|    ep_rew_mean          | -2.96        |
| time/                   |              |
|    fps                  | 107          |
|    iterations           | 275          |
|    time_elapsed         | 655          |
|    total_timesteps      | 190720       |
| train/                  |              |
|    approx_kl            | 0.0055998107 |
|    clip_fraction        | 0.0461       |
|    clip_range           | 0.2          |
|    entropy_loss         | -2.58        |
|    explained_variance   | 0.0954       |
|    learning_rate        | 0.0003       |
|    loss                 | -0.0108      |
|    n_updates            | 7440         |
|    policy_gradient_loss | -0.00385     |
|    std                  | 0.882        |
|    value_loss           | 0.0125       |
------------------------------------------
-----------------------------------------
| rollout/                |             |
|    ep_len_mean          | 154         |
|    ep_rew_mean          | -2.83       |
| time/                   |             |
|    fps                  | 107         |
|    iterations           | 276         |
|    time_elapsed         | 659         |
|    total_timesteps      | 190976      |
| train/                  |             |
|    approx_kl            | 0.007954846 |
|    clip_fraction        | 0.0707      |
|    clip_range           | 0.2         |
|    entropy_loss         | -2.59       |
|    explained_variance   | 0.171       |
|    learning_rate        | 0.0003      |
|    loss                 | -0.0397     |
|    n_updates            | 7450        |
|    policy_gradient_loss | -0.00882    |
|    std                  | 0.883       |
|    value_loss           | 0.0103      |
-----------------------------------------
-----------------------------------------
| rollout/                |             |
|    ep_len_mean          | 154         |
|    ep_rew_mean          | -2.61       |
| time/                   |             |
|    fps                  | 107         |
|    iterations           | 277         |
|    time_elapsed         | 661         |
|    total_timesteps      | 191232      |
| train/                  |             |
|    approx_kl            | 0.009542234 |
|    clip_fraction        | 0.11        |
|    clip_range           | 0.2         |
|    entropy_loss         | -2.59       |
|    explained_variance   | 0.899       |
|    learning_rate        | 0.0003      |
|    loss                 | -0.0314     |
|    n_updates            | 7460        |
|    policy_gradient_loss | -0.0132     |
|    std                  | 0.883       |
|    value_loss           | 0.00355     |
-----------------------------------------
------------------------------------------
| rollout/                |              |
|    ep_len_mean          | 154          |
|    ep_rew_mean          | -2.62        |
| time/                   |              |
|    fps                  | 107          |
|    iterations           | 278          |
|    time_elapsed         | 664          |
|    total_timesteps      | 191488       |
| train/                  |              |
|    approx_kl            | 0.0043158894 |
|    clip_fraction        | 0.0402       |
|    clip_range           | 0.2          |
|    entropy_loss         | -2.58        |
|    explained_variance   | 0.909        |
|    learning_rate        | 0.0003       |
|    loss                 | -0.0327      |
|    n_updates            | 7470         |
|    policy_gradient_loss | -0.00416     |
|    std                  | 0.873        |
|    value_loss           | 0.00251      |
------------------------------------------
------------------------------------------
| rollout/                |              |
|    ep_len_mean          | 154          |
|    ep_rew_mean          | -2.62        |
| time/                   |              |
|    fps                  | 107          |
|    iterations           | 279          |
|    time_elapsed         | 666          |
|    total_timesteps      | 191744       |
| train/                  |              |
|    approx_kl            | 0.0059038745 |
|    clip_fraction        | 0.0355       |
|    clip_range           | 0.2          |
|    entropy_loss         | -2.56        |
|    explained_variance   | 0.00914      |
|    learning_rate        | 0.0003       |
|    loss                 | -0.017       |
|    n_updates            | 7480         |
|    policy_gradient_loss | -0.00304     |
|    std                  | 0.869        |
|    value_loss           | 0.00953      |
------------------------------------------
-----------------------------------------
| rollout/                |             |
|    ep_len_mean          | 154         |
|    ep_rew_mean          | -2.62       |
| time/                   |             |
|    fps                  | 107         |
|    iterations           | 280         |
|    time_elapsed         | 669         |
|    total_timesteps      | 192000      |
| train/                  |             |
|    approx_kl            | 0.009501053 |
|    clip_fraction        | 0.107       |
|    clip_range           | 0.2         |
|    entropy_loss         | -2.56       |
|    explained_variance   | 0.934       |
|    learning_rate        | 0.0003      |
|    loss                 | -0.0426     |
|    n_updates            | 7490        |
|    policy_gradient_loss | -0.0129     |
|    std                  | 0.868       |
|    value_loss           | 0.00572     |
-----------------------------------------
------------------------------------------
| rollout/                |              |
|    ep_len_mean          | 156          |
|    ep_rew_mean          | -2.84        |
| time/                   |              |
|    fps                  | 107          |
|    iterations           | 281          |
|    time_elapsed         | 671          |
|    total_timesteps      | 192256       |
| train/                  |              |
|    approx_kl            | 0.0042601777 |
|    clip_fraction        | 0.0176       |
|    clip_range           | 0.2          |
|    entropy_loss         | -2.55        |
|    explained_variance   | 0.926        |
|    learning_rate        | 0.0003       |
|    loss                 | -0.0179      |
|    n_updates            | 7500         |
|    policy_gradient_loss | -0.000752    |
|    std                  | 0.868        |
|    value_loss           | 0.00707      |
------------------------------------------
------------------------------------------
| rollout/                |              |
|    ep_len_mean          | 156          |
|    ep_rew_mean          | -2.83        |
| time/                   |              |
|    fps                  | 107          |
|    iterations           | 282          |
|    time_elapsed         | 674          |
|    total_timesteps      | 192512       |
| train/                  |              |
|    approx_kl            | 0.0047911573 |
|    clip_fraction        | 0.0297       |
|    clip_range           | 0.2          |
|    entropy_loss         | -2.55        |
|    explained_variance   | 0.942        |
|    learning_rate        | 0.0003       |
|    loss                 | -0.0417      |
|    n_updates            | 7510         |
|    policy_gradient_loss | -0.00131     |
|    std                  | 0.865        |
|    value_loss           | 0.00348      |
------------------------------------------
-----------------------------------------
| rollout/                |             |
|    ep_len_mean          | 156         |
|    ep_rew_mean          | -2.83       |
| time/                   |             |
|    fps                  | 107         |
|    iterations           | 283         |
|    time_elapsed         | 676         |
|    total_timesteps      | 192768      |
| train/                  |             |
|    approx_kl            | 0.008871881 |
|    clip_fraction        | 0.0563      |
|    clip_range           | 0.2         |
|    entropy_loss         | -2.54       |
|    explained_variance   | 0.949       |
|    learning_rate        | 0.0003      |
|    loss                 | -0.025      |
|    n_updates            | 7520        |
|    policy_gradient_loss | -0.00478    |
|    std                  | 0.86        |
|    value_loss           | 0.00546     |
-----------------------------------------
-----------------------------------------
| rollout/                |             |
|    ep_len_mean          | 156         |
|    ep_rew_mean          | -2.82       |
| time/                   |             |
|    fps                  | 107         |
|    iterations           | 284         |
|    time_elapsed         | 679         |
|    total_timesteps      | 193024      |
| train/                  |             |
|    approx_kl            | 0.002816197 |
|    clip_fraction        | 0.0191      |
|    clip_range           | 0.2         |
|    entropy_loss         | -2.53       |
|    explained_variance   | 0.96        |
|    learning_rate        | 0.0003      |
|    loss                 | -0.0252     |
|    n_updates            | 7530        |
|    policy_gradient_loss | -0.00102    |
|    std                  | 0.856       |
|    value_loss           | 0.0048      |
-----------------------------------------
-----------------------------------------
| rollout/                |             |
|    ep_len_mean          | 156         |
|    ep_rew_mean          | -2.83       |
| time/                   |             |
|    fps                  | 106         |
|    iterations           | 285         |
|    time_elapsed         | 683         |
|    total_timesteps      | 193280      |
| train/                  |             |
|    approx_kl            | 0.001252861 |
|    clip_fraction        | 0           |
|    clip_range           | 0.2         |
|    entropy_loss         | -2.53       |
|    explained_variance   | 0.935       |
|    learning_rate        | 0.0003      |
|    loss                 | -0.0306     |
|    n_updates            | 7540        |
|    policy_gradient_loss | 0.000255    |
|    std                  | 0.857       |
|    value_loss           | 0.0116      |
-----------------------------------------
----------------------------------------
| rollout/                |            |
|    ep_len_mean          | 156        |
|    ep_rew_mean          | -2.84      |
| time/                   |            |
|    fps                  | 106        |
|    iterations           | 286        |
|    time_elapsed         | 685        |
|    total_timesteps      | 193536     |
| train/                  |            |
|    approx_kl            | 0.00731816 |
|    clip_fraction        | 0.0598     |
|    clip_range           | 0.2        |
|    entropy_loss         | -2.53      |
|    explained_variance   | 0.864      |
|    learning_rate        | 0.0003     |
|    loss                 | -0.0361    |
|    n_updates            | 7550       |
|    policy_gradient_loss | -0.00558   |
|    std                  | 0.857      |
|    value_loss           | 0.00554    |
----------------------------------------
-----------------------------------------
| rollout/                |             |
|    ep_len_mean          | 154         |
|    ep_rew_mean          | -2.64       |
| time/                   |             |
|    fps                  | 106         |
|    iterations           | 287         |
|    time_elapsed         | 688         |
|    total_timesteps      | 193792      |
| train/                  |             |
|    approx_kl            | 0.003535791 |
|    clip_fraction        | 0.0129      |
|    clip_range           | 0.2         |
|    entropy_loss         | -2.53       |
|    explained_variance   | 0.963       |
|    learning_rate        | 0.0003      |
|    loss                 | -0.0224     |
|    n_updates            | 7560        |
|    policy_gradient_loss | -0.00213    |
|    std                  | 0.858       |
|    value_loss           | 0.0136      |
-----------------------------------------
-----------------------------------------
| rollout/                |             |
|    ep_len_mean          | 154         |
|    ep_rew_mean          | -2.64       |
| time/                   |             |
|    fps                  | 106         |
|    iterations           | 288         |
|    time_elapsed         | 691         |
|    total_timesteps      | 194048      |
| train/                  |             |
|    approx_kl            | 0.007352433 |
|    clip_fraction        | 0.123       |
|    clip_range           | 0.2         |
|    entropy_loss         | -2.54       |
|    explained_variance   | 0.022       |
|    learning_rate        | 0.0003      |
|    loss                 | -0.0398     |
|    n_updates            | 7570        |
|    policy_gradient_loss | -0.00628    |
|    std                  | 0.861       |
|    value_loss           | 1.75        |
-----------------------------------------
------------------------------------------
| rollout/                |              |
|    ep_len_mean          | 154          |
|    ep_rew_mean          | -2.65        |
| time/                   |              |
|    fps                  | 106          |
|    iterations           | 289          |
|    time_elapsed         | 693          |
|    total_timesteps      | 194304       |
| train/                  |              |
|    approx_kl            | 0.0061444133 |
|    clip_fraction        | 0.0707       |
|    clip_range           | 0.2          |
|    entropy_loss         | -2.54        |
|    explained_variance   | 0.976        |
|    learning_rate        | 0.0003       |
|    loss                 | -0.0519      |
|    n_updates            | 7580         |
|    policy_gradient_loss | -0.00799     |
|    std                  | 0.859        |
|    value_loss           | 0.00791      |
------------------------------------------
-------------------------------------------
| rollout/                |               |
|    ep_len_mean          | 153           |
|    ep_rew_mean          | -2.44         |
| time/                   |               |
|    fps                  | 106           |
|    iterations           | 290           |
|    time_elapsed         | 696           |
|    total_timesteps      | 194560        |
| train/                  |               |
|    approx_kl            | 0.00065165595 |
|    clip_fraction        | 0             |
|    clip_range           | 0.2           |
|    entropy_loss         | -2.53         |
|    explained_variance   | 0.973         |
|    learning_rate        | 0.0003        |
|    loss                 | -0.0185       |
|    n_updates            | 7590          |
|    policy_gradient_loss | 0.00053       |
|    std                  | 0.858         |
|    value_loss           | 0.00358       |
-------------------------------------------
------------------------------------------
| rollout/                |              |
|    ep_len_mean          | 153          |
|    ep_rew_mean          | -2.44        |
| time/                   |              |
|    fps                  | 106          |
|    iterations           | 291          |
|    time_elapsed         | 698          |
|    total_timesteps      | 194816       |
| train/                  |              |
|    approx_kl            | 0.0018384317 |
|    clip_fraction        | 0.000391     |
|    clip_range           | 0.2          |
|    entropy_loss         | -2.53        |
|    explained_variance   | 0.0971       |
|    learning_rate        | 0.0003       |
|    loss                 | -0.0115      |
|    n_updates            | 7600         |
|    policy_gradient_loss | -0.000511    |
|    std                  | 0.858        |
|    value_loss           | 1.66         |
------------------------------------------
------------------------------------------
| rollout/                |              |
|    ep_len_mean          | 153          |
|    ep_rew_mean          | -2.44        |
| time/                   |              |
|    fps                  | 106          |
|    iterations           | 292          |
|    time_elapsed         | 701          |
|    total_timesteps      | 195072       |
| train/                  |              |
|    approx_kl            | 0.0059415605 |
|    clip_fraction        | 0.0617       |
|    clip_range           | 0.2          |
|    entropy_loss         | -2.53        |
|    explained_variance   | 0.352        |
|    learning_rate        | 0.0003       |
|    loss                 | -0.0289      |
|    n_updates            | 7610         |
|    policy_gradient_loss | -0.00382     |
|    std                  | 0.856        |
|    value_loss           | 0.00854      |
------------------------------------------
------------------------------------------
| rollout/                |              |
|    ep_len_mean          | 153          |
|    ep_rew_mean          | -2.44        |
| time/                   |              |
|    fps                  | 106          |
|    iterations           | 293          |
|    time_elapsed         | 703          |
|    total_timesteps      | 195328       |
| train/                  |              |
|    approx_kl            | 0.0017502811 |
|    clip_fraction        | 0.041        |
|    clip_range           | 0.2          |
|    entropy_loss         | -2.53        |
|    explained_variance   | 0.898        |
|    learning_rate        | 0.0003       |
|    loss                 | -0.0269      |
|    n_updates            | 7620         |
|    policy_gradient_loss | -0.00399     |
|    std                  | 0.854        |
|    value_loss           | 0.009        |
------------------------------------------
------------------------------------------
| rollout/                |              |
|    ep_len_mean          | 154          |
|    ep_rew_mean          | -2.65        |
| time/                   |              |
|    fps                  | 106          |
|    iterations           | 294          |
|    time_elapsed         | 706          |
|    total_timesteps      | 195584       |
| train/                  |              |
|    approx_kl            | 0.0032594507 |
|    clip_fraction        | 0.00781      |
|    clip_range           | 0.2          |
|    entropy_loss         | -2.53        |
|    explained_variance   | 0.812        |
|    learning_rate        | 0.0003       |
|    loss                 | -0.0208      |
|    n_updates            | 7630         |
|    policy_gradient_loss | -4.91e-05    |
|    std                  | 0.857        |
|    value_loss           | 0.00669      |
------------------------------------------
------------------------------------------
| rollout/                |              |
|    ep_len_mean          | 154          |
|    ep_rew_mean          | -2.65        |
| time/                   |              |
|    fps                  | 106          |
|    iterations           | 295          |
|    time_elapsed         | 709          |
|    total_timesteps      | 195840       |
| train/                  |              |
|    approx_kl            | 0.0029354584 |
|    clip_fraction        | 0.0336       |
|    clip_range           | 0.2          |
|    entropy_loss         | -2.53        |
|    explained_variance   | 0.864        |
|    learning_rate        | 0.0003       |
|    loss                 | -0.0207      |
|    n_updates            | 7640         |
|    policy_gradient_loss | -0.00219     |
|    std                  | 0.855        |
|    value_loss           | 0.00769      |
------------------------------------------
------------------------------------------
| rollout/                |              |
|    ep_len_mean          | 154          |
|    ep_rew_mean          | -2.64        |
| time/                   |              |
|    fps                  | 106          |
|    iterations           | 296          |
|    time_elapsed         | 711          |
|    total_timesteps      | 196096       |
| train/                  |              |
|    approx_kl            | 0.0042118724 |
|    clip_fraction        | 0.00547      |
|    clip_range           | 0.2          |
|    entropy_loss         | -2.52        |
|    explained_variance   | 0.381        |
|    learning_rate        | 0.0003       |
|    loss                 | -0.0267      |
|    n_updates            | 7650         |
|    policy_gradient_loss | -0.00109     |
|    std                  | 0.855        |
|    value_loss           | 0.00567      |
------------------------------------------
------------------------------------------
| rollout/                |              |
|    ep_len_mean          | 154          |
|    ep_rew_mean          | -2.64        |
| time/                   |              |
|    fps                  | 106          |
|    iterations           | 297          |
|    time_elapsed         | 714          |
|    total_timesteps      | 196352       |
| train/                  |              |
|    approx_kl            | 0.0068791304 |
|    clip_fraction        | 0.0973       |
|    clip_range           | 0.2          |
|    entropy_loss         | -2.53        |
|    explained_variance   | 0.722        |
|    learning_rate        | 0.0003       |
|    loss                 | -0.0229      |
|    n_updates            | 7660         |
|    policy_gradient_loss | -0.00929     |
|    std                  | 0.855        |
|    value_loss           | 0.0073       |
------------------------------------------
------------------------------------------
| rollout/                |              |
|    ep_len_mean          | 154          |
|    ep_rew_mean          | -2.65        |
| time/                   |              |
|    fps                  | 106          |
|    iterations           | 298          |
|    time_elapsed         | 716          |
|    total_timesteps      | 196608       |
| train/                  |              |
|    approx_kl            | 0.0060340893 |
|    clip_fraction        | 0.0406       |
|    clip_range           | 0.2          |
|    entropy_loss         | -2.53        |
|    explained_variance   | 0.95         |
|    learning_rate        | 0.0003       |
|    loss                 | -0.0178      |
|    n_updates            | 7670         |
|    policy_gradient_loss | -0.0032      |
|    std                  | 0.856        |
|    value_loss           | 0.00434      |
------------------------------------------
------------------------------------------
| rollout/                |              |
|    ep_len_mean          | 154          |
|    ep_rew_mean          | -2.66        |
| time/                   |              |
|    fps                  | 106          |
|    iterations           | 299          |
|    time_elapsed         | 718          |
|    total_timesteps      | 196864       |
| train/                  |              |
|    approx_kl            | 0.0059445873 |
|    clip_fraction        | 0.0488       |
|    clip_range           | 0.2          |
|    entropy_loss         | -2.53        |
|    explained_variance   | 0.926        |
|    learning_rate        | 0.0003       |
|    loss                 | -0.0327      |
|    n_updates            | 7680         |
|    policy_gradient_loss | -0.00405     |
|    std                  | 0.857        |
|    value_loss           | 0.00488      |
------------------------------------------
-----------------------------------------
| rollout/                |             |
|    ep_len_mean          | 154         |
|    ep_rew_mean          | -2.66       |
| time/                   |             |
|    fps                  | 106         |
|    iterations           | 300         |
|    time_elapsed         | 723         |
|    total_timesteps      | 197120      |
| train/                  |             |
|    approx_kl            | 0.006956858 |
|    clip_fraction        | 0.0332      |
|    clip_range           | 0.2         |
|    entropy_loss         | -2.53       |
|    explained_variance   | 0.362       |
|    learning_rate        | 0.0003      |
|    loss                 | -0.0298     |
|    n_updates            | 7690        |
|    policy_gradient_loss | -0.00187    |
|    std                  | 0.859       |
|    value_loss           | 0.00452     |
-----------------------------------------
-----------------------------------------
| rollout/                |             |
|    ep_len_mean          | 154         |
|    ep_rew_mean          | -2.52       |
| time/                   |             |
|    fps                  | 106         |
|    iterations           | 301         |
|    time_elapsed         | 725         |
|    total_timesteps      | 197376      |
| train/                  |             |
|    approx_kl            | 0.005811183 |
|    clip_fraction        | 0.0109      |
|    clip_range           | 0.2         |
|    entropy_loss         | -2.54       |
|    explained_variance   | 0.367       |
|    learning_rate        | 0.0003      |
|    loss                 | -0.00929    |
|    n_updates            | 7700        |
|    policy_gradient_loss | -0.000102   |
|    std                  | 0.864       |
|    value_loss           | 0.00344     |
-----------------------------------------
------------------------------------------
| rollout/                |              |
|    ep_len_mean          | 154          |
|    ep_rew_mean          | -2.38        |
| time/                   |              |
|    fps                  | 106          |
|    iterations           | 302          |
|    time_elapsed         | 728          |
|    total_timesteps      | 197632       |
| train/                  |              |
|    approx_kl            | 0.0054720007 |
|    clip_fraction        | 0.102        |
|    clip_range           | 0.2          |
|    entropy_loss         | -2.54        |
|    explained_variance   | 0.45         |
|    learning_rate        | 0.0003       |
|    loss                 | -0.0319      |
|    n_updates            | 7710         |
|    policy_gradient_loss | -0.0112      |
|    std                  | 0.861        |
|    value_loss           | 0.0041       |
------------------------------------------
------------------------------------------
| rollout/                |              |
|    ep_len_mean          | 154          |
|    ep_rew_mean          | -2.31        |
| time/                   |              |
|    fps                  | 106          |
|    iterations           | 303          |
|    time_elapsed         | 730          |
|    total_timesteps      | 197888       |
| train/                  |              |
|    approx_kl            | 0.0047584698 |
|    clip_fraction        | 0.0363       |
|    clip_range           | 0.2          |
|    entropy_loss         | -2.54        |
|    explained_variance   | 0.613        |
|    learning_rate        | 0.0003       |
|    loss                 | -0.0335      |
|    n_updates            | 7720         |
|    policy_gradient_loss | -0.0032      |
|    std                  | 0.861        |
|    value_loss           | 0.00437      |
------------------------------------------
------------------------------------------
| rollout/                |              |
|    ep_len_mean          | 154          |
|    ep_rew_mean          | -2.27        |
| time/                   |              |
|    fps                  | 106          |
|    iterations           | 304          |
|    time_elapsed         | 733          |
|    total_timesteps      | 198144       |
| train/                  |              |
|    approx_kl            | 0.0022282922 |
|    clip_fraction        | 0.0305       |
|    clip_range           | 0.2          |
|    entropy_loss         | -2.54        |
|    explained_variance   | 0.224        |
|    learning_rate        | 0.0003       |
|    loss                 | -0.0152      |
|    n_updates            | 7730         |
|    policy_gradient_loss | -0.00172     |
|    std                  | 0.862        |
|    value_loss           | 0.00425      |
------------------------------------------
-------------------------------------------
| rollout/                |               |
|    ep_len_mean          | 154           |
|    ep_rew_mean          | -2.01         |
| time/                   |               |
|    fps                  | 106           |
|    iterations           | 305           |
|    time_elapsed         | 735           |
|    total_timesteps      | 198400        |
| train/                  |               |
|    approx_kl            | 0.00065927627 |
|    clip_fraction        | 0             |
|    clip_range           | 0.2           |
|    entropy_loss         | -2.54         |
|    explained_variance   | -0.0778       |
|    learning_rate        | 0.0003        |
|    loss                 | -0.0209       |
|    n_updates            | 7740          |
|    policy_gradient_loss | 0.000204      |
|    std                  | 0.86          |
|    value_loss           | 0.00533       |
-------------------------------------------
-----------------------------------------
| rollout/                |             |
|    ep_len_mean          | 154         |
|    ep_rew_mean          | -1.91       |
| time/                   |             |
|    fps                  | 106         |
|    iterations           | 306         |
|    time_elapsed         | 738         |
|    total_timesteps      | 198656      |
| train/                  |             |
|    approx_kl            | 0.005755419 |
|    clip_fraction        | 0.0582      |
|    clip_range           | 0.2         |
|    entropy_loss         | -2.53       |
|    explained_variance   | 0.018       |
|    learning_rate        | 0.0003      |
|    loss                 | -0.0361     |
|    n_updates            | 7750        |
|    policy_gradient_loss | -0.0053     |
|    std                  | 0.857       |
|    value_loss           | 0.00458     |
-----------------------------------------
-----------------------------------------
| rollout/                |             |
|    ep_len_mean          | 154         |
|    ep_rew_mean          | -1.7        |
| time/                   |             |
|    fps                  | 106         |
|    iterations           | 307         |
|    time_elapsed         | 740         |
|    total_timesteps      | 198912      |
| train/                  |             |
|    approx_kl            | 0.007845609 |
|    clip_fraction        | 0.0852      |
|    clip_range           | 0.2         |
|    entropy_loss         | -2.53       |
|    explained_variance   | 0.6         |
|    learning_rate        | 0.0003      |
|    loss                 | -0.0438     |
|    n_updates            | 7760        |
|    policy_gradient_loss | -0.00939    |
|    std                  | 0.857       |
|    value_loss           | 0.00494     |
-----------------------------------------
-----------------------------------------
| rollout/                |             |
|    ep_len_mean          | 154         |
|    ep_rew_mean          | -1.69       |
| time/                   |             |
|    fps                  | 106         |
|    iterations           | 308         |
|    time_elapsed         | 743         |
|    total_timesteps      | 199168      |
| train/                  |             |
|    approx_kl            | 0.013441981 |
|    clip_fraction        | 0.0848      |
|    clip_range           | 0.2         |
|    entropy_loss         | -2.53       |
|    explained_variance   | 0.973       |
|    learning_rate        | 0.0003      |
|    loss                 | -0.00891    |
|    n_updates            | 7770        |
|    policy_gradient_loss | -0.00885    |
|    std                  | 0.857       |
|    value_loss           | 0.0293      |
-----------------------------------------
-----------------------------------------
| rollout/                |             |
|    ep_len_mean          | 154         |
|    ep_rew_mean          | -1.43       |
| time/                   |             |
|    fps                  | 106         |
|    iterations           | 309         |
|    time_elapsed         | 745         |
|    total_timesteps      | 199424      |
| train/                  |             |
|    approx_kl            | 0.005376567 |
|    clip_fraction        | 0.0176      |
|    clip_range           | 0.2         |
|    entropy_loss         | -2.53       |
|    explained_variance   | 0.963       |
|    learning_rate        | 0.0003      |
|    loss                 | -0.028      |
|    n_updates            | 7780        |
|    policy_gradient_loss | -0.00271    |
|    std                  | 0.855       |
|    value_loss           | 0.0223      |
-----------------------------------------
------------------------------------------
| rollout/                |              |
|    ep_len_mean          | 152          |
|    ep_rew_mean          | -1.1         |
| time/                   |              |
|    fps                  | 106          |
|    iterations           | 310          |
|    time_elapsed         | 748          |
|    total_timesteps      | 199680       |
| train/                  |              |
|    approx_kl            | 0.0060526966 |
|    clip_fraction        | 0.0598       |
|    clip_range           | 0.2          |
|    entropy_loss         | -2.52        |
|    explained_variance   | 0.589        |
|    learning_rate        | 0.0003       |
|    loss                 | -0.0215      |
|    n_updates            | 7790         |
|    policy_gradient_loss | -0.00706     |
|    std                  | 0.855        |
|    value_loss           | 0.00367      |
------------------------------------------
-----------------------------------------
| rollout/                |             |
|    ep_len_mean          | 152         |
|    ep_rew_mean          | -1.09       |
| time/                   |             |
|    fps                  | 106         |
|    iterations           | 311         |
|    time_elapsed         | 751         |
|    total_timesteps      | 199936      |
| train/                  |             |
|    approx_kl            | 0.003946971 |
|    clip_fraction        | 0.0289      |
|    clip_range           | 0.2         |
|    entropy_loss         | -2.52       |
|    explained_variance   | 0.00421     |
|    learning_rate        | 0.0003      |
|    loss                 | -0.0225     |
|    n_updates            | 7800        |
|    policy_gradient_loss | 0.00123     |
|    std                  | 0.856       |
|    value_loss           | 1.74        |
-----------------------------------------
-----------------------------------------
| rollout/                |             |
|    ep_len_mean          | 152         |
|    ep_rew_mean          | -1.08       |
| time/                   |             |
|    fps                  | 105         |
|    iterations           | 312         |
|    time_elapsed         | 755         |
|    total_timesteps      | 200192      |
| train/                  |             |
|    approx_kl            | 0.005328806 |
|    clip_fraction        | 0.0457      |
|    clip_range           | 0.2         |
|    entropy_loss         | -2.52       |
|    explained_variance   | 0.623       |
|    learning_rate        | 0.0003      |
|    loss                 | -0.0271     |
|    n_updates            | 7810        |
|    policy_gradient_loss | -0.00338    |
|    std                  | 0.854       |
|    value_loss           | 0.00377     |
-----------------------------------------
-----------------------------------------
| rollout/                |             |
|    ep_len_mean          | 152         |
|    ep_rew_mean          | -1.08       |
| time/                   |             |
|    fps                  | 105         |
|    iterations           | 313         |
|    time_elapsed         | 757         |
|    total_timesteps      | 200448      |
| train/                  |             |
|    approx_kl            | 0.005809179 |
|    clip_fraction        | 0.0152      |
|    clip_range           | 0.2         |
|    entropy_loss         | -2.53       |
|    explained_variance   | 0.911       |
|    learning_rate        | 0.0003      |
|    loss                 | -0.0366     |
|    n_updates            | 7820        |
|    policy_gradient_loss | -0.00124    |
|    std                  | 0.859       |
|    value_loss           | 0.00419     |
-----------------------------------------
------------------------------------------
| rollout/                |              |
|    ep_len_mean          | 152          |
|    ep_rew_mean          | -0.918       |
| time/                   |              |
|    fps                  | 105          |
|    iterations           | 314          |
|    time_elapsed         | 760          |
|    total_timesteps      | 200704       |
| train/                  |              |
|    approx_kl            | 0.0054176683 |
|    clip_fraction        | 0.0727       |
|    clip_range           | 0.2          |
|    entropy_loss         | -2.53        |
|    explained_variance   | 0.223        |
|    learning_rate        | 0.0003       |
|    loss                 | -0.0168      |
|    n_updates            | 7830         |
|    policy_gradient_loss | -0.00563     |
|    std                  | 0.859        |
|    value_loss           | 0.00355      |
------------------------------------------
----------------------------------------
| rollout/                |            |
|    ep_len_mean          | 152        |
|    ep_rew_mean          | -0.924     |
| time/                   |            |
|    fps                  | 105        |
|    iterations           | 315        |
|    time_elapsed         | 762        |
|    total_timesteps      | 200960     |
| train/                  |            |
|    approx_kl            | 0.00424829 |
|    clip_fraction        | 0.0547     |
|    clip_range           | 0.2        |
|    entropy_loss         | -2.53      |
|    explained_variance   | 0.271      |
|    learning_rate        | 0.0003     |
|    loss                 | -0.0113    |
|    n_updates            | 7840       |
|    policy_gradient_loss | -0.00455   |
|    std                  | 0.855      |
|    value_loss           | 0.00354    |
----------------------------------------
-----------------------------------------
| rollout/                |             |
|    ep_len_mean          | 152         |
|    ep_rew_mean          | -0.93       |
| time/                   |             |
|    fps                  | 105         |
|    iterations           | 316         |
|    time_elapsed         | 765         |
|    total_timesteps      | 201216      |
| train/                  |             |
|    approx_kl            | 0.007040534 |
|    clip_fraction        | 0.0898      |
|    clip_range           | 0.2         |
|    entropy_loss         | -2.52       |
|    explained_variance   | 0.152       |
|    learning_rate        | 0.0003      |
|    loss                 | -0.0381     |
|    n_updates            | 7850        |
|    policy_gradient_loss | -0.00702    |
|    std                  | 0.854       |
|    value_loss           | 0.00331     |
-----------------------------------------
-----------------------------------------
| rollout/                |             |
|    ep_len_mean          | 150         |
|    ep_rew_mean          | -0.618      |
| time/                   |             |
|    fps                  | 105         |
|    iterations           | 317         |
|    time_elapsed         | 768         |
|    total_timesteps      | 201472      |
| train/                  |             |
|    approx_kl            | 0.008987929 |
|    clip_fraction        | 0.125       |
|    clip_range           | 0.2         |
|    entropy_loss         | -2.52       |
|    explained_variance   | 0.269       |
|    learning_rate        | 0.0003      |
|    loss                 | -0.0386     |
|    n_updates            | 7860        |
|    policy_gradient_loss | -0.0115     |
|    std                  | 0.85        |
|    value_loss           | 0.00381     |
-----------------------------------------
-----------------------------------------
| rollout/                |             |
|    ep_len_mean          | 150         |
|    ep_rew_mean          | -0.607      |
| time/                   |             |
|    fps                  | 105         |
|    iterations           | 318         |
|    time_elapsed         | 770         |
|    total_timesteps      | 201728      |
| train/                  |             |
|    approx_kl            | 0.009243547 |
|    clip_fraction        | 0.0992      |
|    clip_range           | 0.2         |
|    entropy_loss         | -2.51       |
|    explained_variance   | 0.0106      |
|    learning_rate        | 0.0003      |
|    loss                 | -0.0468     |
|    n_updates            | 7870        |
|    policy_gradient_loss | -0.0046     |
|    std                  | 0.85        |
|    value_loss           | 1.73        |
-----------------------------------------
-----------------------------------------
| rollout/                |             |
|    ep_len_mean          | 150         |
|    ep_rew_mean          | -0.507      |
| time/                   |             |
|    fps                  | 105         |
|    iterations           | 319         |
|    time_elapsed         | 774         |
|    total_timesteps      | 201984      |
| train/                  |             |
|    approx_kl            | 0.008589186 |
|    clip_fraction        | 0.107       |
|    clip_range           | 0.2         |
|    entropy_loss         | -2.51       |
|    explained_variance   | 0.278       |
|    learning_rate        | 0.0003      |
|    loss                 | -0.0351     |
|    n_updates            | 7880        |
|    policy_gradient_loss | -0.0118     |
|    std                  | 0.851       |
|    value_loss           | 0.00368     |
-----------------------------------------
------------------------------------------
| rollout/                |              |
|    ep_len_mean          | 150          |
|    ep_rew_mean          | -0.383       |
| time/                   |              |
|    fps                  | 105          |
|    iterations           | 320          |
|    time_elapsed         | 777          |
|    total_timesteps      | 202240       |
| train/                  |              |
|    approx_kl            | 0.0054502822 |
|    clip_fraction        | 0.0555       |
|    clip_range           | 0.2          |
|    entropy_loss         | -2.52        |
|    explained_variance   | 0.859        |
|    learning_rate        | 0.0003       |
|    loss                 | -0.0301      |
|    n_updates            | 7890         |
|    policy_gradient_loss | -0.00549     |
|    std                  | 0.853        |
|    value_loss           | 0.00407      |
------------------------------------------
------------------------------------------
| rollout/                |              |
|    ep_len_mean          | 150          |
|    ep_rew_mean          | -0.389       |
| time/                   |              |
|    fps                  | 105          |
|    iterations           | 321          |
|    time_elapsed         | 779          |
|    total_timesteps      | 202496       |
| train/                  |              |
|    approx_kl            | 0.0073196758 |
|    clip_fraction        | 0.0297       |
|    clip_range           | 0.2          |
|    entropy_loss         | -2.52        |
|    explained_variance   | -0.0903      |
|    learning_rate        | 0.0003       |
|    loss                 | -0.0188      |
|    n_updates            | 7900         |
|    policy_gradient_loss | -0.00084     |
|    std                  | 0.854        |
|    value_loss           | 0.00442      |
------------------------------------------
------------------------------------------
| rollout/                |              |
|    ep_len_mean          | 150          |
|    ep_rew_mean          | -0.387       |
| time/                   |              |
|    fps                  | 105          |
|    iterations           | 322          |
|    time_elapsed         | 784          |
|    total_timesteps      | 202752       |
| train/                  |              |
|    approx_kl            | 0.0049745347 |
|    clip_fraction        | 0.0633       |
|    clip_range           | 0.2          |
|    entropy_loss         | -2.52        |
|    explained_variance   | 0.239        |
|    learning_rate        | 0.0003       |
|    loss                 | -0.0327      |
|    n_updates            | 7910         |
|    policy_gradient_loss | -0.00302     |
|    std                  | 0.854        |
|    value_loss           | 0.00342      |
------------------------------------------
------------------------------------------
| rollout/                |              |
|    ep_len_mean          | 150          |
|    ep_rew_mean          | -0.385       |
| time/                   |              |
|    fps                  | 105          |
|    iterations           | 323          |
|    time_elapsed         | 786          |
|    total_timesteps      | 203008       |
| train/                  |              |
|    approx_kl            | 0.0060833087 |
|    clip_fraction        | 0.0578       |
|    clip_range           | 0.2          |
|    entropy_loss         | -2.52        |
|    explained_variance   | 0.18         |
|    learning_rate        | 0.0003       |
|    loss                 | -0.0262      |
|    n_updates            | 7920         |
|    policy_gradient_loss | -0.00846     |
|    std                  | 0.852        |
|    value_loss           | 0.00379      |
------------------------------------------
------------------------------------------
| rollout/                |              |
|    ep_len_mean          | 150          |
|    ep_rew_mean          | -0.384       |
| time/                   |              |
|    fps                  | 104          |
|    iterations           | 324          |
|    time_elapsed         | 790          |
|    total_timesteps      | 203264       |
| train/                  |              |
|    approx_kl            | 0.0034396457 |
|    clip_fraction        | 0.0254       |
|    clip_range           | 0.2          |
|    entropy_loss         | -2.52        |
|    explained_variance   | 0.357        |
|    learning_rate        | 0.0003       |
|    loss                 | -0.0422      |
|    n_updates            | 7930         |
|    policy_gradient_loss | -0.00262     |
|    std                  | 0.852        |
|    value_loss           | 0.00283      |
------------------------------------------
------------------------------------------
| rollout/                |              |
|    ep_len_mean          | 152          |
|    ep_rew_mean          | -0.588       |
| time/                   |              |
|    fps                  | 104          |
|    iterations           | 325          |
|    time_elapsed         | 793          |
|    total_timesteps      | 203520       |
| train/                  |              |
|    approx_kl            | 0.0027179676 |
|    clip_fraction        | 0.0336       |
|    clip_range           | 0.2          |
|    entropy_loss         | -2.52        |
|    explained_variance   | 0.948        |
|    learning_rate        | 0.0003       |
|    loss                 | -0.0298      |
|    n_updates            | 7940         |
|    policy_gradient_loss | -0.00238     |
|    std                  | 0.852        |
|    value_loss           | 0.00324      |
------------------------------------------
------------------------------------------
| rollout/                |              |
|    ep_len_mean          | 152          |
|    ep_rew_mean          | -0.576       |
| time/                   |              |
|    fps                  | 104          |
|    iterations           | 326          |
|    time_elapsed         | 796          |
|    total_timesteps      | 203776       |
| train/                  |              |
|    approx_kl            | 0.0052030045 |
|    clip_fraction        | 0.0746       |
|    clip_range           | 0.2          |
|    entropy_loss         | -2.52        |
|    explained_variance   | 0.565        |
|    learning_rate        | 0.0003       |
|    loss                 | -0.0229      |
|    n_updates            | 7950         |
|    policy_gradient_loss | -0.00659     |
|    std                  | 0.857        |
|    value_loss           | 0.00315      |
------------------------------------------
-----------------------------------------
| rollout/                |             |
|    ep_len_mean          | 154         |
|    ep_rew_mean          | -0.805      |
| time/                   |             |
|    fps                  | 104         |
|    iterations           | 327         |
|    time_elapsed         | 798         |
|    total_timesteps      | 204032      |
| train/                  |             |
|    approx_kl            | 0.005543905 |
|    clip_fraction        | 0.0391      |
|    clip_range           | 0.2         |
|    entropy_loss         | -2.53       |
|    explained_variance   | -0.172      |
|    learning_rate        | 0.0003      |
|    loss                 | -0.0349     |
|    n_updates            | 7960        |
|    policy_gradient_loss | -0.00188    |
|    std                  | 0.859       |
|    value_loss           | 0.00443     |
-----------------------------------------
------------------------------------------
| rollout/                |              |
|    ep_len_mean          | 154          |
|    ep_rew_mean          | -0.799       |
| time/                   |              |
|    fps                  | 104          |
|    iterations           | 328          |
|    time_elapsed         | 800          |
|    total_timesteps      | 204288       |
| train/                  |              |
|    approx_kl            | 0.0050012562 |
|    clip_fraction        | 0.0434       |
|    clip_range           | 0.2          |
|    entropy_loss         | -2.54        |
|    explained_variance   | 0.293        |
|    learning_rate        | 0.0003       |
|    loss                 | -0.0249      |
|    n_updates            | 7970         |
|    policy_gradient_loss | -0.00198     |
|    std                  | 0.861        |
|    value_loss           | 0.00419      |
------------------------------------------
-----------------------------------------
| rollout/                |             |
|    ep_len_mean          | 152         |
|    ep_rew_mean          | -0.582      |
| time/                   |             |
|    fps                  | 104         |
|    iterations           | 329         |
|    time_elapsed         | 805         |
|    total_timesteps      | 204544      |
| train/                  |             |
|    approx_kl            | 0.008394583 |
|    clip_fraction        | 0.032       |
|    clip_range           | 0.2         |
|    entropy_loss         | -2.54       |
|    explained_variance   | 0.35        |
|    learning_rate        | 0.0003      |
|    loss                 | -0.0306     |
|    n_updates            | 7980        |
|    policy_gradient_loss | -0.00237    |
|    std                  | 0.865       |
|    value_loss           | 0.00275     |
-----------------------------------------
------------------------------------------
| rollout/                |              |
|    ep_len_mean          | 152          |
|    ep_rew_mean          | -0.584       |
| time/                   |              |
|    fps                  | 104          |
|    iterations           | 330          |
|    time_elapsed         | 807          |
|    total_timesteps      | 204800       |
| train/                  |              |
|    approx_kl            | 0.0023413291 |
|    clip_fraction        | 0.032        |
|    clip_range           | 0.2          |
|    entropy_loss         | -2.55        |
|    explained_variance   | 0.00952      |
|    learning_rate        | 0.0003       |
|    loss                 | 3.36         |
|    n_updates            | 7990         |
|    policy_gradient_loss | -0.0047      |
|    std                  | 0.868        |
|    value_loss           | 1.72         |
------------------------------------------
-----------------------------------------
| rollout/                |             |
|    ep_len_mean          | 152         |
|    ep_rew_mean          | -0.579      |
| time/                   |             |
|    fps                  | 104         |
|    iterations           | 331         |
|    time_elapsed         | 810         |
|    total_timesteps      | 205056      |
| train/                  |             |
|    approx_kl            | 0.005672626 |
|    clip_fraction        | 0.103       |
|    clip_range           | 0.2         |
|    entropy_loss         | -2.55       |
|    explained_variance   | 0.82        |
|    learning_rate        | 0.0003      |
|    loss                 | -0.0223     |
|    n_updates            | 8000        |
|    policy_gradient_loss | -0.00913    |
|    std                  | 0.864       |
|    value_loss           | 0.00354     |
-----------------------------------------
------------------------------------------
| rollout/                |              |
|    ep_len_mean          | 152          |
|    ep_rew_mean          | -0.563       |
| time/                   |              |
|    fps                  | 104          |
|    iterations           | 332          |
|    time_elapsed         | 813          |
|    total_timesteps      | 205312       |
| train/                  |              |
|    approx_kl            | 0.0031501993 |
|    clip_fraction        | 0.000781     |
|    clip_range           | 0.2          |
|    entropy_loss         | -2.54        |
|    explained_variance   | 0.966        |
|    learning_rate        | 0.0003       |
|    loss                 | -0.0113      |
|    n_updates            | 8010         |
|    policy_gradient_loss | -0.000262    |
|    std                  | 0.859        |
|    value_loss           | 0.00628      |
------------------------------------------
-----------------------------------------
| rollout/                |             |
|    ep_len_mean          | 152         |
|    ep_rew_mean          | -0.573      |
| time/                   |             |
|    fps                  | 104         |
|    iterations           | 333         |
|    time_elapsed         | 815         |
|    total_timesteps      | 205568      |
| train/                  |             |
|    approx_kl            | 0.010800201 |
|    clip_fraction        | 0.126       |
|    clip_range           | 0.2         |
|    entropy_loss         | -2.53       |
|    explained_variance   | 0.966       |
|    learning_rate        | 0.0003      |
|    loss                 | -0.0154     |
|    n_updates            | 8020        |
|    policy_gradient_loss | -0.0141     |
|    std                  | 0.86        |
|    value_loss           | 0.00527     |
-----------------------------------------
-----------------------------------------
| rollout/                |             |
|    ep_len_mean          | 152         |
|    ep_rew_mean          | -0.572      |
| time/                   |             |
|    fps                  | 104         |
|    iterations           | 334         |
|    time_elapsed         | 819         |
|    total_timesteps      | 205824      |
| train/                  |             |
|    approx_kl            | 0.002934403 |
|    clip_fraction        | 0.0348      |
|    clip_range           | 0.2         |
|    entropy_loss         | -2.54       |
|    explained_variance   | 0.81        |
|    learning_rate        | 0.0003      |
|    loss                 | -0.0243     |
|    n_updates            | 8030        |
|    policy_gradient_loss | -0.00217    |
|    std                  | 0.86        |
|    value_loss           | 0.00326     |
-----------------------------------------
------------------------------------------
| rollout/                |              |
|    ep_len_mean          | 152          |
|    ep_rew_mean          | -0.573       |
| time/                   |              |
|    fps                  | 104          |
|    iterations           | 335          |
|    time_elapsed         | 822          |
|    total_timesteps      | 206080       |
| train/                  |              |
|    approx_kl            | 0.0052412823 |
|    clip_fraction        | 0.0828       |
|    clip_range           | 0.2          |
|    entropy_loss         | -2.54        |
|    explained_variance   | 0.61         |
|    learning_rate        | 0.0003       |
|    loss                 | -0.00961     |
|    n_updates            | 8040         |
|    policy_gradient_loss | -0.0052      |
|    std                  | 0.862        |
|    value_loss           | 0.00279      |
------------------------------------------
------------------------------------------
| rollout/                |              |
|    ep_len_mean          | 152          |
|    ep_rew_mean          | -0.556       |
| time/                   |              |
|    fps                  | 104          |
|    iterations           | 336          |
|    time_elapsed         | 824          |
|    total_timesteps      | 206336       |
| train/                  |              |
|    approx_kl            | 0.0023116833 |
|    clip_fraction        | 0.0352       |
|    clip_range           | 0.2          |
|    entropy_loss         | -2.54        |
|    explained_variance   | 0.0339       |
|    learning_rate        | 0.0003       |
|    loss                 | -0.04        |
|    n_updates            | 8050         |
|    policy_gradient_loss | -0.00206     |
|    std                  | 0.862        |
|    value_loss           | 0.00315      |
------------------------------------------
-----------------------------------------
| rollout/                |             |
|    ep_len_mean          | 152         |
|    ep_rew_mean          | -0.546      |
| time/                   |             |
|    fps                  | 104         |
|    iterations           | 337         |
|    time_elapsed         | 827         |
|    total_timesteps      | 206592      |
| train/                  |             |
|    approx_kl            | 0.005036928 |
|    clip_fraction        | 0.107       |
|    clip_range           | 0.2         |
|    entropy_loss         | -2.54       |
|    explained_variance   | 0.87        |
|    learning_rate        | 0.0003      |
|    loss                 | -0.0464     |
|    n_updates            | 8060        |
|    policy_gradient_loss | -0.0121     |
|    std                  | 0.861       |
|    value_loss           | 0.00269     |
-----------------------------------------
-----------------------------------------
| rollout/                |             |
|    ep_len_mean          | 152         |
|    ep_rew_mean          | -0.543      |
| time/                   |             |
|    fps                  | 104         |
|    iterations           | 338         |
|    time_elapsed         | 831         |
|    total_timesteps      | 206848      |
| train/                  |             |
|    approx_kl            | 0.013931154 |
|    clip_fraction        | 0.161       |
|    clip_range           | 0.2         |
|    entropy_loss         | -2.54       |
|    explained_variance   | 0.596       |
|    learning_rate        | 0.0003      |
|    loss                 | -0.00882    |
|    n_updates            | 8070        |
|    policy_gradient_loss | -0.0143     |
|    std                  | 0.859       |
|    value_loss           | 0.00235     |
-----------------------------------------
----------------------------------------
| rollout/                |            |
|    ep_len_mean          | 152        |
|    ep_rew_mean          | -0.546     |
| time/                   |            |
|    fps                  | 104        |
|    iterations           | 339        |
|    time_elapsed         | 834        |
|    total_timesteps      | 207104     |
| train/                  |            |
|    approx_kl            | 0.00941569 |
|    clip_fraction        | 0.0813     |
|    clip_range           | 0.2        |
|    entropy_loss         | -2.54      |
|    explained_variance   | -0.127     |
|    learning_rate        | 0.0003     |
|    loss                 | -0.0334    |
|    n_updates            | 8080       |
|    policy_gradient_loss | -0.00537   |
|    std                  | 0.863      |
|    value_loss           | 0.00325    |
----------------------------------------
-----------------------------------------
| rollout/                |             |
|    ep_len_mean          | 152         |
|    ep_rew_mean          | -0.546      |
| time/                   |             |
|    fps                  | 104         |
|    iterations           | 340         |
|    time_elapsed         | 836         |
|    total_timesteps      | 207360      |
| train/                  |             |
|    approx_kl            | 0.005606974 |
|    clip_fraction        | 0.0715      |
|    clip_range           | 0.2         |
|    entropy_loss         | -2.55       |
|    explained_variance   | 0.257       |
|    learning_rate        | 0.0003      |
|    loss                 | -0.0436     |
|    n_updates            | 8090        |
|    policy_gradient_loss | -0.00488    |
|    std                  | 0.866       |
|    value_loss           | 0.00332     |
-----------------------------------------
------------------------------------------
| rollout/                |              |
|    ep_len_mean          | 152          |
|    ep_rew_mean          | -0.55        |
| time/                   |              |
|    fps                  | 104          |
|    iterations           | 341          |
|    time_elapsed         | 839          |
|    total_timesteps      | 207616       |
| train/                  |              |
|    approx_kl            | 0.0071401712 |
|    clip_fraction        | 0.0793       |
|    clip_range           | 0.2          |
|    entropy_loss         | -2.55        |
|    explained_variance   | -0.00343     |
|    learning_rate        | 0.0003       |
|    loss                 | -0.00039     |
|    n_updates            | 8100         |
|    policy_gradient_loss | -0.00797     |
|    std                  | 0.861        |
|    value_loss           | 0.00306      |
------------------------------------------
------------------------------------------
| rollout/                |              |
|    ep_len_mean          | 152          |
|    ep_rew_mean          | -0.549       |
| time/                   |              |
|    fps                  | 104          |
|    iterations           | 342          |
|    time_elapsed         | 841          |
|    total_timesteps      | 207872       |
| train/                  |              |
|    approx_kl            | 0.0027580003 |
|    clip_fraction        | 0.00508      |
|    clip_range           | 0.2          |
|    entropy_loss         | -2.53        |
|    explained_variance   | 0.257        |
|    learning_rate        | 0.0003       |
|    loss                 | -0.0273      |
|    n_updates            | 8110         |
|    policy_gradient_loss | -0.000693    |
|    std                  | 0.856        |
|    value_loss           | 0.00252      |
------------------------------------------
------------------------------------------
| rollout/                |              |
|    ep_len_mean          | 152          |
|    ep_rew_mean          | -0.548       |
| time/                   |              |
|    fps                  | 104          |
|    iterations           | 343          |
|    time_elapsed         | 843          |
|    total_timesteps      | 208128       |
| train/                  |              |
|    approx_kl            | 3.865338e-05 |
|    clip_fraction        | 0            |
|    clip_range           | 0.2          |
|    entropy_loss         | -2.53        |
|    explained_variance   | 0.952        |
|    learning_rate        | 0.0003       |
|    loss                 | -0.0226      |
|    n_updates            | 8120         |
|    policy_gradient_loss | 0.000596     |
|    std                  | 0.855        |
|    value_loss           | 0.00438      |
------------------------------------------
------------------------------------------
| rollout/                |              |
|    ep_len_mean          | 152          |
|    ep_rew_mean          | -0.549       |
| time/                   |              |
|    fps                  | 103          |
|    iterations           | 344          |
|    time_elapsed         | 848          |
|    total_timesteps      | 208384       |
| train/                  |              |
|    approx_kl            | 0.0060743256 |
|    clip_fraction        | 0.0738       |
|    clip_range           | 0.2          |
|    entropy_loss         | -2.53        |
|    explained_variance   | 0.945        |
|    learning_rate        | 0.0003       |
|    loss                 | -0.0327      |
|    n_updates            | 8130         |
|    policy_gradient_loss | -0.00509     |
|    std                  | 0.856        |
|    value_loss           | 0.00443      |
------------------------------------------
------------------------------------------
| rollout/                |              |
|    ep_len_mean          | 152          |
|    ep_rew_mean          | -0.546       |
| time/                   |              |
|    fps                  | 103          |
|    iterations           | 345          |
|    time_elapsed         | 850          |
|    total_timesteps      | 208640       |
| train/                  |              |
|    approx_kl            | 0.0071377177 |
|    clip_fraction        | 0.0133       |
|    clip_range           | 0.2          |
|    entropy_loss         | -2.53        |
|    explained_variance   | 0.549        |
|    learning_rate        | 0.0003       |
|    loss                 | -0.0298      |
|    n_updates            | 8140         |
|    policy_gradient_loss | -0.000593    |
|    std                  | 0.86         |
|    value_loss           | 0.0029       |
------------------------------------------
-----------------------------------------
| rollout/                |             |
|    ep_len_mean          | 152         |
|    ep_rew_mean          | -0.541      |
| time/                   |             |
|    fps                  | 103         |
|    iterations           | 346         |
|    time_elapsed         | 855         |
|    total_timesteps      | 208896      |
| train/                  |             |
|    approx_kl            | 0.003967832 |
|    clip_fraction        | 0.0437      |
|    clip_range           | 0.2         |
|    entropy_loss         | -2.54       |
|    explained_variance   | 0.854       |
|    learning_rate        | 0.0003      |
|    loss                 | -0.0196     |
|    n_updates            | 8150        |
|    policy_gradient_loss | -0.00282    |
|    std                  | 0.867       |
|    value_loss           | 0.00279     |
-----------------------------------------
-----------------------------------------
| rollout/                |             |
|    ep_len_mean          | 154         |
|    ep_rew_mean          | -0.756      |
| time/                   |             |
|    fps                  | 103         |
|    iterations           | 347         |
|    time_elapsed         | 857         |
|    total_timesteps      | 209152      |
| train/                  |             |
|    approx_kl            | 0.008711438 |
|    clip_fraction        | 0.132       |
|    clip_range           | 0.2         |
|    entropy_loss         | -2.56       |
|    explained_variance   | 0.614       |
|    learning_rate        | 0.0003      |
|    loss                 | -0.0375     |
|    n_updates            | 8160        |
|    policy_gradient_loss | -0.0119     |
|    std                  | 0.869       |
|    value_loss           | 0.00304     |
-----------------------------------------
-----------------------------------------
| rollout/                |             |
|    ep_len_mean          | 154         |
|    ep_rew_mean          | -0.754      |
| time/                   |             |
|    fps                  | 103         |
|    iterations           | 348         |
|    time_elapsed         | 860         |
|    total_timesteps      | 209408      |
| train/                  |             |
|    approx_kl            | 0.011797349 |
|    clip_fraction        | 0.173       |
|    clip_range           | 0.2         |
|    entropy_loss         | -2.56       |
|    explained_variance   | 0.657       |
|    learning_rate        | 0.0003      |
|    loss                 | -0.0708     |
|    n_updates            | 8170        |
|    policy_gradient_loss | -0.0165     |
|    std                  | 0.868       |
|    value_loss           | 0.00255     |
-----------------------------------------
------------------------------------------
| rollout/                |              |
|    ep_len_mean          | 154          |
|    ep_rew_mean          | -0.76        |
| time/                   |              |
|    fps                  | 103          |
|    iterations           | 349          |
|    time_elapsed         | 861          |
|    total_timesteps      | 209664       |
| train/                  |              |
|    approx_kl            | 0.0050764233 |
|    clip_fraction        | 0.0816       |
|    clip_range           | 0.2          |
|    entropy_loss         | -2.55        |
|    explained_variance   | 0.656        |
|    learning_rate        | 0.0003       |
|    loss                 | -0.045       |
|    n_updates            | 8180         |
|    policy_gradient_loss | -0.00548     |
|    std                  | 0.863        |
|    value_loss           | 0.00396      |
------------------------------------------
------------------------------------------
| rollout/                |              |
|    ep_len_mean          | 154          |
|    ep_rew_mean          | -0.881       |
| time/                   |              |
|    fps                  | 103          |
|    iterations           | 350          |
|    time_elapsed         | 863          |
|    total_timesteps      | 209920       |
| train/                  |              |
|    approx_kl            | 0.0077897864 |
|    clip_fraction        | 0.147        |
|    clip_range           | 0.2          |
|    entropy_loss         | -2.54        |
|    explained_variance   | 0.52         |
|    learning_rate        | 0.0003       |
|    loss                 | -0.0571      |
|    n_updates            | 8190         |
|    policy_gradient_loss | -0.0169      |
|    std                  | 0.861        |
|    value_loss           | 0.00173      |
------------------------------------------
------------------------------------------
| rollout/                |              |
|    ep_len_mean          | 155          |
|    ep_rew_mean          | -1.1         |
| time/                   |              |
|    fps                  | 103          |
|    iterations           | 351          |
|    time_elapsed         | 865          |
|    total_timesteps      | 210176       |
| train/                  |              |
|    approx_kl            | 0.0039031727 |
|    clip_fraction        | 0.00313      |
|    clip_range           | 0.2          |
|    entropy_loss         | -2.54        |
|    explained_variance   | 0.53         |
|    learning_rate        | 0.0003       |
|    loss                 | 0.672        |
|    n_updates            | 8200         |
|    policy_gradient_loss | -0.00225     |
|    std                  | 0.861        |
|    value_loss           | 1.38         |
------------------------------------------
-----------------------------------------
| rollout/                |             |
|    ep_len_mean          | 155         |
|    ep_rew_mean          | -1.21       |
| time/                   |             |
|    fps                  | 103         |
|    iterations           | 352         |
|    time_elapsed         | 866         |
|    total_timesteps      | 210432      |
| train/                  |             |
|    approx_kl            | 0.009280194 |
|    clip_fraction        | 0.0602      |
|    clip_range           | 0.2         |
|    entropy_loss         | -2.54       |
|    explained_variance   | 0.955       |
|    learning_rate        | 0.0003      |
|    loss                 | 0.0177      |
|    n_updates            | 8210        |
|    policy_gradient_loss | -0.00762    |
|    std                  | 0.861       |
|    value_loss           | 0.447       |
-----------------------------------------
------------------------------------------
| rollout/                |              |
|    ep_len_mean          | 155          |
|    ep_rew_mean          | -1.19        |
| time/                   |              |
|    fps                  | 104          |
|    iterations           | 353          |
|    time_elapsed         | 868          |
|    total_timesteps      | 210688       |
| train/                  |              |
|    approx_kl            | 0.0022591539 |
|    clip_fraction        | 0            |
|    clip_range           | 0.2          |
|    entropy_loss         | -2.54        |
|    explained_variance   | 0.964        |
|    learning_rate        | 0.0003       |
|    loss                 | 0.0903       |
|    n_updates            | 8220         |
|    policy_gradient_loss | -0.00197     |
|    std                  | 0.86         |
|    value_loss           | 0.349        |
------------------------------------------
------------------------------------------
| rollout/                |              |
|    ep_len_mean          | 155          |
|    ep_rew_mean          | -1.26        |
| time/                   |              |
|    fps                  | 104          |
|    iterations           | 354          |
|    time_elapsed         | 870          |
|    total_timesteps      | 210944       |
| train/                  |              |
|    approx_kl            | 0.0060991095 |
|    clip_fraction        | 0.0242       |
|    clip_range           | 0.2          |
|    entropy_loss         | -2.54        |
|    explained_variance   | 0.974        |
|    learning_rate        | 0.0003       |
|    loss                 | 0.0325       |
|    n_updates            | 8230         |
|    policy_gradient_loss | -0.00353     |
|    std                  | 0.86         |
|    value_loss           | 0.174        |
------------------------------------------
------------------------------------------
| rollout/                |              |
|    ep_len_mean          | 155          |
|    ep_rew_mean          | -1.26        |
| time/                   |              |
|    fps                  | 104          |
|    iterations           | 355          |
|    time_elapsed         | 871          |
|    total_timesteps      | 211200       |
| train/                  |              |
|    approx_kl            | 0.0073857866 |
|    clip_fraction        | 0.0211       |
|    clip_range           | 0.2          |
|    entropy_loss         | -2.54        |
|    explained_variance   | 0.685        |
|    learning_rate        | 0.0003       |
|    loss                 | 0.0919       |
|    n_updates            | 8240         |
|    policy_gradient_loss | -0.00339     |
|    std                  | 0.86         |
|    value_loss           | 0.333        |
------------------------------------------
-------------------------------------------
| rollout/                |               |
|    ep_len_mean          | 155           |
|    ep_rew_mean          | -1.26         |
| time/                   |               |
|    fps                  | 104           |
|    iterations           | 356           |
|    time_elapsed         | 873           |
|    total_timesteps      | 211456        |
| train/                  |               |
|    approx_kl            | 0.00041512516 |
|    clip_fraction        | 0             |
|    clip_range           | 0.2           |
|    entropy_loss         | -2.54         |
|    explained_variance   | 0.834         |
|    learning_rate        | 0.0003        |
|    loss                 | 0.475         |
|    n_updates            | 8250          |
|    policy_gradient_loss | -0.000525     |
|    std                  | 0.86          |
|    value_loss           | 1.46          |
-------------------------------------------
----------------------------------------
| rollout/                |            |
|    ep_len_mean          | 155        |
|    ep_rew_mean          | -1.39      |
| time/                   |            |
|    fps                  | 104        |
|    iterations           | 357        |
|    time_elapsed         | 875        |
|    total_timesteps      | 211712     |
| train/                  |            |
|    approx_kl            | 0.01164015 |
|    clip_fraction        | 0.0629     |
|    clip_range           | 0.2        |
|    entropy_loss         | -2.54      |
|    explained_variance   | 0.929      |
|    learning_rate        | 0.0003     |
|    loss                 | 0.522      |
|    n_updates            | 8260       |
|    policy_gradient_loss | -0.00587   |
|    std                  | 0.86       |
|    value_loss           | 1.66       |
----------------------------------------
-----------------------------------------
| rollout/                |             |
|    ep_len_mean          | 155         |
|    ep_rew_mean          | -1.53       |
| time/                   |             |
|    fps                  | 104         |
|    iterations           | 358         |
|    time_elapsed         | 876         |
|    total_timesteps      | 211968      |
| train/                  |             |
|    approx_kl            | 0.009556888 |
|    clip_fraction        | 0.111       |
|    clip_range           | 0.2         |
|    entropy_loss         | -2.54       |
|    explained_variance   | 0.937       |
|    learning_rate        | 0.0003      |
|    loss                 | 0.412       |
|    n_updates            | 8270        |
|    policy_gradient_loss | -0.0107     |
|    std                  | 0.859       |
|    value_loss           | 1.36        |
-----------------------------------------
-----------------------------------------
| rollout/                |             |
|    ep_len_mean          | 155         |
|    ep_rew_mean          | -1.82       |
| time/                   |             |
|    fps                  | 104         |
|    iterations           | 359         |
|    time_elapsed         | 878         |
|    total_timesteps      | 212224      |
| train/                  |             |
|    approx_kl            | 0.006029349 |
|    clip_fraction        | 0.018       |
|    clip_range           | 0.2         |
|    entropy_loss         | -2.53       |
|    explained_variance   | 0.952       |
|    learning_rate        | 0.0003      |
|    loss                 | 0.55        |
|    n_updates            | 8280        |
|    policy_gradient_loss | -0.00173    |
|    std                  | 0.859       |
|    value_loss           | 1.34        |
-----------------------------------------
-----------------------------------------
| rollout/                |             |
|    ep_len_mean          | 155         |
|    ep_rew_mean          | -1.8        |
| time/                   |             |
|    fps                  | 104         |
|    iterations           | 360         |
|    time_elapsed         | 879         |
|    total_timesteps      | 212480      |
| train/                  |             |
|    approx_kl            | 0.008056377 |
|    clip_fraction        | 0.0246      |
|    clip_range           | 0.2         |
|    entropy_loss         | -2.53       |
|    explained_variance   | 0.917       |
|    learning_rate        | 0.0003      |
|    loss                 | 0.674       |
|    n_updates            | 8290        |
|    policy_gradient_loss | -0.00586    |
|    std                  | 0.858       |
|    value_loss           | 1.69        |
-----------------------------------------
-------------------------------------------
| rollout/                |               |
|    ep_len_mean          | 155           |
|    ep_rew_mean          | -1.87         |
| time/                   |               |
|    fps                  | 104           |
|    iterations           | 361           |
|    time_elapsed         | 883           |
|    total_timesteps      | 212736        |
| train/                  |               |
|    approx_kl            | 2.5012298e-05 |
|    clip_fraction        | 0             |
|    clip_range           | 0.2           |
|    entropy_loss         | -2.53         |
|    explained_variance   | 0.295         |
|    learning_rate        | 0.0003        |
|    loss                 | 0.466         |
|    n_updates            | 8300          |
|    policy_gradient_loss | 2.51e-05      |
|    std                  | 0.858         |
|    value_loss           | 0.944         |
-------------------------------------------
-------------------------------------------
| rollout/                |               |
|    ep_len_mean          | 155           |
|    ep_rew_mean          | -2.04         |
| time/                   |               |
|    fps                  | 104           |
|    iterations           | 362           |
|    time_elapsed         | 884           |
|    total_timesteps      | 212992        |
| train/                  |               |
|    approx_kl            | 0.00042190822 |
|    clip_fraction        | 0             |
|    clip_range           | 0.2           |
|    entropy_loss         | -2.53         |
|    explained_variance   | 0.8           |
|    learning_rate        | 0.0003        |
|    loss                 | 0.466         |
|    n_updates            | 8310          |
|    policy_gradient_loss | -0.000485     |
|    std                  | 0.858         |
|    value_loss           | 1.39          |
-------------------------------------------
-------------------------------------------
| rollout/                |               |
|    ep_len_mean          | 155           |
|    ep_rew_mean          | -2.13         |
| time/                   |               |
|    fps                  | 104           |
|    iterations           | 363           |
|    time_elapsed         | 886           |
|    total_timesteps      | 213248        |
| train/                  |               |
|    approx_kl            | 0.00048822956 |
|    clip_fraction        | 0             |
|    clip_range           | 0.2           |
|    entropy_loss         | -2.53         |
|    explained_variance   | 0.423         |
|    learning_rate        | 0.0003        |
|    loss                 | 1.16          |
|    n_updates            | 8320          |
|    policy_gradient_loss | -0.00101      |
|    std                  | 0.858         |
|    value_loss           | 3.54          |
-------------------------------------------
------------------------------------------
| rollout/                |              |
|    ep_len_mean          | 155          |
|    ep_rew_mean          | -2.24        |
| time/                   |              |
|    fps                  | 104          |
|    iterations           | 364          |
|    time_elapsed         | 888          |
|    total_timesteps      | 213504       |
| train/                  |              |
|    approx_kl            | 0.0010291673 |
|    clip_fraction        | 0            |
|    clip_range           | 0.2          |
|    entropy_loss         | -2.53        |
|    explained_variance   | 0.949        |
|    learning_rate        | 0.0003       |
|    loss                 | 0.104        |
|    n_updates            | 8330         |
|    policy_gradient_loss | -4.17e-05    |
|    std                  | 0.858        |
|    value_loss           | 0.579        |
------------------------------------------
-----------------------------------------
| rollout/                |             |
|    ep_len_mean          | 155         |
|    ep_rew_mean          | -2.38       |
| time/                   |             |
|    fps                  | 104         |
|    iterations           | 365         |
|    time_elapsed         | 890         |
|    total_timesteps      | 213760      |
| train/                  |             |
|    approx_kl            | 0.001181242 |
|    clip_fraction        | 0           |
|    clip_range           | 0.2         |
|    entropy_loss         | -2.53       |
|    explained_variance   | 0.978       |
|    learning_rate        | 0.0003      |
|    loss                 | 0.164       |
|    n_updates            | 8340        |
|    policy_gradient_loss | -7.26e-05   |
|    std                  | 0.857       |
|    value_loss           | 0.57        |
-----------------------------------------
-----------------------------------------
| rollout/                |             |
|    ep_len_mean          | 155         |
|    ep_rew_mean          | -2.38       |
| time/                   |             |
|    fps                  | 104         |
|    iterations           | 366         |
|    time_elapsed         | 892         |
|    total_timesteps      | 214016      |
| train/                  |             |
|    approx_kl            | 0.009409879 |
|    clip_fraction        | 0.0734      |
|    clip_range           | 0.2         |
|    entropy_loss         | -2.53       |
|    explained_variance   | 0.968       |
|    learning_rate        | 0.0003      |
|    loss                 | 0.0301      |
|    n_updates            | 8350        |
|    policy_gradient_loss | -0.00919    |
|    std                  | 0.856       |
|    value_loss           | 0.282       |
-----------------------------------------
-----------------------------------------
| rollout/                |             |
|    ep_len_mean          | 155         |
|    ep_rew_mean          | -2.38       |
| time/                   |             |
|    fps                  | 104         |
|    iterations           | 367         |
|    time_elapsed         | 895         |
|    total_timesteps      | 214272      |
| train/                  |             |
|    approx_kl            | 0.009812181 |
|    clip_fraction        | 0.0453      |
|    clip_range           | 0.2         |
|    entropy_loss         | -2.53       |
|    explained_variance   | 0.976       |
|    learning_rate        | 0.0003      |
|    loss                 | 0.000758    |
|    n_updates            | 8360        |
|    policy_gradient_loss | -0.00194    |
|    std                  | 0.856       |
|    value_loss           | 0.0129      |
-----------------------------------------
-----------------------------------------
| rollout/                |             |
|    ep_len_mean          | 155         |
|    ep_rew_mean          | -2.38       |
| time/                   |             |
|    fps                  | 104         |
|    iterations           | 368         |
|    time_elapsed         | 897         |
|    total_timesteps      | 214528      |
| train/                  |             |
|    approx_kl            | 0.006443126 |
|    clip_fraction        | 0.0555      |
|    clip_range           | 0.2         |
|    entropy_loss         | -2.53       |
|    explained_variance   | 0.981       |
|    learning_rate        | 0.0003      |
|    loss                 | -0.0276     |
|    n_updates            | 8370        |
|    policy_gradient_loss | -0.00509    |
|    std                  | 0.856       |
|    value_loss           | 0.0549      |
-----------------------------------------
-----------------------------------------
| rollout/                |             |
|    ep_len_mean          | 155         |
|    ep_rew_mean          | -2.38       |
| time/                   |             |
|    fps                  | 104         |
|    iterations           | 369         |
|    time_elapsed         | 900         |
|    total_timesteps      | 214784      |
| train/                  |             |
|    approx_kl            | 0.006428199 |
|    clip_fraction        | 0.0113      |
|    clip_range           | 0.2         |
|    entropy_loss         | -2.53       |
|    explained_variance   | 0.876       |
|    learning_rate        | 0.0003      |
|    loss                 | -0.0039     |
|    n_updates            | 8380        |
|    policy_gradient_loss | -0.00203    |
|    std                  | 0.857       |
|    value_loss           | 0.2         |
-----------------------------------------
-----------------------------------------
| rollout/                |             |
|    ep_len_mean          | 155         |
|    ep_rew_mean          | -2.38       |
| time/                   |             |
|    fps                  | 104         |
|    iterations           | 370         |
|    time_elapsed         | 902         |
|    total_timesteps      | 215040      |
| train/                  |             |
|    approx_kl            | 0.011608643 |
|    clip_fraction        | 0.0695      |
|    clip_range           | 0.2         |
|    entropy_loss         | -2.53       |
|    explained_variance   | 0.724       |
|    learning_rate        | 0.0003      |
|    loss                 | 0.00294     |
|    n_updates            | 8390        |
|    policy_gradient_loss | -0.00734    |
|    std                  | 0.86        |
|    value_loss           | 0.236       |
-----------------------------------------
-----------------------------------------
| rollout/                |             |
|    ep_len_mean          | 157         |
|    ep_rew_mean          | -2.59       |
| time/                   |             |
|    fps                  | 104         |
|    iterations           | 371         |
|    time_elapsed         | 905         |
|    total_timesteps      | 215296      |
| train/                  |             |
|    approx_kl            | 0.009463492 |
|    clip_fraction        | 0.0563      |
|    clip_range           | 0.2         |
|    entropy_loss         | -2.54       |
|    explained_variance   | 0.87        |
|    learning_rate        | 0.0003      |
|    loss                 | -0.0227     |
|    n_updates            | 8400        |
|    policy_gradient_loss | -0.00547    |
|    std                  | 0.862       |
|    value_loss           | 0.126       |
-----------------------------------------
-----------------------------------------
| rollout/                |             |
|    ep_len_mean          | 157         |
|    ep_rew_mean          | -2.59       |
| time/                   |             |
|    fps                  | 104         |
|    iterations           | 372         |
|    time_elapsed         | 907         |
|    total_timesteps      | 215552      |
| train/                  |             |
|    approx_kl            | 0.010343153 |
|    clip_fraction        | 0.0273      |
|    clip_range           | 0.2         |
|    entropy_loss         | -2.54       |
|    explained_variance   | 0.968       |
|    learning_rate        | 0.0003      |
|    loss                 | -0.0326     |
|    n_updates            | 8410        |
|    policy_gradient_loss | -0.00232    |
|    std                  | 0.862       |
|    value_loss           | 0.0408      |
-----------------------------------------
------------------------------------------
| rollout/                |              |
|    ep_len_mean          | 157          |
|    ep_rew_mean          | -2.59        |
| time/                   |              |
|    fps                  | 104          |
|    iterations           | 373          |
|    time_elapsed         | 910          |
|    total_timesteps      | 215808       |
| train/                  |              |
|    approx_kl            | 0.0055701016 |
|    clip_fraction        | 0.0711       |
|    clip_range           | 0.2          |
|    entropy_loss         | -2.54        |
|    explained_variance   | 0.968        |
|    learning_rate        | 0.0003       |
|    loss                 | -0.0175      |
|    n_updates            | 8420         |
|    policy_gradient_loss | -0.00575     |
|    std                  | 0.864        |
|    value_loss           | 0.0831       |
------------------------------------------
-----------------------------------------
| rollout/                |             |
|    ep_len_mean          | 157         |
|    ep_rew_mean          | -2.59       |
| time/                   |             |
|    fps                  | 104         |
|    iterations           | 374         |
|    time_elapsed         | 912         |
|    total_timesteps      | 216064      |
| train/                  |             |
|    approx_kl            | 0.003877634 |
|    clip_fraction        | 0.0199      |
|    clip_range           | 0.2         |
|    entropy_loss         | -2.55       |
|    explained_variance   | 0.965       |
|    learning_rate        | 0.0003      |
|    loss                 | -0.0248     |
|    n_updates            | 8430        |
|    policy_gradient_loss | -0.0023     |
|    std                  | 0.865       |
|    value_loss           | 0.0312      |
-----------------------------------------
-----------------------------------------
| rollout/                |             |
|    ep_len_mean          | 157         |
|    ep_rew_mean          | -2.59       |
| time/                   |             |
|    fps                  | 104         |
|    iterations           | 375         |
|    time_elapsed         | 915         |
|    total_timesteps      | 216320      |
| train/                  |             |
|    approx_kl            | 0.010615696 |
|    clip_fraction        | 0.159       |
|    clip_range           | 0.2         |
|    entropy_loss         | -2.55       |
|    explained_variance   | 0.956       |
|    learning_rate        | 0.0003      |
|    loss                 | -0.0206     |
|    n_updates            | 8440        |
|    policy_gradient_loss | -0.0176     |
|    std                  | 0.865       |
|    value_loss           | 0.0431      |
-----------------------------------------
-----------------------------------------
| rollout/                |             |
|    ep_len_mean          | 157         |
|    ep_rew_mean          | -2.59       |
| time/                   |             |
|    fps                  | 104         |
|    iterations           | 376         |
|    time_elapsed         | 917         |
|    total_timesteps      | 216576      |
| train/                  |             |
|    approx_kl            | 0.005556551 |
|    clip_fraction        | 0.0949      |
|    clip_range           | 0.2         |
|    entropy_loss         | -2.55       |
|    explained_variance   | 0.727       |
|    learning_rate        | 0.0003      |
|    loss                 | -0.00677    |
|    n_updates            | 8450        |
|    policy_gradient_loss | -0.00751    |
|    std                  | 0.866       |
|    value_loss           | 0.0493      |
-----------------------------------------
-----------------------------------------
| rollout/                |             |
|    ep_len_mean          | 157         |
|    ep_rew_mean          | -2.58       |
| time/                   |             |
|    fps                  | 104         |
|    iterations           | 377         |
|    time_elapsed         | 920         |
|    total_timesteps      | 216832      |
| train/                  |             |
|    approx_kl            | 0.004799823 |
|    clip_fraction        | 0.0863      |
|    clip_range           | 0.2         |
|    entropy_loss         | -2.55       |
|    explained_variance   | 0.933       |
|    learning_rate        | 0.0003      |
|    loss                 | -0.0235     |
|    n_updates            | 8460        |
|    policy_gradient_loss | -0.00518    |
|    std                  | 0.864       |
|    value_loss           | 0.0275      |
-----------------------------------------
----------------------------------------
| rollout/                |            |
|    ep_len_mean          | 157        |
|    ep_rew_mean          | -2.58      |
| time/                   |            |
|    fps                  | 104        |
|    iterations           | 378        |
|    time_elapsed         | 922        |
|    total_timesteps      | 217088     |
| train/                  |            |
|    approx_kl            | 0.00499442 |
|    clip_fraction        | 0.0645     |
|    clip_range           | 0.2        |
|    entropy_loss         | -2.54      |
|    explained_variance   | 0.889      |
|    learning_rate        | 0.0003     |
|    loss                 | -0.0231    |
|    n_updates            | 8470       |
|    policy_gradient_loss | -0.0041    |
|    std                  | 0.865      |
|    value_loss           | 0.0253     |
----------------------------------------
-----------------------------------------
| rollout/                |             |
|    ep_len_mean          | 157         |
|    ep_rew_mean          | -2.59       |
| time/                   |             |
|    fps                  | 104         |
|    iterations           | 379         |
|    time_elapsed         | 925         |
|    total_timesteps      | 217344      |
| train/                  |             |
|    approx_kl            | 0.004308218 |
|    clip_fraction        | 0.0437      |
|    clip_range           | 0.2         |
|    entropy_loss         | -2.55       |
|    explained_variance   | 0.299       |
|    learning_rate        | 0.0003      |
|    loss                 | -0.0209     |
|    n_updates            | 8480        |
|    policy_gradient_loss | -0.00377    |
|    std                  | 0.868       |
|    value_loss           | 0.0202      |
-----------------------------------------
----------------------------------------
| rollout/                |            |
|    ep_len_mean          | 157        |
|    ep_rew_mean          | -2.59      |
| time/                   |            |
|    fps                  | 104        |
|    iterations           | 380        |
|    time_elapsed         | 927        |
|    total_timesteps      | 217600     |
| train/                  |            |
|    approx_kl            | 0.00937357 |
|    clip_fraction        | 0.1        |
|    clip_range           | 0.2        |
|    entropy_loss         | -2.55      |
|    explained_variance   | 0.223      |
|    learning_rate        | 0.0003     |
|    loss                 | 3.89       |
|    n_updates            | 8490       |
|    policy_gradient_loss | -0.00901   |
|    std                  | 0.868      |
|    value_loss           | 2          |
----------------------------------------
-----------------------------------------
| rollout/                |             |
|    ep_len_mean          | 157         |
|    ep_rew_mean          | -2.59       |
| time/                   |             |
|    fps                  | 104         |
|    iterations           | 381         |
|    time_elapsed         | 932         |
|    total_timesteps      | 217856      |
| train/                  |             |
|    approx_kl            | 0.009212447 |
|    clip_fraction        | 0.115       |
|    clip_range           | 0.2         |
|    entropy_loss         | -2.56       |
|    explained_variance   | 0.2         |
|    learning_rate        | 0.0003      |
|    loss                 | -0.0403     |
|    n_updates            | 8500        |
|    policy_gradient_loss | -0.00947    |
|    std                  | 0.871       |
|    value_loss           | 0.0121      |
-----------------------------------------
------------------------------------------
| rollout/                |              |
|    ep_len_mean          | 157          |
|    ep_rew_mean          | -2.59        |
| time/                   |              |
|    fps                  | 104          |
|    iterations           | 382          |
|    time_elapsed         | 935          |
|    total_timesteps      | 218112       |
| train/                  |              |
|    approx_kl            | 0.0059176683 |
|    clip_fraction        | 0.0461       |
|    clip_range           | 0.2          |
|    entropy_loss         | -2.56        |
|    explained_variance   | 0.51         |
|    learning_rate        | 0.0003       |
|    loss                 | -0.0295      |
|    n_updates            | 8510         |
|    policy_gradient_loss | -0.00417     |
|    std                  | 0.866        |
|    value_loss           | 0.00792      |
------------------------------------------
------------------------------------------
| rollout/                |              |
|    ep_len_mean          | 157          |
|    ep_rew_mean          | -2.59        |
| time/                   |              |
|    fps                  | 104          |
|    iterations           | 383          |
|    time_elapsed         | 937          |
|    total_timesteps      | 218368       |
| train/                  |              |
|    approx_kl            | 0.0053413576 |
|    clip_fraction        | 0.0551       |
|    clip_range           | 0.2          |
|    entropy_loss         | -2.55        |
|    explained_variance   | 0.97         |
|    learning_rate        | 0.0003       |
|    loss                 | -0.0303      |
|    n_updates            | 8520         |
|    policy_gradient_loss | -0.00543     |
|    std                  | 0.869        |
|    value_loss           | 0.00487      |
------------------------------------------
------------------------------------------
| rollout/                |              |
|    ep_len_mean          | 157          |
|    ep_rew_mean          | -2.59        |
| time/                   |              |
|    fps                  | 104          |
|    iterations           | 384          |
|    time_elapsed         | 941          |
|    total_timesteps      | 218624       |
| train/                  |              |
|    approx_kl            | 0.0037768146 |
|    clip_fraction        | 0.0301       |
|    clip_range           | 0.2          |
|    entropy_loss         | -2.56        |
|    explained_variance   | 0.963        |
|    learning_rate        | 0.0003       |
|    loss                 | -0.0276      |
|    n_updates            | 8530         |
|    policy_gradient_loss | -0.0043      |
|    std                  | 0.873        |
|    value_loss           | 0.00619      |
------------------------------------------
-----------------------------------------
| rollout/                |             |
|    ep_len_mean          | 157         |
|    ep_rew_mean          | -2.59       |
| time/                   |             |
|    fps                  | 104         |
|    iterations           | 385         |
|    time_elapsed         | 945         |
|    total_timesteps      | 218880      |
| train/                  |             |
|    approx_kl            | 0.009996533 |
|    clip_fraction        | 0.0352      |
|    clip_range           | 0.2         |
|    entropy_loss         | -2.57       |
|    explained_variance   | 0.97        |
|    learning_rate        | 0.0003      |
|    loss                 | -0.0424     |
|    n_updates            | 8540        |
|    policy_gradient_loss | -0.00379    |
|    std                  | 0.873       |
|    value_loss           | 0.0421      |
-----------------------------------------
------------------------------------------
| rollout/                |              |
|    ep_len_mean          | 157          |
|    ep_rew_mean          | -2.59        |
| time/                   |              |
|    fps                  | 103          |
|    iterations           | 386          |
|    time_elapsed         | 950          |
|    total_timesteps      | 219136       |
| train/                  |              |
|    approx_kl            | 0.0024652136 |
|    clip_fraction        | 0.0203       |
|    clip_range           | 0.2          |
|    entropy_loss         | -2.56        |
|    explained_variance   | 0.67         |
|    learning_rate        | 0.0003       |
|    loss                 | -0.0356      |
|    n_updates            | 8550         |
|    policy_gradient_loss | -0.00259     |
|    std                  | 0.874        |
|    value_loss           | 0.00981      |
------------------------------------------
-----------------------------------------
| rollout/                |             |
|    ep_len_mean          | 157         |
|    ep_rew_mean          | -2.59       |
| time/                   |             |
|    fps                  | 103         |
|    iterations           | 387         |
|    time_elapsed         | 954         |
|    total_timesteps      | 219392      |
| train/                  |             |
|    approx_kl            | 0.010119155 |
|    clip_fraction        | 0.0949      |
|    clip_range           | 0.2         |
|    entropy_loss         | -2.57       |
|    explained_variance   | 0.926       |
|    learning_rate        | 0.0003      |
|    loss                 | -0.0118     |
|    n_updates            | 8560        |
|    policy_gradient_loss | -0.00829    |
|    std                  | 0.875       |
|    value_loss           | 0.00386     |
-----------------------------------------
------------------------------------------
| rollout/                |              |
|    ep_len_mean          | 157          |
|    ep_rew_mean          | -2.59        |
| time/                   |              |
|    fps                  | 103          |
|    iterations           | 388          |
|    time_elapsed         | 958          |
|    total_timesteps      | 219648       |
| train/                  |              |
|    approx_kl            | 0.0033053183 |
|    clip_fraction        | 0.0324       |
|    clip_range           | 0.2          |
|    entropy_loss         | -2.57        |
|    explained_variance   | 0.745        |
|    learning_rate        | 0.0003       |
|    loss                 | -0.0313      |
|    n_updates            | 8570         |
|    policy_gradient_loss | -0.000558    |
|    std                  | 0.874        |
|    value_loss           | 0.00454      |
------------------------------------------
------------------------------------------
| rollout/                |              |
|    ep_len_mean          | 155          |
|    ep_rew_mean          | -2.38        |
| time/                   |              |
|    fps                  | 103          |
|    iterations           | 389          |
|    time_elapsed         | 961          |
|    total_timesteps      | 219904       |
| train/                  |              |
|    approx_kl            | 0.0063616824 |
|    clip_fraction        | 0.0754       |
|    clip_range           | 0.2          |
|    entropy_loss         | -2.57        |
|    explained_variance   | 0.79         |
|    learning_rate        | 0.0003       |
|    loss                 | -0.00952     |
|    n_updates            | 8580         |
|    policy_gradient_loss | -0.00604     |
|    std                  | 0.875        |
|    value_loss           | 0.00503      |
------------------------------------------
-----------------------------------------
| rollout/                |             |
|    ep_len_mean          | 155         |
|    ep_rew_mean          | -2.37       |
| time/                   |             |
|    fps                  | 103         |
|    iterations           | 390         |
|    time_elapsed         | 964         |
|    total_timesteps      | 220160      |
| train/                  |             |
|    approx_kl            | 0.011307597 |
|    clip_fraction        | 0.152       |
|    clip_range           | 0.2         |
|    entropy_loss         | -2.57       |
|    explained_variance   | -0.021      |
|    learning_rate        | 0.0003      |
|    loss                 | -0.0439     |
|    n_updates            | 8590        |
|    policy_gradient_loss | -0.00453    |
|    std                  | 0.876       |
|    value_loss           | 1.78        |
-----------------------------------------
------------------------------------------
| rollout/                |              |
|    ep_len_mean          | 157          |
|    ep_rew_mean          | -2.59        |
| time/                   |              |
|    fps                  | 103          |
|    iterations           | 391          |
|    time_elapsed         | 966          |
|    total_timesteps      | 220416       |
| train/                  |              |
|    approx_kl            | 0.0060968255 |
|    clip_fraction        | 0.0754       |
|    clip_range           | 0.2          |
|    entropy_loss         | -2.57        |
|    explained_variance   | 0.902        |
|    learning_rate        | 0.0003       |
|    loss                 | -0.0457      |
|    n_updates            | 8600         |
|    policy_gradient_loss | -0.00695     |
|    std                  | 0.871        |
|    value_loss           | 0.00573      |
------------------------------------------
------------------------------------------
| rollout/                |              |
|    ep_len_mean          | 157          |
|    ep_rew_mean          | -2.6         |
| time/                   |              |
|    fps                  | 103          |
|    iterations           | 392          |
|    time_elapsed         | 971          |
|    total_timesteps      | 220672       |
| train/                  |              |
|    approx_kl            | 0.0052290857 |
|    clip_fraction        | 0.0605       |
|    clip_range           | 0.2          |
|    entropy_loss         | -2.55        |
|    explained_variance   | 0.0712       |
|    learning_rate        | 0.0003       |
|    loss                 | -0.0401      |
|    n_updates            | 8610         |
|    policy_gradient_loss | -0.00672     |
|    std                  | 0.865        |
|    value_loss           | 0.005        |
------------------------------------------
----------------------------------------
| rollout/                |            |
|    ep_len_mean          | 157        |
|    ep_rew_mean          | -2.6       |
| time/                   |            |
|    fps                  | 103        |
|    iterations           | 393        |
|    time_elapsed         | 973        |
|    total_timesteps      | 220928     |
| train/                  |            |
|    approx_kl            | 0.00631197 |
|    clip_fraction        | 0.0508     |
|    clip_range           | 0.2        |
|    entropy_loss         | -2.55      |
|    explained_variance   | 0.968      |
|    learning_rate        | 0.0003     |
|    loss                 | -0.0308    |
|    n_updates            | 8620       |
|    policy_gradient_loss | -0.00527   |
|    std                  | 0.865      |
|    value_loss           | 0.0362     |
----------------------------------------
-----------------------------------------
| rollout/                |             |
|    ep_len_mean          | 157         |
|    ep_rew_mean          | -2.6        |
| time/                   |             |
|    fps                  | 103         |
|    iterations           | 394         |
|    time_elapsed         | 976         |
|    total_timesteps      | 221184      |
| train/                  |             |
|    approx_kl            | 0.007922305 |
|    clip_fraction        | 0.0352      |
|    clip_range           | 0.2         |
|    entropy_loss         | -2.55       |
|    explained_variance   | 0.968       |
|    learning_rate        | 0.0003      |
|    loss                 | -0.0287     |
|    n_updates            | 8630        |
|    policy_gradient_loss | -0.00435    |
|    std                  | 0.864       |
|    value_loss           | 0.0143      |
-----------------------------------------
-----------------------------------------
| rollout/                |             |
|    ep_len_mean          | 157         |
|    ep_rew_mean          | -2.59       |
| time/                   |             |
|    fps                  | 103         |
|    iterations           | 395         |
|    time_elapsed         | 978         |
|    total_timesteps      | 221440      |
| train/                  |             |
|    approx_kl            | 0.007028238 |
|    clip_fraction        | 0.108       |
|    clip_range           | 0.2         |
|    entropy_loss         | -2.54       |
|    explained_variance   | 0.676       |
|    learning_rate        | 0.0003      |
|    loss                 | -0.0538     |
|    n_updates            | 8640        |
|    policy_gradient_loss | -0.0103     |
|    std                  | 0.864       |
|    value_loss           | 0.00424     |
-----------------------------------------
------------------------------------------
| rollout/                |              |
|    ep_len_mean          | 157          |
|    ep_rew_mean          | -2.59        |
| time/                   |              |
|    fps                  | 103          |
|    iterations           | 396          |
|    time_elapsed         | 981          |
|    total_timesteps      | 221696       |
| train/                  |              |
|    approx_kl            | 0.0075801415 |
|    clip_fraction        | 0.0902       |
|    clip_range           | 0.2          |
|    entropy_loss         | -2.54        |
|    explained_variance   | 0.805        |
|    learning_rate        | 0.0003       |
|    loss                 | -0.0374      |
|    n_updates            | 8650         |
|    policy_gradient_loss | -0.0058      |
|    std                  | 0.859        |
|    value_loss           | 0.00386      |
------------------------------------------
------------------------------------------
| rollout/                |              |
|    ep_len_mean          | 157          |
|    ep_rew_mean          | -2.59        |
| time/                   |              |
|    fps                  | 103          |
|    iterations           | 397          |
|    time_elapsed         | 983          |
|    total_timesteps      | 221952       |
| train/                  |              |
|    approx_kl            | 0.0009814666 |
|    clip_fraction        | 0            |
|    clip_range           | 0.2          |
|    entropy_loss         | -2.53        |
|    explained_variance   | 0.948        |
|    learning_rate        | 0.0003       |
|    loss                 | -0.0222      |
|    n_updates            | 8660         |
|    policy_gradient_loss | -0.000486    |
|    std                  | 0.854        |
|    value_loss           | 0.00668      |
------------------------------------------
------------------------------------------
| rollout/                |              |
|    ep_len_mean          | 157          |
|    ep_rew_mean          | -2.59        |
| time/                   |              |
|    fps                  | 103          |
|    iterations           | 398          |
|    time_elapsed         | 986          |
|    total_timesteps      | 222208       |
| train/                  |              |
|    approx_kl            | 0.0063281516 |
|    clip_fraction        | 0.0648       |
|    clip_range           | 0.2          |
|    entropy_loss         | -2.52        |
|    explained_variance   | 0.952        |
|    learning_rate        | 0.0003       |
|    loss                 | -0.0524      |
|    n_updates            | 8670         |
|    policy_gradient_loss | -0.00697     |
|    std                  | 0.852        |
|    value_loss           | 0.00727      |
------------------------------------------
------------------------------------------
| rollout/                |              |
|    ep_len_mean          | 157          |
|    ep_rew_mean          | -2.59        |
| time/                   |              |
|    fps                  | 103          |
|    iterations           | 399          |
|    time_elapsed         | 990          |
|    total_timesteps      | 222464       |
| train/                  |              |
|    approx_kl            | 0.0057749813 |
|    clip_fraction        | 0.0582       |
|    clip_range           | 0.2          |
|    entropy_loss         | -2.52        |
|    explained_variance   | 0.906        |
|    learning_rate        | 0.0003       |
|    loss                 | -0.0247      |
|    n_updates            | 8680         |
|    policy_gradient_loss | -0.00483     |
|    std                  | 0.855        |
|    value_loss           | 0.00373      |
------------------------------------------
-----------------------------------------
| rollout/                |             |
|    ep_len_mean          | 157         |
|    ep_rew_mean          | -2.59       |
| time/                   |             |
|    fps                  | 103         |
|    iterations           | 400         |
|    time_elapsed         | 992         |
|    total_timesteps      | 222720      |
| train/                  |             |
|    approx_kl            | 0.008085226 |
|    clip_fraction        | 0.126       |
|    clip_range           | 0.2         |
|    entropy_loss         | -2.52       |
|    explained_variance   | 0.908       |
|    learning_rate        | 0.0003      |
|    loss                 | -0.0477     |
|    n_updates            | 8690        |
|    policy_gradient_loss | -0.0106     |
|    std                  | 0.852       |
|    value_loss           | 0.00479     |
-----------------------------------------
------------------------------------------
| rollout/                |              |
|    ep_len_mean          | 157          |
|    ep_rew_mean          | -2.59        |
| time/                   |              |
|    fps                  | 103          |
|    iterations           | 401          |
|    time_elapsed         | 995          |
|    total_timesteps      | 222976       |
| train/                  |              |
|    approx_kl            | 0.0042940276 |
|    clip_fraction        | 0.0414       |
|    clip_range           | 0.2          |
|    entropy_loss         | -2.51        |
|    explained_variance   | 0.897        |
|    learning_rate        | 0.0003       |
|    loss                 | -0.0204      |
|    n_updates            | 8700         |
|    policy_gradient_loss | -0.0031      |
|    std                  | 0.851        |
|    value_loss           | 0.0042       |
------------------------------------------
------------------------------------------
| rollout/                |              |
|    ep_len_mean          | 155          |
|    ep_rew_mean          | -2.38        |
| time/                   |              |
|    fps                  | 103          |
|    iterations           | 402          |
|    time_elapsed         | 998          |
|    total_timesteps      | 223232       |
| train/                  |              |
|    approx_kl            | 0.0026144325 |
|    clip_fraction        | 0.00469      |
|    clip_range           | 0.2          |
|    entropy_loss         | -2.51        |
|    explained_variance   | 0.094        |
|    learning_rate        | 0.0003       |
|    loss                 | -0.0174      |
|    n_updates            | 8710         |
|    policy_gradient_loss | 6.88e-05     |
|    std                  | 0.848        |
|    value_loss           | 0.00412      |
------------------------------------------
-----------------------------------------
| rollout/                |             |
|    ep_len_mean          | 155         |
|    ep_rew_mean          | -2.38       |
| time/                   |             |
|    fps                  | 103         |
|    iterations           | 403         |
|    time_elapsed         | 1000        |
|    total_timesteps      | 223488      |
| train/                  |             |
|    approx_kl            | 0.007955134 |
|    clip_fraction        | 0.0816      |
|    clip_range           | 0.2         |
|    entropy_loss         | -2.51       |
|    explained_variance   | -0.00297    |
|    learning_rate        | 0.0003      |
|    loss                 | -0.0518     |
|    n_updates            | 8720        |
|    policy_gradient_loss | -0.00427    |
|    std                  | 0.851       |
|    value_loss           | 1.75        |
-----------------------------------------
------------------------------------------
| rollout/                |              |
|    ep_len_mean          | 155          |
|    ep_rew_mean          | -2.38        |
| time/                   |              |
|    fps                  | 103          |
|    iterations           | 404          |
|    time_elapsed         | 1003         |
|    total_timesteps      | 223744       |
| train/                  |              |
|    approx_kl            | 0.0044409344 |
|    clip_fraction        | 0.0563       |
|    clip_range           | 0.2          |
|    entropy_loss         | -2.51        |
|    explained_variance   | 0.0588       |
|    learning_rate        | 0.0003       |
|    loss                 | -0.00991     |
|    n_updates            | 8730         |
|    policy_gradient_loss | -0.00343     |
|    std                  | 0.847        |
|    value_loss           | 0.00464      |
------------------------------------------
------------------------------------------
| rollout/                |              |
|    ep_len_mean          | 155          |
|    ep_rew_mean          | -2.38        |
| time/                   |              |
|    fps                  | 103          |
|    iterations           | 405          |
|    time_elapsed         | 1005         |
|    total_timesteps      | 224000       |
| train/                  |              |
|    approx_kl            | 0.0034873663 |
|    clip_fraction        | 0.000781     |
|    clip_range           | 0.2          |
|    entropy_loss         | -2.5         |
|    explained_variance   | 0.472        |
|    learning_rate        | 0.0003       |
|    loss                 | -0.0209      |
|    n_updates            | 8740         |
|    policy_gradient_loss | -0.000344    |
|    std                  | 0.85         |
|    value_loss           | 0.00278      |
------------------------------------------
------------------------------------------
| rollout/                |              |
|    ep_len_mean          | 155          |
|    ep_rew_mean          | -2.39        |
| time/                   |              |
|    fps                  | 103          |
|    iterations           | 406          |
|    time_elapsed         | 1008         |
|    total_timesteps      | 224256       |
| train/                  |              |
|    approx_kl            | 0.0073374696 |
|    clip_fraction        | 0.0445       |
|    clip_range           | 0.2          |
|    entropy_loss         | -2.51        |
|    explained_variance   | 0.194        |
|    learning_rate        | 0.0003       |
|    loss                 | -0.0307      |
|    n_updates            | 8750         |
|    policy_gradient_loss | -0.00471     |
|    std                  | 0.85         |
|    value_loss           | 0.00529      |
------------------------------------------
-----------------------------------------
| rollout/                |             |
|    ep_len_mean          | 155         |
|    ep_rew_mean          | -2.39       |
| time/                   |             |
|    fps                  | 103         |
|    iterations           | 407         |
|    time_elapsed         | 1010        |
|    total_timesteps      | 224512      |
| train/                  |             |
|    approx_kl            | 0.005318635 |
|    clip_fraction        | 0.138       |
|    clip_range           | 0.2         |
|    entropy_loss         | -2.51       |
|    explained_variance   | 0.559       |
|    learning_rate        | 0.0003      |
|    loss                 | -0.0257     |
|    n_updates            | 8760        |
|    policy_gradient_loss | -0.011      |
|    std                  | 0.853       |
|    value_loss           | 0.00509     |
-----------------------------------------
----------------------------------------
| rollout/                |            |
|    ep_len_mean          | 155        |
|    ep_rew_mean          | -2.39      |
| time/                   |            |
|    fps                  | 103        |
|    iterations           | 408        |
|    time_elapsed         | 1013       |
|    total_timesteps      | 224768     |
| train/                  |            |
|    approx_kl            | 0.00750433 |
|    clip_fraction        | 0.105      |
|    clip_range           | 0.2        |
|    entropy_loss         | -2.52      |
|    explained_variance   | 0.968      |
|    learning_rate        | 0.0003     |
|    loss                 | -0.0537    |
|    n_updates            | 8770       |
|    policy_gradient_loss | -0.0092    |
|    std                  | 0.855      |
|    value_loss           | 0.00731    |
----------------------------------------
-----------------------------------------
| rollout/                |             |
|    ep_len_mean          | 155         |
|    ep_rew_mean          | -2.38       |
| time/                   |             |
|    fps                  | 103         |
|    iterations           | 409         |
|    time_elapsed         | 1015        |
|    total_timesteps      | 225024      |
| train/                  |             |
|    approx_kl            | 0.003953211 |
|    clip_fraction        | 0.00937     |
|    clip_range           | 0.2         |
|    entropy_loss         | -2.52       |
|    explained_variance   | 0.954       |
|    learning_rate        | 0.0003      |
|    loss                 | -0.0237     |
|    n_updates            | 8780        |
|    policy_gradient_loss | -0.00025    |
|    std                  | 0.857       |
|    value_loss           | 0.00587     |
-----------------------------------------
------------------------------------------
| rollout/                |              |
|    ep_len_mean          | 155          |
|    ep_rew_mean          | -2.38        |
| time/                   |              |
|    fps                  | 103          |
|    iterations           | 410          |
|    time_elapsed         | 1018         |
|    total_timesteps      | 225280       |
| train/                  |              |
|    approx_kl            | 0.0037955113 |
|    clip_fraction        | 0.00508      |
|    clip_range           | 0.2          |
|    entropy_loss         | -2.53        |
|    explained_variance   | 0.938        |
|    learning_rate        | 0.0003       |
|    loss                 | -0.0214      |
|    n_updates            | 8790         |
|    policy_gradient_loss | -0.00104     |
|    std                  | 0.86         |
|    value_loss           | 0.00567      |
------------------------------------------
-----------------------------------------
| rollout/                |             |
|    ep_len_mean          | 155         |
|    ep_rew_mean          | -2.26       |
| time/                   |             |
|    fps                  | 103         |
|    iterations           | 411         |
|    time_elapsed         | 1020        |
|    total_timesteps      | 225536      |
| train/                  |             |
|    approx_kl            | 0.005779438 |
|    clip_fraction        | 0.0719      |
|    clip_range           | 0.2         |
|    entropy_loss         | -2.53       |
|    explained_variance   | 0.937       |
|    learning_rate        | 0.0003      |
|    loss                 | -0.047      |
|    n_updates            | 8800        |
|    policy_gradient_loss | -0.00798    |
|    std                  | 0.858       |
|    value_loss           | 0.00609     |
-----------------------------------------
------------------------------------------
| rollout/                |              |
|    ep_len_mean          | 155          |
|    ep_rew_mean          | -2.24        |
| time/                   |              |
|    fps                  | 103          |
|    iterations           | 412          |
|    time_elapsed         | 1023         |
|    total_timesteps      | 225792       |
| train/                  |              |
|    approx_kl            | 0.0027859153 |
|    clip_fraction        | 0.0082       |
|    clip_range           | 0.2          |
|    entropy_loss         | -2.53        |
|    explained_variance   | 0.406        |
|    learning_rate        | 0.0003       |
|    loss                 | -0.0226      |
|    n_updates            | 8810         |
|    policy_gradient_loss | -0.00273     |
|    std                  | 0.857        |
|    value_loss           | 0.00577      |
------------------------------------------
------------------------------------------
| rollout/                |              |
|    ep_len_mean          | 155          |
|    ep_rew_mean          | -2.14        |
| time/                   |              |
|    fps                  | 103          |
|    iterations           | 413          |
|    time_elapsed         | 1025         |
|    total_timesteps      | 226048       |
| train/                  |              |
|    approx_kl            | 0.0078065405 |
|    clip_fraction        | 0.0742       |
|    clip_range           | 0.2          |
|    entropy_loss         | -2.52        |
|    explained_variance   | 0.0229       |
|    learning_rate        | 0.0003       |
|    loss                 | -0.0271      |
|    n_updates            | 8820         |
|    policy_gradient_loss | -0.00702     |
|    std                  | 0.856        |
|    value_loss           | 0.00511      |
------------------------------------------
---------------------------------------
| rollout/                |           |
|    ep_len_mean          | 155       |
|    ep_rew_mean          | -2.07     |
| time/                   |           |
|    fps                  | 102       |
|    iterations           | 414       |
|    time_elapsed         | 1030      |
|    total_timesteps      | 226304    |
| train/                  |           |
|    approx_kl            | 0.0078987 |
|    clip_fraction        | 0.155     |
|    clip_range           | 0.2       |
|    entropy_loss         | -2.53     |
|    explained_variance   | 0.921     |
|    learning_rate        | 0.0003    |
|    loss                 | -0.0669   |
|    n_updates            | 8830      |
|    policy_gradient_loss | -0.0141   |
|    std                  | 0.858     |
|    value_loss           | 0.008     |
---------------------------------------
------------------------------------------
| rollout/                |              |
|    ep_len_mean          | 155          |
|    ep_rew_mean          | -2.08        |
| time/                   |              |
|    fps                  | 102          |
|    iterations           | 415          |
|    time_elapsed         | 1034         |
|    total_timesteps      | 226560       |
| train/                  |              |
|    approx_kl            | 0.0024488491 |
|    clip_fraction        | 0.0125       |
|    clip_range           | 0.2          |
|    entropy_loss         | -2.53        |
|    explained_variance   | 0.904        |
|    learning_rate        | 0.0003       |
|    loss                 | -0.035       |
|    n_updates            | 8840         |
|    policy_gradient_loss | -0.00117     |
|    std                  | 0.861        |
|    value_loss           | 0.00401      |
------------------------------------------
------------------------------------------
| rollout/                |              |
|    ep_len_mean          | 155          |
|    ep_rew_mean          | -2.08        |
| time/                   |              |
|    fps                  | 102          |
|    iterations           | 416          |
|    time_elapsed         | 1038         |
|    total_timesteps      | 226816       |
| train/                  |              |
|    approx_kl            | 0.0047437125 |
|    clip_fraction        | 0.0168       |
|    clip_range           | 0.2          |
|    entropy_loss         | -2.54        |
|    explained_variance   | -0.0284      |
|    learning_rate        | 0.0003       |
|    loss                 | -0.0164      |
|    n_updates            | 8850         |
|    policy_gradient_loss | -0.00145     |
|    std                  | 0.862        |
|    value_loss           | 0.0074       |
------------------------------------------
------------------------------------------
| rollout/                |              |
|    ep_len_mean          | 154          |
|    ep_rew_mean          | -1.74        |
| time/                   |              |
|    fps                  | 102          |
|    iterations           | 417          |
|    time_elapsed         | 1041         |
|    total_timesteps      | 227072       |
| train/                  |              |
|    approx_kl            | 0.0077537475 |
|    clip_fraction        | 0.0996       |
|    clip_range           | 0.2          |
|    entropy_loss         | -2.54        |
|    explained_variance   | 0.795        |
|    learning_rate        | 0.0003       |
|    loss                 | -0.0301      |
|    n_updates            | 8860         |
|    policy_gradient_loss | -0.0101      |
|    std                  | 0.862        |
|    value_loss           | 0.00404      |
------------------------------------------
-----------------------------------------
| rollout/                |             |
|    ep_len_mean          | 154         |
|    ep_rew_mean          | -1.59       |
| time/                   |             |
|    fps                  | 102         |
|    iterations           | 418         |
|    time_elapsed         | 1044        |
|    total_timesteps      | 227328      |
| train/                  |             |
|    approx_kl            | 0.007237412 |
|    clip_fraction        | 0.0707      |
|    clip_range           | 0.2         |
|    entropy_loss         | -2.54       |
|    explained_variance   | -0.0256     |
|    learning_rate        | 0.0003      |
|    loss                 | -0.0438     |
|    n_updates            | 8870        |
|    policy_gradient_loss | -0.00535    |
|    std                  | 0.861       |
|    value_loss           | 1.65        |
-----------------------------------------
------------------------------------------
| rollout/                |              |
|    ep_len_mean          | 154          |
|    ep_rew_mean          | -1.29        |
| time/                   |              |
|    fps                  | 102          |
|    iterations           | 419          |
|    time_elapsed         | 1046         |
|    total_timesteps      | 227584       |
| train/                  |              |
|    approx_kl            | 0.0072169667 |
|    clip_fraction        | 0.0367       |
|    clip_range           | 0.2          |
|    entropy_loss         | -2.53        |
|    explained_variance   | 0.956        |
|    learning_rate        | 0.0003       |
|    loss                 | -0.035       |
|    n_updates            | 8880         |
|    policy_gradient_loss | -0.00396     |
|    std                  | 0.862        |
|    value_loss           | 0.0261       |
------------------------------------------
------------------------------------------
| rollout/                |              |
|    ep_len_mean          | 154          |
|    ep_rew_mean          | -1.31        |
| time/                   |              |
|    fps                  | 102          |
|    iterations           | 420          |
|    time_elapsed         | 1049         |
|    total_timesteps      | 227840       |
| train/                  |              |
|    approx_kl            | 0.0047287615 |
|    clip_fraction        | 0.0676       |
|    clip_range           | 0.2          |
|    entropy_loss         | -2.54        |
|    explained_variance   | 0.977        |
|    learning_rate        | 0.0003       |
|    loss                 | -0.0466      |
|    n_updates            | 8890         |
|    policy_gradient_loss | -0.00646     |
|    std                  | 0.862        |
|    value_loss           | 0.0116       |
------------------------------------------
------------------------------------------
| rollout/                |              |
|    ep_len_mean          | 154          |
|    ep_rew_mean          | -1.24        |
| time/                   |              |
|    fps                  | 102          |
|    iterations           | 421          |
|    time_elapsed         | 1053         |
|    total_timesteps      | 228096       |
| train/                  |              |
|    approx_kl            | 0.0060089375 |
|    clip_fraction        | 0.0441       |
|    clip_range           | 0.2          |
|    entropy_loss         | -2.53        |
|    explained_variance   | 0.505        |
|    learning_rate        | 0.0003       |
|    loss                 | -0.0381      |
|    n_updates            | 8900         |
|    policy_gradient_loss | -0.00454     |
|    std                  | 0.859        |
|    value_loss           | 0.0112       |
------------------------------------------
-----------------------------------------
| rollout/                |             |
|    ep_len_mean          | 154         |
|    ep_rew_mean          | -1.08       |
| time/                   |             |
|    fps                  | 102         |
|    iterations           | 422         |
|    time_elapsed         | 1057        |
|    total_timesteps      | 228352      |
| train/                  |             |
|    approx_kl            | 0.010381367 |
|    clip_fraction        | 0.0773      |
|    clip_range           | 0.2         |
|    entropy_loss         | -2.52       |
|    explained_variance   | 0.642       |
|    learning_rate        | 0.0003      |
|    loss                 | -0.0328     |
|    n_updates            | 8910        |
|    policy_gradient_loss | -0.00644    |
|    std                  | 0.855       |
|    value_loss           | 0.00952     |
-----------------------------------------
-----------------------------------------
| rollout/                |             |
|    ep_len_mean          | 154         |
|    ep_rew_mean          | -0.982      |
| time/                   |             |
|    fps                  | 102         |
|    iterations           | 423         |
|    time_elapsed         | 1060        |
|    total_timesteps      | 228608      |
| train/                  |             |
|    approx_kl            | 0.007937276 |
|    clip_fraction        | 0.0977      |
|    clip_range           | 0.2         |
|    entropy_loss         | -2.52       |
|    explained_variance   | 0.875       |
|    learning_rate        | 0.0003      |
|    loss                 | -0.0321     |
|    n_updates            | 8920        |
|    policy_gradient_loss | -0.00867    |
|    std                  | 0.851       |
|    value_loss           | 0.00787     |
-----------------------------------------
-----------------------------------------
| rollout/                |             |
|    ep_len_mean          | 154         |
|    ep_rew_mean          | -0.878      |
| time/                   |             |
|    fps                  | 102         |
|    iterations           | 424         |
|    time_elapsed         | 1062        |
|    total_timesteps      | 228864      |
| train/                  |             |
|    approx_kl            | 0.006126391 |
|    clip_fraction        | 0.0852      |
|    clip_range           | 0.2         |
|    entropy_loss         | -2.51       |
|    explained_variance   | 0.869       |
|    learning_rate        | 0.0003      |
|    loss                 | -0.0287     |
|    n_updates            | 8930        |
|    policy_gradient_loss | -0.00521    |
|    std                  | 0.851       |
|    value_loss           | 0.00925     |
-----------------------------------------
------------------------------------------
| rollout/                |              |
|    ep_len_mean          | 154          |
|    ep_rew_mean          | -0.73        |
| time/                   |              |
|    fps                  | 102          |
|    iterations           | 425          |
|    time_elapsed         | 1065         |
|    total_timesteps      | 229120       |
| train/                  |              |
|    approx_kl            | 0.0050827265 |
|    clip_fraction        | 0.0809       |
|    clip_range           | 0.2          |
|    entropy_loss         | -2.51        |
|    explained_variance   | 0.663        |
|    learning_rate        | 0.0003       |
|    loss                 | -0.0451      |
|    n_updates            | 8940         |
|    policy_gradient_loss | -0.00385     |
|    std                  | 0.85         |
|    value_loss           | 0.00653      |
------------------------------------------
------------------------------------------
| rollout/                |              |
|    ep_len_mean          | 152          |
|    ep_rew_mean          | -0.514       |
| time/                   |              |
|    fps                  | 102          |
|    iterations           | 426          |
|    time_elapsed         | 1068         |
|    total_timesteps      | 229376       |
| train/                  |              |
|    approx_kl            | 0.0059158867 |
|    clip_fraction        | 0.0484       |
|    clip_range           | 0.2          |
|    entropy_loss         | -2.5         |
|    explained_variance   | 0.154        |
|    learning_rate        | 0.0003       |
|    loss                 | -0.0269      |
|    n_updates            | 8950         |
|    policy_gradient_loss | -0.0049      |
|    std                  | 0.848        |
|    value_loss           | 0.00597      |
------------------------------------------
-----------------------------------------
| rollout/                |             |
|    ep_len_mean          | 152         |
|    ep_rew_mean          | -0.518      |
| time/                   |             |
|    fps                  | 102         |
|    iterations           | 427         |
|    time_elapsed         | 1070        |
|    total_timesteps      | 229632      |
| train/                  |             |
|    approx_kl            | 0.008268229 |
|    clip_fraction        | 0.0637      |
|    clip_range           | 0.2         |
|    entropy_loss         | -2.5        |
|    explained_variance   | 0.104       |
|    learning_rate        | 0.0003      |
|    loss                 | 3.15        |
|    n_updates            | 8960        |
|    policy_gradient_loss | -0.00579    |
|    std                  | 0.847       |
|    value_loss           | 1.63        |
-----------------------------------------
------------------------------------------
| rollout/                |              |
|    ep_len_mean          | 152          |
|    ep_rew_mean          | -0.517       |
| time/                   |              |
|    fps                  | 102          |
|    iterations           | 428          |
|    time_elapsed         | 1073         |
|    total_timesteps      | 229888       |
| train/                  |              |
|    approx_kl            | 0.0061533554 |
|    clip_fraction        | 0.0391       |
|    clip_range           | 0.2          |
|    entropy_loss         | -2.5         |
|    explained_variance   | 0.192        |
|    learning_rate        | 0.0003       |
|    loss                 | -0.02        |
|    n_updates            | 8970         |
|    policy_gradient_loss | -0.00386     |
|    std                  | 0.842        |
|    value_loss           | 0.00859      |
------------------------------------------
-----------------------------------------
| rollout/                |             |
|    ep_len_mean          | 152         |
|    ep_rew_mean          | -0.521      |
| time/                   |             |
|    fps                  | 101         |
|    iterations           | 429         |
|    time_elapsed         | 1077        |
|    total_timesteps      | 230144      |
| train/                  |             |
|    approx_kl            | 0.004867018 |
|    clip_fraction        | 0.0488      |
|    clip_range           | 0.2         |
|    entropy_loss         | -2.49       |
|    explained_variance   | 0.614       |
|    learning_rate        | 0.0003      |
|    loss                 | -0.0259     |
|    n_updates            | 8980        |
|    policy_gradient_loss | -0.00174    |
|    std                  | 0.842       |
|    value_loss           | 0.00536     |
-----------------------------------------
-----------------------------------------
| rollout/                |             |
|    ep_len_mean          | 152         |
|    ep_rew_mean          | -0.519      |
| time/                   |             |
|    fps                  | 101         |
|    iterations           | 430         |
|    time_elapsed         | 1081        |
|    total_timesteps      | 230400      |
| train/                  |             |
|    approx_kl            | 0.009612363 |
|    clip_fraction        | 0.0957      |
|    clip_range           | 0.2         |
|    entropy_loss         | -2.49       |
|    explained_variance   | 0.974       |
|    learning_rate        | 0.0003      |
|    loss                 | -0.04       |
|    n_updates            | 8990        |
|    policy_gradient_loss | -0.00372    |
|    std                  | 0.844       |
|    value_loss           | 0.00376     |
-----------------------------------------
-----------------------------------------
| rollout/                |             |
|    ep_len_mean          | 152         |
|    ep_rew_mean          | -0.519      |
| time/                   |             |
|    fps                  | 101         |
|    iterations           | 431         |
|    time_elapsed         | 1084        |
|    total_timesteps      | 230656      |
| train/                  |             |
|    approx_kl            | 0.007973956 |
|    clip_fraction        | 0.127       |
|    clip_range           | 0.2         |
|    entropy_loss         | -2.49       |
|    explained_variance   | 0.947       |
|    learning_rate        | 0.0003      |
|    loss                 | -0.0228     |
|    n_updates            | 9000        |
|    policy_gradient_loss | -0.00826    |
|    std                  | 0.843       |
|    value_loss           | 0.00484     |
-----------------------------------------
------------------------------------------
| rollout/                |              |
|    ep_len_mean          | 152          |
|    ep_rew_mean          | -0.523       |
| time/                   |              |
|    fps                  | 101          |
|    iterations           | 432          |
|    time_elapsed         | 1087         |
|    total_timesteps      | 230912       |
| train/                  |              |
|    approx_kl            | 0.0027600501 |
|    clip_fraction        | 0.0316       |
|    clip_range           | 0.2          |
|    entropy_loss         | -2.49        |
|    explained_variance   | 0.88         |
|    learning_rate        | 0.0003       |
|    loss                 | -0.0436      |
|    n_updates            | 9010         |
|    policy_gradient_loss | -0.00232     |
|    std                  | 0.843        |
|    value_loss           | 0.00552      |
------------------------------------------
------------------------------------------
| rollout/                |              |
|    ep_len_mean          | 152          |
|    ep_rew_mean          | -0.526       |
| time/                   |              |
|    fps                  | 101          |
|    iterations           | 433          |
|    time_elapsed         | 1089         |
|    total_timesteps      | 231168       |
| train/                  |              |
|    approx_kl            | 0.0068863393 |
|    clip_fraction        | 0.131        |
|    clip_range           | 0.2          |
|    entropy_loss         | -2.5         |
|    explained_variance   | 0.699        |
|    learning_rate        | 0.0003       |
|    loss                 | -0.0166      |
|    n_updates            | 9020         |
|    policy_gradient_loss | -0.00678     |
|    std                  | 0.845        |
|    value_loss           | 0.00458      |
------------------------------------------
------------------------------------------
| rollout/                |              |
|    ep_len_mean          | 152          |
|    ep_rew_mean          | -0.522       |
| time/                   |              |
|    fps                  | 101          |
|    iterations           | 434          |
|    time_elapsed         | 1092         |
|    total_timesteps      | 231424       |
| train/                  |              |
|    approx_kl            | 0.0057806345 |
|    clip_fraction        | 0.0664       |
|    clip_range           | 0.2          |
|    entropy_loss         | -2.5         |
|    explained_variance   | 0.893        |
|    learning_rate        | 0.0003       |
|    loss                 | -0.0138      |
|    n_updates            | 9030         |
|    policy_gradient_loss | -0.0049      |
|    std                  | 0.844        |
|    value_loss           | 0.00336      |
------------------------------------------
------------------------------------------
| rollout/                |              |
|    ep_len_mean          | 152          |
|    ep_rew_mean          | -0.528       |
| time/                   |              |
|    fps                  | 101          |
|    iterations           | 435          |
|    time_elapsed         | 1094         |
|    total_timesteps      | 231680       |
| train/                  |              |
|    approx_kl            | 0.0017251854 |
|    clip_fraction        | 0.00742      |
|    clip_range           | 0.2          |
|    entropy_loss         | -2.5         |
|    explained_variance   | 0.896        |
|    learning_rate        | 0.0003       |
|    loss                 | -0.0265      |
|    n_updates            | 9040         |
|    policy_gradient_loss | -0.000832    |
|    std                  | 0.848        |
|    value_loss           | 0.00452      |
------------------------------------------
-----------------------------------------
| rollout/                |             |
|    ep_len_mean          | 152         |
|    ep_rew_mean          | -0.525      |
| time/                   |             |
|    fps                  | 101         |
|    iterations           | 436         |
|    time_elapsed         | 1097        |
|    total_timesteps      | 231936      |
| train/                  |             |
|    approx_kl            | 0.008392381 |
|    clip_fraction        | 0.0445      |
|    clip_range           | 0.2         |
|    entropy_loss         | -2.51       |
|    explained_variance   | 0.816       |
|    learning_rate        | 0.0003      |
|    loss                 | -0.0122     |
|    n_updates            | 9050        |
|    policy_gradient_loss | -0.00267    |
|    std                  | 0.847       |
|    value_loss           | 0.00481     |
-----------------------------------------
------------------------------------------
| rollout/                |              |
|    ep_len_mean          | 152          |
|    ep_rew_mean          | -0.524       |
| time/                   |              |
|    fps                  | 101          |
|    iterations           | 437          |
|    time_elapsed         | 1099         |
|    total_timesteps      | 232192       |
| train/                  |              |
|    approx_kl            | 0.0062904563 |
|    clip_fraction        | 0.0773       |
|    clip_range           | 0.2          |
|    entropy_loss         | -2.5         |
|    explained_variance   | 0.642        |
|    learning_rate        | 0.0003       |
|    loss                 | -0.0432      |
|    n_updates            | 9060         |
|    policy_gradient_loss | -0.00752     |
|    std                  | 0.84         |
|    value_loss           | 0.00431      |
------------------------------------------
-----------------------------------------
| rollout/                |             |
|    ep_len_mean          | 152         |
|    ep_rew_mean          | -0.525      |
| time/                   |             |
|    fps                  | 101         |
|    iterations           | 438         |
|    time_elapsed         | 1101        |
|    total_timesteps      | 232448      |
| train/                  |             |
|    approx_kl            | 0.004196191 |
|    clip_fraction        | 0.0656      |
|    clip_range           | 0.2         |
|    entropy_loss         | -2.48       |
|    explained_variance   | 0.494       |
|    learning_rate        | 0.0003      |
|    loss                 | -0.0235     |
|    n_updates            | 9070        |
|    policy_gradient_loss | -0.00377    |
|    std                  | 0.835       |
|    value_loss           | 0.00383     |
-----------------------------------------
-----------------------------------------
| rollout/                |             |
|    ep_len_mean          | 152         |
|    ep_rew_mean          | -0.526      |
| time/                   |             |
|    fps                  | 101         |
|    iterations           | 439         |
|    time_elapsed         | 1104        |
|    total_timesteps      | 232704      |
| train/                  |             |
|    approx_kl            | 0.009509181 |
|    clip_fraction        | 0.103       |
|    clip_range           | 0.2         |
|    entropy_loss         | -2.47       |
|    explained_variance   | 0.265       |
|    learning_rate        | 0.0003      |
|    loss                 | -0.046      |
|    n_updates            | 9080        |
|    policy_gradient_loss | -0.0106     |
|    std                  | 0.835       |
|    value_loss           | 0.00401     |
-----------------------------------------
------------------------------------------
| rollout/                |              |
|    ep_len_mean          | 152          |
|    ep_rew_mean          | -0.529       |
| time/                   |              |
|    fps                  | 101          |
|    iterations           | 440          |
|    time_elapsed         | 1109         |
|    total_timesteps      | 232960       |
| train/                  |              |
|    approx_kl            | 0.0054440284 |
|    clip_fraction        | 0.0574       |
|    clip_range           | 0.2          |
|    entropy_loss         | -2.47        |
|    explained_variance   | 0.0115       |
|    learning_rate        | 0.0003       |
|    loss                 | -0.0213      |
|    n_updates            | 9090         |
|    policy_gradient_loss | -0.00353     |
|    std                  | 0.835        |
|    value_loss           | 1.67         |
------------------------------------------
-----------------------------------------
| rollout/                |             |
|    ep_len_mean          | 152         |
|    ep_rew_mean          | -0.527      |
| time/                   |             |
|    fps                  | 101         |
|    iterations           | 441         |
|    time_elapsed         | 1111        |
|    total_timesteps      | 233216      |
| train/                  |             |
|    approx_kl            | 0.004359292 |
|    clip_fraction        | 0.0461      |
|    clip_range           | 0.2         |
|    entropy_loss         | -2.47       |
|    explained_variance   | 0.819       |
|    learning_rate        | 0.0003      |
|    loss                 | -0.033      |
|    n_updates            | 9100        |
|    policy_gradient_loss | -0.00393    |
|    std                  | 0.834       |
|    value_loss           | 0.00413     |
-----------------------------------------
------------------------------------------
| rollout/                |              |
|    ep_len_mean          | 152          |
|    ep_rew_mean          | -0.529       |
| time/                   |              |
|    fps                  | 101          |
|    iterations           | 442          |
|    time_elapsed         | 1114         |
|    total_timesteps      | 233472       |
| train/                  |              |
|    approx_kl            | 0.0043143197 |
|    clip_fraction        | 0.0859       |
|    clip_range           | 0.2          |
|    entropy_loss         | -2.47        |
|    explained_variance   | 0.117        |
|    learning_rate        | 0.0003       |
|    loss                 | -0.025       |
|    n_updates            | 9110         |
|    policy_gradient_loss | -0.00672     |
|    std                  | 0.833        |
|    value_loss           | 0.00425      |
------------------------------------------
------------------------------------------
| rollout/                |              |
|    ep_len_mean          | 152          |
|    ep_rew_mean          | -0.529       |
| time/                   |              |
|    fps                  | 101          |
|    iterations           | 443          |
|    time_elapsed         | 1116         |
|    total_timesteps      | 233728       |
| train/                  |              |
|    approx_kl            | 0.0038907256 |
|    clip_fraction        | 0.0637       |
|    clip_range           | 0.2          |
|    entropy_loss         | -2.47        |
|    explained_variance   | 0.0691       |
|    learning_rate        | 0.0003       |
|    loss                 | -0.0355      |
|    n_updates            | 9120         |
|    policy_gradient_loss | -0.00324     |
|    std                  | 0.83         |
|    value_loss           | 0.00378      |
------------------------------------------
-----------------------------------------
| rollout/                |             |
|    ep_len_mean          | 152         |
|    ep_rew_mean          | -0.523      |
| time/                   |             |
|    fps                  | 101         |
|    iterations           | 444         |
|    time_elapsed         | 1121        |
|    total_timesteps      | 233984      |
| train/                  |             |
|    approx_kl            | 0.002946241 |
|    clip_fraction        | 0.0203      |
|    clip_range           | 0.2         |
|    entropy_loss         | -2.46       |
|    explained_variance   | 0.00513     |
|    learning_rate        | 0.0003      |
|    loss                 | -0.0298     |
|    n_updates            | 9130        |
|    policy_gradient_loss | -0.00251    |
|    std                  | 0.829       |
|    value_loss           | 0.00344     |
-----------------------------------------
-----------------------------------------
| rollout/                |             |
|    ep_len_mean          | 152         |
|    ep_rew_mean          | -0.522      |
| time/                   |             |
|    fps                  | 101         |
|    iterations           | 445         |
|    time_elapsed         | 1123        |
|    total_timesteps      | 234240      |
| train/                  |             |
|    approx_kl            | 0.007854337 |
|    clip_fraction        | 0.0695      |
|    clip_range           | 0.2         |
|    entropy_loss         | -2.46       |
|    explained_variance   | 0.642       |
|    learning_rate        | 0.0003      |
|    loss                 | -0.0277     |
|    n_updates            | 9140        |
|    policy_gradient_loss | -0.00709    |
|    std                  | 0.828       |
|    value_loss           | 0.003       |
-----------------------------------------
------------------------------------------
| rollout/                |              |
|    ep_len_mean          | 152          |
|    ep_rew_mean          | -0.523       |
| time/                   |              |
|    fps                  | 101          |
|    iterations           | 446          |
|    time_elapsed         | 1126         |
|    total_timesteps      | 234496       |
| train/                  |              |
|    approx_kl            | 0.0062119607 |
|    clip_fraction        | 0.0609       |
|    clip_range           | 0.2          |
|    entropy_loss         | -2.45        |
|    explained_variance   | 0.292        |
|    learning_rate        | 0.0003       |
|    loss                 | -0.0318      |
|    n_updates            | 9150         |
|    policy_gradient_loss | -0.00531     |
|    std                  | 0.825        |
|    value_loss           | 0.00393      |
------------------------------------------
------------------------------------------
| rollout/                |              |
|    ep_len_mean          | 152          |
|    ep_rew_mean          | -0.519       |
| time/                   |              |
|    fps                  | 101          |
|    iterations           | 447          |
|    time_elapsed         | 1128         |
|    total_timesteps      | 234752       |
| train/                  |              |
|    approx_kl            | 0.0054665096 |
|    clip_fraction        | 0.0715       |
|    clip_range           | 0.2          |
|    entropy_loss         | -2.45        |
|    explained_variance   | 0.0432       |
|    learning_rate        | 0.0003       |
|    loss                 | -0.0262      |
|    n_updates            | 9160         |
|    policy_gradient_loss | -0.0057      |
|    std                  | 0.821        |
|    value_loss           | 0.00375      |
------------------------------------------
------------------------------------------
| rollout/                |              |
|    ep_len_mean          | 152          |
|    ep_rew_mean          | -0.519       |
| time/                   |              |
|    fps                  | 101          |
|    iterations           | 448          |
|    time_elapsed         | 1131         |
|    total_timesteps      | 235008       |
| train/                  |              |
|    approx_kl            | 0.0037986436 |
|    clip_fraction        | 0.0223       |
|    clip_range           | 0.2          |
|    entropy_loss         | -2.45        |
|    explained_variance   | -0.107       |
|    learning_rate        | 0.0003       |
|    loss                 | -0.0302      |
|    n_updates            | 9170         |
|    policy_gradient_loss | -0.00295     |
|    std                  | 0.825        |
|    value_loss           | 0.00375      |
------------------------------------------
-----------------------------------------
| rollout/                |             |
|    ep_len_mean          | 152         |
|    ep_rew_mean          | -0.519      |
| time/                   |             |
|    fps                  | 101         |
|    iterations           | 449         |
|    time_elapsed         | 1134        |
|    total_timesteps      | 235264      |
| train/                  |             |
|    approx_kl            | 0.005897636 |
|    clip_fraction        | 0.0219      |
|    clip_range           | 0.2         |
|    entropy_loss         | -2.45       |
|    explained_variance   | 0.00153     |
|    learning_rate        | 0.0003      |
|    loss                 | -0.0271     |
|    n_updates            | 9180        |
|    policy_gradient_loss | 6.4e-05     |
|    std                  | 0.823       |
|    value_loss           | 1.69        |
-----------------------------------------
-----------------------------------------
| rollout/                |             |
|    ep_len_mean          | 152         |
|    ep_rew_mean          | -0.517      |
| time/                   |             |
|    fps                  | 101         |
|    iterations           | 450         |
|    time_elapsed         | 1136        |
|    total_timesteps      | 235520      |
| train/                  |             |
|    approx_kl            | 0.002750499 |
|    clip_fraction        | 0.00508     |
|    clip_range           | 0.2         |
|    entropy_loss         | -2.44       |
|    explained_variance   | -0.336      |
|    learning_rate        | 0.0003      |
|    loss                 | -0.0179     |
|    n_updates            | 9190        |
|    policy_gradient_loss | -0.00208    |
|    std                  | 0.816       |
|    value_loss           | 0.00428     |
-----------------------------------------
----------------------------------------
| rollout/                |            |
|    ep_len_mean          | 152        |
|    ep_rew_mean          | -0.513     |
| time/                   |            |
|    fps                  | 101        |
|    iterations           | 451        |
|    time_elapsed         | 1141       |
|    total_timesteps      | 235776     |
| train/                  |            |
|    approx_kl            | 0.00640714 |
|    clip_fraction        | 0.0605     |
|    clip_range           | 0.2        |
|    entropy_loss         | -2.43      |
|    explained_variance   | 0.151      |
|    learning_rate        | 0.0003     |
|    loss                 | -0.0265    |
|    n_updates            | 9200       |
|    policy_gradient_loss | -0.00307   |
|    std                  | 0.817      |
|    value_loss           | 0.00571    |
----------------------------------------
-----------------------------------------
| rollout/                |             |
|    ep_len_mean          | 152         |
|    ep_rew_mean          | -0.513      |
| time/                   |             |
|    fps                  | 101         |
|    iterations           | 452         |
|    time_elapsed         | 1143        |
|    total_timesteps      | 236032      |
| train/                  |             |
|    approx_kl            | 0.007952542 |
|    clip_fraction        | 0.0867      |
|    clip_range           | 0.2         |
|    entropy_loss         | -2.43       |
|    explained_variance   | 0.482       |
|    learning_rate        | 0.0003      |
|    loss                 | -0.0223     |
|    n_updates            | 9210        |
|    policy_gradient_loss | -0.00568    |
|    std                  | 0.818       |
|    value_loss           | 0.00415     |
-----------------------------------------
------------------------------------------
| rollout/                |              |
|    ep_len_mean          | 152          |
|    ep_rew_mean          | -0.511       |
| time/                   |              |
|    fps                  | 101          |
|    iterations           | 453          |
|    time_elapsed         | 1146         |
|    total_timesteps      | 236288       |
| train/                  |              |
|    approx_kl            | 0.0036164958 |
|    clip_fraction        | 0.0312       |
|    clip_range           | 0.2          |
|    entropy_loss         | -2.43        |
|    explained_variance   | 0.793        |
|    learning_rate        | 0.0003       |
|    loss                 | -0.00385     |
|    n_updates            | 9220         |
|    policy_gradient_loss | -0.00281     |
|    std                  | 0.818        |
|    value_loss           | 0.00303      |
------------------------------------------
----------------------------------------
| rollout/                |            |
|    ep_len_mean          | 152        |
|    ep_rew_mean          | -0.51      |
| time/                   |            |
|    fps                  | 101        |
|    iterations           | 454        |
|    time_elapsed         | 1149       |
|    total_timesteps      | 236544     |
| train/                  |            |
|    approx_kl            | 0.00509423 |
|    clip_fraction        | 0.075      |
|    clip_range           | 0.2        |
|    entropy_loss         | -2.43      |
|    explained_variance   | -0.0998    |
|    learning_rate        | 0.0003     |
|    loss                 | -0.0377    |
|    n_updates            | 9230       |
|    policy_gradient_loss | -0.00751   |
|    std                  | 0.816      |
|    value_loss           | 0.00501    |
----------------------------------------
------------------------------------------
| rollout/                |              |
|    ep_len_mean          | 152          |
|    ep_rew_mean          | -0.509       |
| time/                   |              |
|    fps                  | 101          |
|    iterations           | 455          |
|    time_elapsed         | 1151         |
|    total_timesteps      | 236800       |
| train/                  |              |
|    approx_kl            | 0.0022781163 |
|    clip_fraction        | 0.000781     |
|    clip_range           | 0.2          |
|    entropy_loss         | -2.42        |
|    explained_variance   | 0.202        |
|    learning_rate        | 0.0003       |
|    loss                 | -0.00983     |
|    n_updates            | 9240         |
|    policy_gradient_loss | -0.00102     |
|    std                  | 0.815        |
|    value_loss           | 0.00503      |
------------------------------------------
------------------------------------------
| rollout/                |              |
|    ep_len_mean          | 152          |
|    ep_rew_mean          | -0.51        |
| time/                   |              |
|    fps                  | 101          |
|    iterations           | 456          |
|    time_elapsed         | 1154         |
|    total_timesteps      | 237056       |
| train/                  |              |
|    approx_kl            | 0.0041349167 |
|    clip_fraction        | 0.0227       |
|    clip_range           | 0.2          |
|    entropy_loss         | -2.43        |
|    explained_variance   | 0.275        |
|    learning_rate        | 0.0003       |
|    loss                 | -0.0392      |
|    n_updates            | 9250         |
|    policy_gradient_loss | -0.000771    |
|    std                  | 0.817        |
|    value_loss           | 0.00327      |
------------------------------------------
------------------------------------------
| rollout/                |              |
|    ep_len_mean          | 152          |
|    ep_rew_mean          | -0.507       |
| time/                   |              |
|    fps                  | 101          |
|    iterations           | 457          |
|    time_elapsed         | 1156         |
|    total_timesteps      | 237312       |
| train/                  |              |
|    approx_kl            | 0.0063241133 |
|    clip_fraction        | 0.0461       |
|    clip_range           | 0.2          |
|    entropy_loss         | -2.43        |
|    explained_variance   | 0.367        |
|    learning_rate        | 0.0003       |
|    loss                 | -0.027       |
|    n_updates            | 9260         |
|    policy_gradient_loss | -0.0028      |
|    std                  | 0.815        |
|    value_loss           | 0.00483      |
------------------------------------------
------------------------------------------
| rollout/                |              |
|    ep_len_mean          | 152          |
|    ep_rew_mean          | -0.507       |
| time/                   |              |
|    fps                  | 101          |
|    iterations           | 458          |
|    time_elapsed         | 1159         |
|    total_timesteps      | 237568       |
| train/                  |              |
|    approx_kl            | 0.0057228347 |
|    clip_fraction        | 0.0184       |
|    clip_range           | 0.2          |
|    entropy_loss         | -2.42        |
|    explained_variance   | 0.891        |
|    learning_rate        | 0.0003       |
|    loss                 | -0.0267      |
|    n_updates            | 9270         |
|    policy_gradient_loss | -0.00168     |
|    std                  | 0.813        |
|    value_loss           | 0.00763      |
------------------------------------------
------------------------------------------
| rollout/                |              |
|    ep_len_mean          | 152          |
|    ep_rew_mean          | -0.507       |
| time/                   |              |
|    fps                  | 101          |
|    iterations           | 459          |
|    time_elapsed         | 1161         |
|    total_timesteps      | 237824       |
| train/                  |              |
|    approx_kl            | 0.0039447495 |
|    clip_fraction        | 0.0219       |
|    clip_range           | 0.2          |
|    entropy_loss         | -2.42        |
|    explained_variance   | 0.0229       |
|    learning_rate        | 0.0003       |
|    loss                 | -0.00335     |
|    n_updates            | 9280         |
|    policy_gradient_loss | -0.00154     |
|    std                  | 0.813        |
|    value_loss           | 0.00444      |
------------------------------------------
------------------------------------------
| rollout/                |              |
|    ep_len_mean          | 152          |
|    ep_rew_mean          | -0.505       |
| time/                   |              |
|    fps                  | 101          |
|    iterations           | 460          |
|    time_elapsed         | 1164         |
|    total_timesteps      | 238080       |
| train/                  |              |
|    approx_kl            | 0.0015274072 |
|    clip_fraction        | 0            |
|    clip_range           | 0.2          |
|    entropy_loss         | -2.42        |
|    explained_variance   | 0.129        |
|    learning_rate        | 0.0003       |
|    loss                 | -0.0361      |
|    n_updates            | 9290         |
|    policy_gradient_loss | -0.00028     |
|    std                  | 0.808        |
|    value_loss           | 0.00477      |
------------------------------------------
------------------------------------------
| rollout/                |              |
|    ep_len_mean          | 152          |
|    ep_rew_mean          | -0.504       |
| time/                   |              |
|    fps                  | 101          |
|    iterations           | 461          |
|    time_elapsed         | 1166         |
|    total_timesteps      | 238336       |
| train/                  |              |
|    approx_kl            | 0.0037233124 |
|    clip_fraction        | 0.0141       |
|    clip_range           | 0.2          |
|    entropy_loss         | -2.41        |
|    explained_variance   | 0.0926       |
|    learning_rate        | 0.0003       |
|    loss                 | -0.0183      |
|    n_updates            | 9300         |
|    policy_gradient_loss | -0.00355     |
|    std                  | 0.806        |
|    value_loss           | 0.00573      |
------------------------------------------
-----------------------------------------
| rollout/                |             |
|    ep_len_mean          | 154         |
|    ep_rew_mean          | -0.721      |
| time/                   |             |
|    fps                  | 101         |
|    iterations           | 462         |
|    time_elapsed         | 1169        |
|    total_timesteps      | 238592      |
| train/                  |             |
|    approx_kl            | 0.006168234 |
|    clip_fraction        | 0.0844      |
|    clip_range           | 0.2         |
|    entropy_loss         | -2.4        |
|    explained_variance   | 0.382       |
|    learning_rate        | 0.0003      |
|    loss                 | -0.0325     |
|    n_updates            | 9310        |
|    policy_gradient_loss | -0.00717    |
|    std                  | 0.801       |
|    value_loss           | 0.00588     |
-----------------------------------------
------------------------------------------
| rollout/                |              |
|    ep_len_mean          | 154          |
|    ep_rew_mean          | -0.72        |
| time/                   |              |
|    fps                  | 101          |
|    iterations           | 463          |
|    time_elapsed         | 1171         |
|    total_timesteps      | 238848       |
| train/                  |              |
|    approx_kl            | 0.0038929693 |
|    clip_fraction        | 0.0215       |
|    clip_range           | 0.2          |
|    entropy_loss         | -2.39        |
|    explained_variance   | -0.00143     |
|    learning_rate        | 0.0003       |
|    loss                 | -0.0206      |
|    n_updates            | 9320         |
|    policy_gradient_loss | -0.00171     |
|    std                  | 0.8          |
|    value_loss           | 0.0053       |
------------------------------------------
-----------------------------------------
| rollout/                |             |
|    ep_len_mean          | 154         |
|    ep_rew_mean          | -0.715      |
| time/                   |             |
|    fps                  | 101         |
|    iterations           | 464         |
|    time_elapsed         | 1174        |
|    total_timesteps      | 239104      |
| train/                  |             |
|    approx_kl            | 0.005988163 |
|    clip_fraction        | 0.0633      |
|    clip_range           | 0.2         |
|    entropy_loss         | -2.39       |
|    explained_variance   | 0.176       |
|    learning_rate        | 0.0003      |
|    loss                 | -0.0338     |
|    n_updates            | 9330        |
|    policy_gradient_loss | -0.00432    |
|    std                  | 0.799       |
|    value_loss           | 0.0074      |
-----------------------------------------
-----------------------------------------
| rollout/                |             |
|    ep_len_mean          | 154         |
|    ep_rew_mean          | -0.714      |
| time/                   |             |
|    fps                  | 101         |
|    iterations           | 465         |
|    time_elapsed         | 1176        |
|    total_timesteps      | 239360      |
| train/                  |             |
|    approx_kl            | 0.007304189 |
|    clip_fraction        | 0.0477      |
|    clip_range           | 0.2         |
|    entropy_loss         | -2.39       |
|    explained_variance   | 0.368       |
|    learning_rate        | 0.0003      |
|    loss                 | -0.0168     |
|    n_updates            | 9340        |
|    policy_gradient_loss | -0.00444    |
|    std                  | 0.802       |
|    value_loss           | 0.00381     |
-----------------------------------------
-------------------------------------------
| rollout/                |               |
|    ep_len_mean          | 154           |
|    ep_rew_mean          | -0.716        |
| time/                   |               |
|    fps                  | 100           |
|    iterations           | 466           |
|    time_elapsed         | 1183          |
|    total_timesteps      | 239616        |
| train/                  |               |
|    approx_kl            | 0.00026398478 |
|    clip_fraction        | 0             |
|    clip_range           | 0.2           |
|    entropy_loss         | -2.4          |
|    explained_variance   | 0.853         |
|    learning_rate        | 0.0003        |
|    loss                 | -0.0204       |
|    n_updates            | 9350          |
|    policy_gradient_loss | 0.0001        |
|    std                  | 0.806         |
|    value_loss           | 0.00367       |
-------------------------------------------
------------------------------------------
| rollout/                |              |
|    ep_len_mean          | 154          |
|    ep_rew_mean          | -0.71        |
| time/                   |              |
|    fps                  | 100          |
|    iterations           | 467          |
|    time_elapsed         | 1185         |
|    total_timesteps      | 239872       |
| train/                  |              |
|    approx_kl            | 0.0031386132 |
|    clip_fraction        | 0.0398       |
|    clip_range           | 0.2          |
|    entropy_loss         | -2.4         |
|    explained_variance   | 0.729        |
|    learning_rate        | 0.0003       |
|    loss                 | -0.0072      |
|    n_updates            | 9360         |
|    policy_gradient_loss | -0.00242     |
|    std                  | 0.803        |
|    value_loss           | 0.00437      |
------------------------------------------
------------------------------------------
| rollout/                |              |
|    ep_len_mean          | 154          |
|    ep_rew_mean          | -0.709       |
| time/                   |              |
|    fps                  | 100          |
|    iterations           | 468          |
|    time_elapsed         | 1187         |
|    total_timesteps      | 240128       |
| train/                  |              |
|    approx_kl            | 0.0030613842 |
|    clip_fraction        | 0.00664      |
|    clip_range           | 0.2          |
|    entropy_loss         | -2.39        |
|    explained_variance   | -0.246       |
|    learning_rate        | 0.0003       |
|    loss                 | -0.0231      |
|    n_updates            | 9370         |
|    policy_gradient_loss | -0.00139     |
|    std                  | 0.801        |
|    value_loss           | 0.00412      |
------------------------------------------
------------------------------------------
| rollout/                |              |
|    ep_len_mean          | 154          |
|    ep_rew_mean          | -0.712       |
| time/                   |              |
|    fps                  | 100          |
|    iterations           | 469          |
|    time_elapsed         | 1190         |
|    total_timesteps      | 240384       |
| train/                  |              |
|    approx_kl            | 0.0038524102 |
|    clip_fraction        | 0.027        |
|    clip_range           | 0.2          |
|    entropy_loss         | -2.39        |
|    explained_variance   | 0.701        |
|    learning_rate        | 0.0003       |
|    loss                 | -0.024       |
|    n_updates            | 9380         |
|    policy_gradient_loss | -0.00205     |
|    std                  | 0.798        |
|    value_loss           | 0.00503      |
------------------------------------------
Saved /workspace/curriculum_p4b.zip
