Using cpu device
Wrapping the env with a `Monitor` wrapper
Wrapping the env in a DummyVecEnv.
---------------------------------
| rollout/           |          |
|    ep_len_mean     | 250      |
|    ep_rew_mean     | -2.5     |
| time/              |          |
|    fps             | 44       |
|    iterations      | 1        |
|    time_elapsed    | 5        |
|    total_timesteps | 256      |
---------------------------------
------------------------------------------
| rollout/                |              |
|    ep_len_mean          | 250          |
|    ep_rew_mean          | -2.5         |
| time/                   |              |
|    fps                  | 44           |
|    iterations           | 2            |
|    time_elapsed         | 11           |
|    total_timesteps      | 512          |
| train/                  |              |
|    approx_kl            | 0.0039434973 |
|    clip_fraction        | 0.00781      |
|    clip_range           | 0.2          |
|    entropy_loss         | -2.84        |
|    explained_variance   | 0.172        |
|    learning_rate        | 0.0003       |
|    loss                 | -0.0141      |
|    n_updates            | 10           |
|    policy_gradient_loss | -0.00182     |
|    std                  | 1            |
|    value_loss           | 0.00357      |
------------------------------------------
------------------------------------------
| rollout/                |              |
|    ep_len_mean          | 250          |
|    ep_rew_mean          | -2.5         |
| time/                   |              |
|    fps                  | 44           |
|    iterations           | 3            |
|    time_elapsed         | 17           |
|    total_timesteps      | 768          |
| train/                  |              |
|    approx_kl            | 0.0030985516 |
|    clip_fraction        | 0.00898      |
|    clip_range           | 0.2          |
|    entropy_loss         | -2.85        |
|    explained_variance   | 0.255        |
|    learning_rate        | 0.0003       |
|    loss                 | 0.00238      |
|    n_updates            | 20           |
|    policy_gradient_loss | -0.000623    |
|    std                  | 1            |
|    value_loss           | 0.00135      |
------------------------------------------
------------------------------------------
| rollout/                |              |
|    ep_len_mean          | 250          |
|    ep_rew_mean          | -2.5         |
| time/                   |              |
|    fps                  | 44           |
|    iterations           | 4            |
|    time_elapsed         | 23           |
|    total_timesteps      | 1024         |
| train/                  |              |
|    approx_kl            | 0.0040156012 |
|    clip_fraction        | 0.00937      |
|    clip_range           | 0.2          |
|    entropy_loss         | -2.84        |
|    explained_variance   | -0.474       |
|    learning_rate        | 0.0003       |
|    loss                 | -0.0221      |
|    n_updates            | 30           |
|    policy_gradient_loss | -0.00489     |
|    std                  | 1            |
|    value_loss           | 0.000851     |
------------------------------------------
-----------------------------------------
| rollout/                |             |
|    ep_len_mean          | 250         |
|    ep_rew_mean          | -2.5        |
| time/                   |             |
|    fps                  | 44          |
|    iterations           | 5           |
|    time_elapsed         | 29          |
|    total_timesteps      | 1280        |
| train/                  |             |
|    approx_kl            | 0.011568233 |
|    clip_fraction        | 0.0844      |
|    clip_range           | 0.2         |
|    entropy_loss         | -2.84       |
|    explained_variance   | -0.34       |
|    learning_rate        | 0.0003      |
|    loss                 | -0.0126     |
|    n_updates            | 40          |
|    policy_gradient_loss | -0.00864    |
|    std                  | 1           |
|    value_loss           | 0.000789    |
-----------------------------------------
------------------------------------------
| rollout/                |              |
|    ep_len_mean          | 250          |
|    ep_rew_mean          | -2.5         |
| time/                   |              |
|    fps                  | 43           |
|    iterations           | 6            |
|    time_elapsed         | 35           |
|    total_timesteps      | 1536         |
| train/                  |              |
|    approx_kl            | 0.0026814912 |
|    clip_fraction        | 0.00898      |
|    clip_range           | 0.2          |
|    entropy_loss         | -2.85        |
|    explained_variance   | 0.192        |
|    learning_rate        | 0.0003       |
|    loss                 | -0.0101      |
|    n_updates            | 50           |
|    policy_gradient_loss | -0.00286     |
|    std                  | 1.01         |
|    value_loss           | 0.000784     |
------------------------------------------
-----------------------------------------
| rollout/                |             |
|    ep_len_mean          | 250         |
|    ep_rew_mean          | -2.5        |
| time/                   |             |
|    fps                  | 43          |
|    iterations           | 7           |
|    time_elapsed         | 40          |
|    total_timesteps      | 1792        |
| train/                  |             |
|    approx_kl            | 0.011543749 |
|    clip_fraction        | 0.0723      |
|    clip_range           | 0.2         |
|    entropy_loss         | -2.86       |
|    explained_variance   | -0.0765     |
|    learning_rate        | 0.0003      |
|    loss                 | -0.00241    |
|    n_updates            | 60          |
|    policy_gradient_loss | -0.00651    |
|    std                  | 1.01        |
|    value_loss           | 0.00044     |
-----------------------------------------
------------------------------------------
| rollout/                |              |
|    ep_len_mean          | 250          |
|    ep_rew_mean          | -2.5         |
| time/                   |              |
|    fps                  | 43           |
|    iterations           | 8            |
|    time_elapsed         | 46           |
|    total_timesteps      | 2048         |
| train/                  |              |
|    approx_kl            | 0.0033760548 |
|    clip_fraction        | 0.0328       |
|    clip_range           | 0.2          |
|    entropy_loss         | -2.85        |
|    explained_variance   | -0.317       |
|    learning_rate        | 0.0003       |
|    loss                 | 0.00549      |
|    n_updates            | 70           |
|    policy_gradient_loss | -0.00522     |
|    std                  | 1.01         |
|    value_loss           | 0.000346     |
------------------------------------------
-----------------------------------------
| rollout/                |             |
|    ep_len_mean          | 250         |
|    ep_rew_mean          | -2.5        |
| time/                   |             |
|    fps                  | 43          |
|    iterations           | 9           |
|    time_elapsed         | 52          |
|    total_timesteps      | 2304        |
| train/                  |             |
|    approx_kl            | 0.008871546 |
|    clip_fraction        | 0.0988      |
|    clip_range           | 0.2         |
|    entropy_loss         | -2.86       |
|    explained_variance   | 0.568       |
|    learning_rate        | 0.0003      |
|    loss                 | -0.0233     |
|    n_updates            | 80          |
|    policy_gradient_loss | -0.00929    |
|    std                  | 1.01        |
|    value_loss           | 0.000368    |
-----------------------------------------
-----------------------------------------
| rollout/                |             |
|    ep_len_mean          | 250         |
|    ep_rew_mean          | -2.5        |
| time/                   |             |
|    fps                  | 43          |
|    iterations           | 10          |
|    time_elapsed         | 58          |
|    total_timesteps      | 2560        |
| train/                  |             |
|    approx_kl            | 0.006356131 |
|    clip_fraction        | 0.103       |
|    clip_range           | 0.2         |
|    entropy_loss         | -2.85       |
|    explained_variance   | -0.00875    |
|    learning_rate        | 0.0003      |
|    loss                 | -0.0197     |
|    n_updates            | 90          |
|    policy_gradient_loss | -0.00809    |
|    std                  | 1.01        |
|    value_loss           | 0.000144    |
-----------------------------------------
------------------------------------------
| rollout/                |              |
|    ep_len_mean          | 250          |
|    ep_rew_mean          | -2.5         |
| time/                   |              |
|    fps                  | 43           |
|    iterations           | 11           |
|    time_elapsed         | 64           |
|    total_timesteps      | 2816         |
| train/                  |              |
|    approx_kl            | 0.0053331726 |
|    clip_fraction        | 0.0238       |
|    clip_range           | 0.2          |
|    entropy_loss         | -2.85        |
|    explained_variance   | 0.167        |
|    learning_rate        | 0.0003       |
|    loss                 | -0.00537     |
|    n_updates            | 100          |
|    policy_gradient_loss | -0.00233     |
|    std                  | 1            |
|    value_loss           | 0.000119     |
------------------------------------------
----------------------------------------
| rollout/                |            |
|    ep_len_mean          | 250        |
|    ep_rew_mean          | -2.5       |
| time/                   |            |
|    fps                  | 43         |
|    iterations           | 12         |
|    time_elapsed         | 69         |
|    total_timesteps      | 3072       |
| train/                  |            |
|    approx_kl            | 0.00790532 |
|    clip_fraction        | 0.0328     |
|    clip_range           | 0.2        |
|    entropy_loss         | -2.84      |
|    explained_variance   | 0.047      |
|    learning_rate        | 0.0003     |
|    loss                 | -0.00126   |
|    n_updates            | 110        |
|    policy_gradient_loss | -0.00194   |
|    std                  | 1          |
|    value_loss           | 0.000427   |
----------------------------------------
-----------------------------------------
| rollout/                |             |
|    ep_len_mean          | 250         |
|    ep_rew_mean          | -2.5        |
| time/                   |             |
|    fps                  | 43          |
|    iterations           | 13          |
|    time_elapsed         | 75          |
|    total_timesteps      | 3328        |
| train/                  |             |
|    approx_kl            | 0.010424113 |
|    clip_fraction        | 0.0973      |
|    clip_range           | 0.2         |
|    entropy_loss         | -2.84       |
|    explained_variance   | 0.018       |
|    learning_rate        | 0.0003      |
|    loss                 | -0.00916    |
|    n_updates            | 120         |
|    policy_gradient_loss | -0.01       |
|    std                  | 0.999       |
|    value_loss           | 0.000195    |
-----------------------------------------
------------------------------------------
| rollout/                |              |
|    ep_len_mean          | 250          |
|    ep_rew_mean          | -2.5         |
| time/                   |              |
|    fps                  | 43           |
|    iterations           | 14           |
|    time_elapsed         | 81           |
|    total_timesteps      | 3584         |
| train/                  |              |
|    approx_kl            | 0.0042915978 |
|    clip_fraction        | 0.018        |
|    clip_range           | 0.2          |
|    entropy_loss         | -2.83        |
|    explained_variance   | 0.218        |
|    learning_rate        | 0.0003       |
|    loss                 | -0.0145      |
|    n_updates            | 130          |
|    policy_gradient_loss | -0.00211     |
|    std                  | 0.994        |
|    value_loss           | 8.38e-05     |
------------------------------------------
------------------------------------------
| rollout/                |              |
|    ep_len_mean          | 250          |
|    ep_rew_mean          | -2.5         |
| time/                   |              |
|    fps                  | 43           |
|    iterations           | 15           |
|    time_elapsed         | 87           |
|    total_timesteps      | 3840         |
| train/                  |              |
|    approx_kl            | 0.0077374764 |
|    clip_fraction        | 0.0641       |
|    clip_range           | 0.2          |
|    entropy_loss         | -2.83        |
|    explained_variance   | 0.606        |
|    learning_rate        | 0.0003       |
|    loss                 | -0.00344     |
|    n_updates            | 140          |
|    policy_gradient_loss | -0.00415     |
|    std                  | 0.996        |
|    value_loss           | 5.43e-05     |
------------------------------------------
------------------------------------------
| rollout/                |              |
|    ep_len_mean          | 250          |
|    ep_rew_mean          | -2.5         |
| time/                   |              |
|    fps                  | 43           |
|    iterations           | 16           |
|    time_elapsed         | 93           |
|    total_timesteps      | 4096         |
| train/                  |              |
|    approx_kl            | 0.0051212823 |
|    clip_fraction        | 0.0395       |
|    clip_range           | 0.2          |
|    entropy_loss         | -2.83        |
|    explained_variance   | 0.297        |
|    learning_rate        | 0.0003       |
|    loss                 | -0.00825     |
|    n_updates            | 150          |
|    policy_gradient_loss | -0.00482     |
|    std                  | 0.998        |
|    value_loss           | 3.51e-05     |
------------------------------------------
-----------------------------------------
| rollout/                |             |
|    ep_len_mean          | 250         |
|    ep_rew_mean          | -2.5        |
| time/                   |             |
|    fps                  | 43          |
|    iterations           | 17          |
|    time_elapsed         | 99          |
|    total_timesteps      | 4352        |
| train/                  |             |
|    approx_kl            | 0.006819313 |
|    clip_fraction        | 0.023       |
|    clip_range           | 0.2         |
|    entropy_loss         | -2.83       |
|    explained_variance   | 0.903       |
|    learning_rate        | 0.0003      |
|    loss                 | -0.000543   |
|    n_updates            | 160         |
|    policy_gradient_loss | -0.00235    |
|    std                  | 0.998       |
|    value_loss           | 3.66e-05    |
-----------------------------------------
------------------------------------------
| rollout/                |              |
|    ep_len_mean          | 250          |
|    ep_rew_mean          | -2.5         |
| time/                   |              |
|    fps                  | 43           |
|    iterations           | 18           |
|    time_elapsed         | 105          |
|    total_timesteps      | 4608         |
| train/                  |              |
|    approx_kl            | 0.0074607134 |
|    clip_fraction        | 0.0895       |
|    clip_range           | 0.2          |
|    entropy_loss         | -2.83        |
|    explained_variance   | 0.919        |
|    learning_rate        | 0.0003       |
|    loss                 | -0.00966     |
|    n_updates            | 170          |
|    policy_gradient_loss | -0.0097      |
|    std                  | 0.992        |
|    value_loss           | 5.65e-05     |
------------------------------------------
-----------------------------------------
| rollout/                |             |
|    ep_len_mean          | 250         |
|    ep_rew_mean          | -2.5        |
| time/                   |             |
|    fps                  | 43          |
|    iterations           | 19          |
|    time_elapsed         | 111         |
|    total_timesteps      | 4864        |
| train/                  |             |
|    approx_kl            | 0.008470417 |
|    clip_fraction        | 0.0477      |
|    clip_range           | 0.2         |
|    entropy_loss         | -2.82       |
|    explained_variance   | -0.0116     |
|    learning_rate        | 0.0003      |
|    loss                 | -0.0294     |
|    n_updates            | 180         |
|    policy_gradient_loss | -0.0044     |
|    std                  | 0.986       |
|    value_loss           | 1.03e-05    |
-----------------------------------------
------------------------------------------
| rollout/                |              |
|    ep_len_mean          | 250          |
|    ep_rew_mean          | -2.5         |
| time/                   |              |
|    fps                  | 43           |
|    iterations           | 20           |
|    time_elapsed         | 116          |
|    total_timesteps      | 5120         |
| train/                  |              |
|    approx_kl            | 0.0055412576 |
|    clip_fraction        | 0.0645       |
|    clip_range           | 0.2          |
|    entropy_loss         | -2.8         |
|    explained_variance   | 0.919        |
|    learning_rate        | 0.0003       |
|    loss                 | -0.0105      |
|    n_updates            | 190          |
|    policy_gradient_loss | -0.00638     |
|    std                  | 0.98         |
|    value_loss           | 1.04e-05     |
------------------------------------------
------------------------------------------
| rollout/                |              |
|    ep_len_mean          | 250          |
|    ep_rew_mean          | -2.5         |
| time/                   |              |
|    fps                  | 43           |
|    iterations           | 21           |
|    time_elapsed         | 122          |
|    total_timesteps      | 5376         |
| train/                  |              |
|    approx_kl            | 0.0061829314 |
|    clip_fraction        | 0.0629       |
|    clip_range           | 0.2          |
|    entropy_loss         | -2.79        |
|    explained_variance   | 0.938        |
|    learning_rate        | 0.0003       |
|    loss                 | -0.0222      |
|    n_updates            | 200          |
|    policy_gradient_loss | -0.00787     |
|    std                  | 0.976        |
|    value_loss           | 2.13e-06     |
------------------------------------------
-----------------------------------------
| rollout/                |             |
|    ep_len_mean          | 250         |
|    ep_rew_mean          | -2.5        |
| time/                   |             |
|    fps                  | 43          |
|    iterations           | 22          |
|    time_elapsed         | 128         |
|    total_timesteps      | 5632        |
| train/                  |             |
|    approx_kl            | 0.008138959 |
|    clip_fraction        | 0.093       |
|    clip_range           | 0.2         |
|    entropy_loss         | -2.78       |
|    explained_variance   | 0.964       |
|    learning_rate        | 0.0003      |
|    loss                 | 0.00809     |
|    n_updates            | 210         |
|    policy_gradient_loss | -0.00808    |
|    std                  | 0.971       |
|    value_loss           | 8.83e-06    |
-----------------------------------------
------------------------------------------
| rollout/                |              |
|    ep_len_mean          | 250          |
|    ep_rew_mean          | -2.5         |
| time/                   |              |
|    fps                  | 43           |
|    iterations           | 23           |
|    time_elapsed         | 134          |
|    total_timesteps      | 5888         |
| train/                  |              |
|    approx_kl            | 0.0043442845 |
|    clip_fraction        | 0.059        |
|    clip_range           | 0.2          |
|    entropy_loss         | -2.78        |
|    explained_variance   | 0.956        |
|    learning_rate        | 0.0003       |
|    loss                 | -0.00958     |
|    n_updates            | 220          |
|    policy_gradient_loss | -0.00582     |
|    std                  | 0.969        |
|    value_loss           | 1.99e-05     |
------------------------------------------
-----------------------------------------
| rollout/                |             |
|    ep_len_mean          | 250         |
|    ep_rew_mean          | -2.5        |
| time/                   |             |
|    fps                  | 43          |
|    iterations           | 24          |
|    time_elapsed         | 140         |
|    total_timesteps      | 6144        |
| train/                  |             |
|    approx_kl            | 0.011388963 |
|    clip_fraction        | 0.123       |
|    clip_range           | 0.2         |
|    entropy_loss         | -2.77       |
|    explained_variance   | 0.754       |
|    learning_rate        | 0.0003      |
|    loss                 | -0.00764    |
|    n_updates            | 230         |
|    policy_gradient_loss | -0.00958    |
|    std                  | 0.965       |
|    value_loss           | 3.14e-06    |
-----------------------------------------
------------------------------------------
| rollout/                |              |
|    ep_len_mean          | 250          |
|    ep_rew_mean          | -2.5         |
| time/                   |              |
|    fps                  | 43           |
|    iterations           | 25           |
|    time_elapsed         | 146          |
|    total_timesteps      | 6400         |
| train/                  |              |
|    approx_kl            | 0.0068969447 |
|    clip_fraction        | 0.05         |
|    clip_range           | 0.2          |
|    entropy_loss         | -2.77        |
|    explained_variance   | 0.959        |
|    learning_rate        | 0.0003       |
|    loss                 | -0.0134      |
|    n_updates            | 240          |
|    policy_gradient_loss | -0.00764     |
|    std                  | 0.965        |
|    value_loss           | 1.61e-06     |
------------------------------------------
------------------------------------------
| rollout/                |              |
|    ep_len_mean          | 250          |
|    ep_rew_mean          | -2.5         |
| time/                   |              |
|    fps                  | 43           |
|    iterations           | 26           |
|    time_elapsed         | 151          |
|    total_timesteps      | 6656         |
| train/                  |              |
|    approx_kl            | 0.0035790703 |
|    clip_fraction        | 0.032        |
|    clip_range           | 0.2          |
|    entropy_loss         | -2.77        |
|    explained_variance   | 0.929        |
|    learning_rate        | 0.0003       |
|    loss                 | -0.0013      |
|    n_updates            | 250          |
|    policy_gradient_loss | -0.00263     |
|    std                  | 0.97         |
|    value_loss           | 3.92e-06     |
------------------------------------------
------------------------------------------
| rollout/                |              |
|    ep_len_mean          | 250          |
|    ep_rew_mean          | -2.5         |
| time/                   |              |
|    fps                  | 43           |
|    iterations           | 27           |
|    time_elapsed         | 157          |
|    total_timesteps      | 6912         |
| train/                  |              |
|    approx_kl            | 0.0057739075 |
|    clip_fraction        | 0.0293       |
|    clip_range           | 0.2          |
|    entropy_loss         | -2.78        |
|    explained_variance   | 0.94         |
|    learning_rate        | 0.0003       |
|    loss                 | -0.0109      |
|    n_updates            | 260          |
|    policy_gradient_loss | -0.00219     |
|    std                  | 0.968        |
|    value_loss           | 2.98e-06     |
------------------------------------------
------------------------------------------
| rollout/                |              |
|    ep_len_mean          | 250          |
|    ep_rew_mean          | -2.5         |
| time/                   |              |
|    fps                  | 43           |
|    iterations           | 28           |
|    time_elapsed         | 163          |
|    total_timesteps      | 7168         |
| train/                  |              |
|    approx_kl            | 0.0047679697 |
|    clip_fraction        | 0.0359       |
|    clip_range           | 0.2          |
|    entropy_loss         | -2.77        |
|    explained_variance   | 0.946        |
|    learning_rate        | 0.0003       |
|    loss                 | -0.00243     |
|    n_updates            | 270          |
|    policy_gradient_loss | -0.00374     |
|    std                  | 0.962        |
|    value_loss           | 2.5e-06      |
------------------------------------------
-----------------------------------------
| rollout/                |             |
|    ep_len_mean          | 250         |
|    ep_rew_mean          | -2.5        |
| time/                   |             |
|    fps                  | 43          |
|    iterations           | 29          |
|    time_elapsed         | 169         |
|    total_timesteps      | 7424        |
| train/                  |             |
|    approx_kl            | 0.007986231 |
|    clip_fraction        | 0.0367      |
|    clip_range           | 0.2         |
|    entropy_loss         | -2.76       |
|    explained_variance   | 0.971       |
|    learning_rate        | 0.0003      |
|    loss                 | -0.0105     |
|    n_updates            | 280         |
|    policy_gradient_loss | -0.00175    |
|    std                  | 0.962       |
|    value_loss           | 5.01e-07    |
-----------------------------------------
------------------------------------------
| rollout/                |              |
|    ep_len_mean          | 250          |
|    ep_rew_mean          | -2.5         |
| time/                   |              |
|    fps                  | 43           |
|    iterations           | 30           |
|    time_elapsed         | 175          |
|    total_timesteps      | 7680         |
| train/                  |              |
|    approx_kl            | 0.0037404944 |
|    clip_fraction        | 0.027        |
|    clip_range           | 0.2          |
|    entropy_loss         | -2.76        |
|    explained_variance   | 0.968        |
|    learning_rate        | 0.0003       |
|    loss                 | -0.0169      |
|    n_updates            | 290          |
|    policy_gradient_loss | -0.0043      |
|    std                  | 0.963        |
|    value_loss           | 3.91e-07     |
------------------------------------------
------------------------------------------
| rollout/                |              |
|    ep_len_mean          | 250          |
|    ep_rew_mean          | -2.5         |
| time/                   |              |
|    fps                  | 43           |
|    iterations           | 31           |
|    time_elapsed         | 180          |
|    total_timesteps      | 7936         |
| train/                  |              |
|    approx_kl            | 0.0005941959 |
|    clip_fraction        | 0            |
|    clip_range           | 0.2          |
|    entropy_loss         | -2.76        |
|    explained_variance   | 0.973        |
|    learning_rate        | 0.0003       |
|    loss                 | 0.000654     |
|    n_updates            | 300          |
|    policy_gradient_loss | -0.00046     |
|    std                  | 0.965        |
|    value_loss           | 4.4e-07      |
------------------------------------------
-----------------------------------------
| rollout/                |             |
|    ep_len_mean          | 250         |
|    ep_rew_mean          | -2.5        |
| time/                   |             |
|    fps                  | 43          |
|    iterations           | 32          |
|    time_elapsed         | 186         |
|    total_timesteps      | 8192        |
| train/                  |             |
|    approx_kl            | 0.005097352 |
|    clip_fraction        | 0.0336      |
|    clip_range           | 0.2         |
|    entropy_loss         | -2.77       |
|    explained_variance   | 0.969       |
|    learning_rate        | 0.0003      |
|    loss                 | -0.0316     |
|    n_updates            | 310         |
|    policy_gradient_loss | -0.00365    |
|    std                  | 0.971       |
|    value_loss           | 4.63e-07    |
-----------------------------------------
------------------------------------------
| rollout/                |              |
|    ep_len_mean          | 250          |
|    ep_rew_mean          | -2.5         |
| time/                   |              |
|    fps                  | 43           |
|    iterations           | 33           |
|    time_elapsed         | 192          |
|    total_timesteps      | 8448         |
| train/                  |              |
|    approx_kl            | 0.0070296265 |
|    clip_fraction        | 0.0543       |
|    clip_range           | 0.2          |
|    entropy_loss         | -2.78        |
|    explained_variance   | 0.967        |
|    learning_rate        | 0.0003       |
|    loss                 | -0.0124      |
|    n_updates            | 320          |
|    policy_gradient_loss | -0.00364     |
|    std                  | 0.97         |
|    value_loss           | 5.47e-07     |
------------------------------------------
-----------------------------------------
| rollout/                |             |
|    ep_len_mean          | 250         |
|    ep_rew_mean          | -2.5        |
| time/                   |             |
|    fps                  | 43          |
|    iterations           | 34          |
|    time_elapsed         | 198         |
|    total_timesteps      | 8704        |
| train/                  |             |
|    approx_kl            | 0.005040531 |
|    clip_fraction        | 0.032       |
|    clip_range           | 0.2         |
|    entropy_loss         | -2.78       |
|    explained_variance   | 0.891       |
|    learning_rate        | 0.0003      |
|    loss                 | -0.00235    |
|    n_updates            | 330         |
|    policy_gradient_loss | -0.00339    |
|    std                  | 0.971       |
|    value_loss           | 5.53e-06    |
-----------------------------------------
------------------------------------------
| rollout/                |              |
|    ep_len_mean          | 250          |
|    ep_rew_mean          | -2.5         |
| time/                   |              |
|    fps                  | 43           |
|    iterations           | 35           |
|    time_elapsed         | 204          |
|    total_timesteps      | 8960         |
| train/                  |              |
|    approx_kl            | 0.0034421869 |
|    clip_fraction        | 0.0285       |
|    clip_range           | 0.2          |
|    entropy_loss         | -2.78        |
|    explained_variance   | 0.98         |
|    learning_rate        | 0.0003       |
|    loss                 | -0.00967     |
|    n_updates            | 340          |
|    policy_gradient_loss | -0.00269     |
|    std                  | 0.971        |
|    value_loss           | 6.87e-06     |
------------------------------------------
------------------------------------------
| rollout/                |              |
|    ep_len_mean          | 250          |
|    ep_rew_mean          | -2.5         |
| time/                   |              |
|    fps                  | 43           |
|    iterations           | 36           |
|    time_elapsed         | 210          |
|    total_timesteps      | 9216         |
| train/                  |              |
|    approx_kl            | 0.0058054514 |
|    clip_fraction        | 0.0555       |
|    clip_range           | 0.2          |
|    entropy_loss         | -2.78        |
|    explained_variance   | 0.961        |
|    learning_rate        | 0.0003       |
|    loss                 | -0.00485     |
|    n_updates            | 350          |
|    policy_gradient_loss | -0.00488     |
|    std                  | 0.969        |
|    value_loss           | 9.01e-07     |
------------------------------------------
-----------------------------------------
| rollout/                |             |
|    ep_len_mean          | 250         |
|    ep_rew_mean          | -2.5        |
| time/                   |             |
|    fps                  | 43          |
|    iterations           | 37          |
|    time_elapsed         | 216         |
|    total_timesteps      | 9472        |
| train/                  |             |
|    approx_kl            | 0.010937159 |
|    clip_fraction        | 0.111       |
|    clip_range           | 0.2         |
|    entropy_loss         | -2.78       |
|    explained_variance   | 0.974       |
|    learning_rate        | 0.0003      |
|    loss                 | -0.00941    |
|    n_updates            | 360         |
|    policy_gradient_loss | -0.00844    |
|    std                  | 0.971       |
|    value_loss           | 6.51e-07    |
-----------------------------------------
-----------------------------------------
| rollout/                |             |
|    ep_len_mean          | 250         |
|    ep_rew_mean          | -2.5        |
| time/                   |             |
|    fps                  | 43          |
|    iterations           | 38          |
|    time_elapsed         | 222         |
|    total_timesteps      | 9728        |
| train/                  |             |
|    approx_kl            | 0.008222671 |
|    clip_fraction        | 0.102       |
|    clip_range           | 0.2         |
|    entropy_loss         | -2.78       |
|    explained_variance   | 0.966       |
|    learning_rate        | 0.0003      |
|    loss                 | 0.00623     |
|    n_updates            | 370         |
|    policy_gradient_loss | -0.0107     |
|    std                  | 0.971       |
|    value_loss           | 8.65e-07    |
-----------------------------------------
------------------------------------------
| rollout/                |              |
|    ep_len_mean          | 250          |
|    ep_rew_mean          | -2.5         |
| time/                   |              |
|    fps                  | 43           |
|    iterations           | 39           |
|    time_elapsed         | 228          |
|    total_timesteps      | 9984         |
| train/                  |              |
|    approx_kl            | 0.0072391666 |
|    clip_fraction        | 0.0285       |
|    clip_range           | 0.2          |
|    entropy_loss         | -2.78        |
|    explained_variance   | 0.597        |
|    learning_rate        | 0.0003       |
|    loss                 | 0.014        |
|    n_updates            | 380          |
|    policy_gradient_loss | -0.00249     |
|    std                  | 0.973        |
|    value_loss           | 7.51e-07     |
------------------------------------------
-----------------------------------------
| rollout/                |             |
|    ep_len_mean          | 250         |
|    ep_rew_mean          | -2.5        |
| time/                   |             |
|    fps                  | 43          |
|    iterations           | 40          |
|    time_elapsed         | 234         |
|    total_timesteps      | 10240       |
| train/                  |             |
|    approx_kl            | 0.011697229 |
|    clip_fraction        | 0.0633      |
|    clip_range           | 0.2         |
|    entropy_loss         | -2.78       |
|    explained_variance   | 0.993       |
|    learning_rate        | 0.0003      |
|    loss                 | -0.0103     |
|    n_updates            | 390         |
|    policy_gradient_loss | -0.00478    |
|    std                  | 0.974       |
|    value_loss           | 1.54e-07    |
-----------------------------------------
----------------------------------------
| rollout/                |            |
|    ep_len_mean          | 250        |
|    ep_rew_mean          | -2.5       |
| time/                   |            |
|    fps                  | 43         |
|    iterations           | 41         |
|    time_elapsed         | 239        |
|    total_timesteps      | 10496      |
| train/                  |            |
|    approx_kl            | 0.00776387 |
|    clip_fraction        | 0.0949     |
|    clip_range           | 0.2        |
|    entropy_loss         | -2.78      |
|    explained_variance   | 0.938      |
|    learning_rate        | 0.0003     |
|    loss                 | -0.0115    |
|    n_updates            | 400        |
|    policy_gradient_loss | -0.00952   |
|    std                  | 0.971      |
|    value_loss           | 4.82e-06   |
----------------------------------------
-----------------------------------------
| rollout/                |             |
|    ep_len_mean          | 250         |
|    ep_rew_mean          | -2.5        |
| time/                   |             |
|    fps                  | 43          |
|    iterations           | 42          |
|    time_elapsed         | 245         |
|    total_timesteps      | 10752       |
| train/                  |             |
|    approx_kl            | 0.005522499 |
|    clip_fraction        | 0.0156      |
|    clip_range           | 0.2         |
|    entropy_loss         | -2.78       |
|    explained_variance   | 0.179       |
|    learning_rate        | 0.0003      |
|    loss                 | 0.00711     |
|    n_updates            | 410         |
|    policy_gradient_loss | -0.00141    |
|    std                  | 0.971       |
|    value_loss           | 3.04e-05    |
-----------------------------------------
------------------------------------------
| rollout/                |              |
|    ep_len_mean          | 250          |
|    ep_rew_mean          | -2.5         |
| time/                   |              |
|    fps                  | 43           |
|    iterations           | 43           |
|    time_elapsed         | 251          |
|    total_timesteps      | 11008        |
| train/                  |              |
|    approx_kl            | 0.0019071619 |
|    clip_fraction        | 0.0137       |
|    clip_range           | 0.2          |
|    entropy_loss         | -2.78        |
|    explained_variance   | 0.521        |
|    learning_rate        | 0.0003       |
|    loss                 | -0.00841     |
|    n_updates            | 420          |
|    policy_gradient_loss | -0.00254     |
|    std                  | 0.971        |
|    value_loss           | 1.56e-05     |
------------------------------------------
------------------------------------------
| rollout/                |              |
|    ep_len_mean          | 250          |
|    ep_rew_mean          | -2.5         |
| time/                   |              |
|    fps                  | 43           |
|    iterations           | 44           |
|    time_elapsed         | 257          |
|    total_timesteps      | 11264        |
| train/                  |              |
|    approx_kl            | 0.0074432553 |
|    clip_fraction        | 0.105        |
|    clip_range           | 0.2          |
|    entropy_loss         | -2.78        |
|    explained_variance   | -0.575       |
|    learning_rate        | 0.0003       |
|    loss                 | -0.00609     |
|    n_updates            | 430          |
|    policy_gradient_loss | -0.00899     |
|    std                  | 0.972        |
|    value_loss           | 8.65e-06     |
------------------------------------------
-----------------------------------------
| rollout/                |             |
|    ep_len_mean          | 250         |
|    ep_rew_mean          | -2.5        |
| time/                   |             |
|    fps                  | 43          |
|    iterations           | 45          |
|    time_elapsed         | 263         |
|    total_timesteps      | 11520       |
| train/                  |             |
|    approx_kl            | 0.010256034 |
|    clip_fraction        | 0.161       |
|    clip_range           | 0.2         |
|    entropy_loss         | -2.78       |
|    explained_variance   | 0.919       |
|    learning_rate        | 0.0003      |
|    loss                 | -0.0162     |
|    n_updates            | 440         |
|    policy_gradient_loss | -0.0106     |
|    std                  | 0.971       |
|    value_loss           | 5.9e-05     |
-----------------------------------------
------------------------------------------
| rollout/                |              |
|    ep_len_mean          | 250          |
|    ep_rew_mean          | -2.5         |
| time/                   |              |
|    fps                  | 43           |
|    iterations           | 46           |
|    time_elapsed         | 269          |
|    total_timesteps      | 11776        |
| train/                  |              |
|    approx_kl            | 0.0069543794 |
|    clip_fraction        | 0.0723       |
|    clip_range           | 0.2          |
|    entropy_loss         | -2.78        |
|    explained_variance   | -0.636       |
|    learning_rate        | 0.0003       |
|    loss                 | 0.023        |
|    n_updates            | 450          |
|    policy_gradient_loss | -0.00646     |
|    std                  | 0.97         |
|    value_loss           | 0.00184      |
------------------------------------------
------------------------------------------
| rollout/                |              |
|    ep_len_mean          | 250          |
|    ep_rew_mean          | -2.5         |
| time/                   |              |
|    fps                  | 43           |
|    iterations           | 47           |
|    time_elapsed         | 274          |
|    total_timesteps      | 12032        |
| train/                  |              |
|    approx_kl            | 0.0071566403 |
|    clip_fraction        | 0.119        |
|    clip_range           | 0.2          |
|    entropy_loss         | -2.78        |
|    explained_variance   | 0.0769       |
|    learning_rate        | 0.0003       |
|    loss                 | -0.0102      |
|    n_updates            | 460          |
|    policy_gradient_loss | -0.0117      |
|    std                  | 0.97         |
|    value_loss           | 0.000429     |
------------------------------------------
----------------------------------------
| rollout/                |            |
|    ep_len_mean          | 250        |
|    ep_rew_mean          | -2.5       |
| time/                   |            |
|    fps                  | 43         |
|    iterations           | 48         |
|    time_elapsed         | 280        |
|    total_timesteps      | 12288      |
| train/                  |            |
|    approx_kl            | 0.00517427 |
|    clip_fraction        | 0.048      |
|    clip_range           | 0.2        |
|    entropy_loss         | -2.78      |
|    explained_variance   | -0.438     |
|    learning_rate        | 0.0003     |
|    loss                 | -0.00552   |
|    n_updates            | 470        |
|    policy_gradient_loss | -0.00358   |
|    std                  | 0.971      |
|    value_loss           | 0.00064    |
----------------------------------------
------------------------------------------
| rollout/                |              |
|    ep_len_mean          | 250          |
|    ep_rew_mean          | -2.5         |
| time/                   |              |
|    fps                  | 43           |
|    iterations           | 49           |
|    time_elapsed         | 286          |
|    total_timesteps      | 12544        |
| train/                  |              |
|    approx_kl            | 0.0005938029 |
|    clip_fraction        | 0            |
|    clip_range           | 0.2          |
|    entropy_loss         | -2.78        |
|    explained_variance   | 0.386        |
|    learning_rate        | 0.0003       |
|    loss                 | -0.00341     |
|    n_updates            | 480          |
|    policy_gradient_loss | -0.000141    |
|    std                  | 0.973        |
|    value_loss           | 0.000125     |
------------------------------------------
------------------------------------------
| rollout/                |              |
|    ep_len_mean          | 250          |
|    ep_rew_mean          | -2.5         |
| time/                   |              |
|    fps                  | 43           |
|    iterations           | 50           |
|    time_elapsed         | 292          |
|    total_timesteps      | 12800        |
| train/                  |              |
|    approx_kl            | 0.0068948083 |
|    clip_fraction        | 0.0824       |
|    clip_range           | 0.2          |
|    entropy_loss         | -2.78        |
|    explained_variance   | 0.2          |
|    learning_rate        | 0.0003       |
|    loss                 | -0.0162      |
|    n_updates            | 490          |
|    policy_gradient_loss | -0.00746     |
|    std                  | 0.969        |
|    value_loss           | 1.07e-05     |
------------------------------------------
----------------------------------------
| rollout/                |            |
|    ep_len_mean          | 250        |
|    ep_rew_mean          | -2.5       |
| time/                   |            |
|    fps                  | 43         |
|    iterations           | 51         |
|    time_elapsed         | 298        |
|    total_timesteps      | 13056      |
| train/                  |            |
|    approx_kl            | 0.00399056 |
|    clip_fraction        | 0.00586    |
|    clip_range           | 0.2        |
|    entropy_loss         | -2.77      |
|    explained_variance   | 0.756      |
|    learning_rate        | 0.0003     |
|    loss                 | -0.000922  |
|    n_updates            | 500        |
|    policy_gradient_loss | -0.000292  |
|    std                  | 0.97       |
|    value_loss           | 1.18e-05   |
----------------------------------------
------------------------------------------
| rollout/                |              |
|    ep_len_mean          | 250          |
|    ep_rew_mean          | -2.5         |
| time/                   |              |
|    fps                  | 43           |
|    iterations           | 52           |
|    time_elapsed         | 304          |
|    total_timesteps      | 13312        |
| train/                  |              |
|    approx_kl            | 0.0035890017 |
|    clip_fraction        | 0.0414       |
|    clip_range           | 0.2          |
|    entropy_loss         | -2.78        |
|    explained_variance   | -0.225       |
|    learning_rate        | 0.0003       |
|    loss                 | -0.0212      |
|    n_updates            | 510          |
|    policy_gradient_loss | -0.00311     |
|    std                  | 0.97         |
|    value_loss           | 6.35e-06     |
------------------------------------------
-----------------------------------------
| rollout/                |             |
|    ep_len_mean          | 250         |
|    ep_rew_mean          | -2.5        |
| time/                   |             |
|    fps                  | 43          |
|    iterations           | 53          |
|    time_elapsed         | 309         |
|    total_timesteps      | 13568       |
| train/                  |             |
|    approx_kl            | 0.004179354 |
|    clip_fraction        | 0.0281      |
|    clip_range           | 0.2         |
|    entropy_loss         | -2.78       |
|    explained_variance   | 0.827       |
|    learning_rate        | 0.0003      |
|    loss                 | -0.00235    |
|    n_updates            | 520         |
|    policy_gradient_loss | -0.00465    |
|    std                  | 0.971       |
|    value_loss           | 6.21e-06    |
-----------------------------------------
-----------------------------------------
| rollout/                |             |
|    ep_len_mean          | 246         |
|    ep_rew_mean          | -2.1        |
| time/                   |             |
|    fps                  | 43          |
|    iterations           | 54          |
|    time_elapsed         | 315         |
|    total_timesteps      | 13824       |
| train/                  |             |
|    approx_kl            | 0.010337831 |
|    clip_fraction        | 0.134       |
|    clip_range           | 0.2         |
|    entropy_loss         | -2.78       |
|    explained_variance   | 0.858       |
|    learning_rate        | 0.0003      |
|    loss                 | -0.0108     |
|    n_updates            | 530         |
|    policy_gradient_loss | -0.0134     |
|    std                  | 0.97        |
|    value_loss           | 5.84e-06    |
-----------------------------------------
-----------------------------------------
| rollout/                |             |
|    ep_len_mean          | 246         |
|    ep_rew_mean          | -2.11       |
| time/                   |             |
|    fps                  | 43          |
|    iterations           | 55          |
|    time_elapsed         | 321         |
|    total_timesteps      | 14080       |
| train/                  |             |
|    approx_kl            | 0.009920869 |
|    clip_fraction        | 0.135       |
|    clip_range           | 0.2         |
|    entropy_loss         | -2.78       |
|    explained_variance   | 0.000344    |
|    learning_rate        | 0.0003      |
|    loss                 | -0.00595    |
|    n_updates            | 540         |
|    policy_gradient_loss | -0.0124     |
|    std                  | 0.97        |
|    value_loss           | 1.72        |
-----------------------------------------
-----------------------------------------
| rollout/                |             |
|    ep_len_mean          | 246         |
|    ep_rew_mean          | -2.11       |
| time/                   |             |
|    fps                  | 43          |
|    iterations           | 56          |
|    time_elapsed         | 327         |
|    total_timesteps      | 14336       |
| train/                  |             |
|    approx_kl            | 0.011229237 |
|    clip_fraction        | 0.129       |
|    clip_range           | 0.2         |
|    entropy_loss         | -2.78       |
|    explained_variance   | -0.0763     |
|    learning_rate        | 0.0003      |
|    loss                 | -0.0271     |
|    n_updates            | 550         |
|    policy_gradient_loss | -0.0114     |
|    std                  | 0.97        |
|    value_loss           | 0.000381    |
-----------------------------------------
-----------------------------------------
| rollout/                |             |
|    ep_len_mean          | 246         |
|    ep_rew_mean          | -2.12       |
| time/                   |             |
|    fps                  | 43          |
|    iterations           | 57          |
|    time_elapsed         | 333         |
|    total_timesteps      | 14592       |
| train/                  |             |
|    approx_kl            | 0.009073138 |
|    clip_fraction        | 0.12        |
|    clip_range           | 0.2         |
|    entropy_loss         | -2.77       |
|    explained_variance   | 0.59        |
|    learning_rate        | 0.0003      |
|    loss                 | 0.00113     |
|    n_updates            | 560         |
|    policy_gradient_loss | -0.00719    |
|    std                  | 0.964       |
|    value_loss           | 4.81e-05    |
-----------------------------------------
-----------------------------------------
| rollout/                |             |
|    ep_len_mean          | 246         |
|    ep_rew_mean          | -2.13       |
| time/                   |             |
|    fps                  | 43          |
|    iterations           | 58          |
|    time_elapsed         | 339         |
|    total_timesteps      | 14848       |
| train/                  |             |
|    approx_kl            | 0.008282352 |
|    clip_fraction        | 0.0902      |
|    clip_range           | 0.2         |
|    entropy_loss         | -2.76       |
|    explained_variance   | 0.0111      |
|    learning_rate        | 0.0003      |
|    loss                 | -0.0139     |
|    n_updates            | 570         |
|    policy_gradient_loss | -0.00716    |
|    std                  | 0.963       |
|    value_loss           | 3.41e-05    |
-----------------------------------------
------------------------------------------
| rollout/                |              |
|    ep_len_mean          | 246          |
|    ep_rew_mean          | -2.13        |
| time/                   |              |
|    fps                  | 43           |
|    iterations           | 59           |
|    time_elapsed         | 344          |
|    total_timesteps      | 15104        |
| train/                  |              |
|    approx_kl            | 0.0064866357 |
|    clip_fraction        | 0.0801       |
|    clip_range           | 0.2          |
|    entropy_loss         | -2.76        |
|    explained_variance   | 0.0933       |
|    learning_rate        | 0.0003       |
|    loss                 | -0.0129      |
|    n_updates            | 580          |
|    policy_gradient_loss | -0.00735     |
|    std                  | 0.959        |
|    value_loss           | 4.05e-05     |
------------------------------------------
-----------------------------------------
| rollout/                |             |
|    ep_len_mean          | 246         |
|    ep_rew_mean          | -2.14       |
| time/                   |             |
|    fps                  | 43          |
|    iterations           | 60          |
|    time_elapsed         | 350         |
|    total_timesteps      | 15360       |
| train/                  |             |
|    approx_kl            | 0.006282506 |
|    clip_fraction        | 0.0469      |
|    clip_range           | 0.2         |
|    entropy_loss         | -2.75       |
|    explained_variance   | 0.43        |
|    learning_rate        | 0.0003      |
|    loss                 | -0.00145    |
|    n_updates            | 590         |
|    policy_gradient_loss | -0.00411    |
|    std                  | 0.954       |
|    value_loss           | 2.49e-05    |
-----------------------------------------
----------------------------------------
| rollout/                |            |
|    ep_len_mean          | 246        |
|    ep_rew_mean          | -2.14      |
| time/                   |            |
|    fps                  | 43         |
|    iterations           | 61         |
|    time_elapsed         | 356        |
|    total_timesteps      | 15616      |
| train/                  |            |
|    approx_kl            | 0.00629849 |
|    clip_fraction        | 0.0227     |
|    clip_range           | 0.2        |
|    entropy_loss         | -2.74      |
|    explained_variance   | 0.106      |
|    learning_rate        | 0.0003     |
|    loss                 | -0.00719   |
|    n_updates            | 600        |
|    policy_gradient_loss | -0.00186   |
|    std                  | 0.949      |
|    value_loss           | 2.3e-05    |
----------------------------------------
------------------------------------------
| rollout/                |              |
|    ep_len_mean          | 246          |
|    ep_rew_mean          | -2.15        |
| time/                   |              |
|    fps                  | 43           |
|    iterations           | 62           |
|    time_elapsed         | 362          |
|    total_timesteps      | 15872        |
| train/                  |              |
|    approx_kl            | 0.0037335176 |
|    clip_fraction        | 0.00313      |
|    clip_range           | 0.2          |
|    entropy_loss         | -2.73        |
|    explained_variance   | 0.93         |
|    learning_rate        | 0.0003       |
|    loss                 | -0.0019      |
|    n_updates            | 610          |
|    policy_gradient_loss | -0.000768    |
|    std                  | 0.953        |
|    value_loss           | 3.69e-05     |
------------------------------------------
-----------------------------------------
| rollout/                |             |
|    ep_len_mean          | 246         |
|    ep_rew_mean          | -2.15       |
| time/                   |             |
|    fps                  | 43          |
|    iterations           | 63          |
|    time_elapsed         | 368         |
|    total_timesteps      | 16128       |
| train/                  |             |
|    approx_kl            | 0.008014953 |
|    clip_fraction        | 0.0523      |
|    clip_range           | 0.2         |
|    entropy_loss         | -2.74       |
|    explained_variance   | 0.948       |
|    learning_rate        | 0.0003      |
|    loss                 | -0.0364     |
|    n_updates            | 620         |
|    policy_gradient_loss | -0.00505    |
|    std                  | 0.951       |
|    value_loss           | 1.64e-05    |
-----------------------------------------
-----------------------------------------
| rollout/                |             |
|    ep_len_mean          | 246         |
|    ep_rew_mean          | -2.16       |
| time/                   |             |
|    fps                  | 43          |
|    iterations           | 64          |
|    time_elapsed         | 374         |
|    total_timesteps      | 16384       |
| train/                  |             |
|    approx_kl            | 0.010066583 |
|    clip_fraction        | 0.132       |
|    clip_range           | 0.2         |
|    entropy_loss         | -2.74       |
|    explained_variance   | 0.905       |
|    learning_rate        | 0.0003      |
|    loss                 | -0.0164     |
|    n_updates            | 630         |
|    policy_gradient_loss | -0.0111     |
|    std                  | 0.95        |
|    value_loss           | 8.05e-06    |
-----------------------------------------
-------------------------------------------
| rollout/                |               |
|    ep_len_mean          | 246           |
|    ep_rew_mean          | -2.16         |
| time/                   |               |
|    fps                  | 43            |
|    iterations           | 65            |
|    time_elapsed         | 380           |
|    total_timesteps      | 16640         |
| train/                  |               |
|    approx_kl            | 0.00084463577 |
|    clip_fraction        | 0             |
|    clip_range           | 0.2           |
|    entropy_loss         | -2.74         |
|    explained_variance   | 0.898         |
|    learning_rate        | 0.0003        |
|    loss                 | -0.00713      |
|    n_updates            | 640           |
|    policy_gradient_loss | -0.000239     |
|    std                  | 0.954         |
|    value_loss           | 4.31e-06      |
-------------------------------------------
------------------------------------------
| rollout/                |              |
|    ep_len_mean          | 246          |
|    ep_rew_mean          | -2.17        |
| time/                   |              |
|    fps                  | 43           |
|    iterations           | 66           |
|    time_elapsed         | 385          |
|    total_timesteps      | 16896        |
| train/                  |              |
|    approx_kl            | 0.0063378774 |
|    clip_fraction        | 0.0508       |
|    clip_range           | 0.2          |
|    entropy_loss         | -2.75        |
|    explained_variance   | 0.953        |
|    learning_rate        | 0.0003       |
|    loss                 | 0.00294      |
|    n_updates            | 650          |
|    policy_gradient_loss | -0.00506     |
|    std                  | 0.956        |
|    value_loss           | 7.44e-06     |
------------------------------------------
------------------------------------------
| rollout/                |              |
|    ep_len_mean          | 246          |
|    ep_rew_mean          | -2.17        |
| time/                   |              |
|    fps                  | 43           |
|    iterations           | 67           |
|    time_elapsed         | 391          |
|    total_timesteps      | 17152        |
| train/                  |              |
|    approx_kl            | 0.0056042112 |
|    clip_fraction        | 0.0656       |
|    clip_range           | 0.2          |
|    entropy_loss         | -2.75        |
|    explained_variance   | 0.735        |
|    learning_rate        | 0.0003       |
|    loss                 | -0.00831     |
|    n_updates            | 660          |
|    policy_gradient_loss | -0.0037      |
|    std                  | 0.953        |
|    value_loss           | 6.99e-06     |
------------------------------------------
------------------------------------------
| rollout/                |              |
|    ep_len_mean          | 246          |
|    ep_rew_mean          | -2.18        |
| time/                   |              |
|    fps                  | 43           |
|    iterations           | 68           |
|    time_elapsed         | 397          |
|    total_timesteps      | 17408        |
| train/                  |              |
|    approx_kl            | 0.0074427295 |
|    clip_fraction        | 0.0426       |
|    clip_range           | 0.2          |
|    entropy_loss         | -2.74        |
|    explained_variance   | 0.146        |
|    learning_rate        | 0.0003       |
|    loss                 | 0.0143       |
|    n_updates            | 670          |
|    policy_gradient_loss | -0.00437     |
|    std                  | 0.946        |
|    value_loss           | 4.01e-06     |
------------------------------------------
------------------------------------------
| rollout/                |              |
|    ep_len_mean          | 246          |
|    ep_rew_mean          | -2.18        |
| time/                   |              |
|    fps                  | 43           |
|    iterations           | 69           |
|    time_elapsed         | 403          |
|    total_timesteps      | 17664        |
| train/                  |              |
|    approx_kl            | 0.0074175335 |
|    clip_fraction        | 0.0934       |
|    clip_range           | 0.2          |
|    entropy_loss         | -2.73        |
|    explained_variance   | 0.605        |
|    learning_rate        | 0.0003       |
|    loss                 | 0.0164       |
|    n_updates            | 680          |
|    policy_gradient_loss | -0.00826     |
|    std                  | 0.947        |
|    value_loss           | 2.45e-06     |
------------------------------------------
-----------------------------------------
| rollout/                |             |
|    ep_len_mean          | 247         |
|    ep_rew_mean          | -2.19       |
| time/                   |             |
|    fps                  | 43          |
|    iterations           | 70          |
|    time_elapsed         | 409         |
|    total_timesteps      | 17920       |
| train/                  |             |
|    approx_kl            | 0.006596254 |
|    clip_fraction        | 0.0668      |
|    clip_range           | 0.2         |
|    entropy_loss         | -2.73       |
|    explained_variance   | 0.735       |
|    learning_rate        | 0.0003      |
|    loss                 | -0.00964    |
|    n_updates            | 690         |
|    policy_gradient_loss | -0.00525    |
|    std                  | 0.946       |
|    value_loss           | 1.7e-06     |
-----------------------------------------
-----------------------------------------
| rollout/                |             |
|    ep_len_mean          | 247         |
|    ep_rew_mean          | -2.19       |
| time/                   |             |
|    fps                  | 43          |
|    iterations           | 71          |
|    time_elapsed         | 414         |
|    total_timesteps      | 18176       |
| train/                  |             |
|    approx_kl            | 0.012754576 |
|    clip_fraction        | 0.153       |
|    clip_range           | 0.2         |
|    entropy_loss         | -2.73       |
|    explained_variance   | 0.958       |
|    learning_rate        | 0.0003      |
|    loss                 | -0.0359     |
|    n_updates            | 700         |
|    policy_gradient_loss | -0.0124     |
|    std                  | 0.948       |
|    value_loss           | 8.1e-07     |
-----------------------------------------
-----------------------------------------
| rollout/                |             |
|    ep_len_mean          | 247         |
|    ep_rew_mean          | -2.2        |
| time/                   |             |
|    fps                  | 43          |
|    iterations           | 72          |
|    time_elapsed         | 420         |
|    total_timesteps      | 18432       |
| train/                  |             |
|    approx_kl            | 0.008713708 |
|    clip_fraction        | 0.0949      |
|    clip_range           | 0.2         |
|    entropy_loss         | -2.73       |
|    explained_variance   | 0.925       |
|    learning_rate        | 0.0003      |
|    loss                 | 0.0151      |
|    n_updates            | 710         |
|    policy_gradient_loss | -0.00507    |
|    std                  | 0.943       |
|    value_loss           | 1.14e-07    |
-----------------------------------------
-----------------------------------------
| rollout/                |             |
|    ep_len_mean          | 247         |
|    ep_rew_mean          | -2.2        |
| time/                   |             |
|    fps                  | 43          |
|    iterations           | 73          |
|    time_elapsed         | 426         |
|    total_timesteps      | 18688       |
| train/                  |             |
|    approx_kl            | 0.006157981 |
|    clip_fraction        | 0.0617      |
|    clip_range           | 0.2         |
|    entropy_loss         | -2.72       |
|    explained_variance   | 0.973       |
|    learning_rate        | 0.0003      |
|    loss                 | -0.000742   |
|    n_updates            | 720         |
|    policy_gradient_loss | -0.00559    |
|    std                  | 0.944       |
|    value_loss           | 3.94e-08    |
-----------------------------------------
-----------------------------------------
| rollout/                |             |
|    ep_len_mean          | 247         |
|    ep_rew_mean          | -2.2        |
| time/                   |             |
|    fps                  | 43          |
|    iterations           | 74          |
|    time_elapsed         | 432         |
|    total_timesteps      | 18944       |
| train/                  |             |
|    approx_kl            | 0.007872883 |
|    clip_fraction        | 0.032       |
|    clip_range           | 0.2         |
|    entropy_loss         | -2.72       |
|    explained_variance   | 0.963       |
|    learning_rate        | 0.0003      |
|    loss                 | -0.00715    |
|    n_updates            | 730         |
|    policy_gradient_loss | -0.00152    |
|    std                  | 0.944       |
|    value_loss           | 1.32e-06    |
-----------------------------------------
-----------------------------------------
| rollout/                |             |
|    ep_len_mean          | 247         |
|    ep_rew_mean          | -2.21       |
| time/                   |             |
|    fps                  | 43          |
|    iterations           | 75          |
|    time_elapsed         | 438         |
|    total_timesteps      | 19200       |
| train/                  |             |
|    approx_kl            | 0.006538034 |
|    clip_fraction        | 0.032       |
|    clip_range           | 0.2         |
|    entropy_loss         | -2.72       |
|    explained_variance   | 0.972       |
|    learning_rate        | 0.0003      |
|    loss                 | -0.00433    |
|    n_updates            | 740         |
|    policy_gradient_loss | -0.0017     |
|    std                  | 0.937       |
|    value_loss           | 8.2e-07     |
-----------------------------------------
------------------------------------------
| rollout/                |              |
|    ep_len_mean          | 247          |
|    ep_rew_mean          | -2.21        |
| time/                   |              |
|    fps                  | 43           |
|    iterations           | 76           |
|    time_elapsed         | 444          |
|    total_timesteps      | 19456        |
| train/                  |              |
|    approx_kl            | 0.0043346705 |
|    clip_fraction        | 0.0371       |
|    clip_range           | 0.2          |
|    entropy_loss         | -2.71        |
|    explained_variance   | 0.973        |
|    learning_rate        | 0.0003       |
|    loss                 | 0.00968      |
|    n_updates            | 750          |
|    policy_gradient_loss | -0.00359     |
|    std                  | 0.936        |
|    value_loss           | 2.89e-07     |
------------------------------------------
-----------------------------------------
| rollout/                |             |
|    ep_len_mean          | 247         |
|    ep_rew_mean          | -2.22       |
| time/                   |             |
|    fps                  | 43          |
|    iterations           | 77          |
|    time_elapsed         | 450         |
|    total_timesteps      | 19712       |
| train/                  |             |
|    approx_kl            | 0.005016616 |
|    clip_fraction        | 0.0266      |
|    clip_range           | 0.2         |
|    entropy_loss         | -2.7        |
|    explained_variance   | 0.949       |
|    learning_rate        | 0.0003      |
|    loss                 | -0.0156     |
|    n_updates            | 760         |
|    policy_gradient_loss | -0.00402    |
|    std                  | 0.927       |
|    value_loss           | 1.57e-06    |
-----------------------------------------
-----------------------------------------
| rollout/                |             |
|    ep_len_mean          | 247         |
|    ep_rew_mean          | -2.22       |
| time/                   |             |
|    fps                  | 43          |
|    iterations           | 78          |
|    time_elapsed         | 455         |
|    total_timesteps      | 19968       |
| train/                  |             |
|    approx_kl            | 0.008881057 |
|    clip_fraction        | 0.0816      |
|    clip_range           | 0.2         |
|    entropy_loss         | -2.68       |
|    explained_variance   | 0.979       |
|    learning_rate        | 0.0003      |
|    loss                 | 0.00296     |
|    n_updates            | 770         |
|    policy_gradient_loss | -0.00626    |
|    std                  | 0.923       |
|    value_loss           | 4.73e-07    |
-----------------------------------------
------------------------------------------
| rollout/                |              |
|    ep_len_mean          | 247          |
|    ep_rew_mean          | -2.22        |
| time/                   |              |
|    fps                  | 43           |
|    iterations           | 79           |
|    time_elapsed         | 461          |
|    total_timesteps      | 20224        |
| train/                  |              |
|    approx_kl            | 0.0096831415 |
|    clip_fraction        | 0.119        |
|    clip_range           | 0.2          |
|    entropy_loss         | -2.68        |
|    explained_variance   | 0.921        |
|    learning_rate        | 0.0003       |
|    loss                 | -0.0296      |
|    n_updates            | 780          |
|    policy_gradient_loss | -0.00905     |
|    std                  | 0.926        |
|    value_loss           | 2.88e-07     |
------------------------------------------
-----------------------------------------
| rollout/                |             |
|    ep_len_mean          | 247         |
|    ep_rew_mean          | -2.23       |
| time/                   |             |
|    fps                  | 43          |
|    iterations           | 80          |
|    time_elapsed         | 467         |
|    total_timesteps      | 20480       |
| train/                  |             |
|    approx_kl            | 0.007207175 |
|    clip_fraction        | 0.102       |
|    clip_range           | 0.2         |
|    entropy_loss         | -2.68       |
|    explained_variance   | 0.982       |
|    learning_rate        | 0.0003      |
|    loss                 | -0.00679    |
|    n_updates            | 790         |
|    policy_gradient_loss | -0.00802    |
|    std                  | 0.926       |
|    value_loss           | 1.84e-07    |
-----------------------------------------
------------------------------------------
| rollout/                |              |
|    ep_len_mean          | 247          |
|    ep_rew_mean          | -2.23        |
| time/                   |              |
|    fps                  | 43           |
|    iterations           | 81           |
|    time_elapsed         | 473          |
|    total_timesteps      | 20736        |
| train/                  |              |
|    approx_kl            | 0.0042288713 |
|    clip_fraction        | 0.0207       |
|    clip_range           | 0.2          |
|    entropy_loss         | -2.69        |
|    explained_variance   | 0.918        |
|    learning_rate        | 0.0003       |
|    loss                 | 0.0141       |
|    n_updates            | 800          |
|    policy_gradient_loss | -0.00162     |
|    std                  | 0.928        |
|    value_loss           | 4.05e-07     |
------------------------------------------
-----------------------------------------
| rollout/                |             |
|    ep_len_mean          | 247         |
|    ep_rew_mean          | -2.23       |
| time/                   |             |
|    fps                  | 43          |
|    iterations           | 82          |
|    time_elapsed         | 479         |
|    total_timesteps      | 20992       |
| train/                  |             |
|    approx_kl            | 0.006444088 |
|    clip_fraction        | 0.104       |
|    clip_range           | 0.2         |
|    entropy_loss         | -2.68       |
|    explained_variance   | 0.883       |
|    learning_rate        | 0.0003      |
|    loss                 | 0.00153     |
|    n_updates            | 810         |
|    policy_gradient_loss | -0.0092     |
|    std                  | 0.923       |
|    value_loss           | 6.12e-07    |
-----------------------------------------
-----------------------------------------
| rollout/                |             |
|    ep_len_mean          | 247         |
|    ep_rew_mean          | -2.24       |
| time/                   |             |
|    fps                  | 43          |
|    iterations           | 83          |
|    time_elapsed         | 485         |
|    total_timesteps      | 21248       |
| train/                  |             |
|    approx_kl            | 0.008817047 |
|    clip_fraction        | 0.106       |
|    clip_range           | 0.2         |
|    entropy_loss         | -2.67       |
|    explained_variance   | -0.218      |
|    learning_rate        | 0.0003      |
|    loss                 | -0.0136     |
|    n_updates            | 820         |
|    policy_gradient_loss | -0.00907    |
|    std                  | 0.92        |
|    value_loss           | 8.96e-07    |
-----------------------------------------
-----------------------------------------
| rollout/                |             |
|    ep_len_mean          | 247         |
|    ep_rew_mean          | -2.24       |
| time/                   |             |
|    fps                  | 43          |
|    iterations           | 84          |
|    time_elapsed         | 491         |
|    total_timesteps      | 21504       |
| train/                  |             |
|    approx_kl            | 0.009961838 |
|    clip_fraction        | 0.12        |
|    clip_range           | 0.2         |
|    entropy_loss         | -2.67       |
|    explained_variance   | 0.977       |
|    learning_rate        | 0.0003      |
|    loss                 | 0.0139      |
|    n_updates            | 830         |
|    policy_gradient_loss | -0.00618    |
|    std                  | 0.919       |
|    value_loss           | 6.41e-07    |
-----------------------------------------
-----------------------------------------
| rollout/                |             |
|    ep_len_mean          | 247         |
|    ep_rew_mean          | -2.24       |
| time/                   |             |
|    fps                  | 43          |
|    iterations           | 85          |
|    time_elapsed         | 496         |
|    total_timesteps      | 21760       |
| train/                  |             |
|    approx_kl            | 0.005486423 |
|    clip_fraction        | 0.0813      |
|    clip_range           | 0.2         |
|    entropy_loss         | -2.67       |
|    explained_variance   | 0.986       |
|    learning_rate        | 0.0003      |
|    loss                 | -0.0308     |
|    n_updates            | 840         |
|    policy_gradient_loss | -0.00569    |
|    std                  | 0.918       |
|    value_loss           | 3.3e-07     |
-----------------------------------------
-----------------------------------------
| rollout/                |             |
|    ep_len_mean          | 247         |
|    ep_rew_mean          | -2.25       |
| time/                   |             |
|    fps                  | 43          |
|    iterations           | 86          |
|    time_elapsed         | 502         |
|    total_timesteps      | 22016       |
| train/                  |             |
|    approx_kl            | 0.008763079 |
|    clip_fraction        | 0.0727      |
|    clip_range           | 0.2         |
|    entropy_loss         | -2.66       |
|    explained_variance   | 0.951       |
|    learning_rate        | 0.0003      |
|    loss                 | -0.00407    |
|    n_updates            | 850         |
|    policy_gradient_loss | -0.00381    |
|    std                  | 0.91        |
|    value_loss           | 4.99e-06    |
-----------------------------------------
------------------------------------------
| rollout/                |              |
|    ep_len_mean          | 247          |
|    ep_rew_mean          | -2.25        |
| time/                   |              |
|    fps                  | 43           |
|    iterations           | 87           |
|    time_elapsed         | 508          |
|    total_timesteps      | 22272        |
| train/                  |              |
|    approx_kl            | 0.0052168285 |
|    clip_fraction        | 0.0867       |
|    clip_range           | 0.2          |
|    entropy_loss         | -2.64        |
|    explained_variance   | 0.928        |
|    learning_rate        | 0.0003       |
|    loss                 | -0.00988     |
|    n_updates            | 860          |
|    policy_gradient_loss | -0.0086      |
|    std                  | 0.905        |
|    value_loss           | 1.38e-07     |
------------------------------------------
------------------------------------------
| rollout/                |              |
|    ep_len_mean          | 247          |
|    ep_rew_mean          | -2.25        |
| time/                   |              |
|    fps                  | 43           |
|    iterations           | 88           |
|    time_elapsed         | 514          |
|    total_timesteps      | 22528        |
| train/                  |              |
|    approx_kl            | 0.0066790786 |
|    clip_fraction        | 0.0301       |
|    clip_range           | 0.2          |
|    entropy_loss         | -2.64        |
|    explained_variance   | 0.964        |
|    learning_rate        | 0.0003       |
|    loss                 | -0.000445    |
|    n_updates            | 870          |
|    policy_gradient_loss | -0.000465    |
|    std                  | 0.906        |
|    value_loss           | 7.4e-09      |
------------------------------------------
-----------------------------------------
| rollout/                |             |
|    ep_len_mean          | 247         |
|    ep_rew_mean          | -2.26       |
| time/                   |             |
|    fps                  | 43          |
|    iterations           | 89          |
|    time_elapsed         | 520         |
|    total_timesteps      | 22784       |
| train/                  |             |
|    approx_kl            | 0.005081078 |
|    clip_fraction        | 0.0434      |
|    clip_range           | 0.2         |
|    entropy_loss         | -2.64       |
|    explained_variance   | 0.989       |
|    learning_rate        | 0.0003      |
|    loss                 | -0.00317    |
|    n_updates            | 880         |
|    policy_gradient_loss | -0.00172    |
|    std                  | 0.905       |
|    value_loss           | 1.66e-08    |
-----------------------------------------
---------------------------------------
| rollout/                |           |
|    ep_len_mean          | 247       |
|    ep_rew_mean          | -2.26     |
| time/                   |           |
|    fps                  | 43        |
|    iterations           | 90        |
|    time_elapsed         | 526       |
|    total_timesteps      | 23040     |
| train/                  |           |
|    approx_kl            | 0.0112569 |
|    clip_fraction        | 0.159     |
|    clip_range           | 0.2       |
|    entropy_loss         | -2.64     |
|    explained_variance   | 0.062     |
|    learning_rate        | 0.0003    |
|    loss                 | -0.0261   |
|    n_updates            | 890       |
|    policy_gradient_loss | -0.00729  |
|    std                  | 0.904     |
|    value_loss           | 1.13e-07  |
---------------------------------------
-----------------------------------------
| rollout/                |             |
|    ep_len_mean          | 247         |
|    ep_rew_mean          | -2.26       |
| time/                   |             |
|    fps                  | 43          |
|    iterations           | 91          |
|    time_elapsed         | 532         |
|    total_timesteps      | 23296       |
| train/                  |             |
|    approx_kl            | 0.012767877 |
|    clip_fraction        | 0.199       |
|    clip_range           | 0.2         |
|    entropy_loss         | -2.64       |
|    explained_variance   | 0.979       |
|    learning_rate        | 0.0003      |
|    loss                 | -0.0146     |
|    n_updates            | 900         |
|    policy_gradient_loss | -0.0133     |
|    std                  | 0.909       |
|    value_loss           | 2.92e-07    |
-----------------------------------------
-----------------------------------------
| rollout/                |             |
|    ep_len_mean          | 247         |
|    ep_rew_mean          | -2.26       |
| time/                   |             |
|    fps                  | 43          |
|    iterations           | 92          |
|    time_elapsed         | 538         |
|    total_timesteps      | 23552       |
| train/                  |             |
|    approx_kl            | 0.004120539 |
|    clip_fraction        | 0.0641      |
|    clip_range           | 0.2         |
|    entropy_loss         | -2.65       |
|    explained_variance   | 0.972       |
|    learning_rate        | 0.0003      |
|    loss                 | -0.00472    |
|    n_updates            | 910         |
|    policy_gradient_loss | -0.00779    |
|    std                  | 0.908       |
|    value_loss           | 1.8e-06     |
-----------------------------------------
-----------------------------------------
| rollout/                |             |
|    ep_len_mean          | 247         |
|    ep_rew_mean          | -2.27       |
| time/                   |             |
|    fps                  | 43          |
|    iterations           | 93          |
|    time_elapsed         | 544         |
|    total_timesteps      | 23808       |
| train/                  |             |
|    approx_kl            | 0.002048504 |
|    clip_fraction        | 0.000391    |
|    clip_range           | 0.2         |
|    entropy_loss         | -2.64       |
|    explained_variance   | 0.93        |
|    learning_rate        | 0.0003      |
|    loss                 | 0.000271    |
|    n_updates            | 920         |
|    policy_gradient_loss | 0.000136    |
|    std                  | 0.909       |
|    value_loss           | 3.64e-07    |
-----------------------------------------
-----------------------------------------
| rollout/                |             |
|    ep_len_mean          | 247         |
|    ep_rew_mean          | -2.27       |
| time/                   |             |
|    fps                  | 43          |
|    iterations           | 94          |
|    time_elapsed         | 550         |
|    total_timesteps      | 24064       |
| train/                  |             |
|    approx_kl            | 0.010183716 |
|    clip_fraction        | 0.0945      |
|    clip_range           | 0.2         |
|    entropy_loss         | -2.65       |
|    explained_variance   | 0.0244      |
|    learning_rate        | 0.0003      |
|    loss                 | 0.00756     |
|    n_updates            | 930         |
|    policy_gradient_loss | -0.00232    |
|    std                  | 0.909       |
|    value_loss           | 2.98e-08    |
-----------------------------------------
-----------------------------------------
| rollout/                |             |
|    ep_len_mean          | 247         |
|    ep_rew_mean          | -2.27       |
| time/                   |             |
|    fps                  | 43          |
|    iterations           | 95          |
|    time_elapsed         | 555         |
|    total_timesteps      | 24320       |
| train/                  |             |
|    approx_kl            | 0.011211073 |
|    clip_fraction        | 0.0367      |
|    clip_range           | 0.2         |
|    entropy_loss         | -2.64       |
|    explained_variance   | 0.976       |
|    learning_rate        | 0.0003      |
|    loss                 | 0.00558     |
|    n_updates            | 940         |
|    policy_gradient_loss | -0.00277    |
|    std                  | 0.905       |
|    value_loss           | 2.74e-07    |
-----------------------------------------
------------------------------------------
| rollout/                |              |
|    ep_len_mean          | 247          |
|    ep_rew_mean          | -2.27        |
| time/                   |              |
|    fps                  | 43           |
|    iterations           | 96           |
|    time_elapsed         | 561          |
|    total_timesteps      | 24576        |
| train/                  |              |
|    approx_kl            | 0.0075225187 |
|    clip_fraction        | 0.0816       |
|    clip_range           | 0.2          |
|    entropy_loss         | -2.63        |
|    explained_variance   | 0.889        |
|    learning_rate        | 0.0003       |
|    loss                 | -0.011       |
|    n_updates            | 950          |
|    policy_gradient_loss | -0.00579     |
|    std                  | 0.901        |
|    value_loss           | 2.53e-07     |
------------------------------------------
------------------------------------------
| rollout/                |              |
|    ep_len_mean          | 248          |
|    ep_rew_mean          | -2.28        |
| time/                   |              |
|    fps                  | 43           |
|    iterations           | 97           |
|    time_elapsed         | 567          |
|    total_timesteps      | 24832        |
| train/                  |              |
|    approx_kl            | 0.0046291063 |
|    clip_fraction        | 0.0328       |
|    clip_range           | 0.2          |
|    entropy_loss         | -2.62        |
|    explained_variance   | 0.972        |
|    learning_rate        | 0.0003       |
|    loss                 | -0.014       |
|    n_updates            | 960          |
|    policy_gradient_loss | -0.00466     |
|    std                  | 0.898        |
|    value_loss           | 3.83e-07     |
------------------------------------------
-----------------------------------------
| rollout/                |             |
|    ep_len_mean          | 248         |
|    ep_rew_mean          | -2.28       |
| time/                   |             |
|    fps                  | 43          |
|    iterations           | 98          |
|    time_elapsed         | 573         |
|    total_timesteps      | 25088       |
| train/                  |             |
|    approx_kl            | 0.009808584 |
|    clip_fraction        | 0.129       |
|    clip_range           | 0.2         |
|    entropy_loss         | -2.62       |
|    explained_variance   | 0.92        |
|    learning_rate        | 0.0003      |
|    loss                 | -0.007      |
|    n_updates            | 970         |
|    policy_gradient_loss | -0.00931    |
|    std                  | 0.898       |
|    value_loss           | 2.3e-07     |
-----------------------------------------
------------------------------------------
| rollout/                |              |
|    ep_len_mean          | 248          |
|    ep_rew_mean          | -2.28        |
| time/                   |              |
|    fps                  | 43           |
|    iterations           | 99           |
|    time_elapsed         | 579          |
|    total_timesteps      | 25344        |
| train/                  |              |
|    approx_kl            | 0.0070194225 |
|    clip_fraction        | 0.0754       |
|    clip_range           | 0.2          |
|    entropy_loss         | -2.62        |
|    explained_variance   | -0.0393      |
|    learning_rate        | 0.0003       |
|    loss                 | -0.00736     |
|    n_updates            | 980          |
|    policy_gradient_loss | -0.00477     |
|    std                  | 0.898        |
|    value_loss           | 3.64e-07     |
------------------------------------------
------------------------------------------
| rollout/                |              |
|    ep_len_mean          | 248          |
|    ep_rew_mean          | -2.28        |
| time/                   |              |
|    fps                  | 43           |
|    iterations           | 100          |
|    time_elapsed         | 585          |
|    total_timesteps      | 25600        |
| train/                  |              |
|    approx_kl            | 0.0018043416 |
|    clip_fraction        | 0            |
|    clip_range           | 0.2          |
|    entropy_loss         | -2.62        |
|    explained_variance   | 0.967        |
|    learning_rate        | 0.0003       |
|    loss                 | -0.000871    |
|    n_updates            | 990          |
|    policy_gradient_loss | 0.000332     |
|    std                  | 0.895        |
|    value_loss           | 7.7e-07      |
------------------------------------------
-----------------------------------------
| rollout/                |             |
|    ep_len_mean          | 248         |
|    ep_rew_mean          | -2.28       |
| time/                   |             |
|    fps                  | 43          |
|    iterations           | 101         |
|    time_elapsed         | 591         |
|    total_timesteps      | 25856       |
| train/                  |             |
|    approx_kl            | 0.004921033 |
|    clip_fraction        | 0.0465      |
|    clip_range           | 0.2         |
|    entropy_loss         | -2.61       |
|    explained_variance   | 0.966       |
|    learning_rate        | 0.0003      |
|    loss                 | -0.0208     |
|    n_updates            | 1000        |
|    policy_gradient_loss | -0.00389    |
|    std                  | 0.892       |
|    value_loss           | 1.21e-07    |
-----------------------------------------
------------------------------------------
| rollout/                |              |
|    ep_len_mean          | 248          |
|    ep_rew_mean          | -2.28        |
| time/                   |              |
|    fps                  | 43           |
|    iterations           | 102          |
|    time_elapsed         | 596          |
|    total_timesteps      | 26112        |
| train/                  |              |
|    approx_kl            | 0.0023944224 |
|    clip_fraction        | 0.0172       |
|    clip_range           | 0.2          |
|    entropy_loss         | -2.61        |
|    explained_variance   | 0.967        |
|    learning_rate        | 0.0003       |
|    loss                 | -0.0127      |
|    n_updates            | 1010         |
|    policy_gradient_loss | -0.0016      |
|    std                  | 0.89         |
|    value_loss           | 2.98e-07     |
------------------------------------------
-----------------------------------------
| rollout/                |             |
|    ep_len_mean          | 248         |
|    ep_rew_mean          | -2.28       |
| time/                   |             |
|    fps                  | 43          |
|    iterations           | 103         |
|    time_elapsed         | 602         |
|    total_timesteps      | 26368       |
| train/                  |             |
|    approx_kl            | 0.004050124 |
|    clip_fraction        | 0.0219      |
|    clip_range           | 0.2         |
|    entropy_loss         | -2.6        |
|    explained_variance   | 0.969       |
|    learning_rate        | 0.0003      |
|    loss                 | -0.0244     |
|    n_updates            | 1020        |
|    policy_gradient_loss | -0.00189    |
|    std                  | 0.89        |
|    value_loss           | 1.07e-06    |
-----------------------------------------
------------------------------------------
| rollout/                |              |
|    ep_len_mean          | 248          |
|    ep_rew_mean          | -2.28        |
| time/                   |              |
|    fps                  | 43           |
|    iterations           | 104          |
|    time_elapsed         | 608          |
|    total_timesteps      | 26624        |
| train/                  |              |
|    approx_kl            | 0.0073293643 |
|    clip_fraction        | 0.0281       |
|    clip_range           | 0.2          |
|    entropy_loss         | -2.61        |
|    explained_variance   | 0.964        |
|    learning_rate        | 0.0003       |
|    loss                 | 0.00832      |
|    n_updates            | 1030         |
|    policy_gradient_loss | -0.00127     |
|    std                  | 0.893        |
|    value_loss           | 4.68e-07     |
------------------------------------------
-----------------------------------------
| rollout/                |             |
|    ep_len_mean          | 248         |
|    ep_rew_mean          | -2.28       |
| time/                   |             |
|    fps                  | 43          |
|    iterations           | 105         |
|    time_elapsed         | 614         |
|    total_timesteps      | 26880       |
| train/                  |             |
|    approx_kl            | 0.003155292 |
|    clip_fraction        | 0.0277      |
|    clip_range           | 0.2         |
|    entropy_loss         | -2.61       |
|    explained_variance   | 0.968       |
|    learning_rate        | 0.0003      |
|    loss                 | -0.00311    |
|    n_updates            | 1040        |
|    policy_gradient_loss | -0.00161    |
|    std                  | 0.892       |
|    value_loss           | 5.63e-08    |
-----------------------------------------
------------------------------------------
| rollout/                |              |
|    ep_len_mean          | 248          |
|    ep_rew_mean          | -2.28        |
| time/                   |              |
|    fps                  | 43           |
|    iterations           | 106          |
|    time_elapsed         | 620          |
|    total_timesteps      | 27136        |
| train/                  |              |
|    approx_kl            | 0.0061382707 |
|    clip_fraction        | 0.0684       |
|    clip_range           | 0.2          |
|    entropy_loss         | -2.61        |
|    explained_variance   | 0.958        |
|    learning_rate        | 0.0003       |
|    loss                 | 0.0102       |
|    n_updates            | 1050         |
|    policy_gradient_loss | -0.00755     |
|    std                  | 0.892        |
|    value_loss           | 1.04e-07     |
------------------------------------------
-----------------------------------------
| rollout/                |             |
|    ep_len_mean          | 248         |
|    ep_rew_mean          | -2.28       |
| time/                   |             |
|    fps                  | 43          |
|    iterations           | 107         |
|    time_elapsed         | 626         |
|    total_timesteps      | 27392       |
| train/                  |             |
|    approx_kl            | 0.007984118 |
|    clip_fraction        | 0.159       |
|    clip_range           | 0.2         |
|    entropy_loss         | -2.6        |
|    explained_variance   | 0.68        |
|    learning_rate        | 0.0003      |
|    loss                 | 0.00292     |
|    n_updates            | 1060        |
|    policy_gradient_loss | -0.0103     |
|    std                  | 0.884       |
|    value_loss           | 1.29e-07    |
-----------------------------------------
-----------------------------------------
| rollout/                |             |
|    ep_len_mean          | 248         |
|    ep_rew_mean          | -2.28       |
| time/                   |             |
|    fps                  | 43          |
|    iterations           | 108         |
|    time_elapsed         | 632         |
|    total_timesteps      | 27648       |
| train/                  |             |
|    approx_kl            | 0.004017753 |
|    clip_fraction        | 0.00742     |
|    clip_range           | 0.2         |
|    entropy_loss         | -2.58       |
|    explained_variance   | 0.968       |
|    learning_rate        | 0.0003      |
|    loss                 | -0.0144     |
|    n_updates            | 1070        |
|    policy_gradient_loss | -0.00197    |
|    std                  | 0.879       |
|    value_loss           | 3.68e-07    |
-----------------------------------------
------------------------------------------
| rollout/                |              |
|    ep_len_mean          | 248          |
|    ep_rew_mean          | -2.28        |
| time/                   |              |
|    fps                  | 43           |
|    iterations           | 109          |
|    time_elapsed         | 638          |
|    total_timesteps      | 27904        |
| train/                  |              |
|    approx_kl            | 0.0065488303 |
|    clip_fraction        | 0.025        |
|    clip_range           | 0.2          |
|    entropy_loss         | -2.58        |
|    explained_variance   | 0.877        |
|    learning_rate        | 0.0003       |
|    loss                 | 0.00821      |
|    n_updates            | 1080         |
|    policy_gradient_loss | -0.00218     |
|    std                  | 0.879        |
|    value_loss           | 4.34e-07     |
------------------------------------------
------------------------------------------
| rollout/                |              |
|    ep_len_mean          | 245          |
|    ep_rew_mean          | -2.05        |
| time/                   |              |
|    fps                  | 43           |
|    iterations           | 110          |
|    time_elapsed         | 644          |
|    total_timesteps      | 28160        |
| train/                  |              |
|    approx_kl            | 0.0033089097 |
|    clip_fraction        | 0.0273       |
|    clip_range           | 0.2          |
|    entropy_loss         | -2.58        |
|    explained_variance   | 0.969        |
|    learning_rate        | 0.0003       |
|    loss                 | -0.0115      |
|    n_updates            | 1090         |
|    policy_gradient_loss | -0.00424     |
|    std                  | 0.876        |
|    value_loss           | 3.83e-07     |
------------------------------------------
------------------------------------------
| rollout/                |              |
|    ep_len_mean          | 245          |
|    ep_rew_mean          | -2.05        |
| time/                   |              |
|    fps                  | 43           |
|    iterations           | 111          |
|    time_elapsed         | 649          |
|    total_timesteps      | 28416        |
| train/                  |              |
|    approx_kl            | 0.0062074447 |
|    clip_fraction        | 0.0105       |
|    clip_range           | 0.2          |
|    entropy_loss         | -2.57        |
|    explained_variance   | 0.000497     |
|    learning_rate        | 0.0003       |
|    loss                 | -0.00652     |
|    n_updates            | 1100         |
|    policy_gradient_loss | -0.000173    |
|    std                  | 0.878        |
|    value_loss           | 1.73         |
------------------------------------------
-----------------------------------------
| rollout/                |             |
|    ep_len_mean          | 245         |
|    ep_rew_mean          | -2.05       |
| time/                   |             |
|    fps                  | 43          |
|    iterations           | 112         |
|    time_elapsed         | 655         |
|    total_timesteps      | 28672       |
| train/                  |             |
|    approx_kl            | 0.005965298 |
|    clip_fraction        | 0.0801      |
|    clip_range           | 0.2         |
|    entropy_loss         | -2.58       |
|    explained_variance   | 0.971       |
|    learning_rate        | 0.0003      |
|    loss                 | -0.0176     |
|    n_updates            | 1110        |
|    policy_gradient_loss | -0.00944    |
|    std                  | 0.879       |
|    value_loss           | 0.000529    |
-----------------------------------------
------------------------------------------
| rollout/                |              |
|    ep_len_mean          | 245          |
|    ep_rew_mean          | -2.05        |
| time/                   |              |
|    fps                  | 43           |
|    iterations           | 113          |
|    time_elapsed         | 661          |
|    total_timesteps      | 28928        |
| train/                  |              |
|    approx_kl            | 0.0050056893 |
|    clip_fraction        | 0.0973       |
|    clip_range           | 0.2          |
|    entropy_loss         | -2.58        |
|    explained_variance   | 0.821        |
|    learning_rate        | 0.0003       |
|    loss                 | 0.00544      |
|    n_updates            | 1120         |
|    policy_gradient_loss | -0.00617     |
|    std                  | 0.88         |
|    value_loss           | 9.26e-06     |
------------------------------------------
------------------------------------------
| rollout/                |              |
|    ep_len_mean          | 245          |
|    ep_rew_mean          | -2.05        |
| time/                   |              |
|    fps                  | 43           |
|    iterations           | 114          |
|    time_elapsed         | 667          |
|    total_timesteps      | 29184        |
| train/                  |              |
|    approx_kl            | 0.0063928654 |
|    clip_fraction        | 0.0449       |
|    clip_range           | 0.2          |
|    entropy_loss         | -2.59        |
|    explained_variance   | 0.971        |
|    learning_rate        | 0.0003       |
|    loss                 | -0.00823     |
|    n_updates            | 1130         |
|    policy_gradient_loss | -0.00497     |
|    std                  | 0.886        |
|    value_loss           | 5.52e-08     |
------------------------------------------
-----------------------------------------
| rollout/                |             |
|    ep_len_mean          | 245         |
|    ep_rew_mean          | -2.05       |
| time/                   |             |
|    fps                  | 43          |
|    iterations           | 115         |
|    time_elapsed         | 673         |
|    total_timesteps      | 29440       |
| train/                  |             |
|    approx_kl            | 0.005486591 |
|    clip_fraction        | 0.0172      |
|    clip_range           | 0.2         |
|    entropy_loss         | -2.6        |
|    explained_variance   | 0.872       |
|    learning_rate        | 0.0003      |
|    loss                 | 0.0099      |
|    n_updates            | 1140        |
|    policy_gradient_loss | -0.00132    |
|    std                  | 0.887       |
|    value_loss           | 1.44e-08    |
-----------------------------------------
------------------------------------------
| rollout/                |              |
|    ep_len_mean          | 245          |
|    ep_rew_mean          | -2.05        |
| time/                   |              |
|    fps                  | 43           |
|    iterations           | 116          |
|    time_elapsed         | 679          |
|    total_timesteps      | 29696        |
| train/                  |              |
|    approx_kl            | 0.0065167835 |
|    clip_fraction        | 0.0809       |
|    clip_range           | 0.2          |
|    entropy_loss         | -2.6         |
|    explained_variance   | 0.97         |
|    learning_rate        | 0.0003       |
|    loss                 | -0.0271      |
|    n_updates            | 1150         |
|    policy_gradient_loss | -0.00749     |
|    std                  | 0.888        |
|    value_loss           | 6.33e-08     |
------------------------------------------
-----------------------------------------
| rollout/                |             |
|    ep_len_mean          | 245         |
|    ep_rew_mean          | -2.05       |
| time/                   |             |
|    fps                  | 43          |
|    iterations           | 117         |
|    time_elapsed         | 685         |
|    total_timesteps      | 29952       |
| train/                  |             |
|    approx_kl            | 0.009558611 |
|    clip_fraction        | 0.137       |
|    clip_range           | 0.2         |
|    entropy_loss         | -2.6        |
|    explained_variance   | 0.677       |
|    learning_rate        | 0.0003      |
|    loss                 | -0.0247     |
|    n_updates            | 1160        |
|    policy_gradient_loss | -0.0116     |
|    std                  | 0.888       |
|    value_loss           | 2.21e-08    |
-----------------------------------------
------------------------------------------
| rollout/                |              |
|    ep_len_mean          | 245          |
|    ep_rew_mean          | -2.05        |
| time/                   |              |
|    fps                  | 43           |
|    iterations           | 118          |
|    time_elapsed         | 690          |
|    total_timesteps      | 30208        |
| train/                  |              |
|    approx_kl            | 0.0028164175 |
|    clip_fraction        | 0.0203       |
|    clip_range           | 0.2          |
|    entropy_loss         | -2.6         |
|    explained_variance   | 0.971        |
|    learning_rate        | 0.0003       |
|    loss                 | 0.00254      |
|    n_updates            | 1170         |
|    policy_gradient_loss | -0.00247     |
|    std                  | 0.89         |
|    value_loss           | 9.47e-08     |
------------------------------------------
------------------------------------------
| rollout/                |              |
|    ep_len_mean          | 245          |
|    ep_rew_mean          | -2.05        |
| time/                   |              |
|    fps                  | 43           |
|    iterations           | 119          |
|    time_elapsed         | 696          |
|    total_timesteps      | 30464        |
| train/                  |              |
|    approx_kl            | 0.0064571286 |
|    clip_fraction        | 0.0605       |
|    clip_range           | 0.2          |
|    entropy_loss         | -2.61        |
|    explained_variance   | 0.974        |
|    learning_rate        | 0.0003       |
|    loss                 | -0.0104      |
|    n_updates            | 1180         |
|    policy_gradient_loss | -0.00482     |
|    std                  | 0.893        |
|    value_loss           | 6.59e-08     |
------------------------------------------
-----------------------------------------
| rollout/                |             |
|    ep_len_mean          | 245         |
|    ep_rew_mean          | -2.05       |
| time/                   |             |
|    fps                  | 43          |
|    iterations           | 120         |
|    time_elapsed         | 702         |
|    total_timesteps      | 30720       |
| train/                  |             |
|    approx_kl            | 0.007971128 |
|    clip_fraction        | 0.0859      |
|    clip_range           | 0.2         |
|    entropy_loss         | -2.6        |
|    explained_variance   | 0.97        |
|    learning_rate        | 0.0003      |
|    loss                 | -0.0164     |
|    n_updates            | 1190        |
|    policy_gradient_loss | -0.00656    |
|    std                  | 0.887       |
|    value_loss           | 1.23e-07    |
-----------------------------------------
------------------------------------------
| rollout/                |              |
|    ep_len_mean          | 243          |
|    ep_rew_mean          | -1.83        |
| time/                   |              |
|    fps                  | 43           |
|    iterations           | 121          |
|    time_elapsed         | 708          |
|    total_timesteps      | 30976        |
| train/                  |              |
|    approx_kl            | 0.0073011657 |
|    clip_fraction        | 0.0375       |
|    clip_range           | 0.2          |
|    entropy_loss         | -2.59        |
|    explained_variance   | 0.977        |
|    learning_rate        | 0.0003       |
|    loss                 | -0.00511     |
|    n_updates            | 1200         |
|    policy_gradient_loss | -0.00286     |
|    std                  | 0.883        |
|    value_loss           | 8.27e-08     |
------------------------------------------
-----------------------------------------
| rollout/                |             |
|    ep_len_mean          | 243         |
|    ep_rew_mean          | -1.83       |
| time/                   |             |
|    fps                  | 43          |
|    iterations           | 122         |
|    time_elapsed         | 714         |
|    total_timesteps      | 31232       |
| train/                  |             |
|    approx_kl            | 0.007273444 |
|    clip_fraction        | 0.0309      |
|    clip_range           | 0.2         |
|    entropy_loss         | -2.58       |
|    explained_variance   | -8.54e-05   |
|    learning_rate        | 0.0003      |
|    loss                 | 0.00324     |
|    n_updates            | 1210        |
|    policy_gradient_loss | -0.0017     |
|    std                  | 0.88        |
|    value_loss           | 1.72        |
-----------------------------------------
------------------------------------------
| rollout/                |              |
|    ep_len_mean          | 243          |
|    ep_rew_mean          | -1.83        |
| time/                   |              |
|    fps                  | 43           |
|    iterations           | 123          |
|    time_elapsed         | 720          |
|    total_timesteps      | 31488        |
| train/                  |              |
|    approx_kl            | 0.0048073772 |
|    clip_fraction        | 0.0777       |
|    clip_range           | 0.2          |
|    entropy_loss         | -2.58        |
|    explained_variance   | 0.0656       |
|    learning_rate        | 0.0003       |
|    loss                 | -0.00599     |
|    n_updates            | 1220         |
|    policy_gradient_loss | -0.00448     |
|    std                  | 0.875        |
|    value_loss           | 7.55e-05     |
------------------------------------------
------------------------------------------
| rollout/                |              |
|    ep_len_mean          | 243          |
|    ep_rew_mean          | -1.83        |
| time/                   |              |
|    fps                  | 43           |
|    iterations           | 124          |
|    time_elapsed         | 725          |
|    total_timesteps      | 31744        |
| train/                  |              |
|    approx_kl            | 0.0019445589 |
|    clip_fraction        | 0.0395       |
|    clip_range           | 0.2          |
|    entropy_loss         | -2.57        |
|    explained_variance   | -0.358       |
|    learning_rate        | 0.0003       |
|    loss                 | -0.000917    |
|    n_updates            | 1230         |
|    policy_gradient_loss | -0.00495     |
|    std                  | 0.875        |
|    value_loss           | 4.26e-05     |
------------------------------------------
-----------------------------------------
| rollout/                |             |
|    ep_len_mean          | 243         |
|    ep_rew_mean          | -1.83       |
| time/                   |             |
|    fps                  | 43          |
|    iterations           | 125         |
|    time_elapsed         | 731         |
|    total_timesteps      | 32000       |
| train/                  |             |
|    approx_kl            | 0.007608312 |
|    clip_fraction        | 0.123       |
|    clip_range           | 0.2         |
|    entropy_loss         | -2.57       |
|    explained_variance   | 0.273       |
|    learning_rate        | 0.0003      |
|    loss                 | 0.0145      |
|    n_updates            | 1240        |
|    policy_gradient_loss | -0.0107     |
|    std                  | 0.875       |
|    value_loss           | 2.34e-05    |
-----------------------------------------
------------------------------------------
| rollout/                |              |
|    ep_len_mean          | 243          |
|    ep_rew_mean          | -1.83        |
| time/                   |              |
|    fps                  | 43           |
|    iterations           | 126          |
|    time_elapsed         | 737          |
|    total_timesteps      | 32256        |
| train/                  |              |
|    approx_kl            | 0.0071722865 |
|    clip_fraction        | 0.052        |
|    clip_range           | 0.2          |
|    entropy_loss         | -2.57        |
|    explained_variance   | -0.321       |
|    learning_rate        | 0.0003       |
|    loss                 | 0.0196       |
|    n_updates            | 1250         |
|    policy_gradient_loss | -0.00591     |
|    std                  | 0.874        |
|    value_loss           | 1.63e-05     |
------------------------------------------
-----------------------------------------
| rollout/                |             |
|    ep_len_mean          | 243         |
|    ep_rew_mean          | -1.83       |
| time/                   |             |
|    fps                  | 43          |
|    iterations           | 127         |
|    time_elapsed         | 743         |
|    total_timesteps      | 32512       |
| train/                  |             |
|    approx_kl            | 0.006408699 |
|    clip_fraction        | 0.0129      |
|    clip_range           | 0.2         |
|    entropy_loss         | -2.56       |
|    explained_variance   | -0.28       |
|    learning_rate        | 0.0003      |
|    loss                 | 0.00986     |
|    n_updates            | 1260        |
|    policy_gradient_loss | -0.00136    |
|    std                  | 0.869       |
|    value_loss           | 1.36e-05    |
-----------------------------------------
-----------------------------------------
| rollout/                |             |
|    ep_len_mean          | 243         |
|    ep_rew_mean          | -1.83       |
| time/                   |             |
|    fps                  | 43          |
|    iterations           | 128         |
|    time_elapsed         | 749         |
|    total_timesteps      | 32768       |
| train/                  |             |
|    approx_kl            | 0.011787288 |
|    clip_fraction        | 0.157       |
|    clip_range           | 0.2         |
|    entropy_loss         | -2.56       |
|    explained_variance   | 0.469       |
|    learning_rate        | 0.0003      |
|    loss                 | -0.0392     |
|    n_updates            | 1270        |
|    policy_gradient_loss | -0.0133     |
|    std                  | 0.869       |
|    value_loss           | 5.72e-06    |
-----------------------------------------
-----------------------------------------
| rollout/                |             |
|    ep_len_mean          | 243         |
|    ep_rew_mean          | -1.83       |
| time/                   |             |
|    fps                  | 43          |
|    iterations           | 129         |
|    time_elapsed         | 755         |
|    total_timesteps      | 33024       |
| train/                  |             |
|    approx_kl            | 0.009787746 |
|    clip_fraction        | 0.0754      |
|    clip_range           | 0.2         |
|    entropy_loss         | -2.55       |
|    explained_variance   | -0.361      |
|    learning_rate        | 0.0003      |
|    loss                 | -0.00493    |
|    n_updates            | 1280        |
|    policy_gradient_loss | -0.00554    |
|    std                  | 0.865       |
|    value_loss           | 7.1e-06     |
-----------------------------------------
-----------------------------------------
| rollout/                |             |
|    ep_len_mean          | 243         |
|    ep_rew_mean          | -1.83       |
| time/                   |             |
|    fps                  | 43          |
|    iterations           | 130         |
|    time_elapsed         | 761         |
|    total_timesteps      | 33280       |
| train/                  |             |
|    approx_kl            | 0.006797722 |
|    clip_fraction        | 0.1         |
|    clip_range           | 0.2         |
|    entropy_loss         | -2.54       |
|    explained_variance   | 0.75        |
|    learning_rate        | 0.0003      |
|    loss                 | -0.011      |
|    n_updates            | 1290        |
|    policy_gradient_loss | -0.00616    |
|    std                  | 0.863       |
|    value_loss           | 2.7e-06     |
-----------------------------------------
------------------------------------------
| rollout/                |              |
|    ep_len_mean          | 243          |
|    ep_rew_mean          | -1.83        |
| time/                   |              |
|    fps                  | 43           |
|    iterations           | 131          |
|    time_elapsed         | 766          |
|    total_timesteps      | 33536        |
| train/                  |              |
|    approx_kl            | 0.0050208988 |
|    clip_fraction        | 0.0473       |
|    clip_range           | 0.2          |
|    entropy_loss         | -2.54        |
|    explained_variance   | 0.544        |
|    learning_rate        | 0.0003       |
|    loss                 | -0.013       |
|    n_updates            | 1300         |
|    policy_gradient_loss | -0.00378     |
|    std                  | 0.865        |
|    value_loss           | 3.04e-06     |
------------------------------------------
-----------------------------------------
| rollout/                |             |
|    ep_len_mean          | 243         |
|    ep_rew_mean          | -1.83       |
| time/                   |             |
|    fps                  | 43          |
|    iterations           | 132         |
|    time_elapsed         | 772         |
|    total_timesteps      | 33792       |
| train/                  |             |
|    approx_kl            | 0.010725212 |
|    clip_fraction        | 0.0988      |
|    clip_range           | 0.2         |
|    entropy_loss         | -2.55       |
|    explained_variance   | 0.754       |
|    learning_rate        | 0.0003      |
|    loss                 | 0.0186      |
|    n_updates            | 1310        |
|    policy_gradient_loss | -0.00701    |
|    std                  | 0.865       |
|    value_loss           | 1.12e-06    |
-----------------------------------------
-----------------------------------------
| rollout/                |             |
|    ep_len_mean          | 243         |
|    ep_rew_mean          | -1.83       |
| time/                   |             |
|    fps                  | 43          |
|    iterations           | 133         |
|    time_elapsed         | 778         |
|    total_timesteps      | 34048       |
| train/                  |             |
|    approx_kl            | 0.007405117 |
|    clip_fraction        | 0.0262      |
|    clip_range           | 0.2         |
|    entropy_loss         | -2.55       |
|    explained_variance   | 0.806       |
|    learning_rate        | 0.0003      |
|    loss                 | -0.0138     |
|    n_updates            | 1320        |
|    policy_gradient_loss | -0.00226    |
|    std                  | 0.865       |
|    value_loss           | 1.4e-06     |
-----------------------------------------
----------------------------------------
| rollout/                |            |
|    ep_len_mean          | 243        |
|    ep_rew_mean          | -1.83      |
| time/                   |            |
|    fps                  | 43         |
|    iterations           | 134        |
|    time_elapsed         | 783        |
|    total_timesteps      | 34304      |
| train/                  |            |
|    approx_kl            | 0.00844623 |
|    clip_fraction        | 0.0797     |
|    clip_range           | 0.2        |
|    entropy_loss         | -2.54      |
|    explained_variance   | -0.194     |
|    learning_rate        | 0.0003     |
|    loss                 | -0.0174    |
|    n_updates            | 1330       |
|    policy_gradient_loss | -0.00395   |
|    std                  | 0.861      |
|    value_loss           | 1.08e-06   |
----------------------------------------
-----------------------------------------
| rollout/                |             |
|    ep_len_mean          | 243         |
|    ep_rew_mean          | -1.83       |
| time/                   |             |
|    fps                  | 43          |
|    iterations           | 135         |
|    time_elapsed         | 789         |
|    total_timesteps      | 34560       |
| train/                  |             |
|    approx_kl            | 0.004541076 |
|    clip_fraction        | 0.0578      |
|    clip_range           | 0.2         |
|    entropy_loss         | -2.53       |
|    explained_variance   | 0.747       |
|    learning_rate        | 0.0003      |
|    loss                 | 0.0025      |
|    n_updates            | 1340        |
|    policy_gradient_loss | -0.00429    |
|    std                  | 0.856       |
|    value_loss           | 7.46e-07    |
-----------------------------------------
-----------------------------------------
| rollout/                |             |
|    ep_len_mean          | 243         |
|    ep_rew_mean          | -1.83       |
| time/                   |             |
|    fps                  | 43          |
|    iterations           | 136         |
|    time_elapsed         | 795         |
|    total_timesteps      | 34816       |
| train/                  |             |
|    approx_kl            | 0.008856656 |
|    clip_fraction        | 0.126       |
|    clip_range           | 0.2         |
|    entropy_loss         | -2.52       |
|    explained_variance   | 0.258       |
|    learning_rate        | 0.0003      |
|    loss                 | 0.0024      |
|    n_updates            | 1350        |
|    policy_gradient_loss | -0.0104     |
|    std                  | 0.852       |
|    value_loss           | 6.08e-07    |
-----------------------------------------
-----------------------------------------
| rollout/                |             |
|    ep_len_mean          | 243         |
|    ep_rew_mean          | -1.83       |
| time/                   |             |
|    fps                  | 43          |
|    iterations           | 137         |
|    time_elapsed         | 801         |
|    total_timesteps      | 35072       |
| train/                  |             |
|    approx_kl            | 0.005287566 |
|    clip_fraction        | 0.0813      |
|    clip_range           | 0.2         |
|    entropy_loss         | -2.52       |
|    explained_variance   | 0.484       |
|    learning_rate        | 0.0003      |
|    loss                 | -0.00436    |
|    n_updates            | 1360        |
|    policy_gradient_loss | -0.00632    |
|    std                  | 0.851       |
|    value_loss           | 4.33e-07    |
-----------------------------------------
-----------------------------------------
| rollout/                |             |
|    ep_len_mean          | 243         |
|    ep_rew_mean          | -1.83       |
| time/                   |             |
|    fps                  | 43          |
|    iterations           | 138         |
|    time_elapsed         | 807         |
|    total_timesteps      | 35328       |
| train/                  |             |
|    approx_kl            | 0.011159498 |
|    clip_fraction        | 0.0551      |
|    clip_range           | 0.2         |
|    entropy_loss         | -2.51       |
|    explained_variance   | 0.966       |
|    learning_rate        | 0.0003      |
|    loss                 | 0.0194      |
|    n_updates            | 1370        |
|    policy_gradient_loss | -0.00178    |
|    std                  | 0.85        |
|    value_loss           | 2.92e-07    |
-----------------------------------------
------------------------------------------
| rollout/                |              |
|    ep_len_mean          | 243          |
|    ep_rew_mean          | -1.83        |
| time/                   |              |
|    fps                  | 43           |
|    iterations           | 139          |
|    time_elapsed         | 813          |
|    total_timesteps      | 35584        |
| train/                  |              |
|    approx_kl            | 0.0043430636 |
|    clip_fraction        | 0.0652       |
|    clip_range           | 0.2          |
|    entropy_loss         | -2.52        |
|    explained_variance   | 0.936        |
|    learning_rate        | 0.0003       |
|    loss                 | -0.0127      |
|    n_updates            | 1380         |
|    policy_gradient_loss | -0.00396     |
|    std                  | 0.855        |
|    value_loss           | 8.13e-07     |
------------------------------------------
------------------------------------------
| rollout/                |              |
|    ep_len_mean          | 243          |
|    ep_rew_mean          | -1.83        |
| time/                   |              |
|    fps                  | 43           |
|    iterations           | 140          |
|    time_elapsed         | 819          |
|    total_timesteps      | 35840        |
| train/                  |              |
|    approx_kl            | 0.0034646704 |
|    clip_fraction        | 0.0145       |
|    clip_range           | 0.2          |
|    entropy_loss         | -2.53        |
|    explained_variance   | 0.9          |
|    learning_rate        | 0.0003       |
|    loss                 | -0.00169     |
|    n_updates            | 1390         |
|    policy_gradient_loss | -0.00232     |
|    std                  | 0.861        |
|    value_loss           | 1.2e-07      |
------------------------------------------
------------------------------------------
| rollout/                |              |
|    ep_len_mean          | 243          |
|    ep_rew_mean          | -1.83        |
| time/                   |              |
|    fps                  | 43           |
|    iterations           | 141          |
|    time_elapsed         | 824          |
|    total_timesteps      | 36096        |
| train/                  |              |
|    approx_kl            | 0.0082862945 |
|    clip_fraction        | 0.142        |
|    clip_range           | 0.2          |
|    entropy_loss         | -2.54        |
|    explained_variance   | 0.966        |
|    learning_rate        | 0.0003       |
|    loss                 | 0.000927     |
|    n_updates            | 1400         |
|    policy_gradient_loss | -0.0146      |
|    std                  | 0.864        |
|    value_loss           | 5.83e-08     |
------------------------------------------
-----------------------------------------
| rollout/                |             |
|    ep_len_mean          | 243         |
|    ep_rew_mean          | -1.83       |
| time/                   |             |
|    fps                  | 43          |
|    iterations           | 142         |
|    time_elapsed         | 830         |
|    total_timesteps      | 36352       |
| train/                  |             |
|    approx_kl            | 0.006949926 |
|    clip_fraction        | 0.105       |
|    clip_range           | 0.2         |
|    entropy_loss         | -2.55       |
|    explained_variance   | 0.0311      |
|    learning_rate        | 0.0003      |
|    loss                 | -0.0344     |
|    n_updates            | 1410        |
|    policy_gradient_loss | -0.0138     |
|    std                  | 0.867       |
|    value_loss           | 7.17e-08    |
-----------------------------------------
------------------------------------------
| rollout/                |              |
|    ep_len_mean          | 243          |
|    ep_rew_mean          | -1.83        |
| time/                   |              |
|    fps                  | 43           |
|    iterations           | 143          |
|    time_elapsed         | 836          |
|    total_timesteps      | 36608        |
| train/                  |              |
|    approx_kl            | 0.0057566715 |
|    clip_fraction        | 0.0391       |
|    clip_range           | 0.2          |
|    entropy_loss         | -2.55        |
|    explained_variance   | 0.762        |
|    learning_rate        | 0.0003       |
|    loss                 | 0.00367      |
|    n_updates            | 1420         |
|    policy_gradient_loss | -0.00354     |
|    std                  | 0.869        |
|    value_loss           | 5.68e-08     |
------------------------------------------
------------------------------------------
| rollout/                |              |
|    ep_len_mean          | 243          |
|    ep_rew_mean          | -1.83        |
| time/                   |              |
|    fps                  | 43           |
|    iterations           | 144          |
|    time_elapsed         | 842          |
|    total_timesteps      | 36864        |
| train/                  |              |
|    approx_kl            | 0.0048764246 |
|    clip_fraction        | 0.0152       |
|    clip_range           | 0.2          |
|    entropy_loss         | -2.56        |
|    explained_variance   | 0.954        |
|    learning_rate        | 0.0003       |
|    loss                 | -0.0108      |
|    n_updates            | 1430         |
|    policy_gradient_loss | -0.00142     |
|    std                  | 0.871        |
|    value_loss           | 7.54e-08     |
------------------------------------------
-----------------------------------------
| rollout/                |             |
|    ep_len_mean          | 243         |
|    ep_rew_mean          | -1.83       |
| time/                   |             |
|    fps                  | 43          |
|    iterations           | 145         |
|    time_elapsed         | 848         |
|    total_timesteps      | 37120       |
| train/                  |             |
|    approx_kl            | 0.007400078 |
|    clip_fraction        | 0.0949      |
|    clip_range           | 0.2         |
|    entropy_loss         | -2.56       |
|    explained_variance   | 0.954       |
|    learning_rate        | 0.0003      |
|    loss                 | -0.0295     |
|    n_updates            | 1440        |
|    policy_gradient_loss | -0.0121     |
|    std                  | 0.871       |
|    value_loss           | 2.03e-07    |
-----------------------------------------
------------------------------------------
| rollout/                |              |
|    ep_len_mean          | 243          |
|    ep_rew_mean          | -1.83        |
| time/                   |              |
|    fps                  | 43           |
|    iterations           | 146          |
|    time_elapsed         | 854          |
|    total_timesteps      | 37376        |
| train/                  |              |
|    approx_kl            | 0.0045841294 |
|    clip_fraction        | 0.0406       |
|    clip_range           | 0.2          |
|    entropy_loss         | -2.56        |
|    explained_variance   | 0.967        |
|    learning_rate        | 0.0003       |
|    loss                 | -0.0137      |
|    n_updates            | 1450         |
|    policy_gradient_loss | -0.00457     |
|    std                  | 0.873        |
|    value_loss           | 3.68e-07     |
------------------------------------------
------------------------------------------
| rollout/                |              |
|    ep_len_mean          | 243          |
|    ep_rew_mean          | -1.83        |
| time/                   |              |
|    fps                  | 43           |
|    iterations           | 147          |
|    time_elapsed         | 860          |
|    total_timesteps      | 37632        |
| train/                  |              |
|    approx_kl            | 0.0069289133 |
|    clip_fraction        | 0.0848       |
|    clip_range           | 0.2          |
|    entropy_loss         | -2.57        |
|    explained_variance   | 0.969        |
|    learning_rate        | 0.0003       |
|    loss                 | -0.0019      |
|    n_updates            | 1460         |
|    policy_gradient_loss | -0.00638     |
|    std                  | 0.875        |
|    value_loss           | 4.74e-08     |
------------------------------------------
-----------------------------------------
| rollout/                |             |
|    ep_len_mean          | 243         |
|    ep_rew_mean          | -1.83       |
| time/                   |             |
|    fps                  | 43          |
|    iterations           | 148         |
|    time_elapsed         | 866         |
|    total_timesteps      | 37888       |
| train/                  |             |
|    approx_kl            | 0.006576879 |
|    clip_fraction        | 0.0688      |
|    clip_range           | 0.2         |
|    entropy_loss         | -2.57       |
|    explained_variance   | 0.96        |
|    learning_rate        | 0.0003      |
|    loss                 | 0.0169      |
|    n_updates            | 1470        |
|    policy_gradient_loss | -0.00523    |
|    std                  | 0.877       |
|    value_loss           | 4.45e-08    |
-----------------------------------------
-----------------------------------------
| rollout/                |             |
|    ep_len_mean          | 243         |
|    ep_rew_mean          | -1.83       |
| time/                   |             |
|    fps                  | 43          |
|    iterations           | 149         |
|    time_elapsed         | 872         |
|    total_timesteps      | 38144       |
| train/                  |             |
|    approx_kl            | 0.004491437 |
|    clip_fraction        | 0.0187      |
|    clip_range           | 0.2         |
|    entropy_loss         | -2.57       |
|    explained_variance   | 0.953       |
|    learning_rate        | 0.0003      |
|    loss                 | -0.00648    |
|    n_updates            | 1480        |
|    policy_gradient_loss | -0.00136    |
|    std                  | 0.877       |
|    value_loss           | 1.23e-07    |
-----------------------------------------
-----------------------------------------
| rollout/                |             |
|    ep_len_mean          | 245         |
|    ep_rew_mean          | -2.05       |
| time/                   |             |
|    fps                  | 43          |
|    iterations           | 150         |
|    time_elapsed         | 877         |
|    total_timesteps      | 38400       |
| train/                  |             |
|    approx_kl            | 0.001492108 |
|    clip_fraction        | 0           |
|    clip_range           | 0.2         |
|    entropy_loss         | -2.57       |
|    explained_variance   | 0.678       |
|    learning_rate        | 0.0003      |
|    loss                 | 0.00327     |
|    n_updates            | 1490        |
|    policy_gradient_loss | -0.00029    |
|    std                  | 0.878       |
|    value_loss           | 1.1e-07     |
-----------------------------------------
------------------------------------------
| rollout/                |              |
|    ep_len_mean          | 245          |
|    ep_rew_mean          | -2.05        |
| time/                   |              |
|    fps                  | 43           |
|    iterations           | 151          |
|    time_elapsed         | 883          |
|    total_timesteps      | 38656        |
| train/                  |              |
|    approx_kl            | 0.0061267894 |
|    clip_fraction        | 0.0371       |
|    clip_range           | 0.2          |
|    entropy_loss         | -2.58        |
|    explained_variance   | 0.969        |
|    learning_rate        | 0.0003       |
|    loss                 | -0.00449     |
|    n_updates            | 1500         |
|    policy_gradient_loss | -0.00335     |
|    std                  | 0.88         |
|    value_loss           | 1.14e-07     |
------------------------------------------
-----------------------------------------
| rollout/                |             |
|    ep_len_mean          | 245         |
|    ep_rew_mean          | -2.05       |
| time/                   |             |
|    fps                  | 43          |
|    iterations           | 152         |
|    time_elapsed         | 889         |
|    total_timesteps      | 38912       |
| train/                  |             |
|    approx_kl            | 0.007471456 |
|    clip_fraction        | 0.0742      |
|    clip_range           | 0.2         |
|    entropy_loss         | -2.58       |
|    explained_variance   | 0.969       |
|    learning_rate        | 0.0003      |
|    loss                 | -0.0188     |
|    n_updates            | 1510        |
|    policy_gradient_loss | -0.00427    |
|    std                  | 0.88        |
|    value_loss           | 1.42e-08    |
-----------------------------------------
-----------------------------------------
| rollout/                |             |
|    ep_len_mean          | 245         |
|    ep_rew_mean          | -2.05       |
| time/                   |             |
|    fps                  | 43          |
|    iterations           | 153         |
|    time_elapsed         | 895         |
|    total_timesteps      | 39168       |
| train/                  |             |
|    approx_kl            | 0.007061826 |
|    clip_fraction        | 0.0793      |
|    clip_range           | 0.2         |
|    entropy_loss         | -2.58       |
|    explained_variance   | 0.961       |
|    learning_rate        | 0.0003      |
|    loss                 | 0.00665     |
|    n_updates            | 1520        |
|    policy_gradient_loss | -0.00742    |
|    std                  | 0.879       |
|    value_loss           | 1.12e-07    |
-----------------------------------------
-----------------------------------------
| rollout/                |             |
|    ep_len_mean          | 245         |
|    ep_rew_mean          | -2.05       |
| time/                   |             |
|    fps                  | 43          |
|    iterations           | 154         |
|    time_elapsed         | 901         |
|    total_timesteps      | 39424       |
| train/                  |             |
|    approx_kl            | 0.004773381 |
|    clip_fraction        | 0.0172      |
|    clip_range           | 0.2         |
|    entropy_loss         | -2.58       |
|    explained_variance   | 0.97        |
|    learning_rate        | 0.0003      |
|    loss                 | -0.0063     |
|    n_updates            | 1530        |
|    policy_gradient_loss | -0.00149    |
|    std                  | 0.881       |
|    value_loss           | 1.91e-07    |
-----------------------------------------
------------------------------------------
| rollout/                |              |
|    ep_len_mean          | 245          |
|    ep_rew_mean          | -2.05        |
| time/                   |              |
|    fps                  | 43           |
|    iterations           | 155          |
|    time_elapsed         | 907          |
|    total_timesteps      | 39680        |
| train/                  |              |
|    approx_kl            | 0.0060136537 |
|    clip_fraction        | 0.0813       |
|    clip_range           | 0.2          |
|    entropy_loss         | -2.58        |
|    explained_variance   | 0.972        |
|    learning_rate        | 0.0003       |
|    loss                 | -0.0335      |
|    n_updates            | 1540         |
|    policy_gradient_loss | -0.0113      |
|    std                  | 0.88         |
|    value_loss           | 3.06e-08     |
------------------------------------------
-----------------------------------------
| rollout/                |             |
|    ep_len_mean          | 245         |
|    ep_rew_mean          | -2.05       |
| time/                   |             |
|    fps                  | 43          |
|    iterations           | 156         |
|    time_elapsed         | 913         |
|    total_timesteps      | 39936       |
| train/                  |             |
|    approx_kl            | 0.004263616 |
|    clip_fraction        | 0.0305      |
|    clip_range           | 0.2         |
|    entropy_loss         | -2.58       |
|    explained_variance   | 0.967       |
|    learning_rate        | 0.0003      |
|    loss                 | -0.014      |
|    n_updates            | 1550        |
|    policy_gradient_loss | -0.00218    |
|    std                  | 0.877       |
|    value_loss           | 1.02e-08    |
-----------------------------------------
-----------------------------------------
| rollout/                |             |
|    ep_len_mean          | 245         |
|    ep_rew_mean          | -2.05       |
| time/                   |             |
|    fps                  | 43          |
|    iterations           | 157         |
|    time_elapsed         | 918         |
|    total_timesteps      | 40192       |
| train/                  |             |
|    approx_kl            | 0.002899117 |
|    clip_fraction        | 0.0465      |
|    clip_range           | 0.2         |
|    entropy_loss         | -2.57       |
|    explained_variance   | 0.968       |
|    learning_rate        | 0.0003      |
|    loss                 | -0.0119     |
|    n_updates            | 1560        |
|    policy_gradient_loss | -0.00361    |
|    std                  | 0.871       |
|    value_loss           | 2.95e-08    |
-----------------------------------------
-----------------------------------------
| rollout/                |             |
|    ep_len_mean          | 245         |
|    ep_rew_mean          | -2.05       |
| time/                   |             |
|    fps                  | 43          |
|    iterations           | 158         |
|    time_elapsed         | 924         |
|    total_timesteps      | 40448       |
| train/                  |             |
|    approx_kl            | 0.011589791 |
|    clip_fraction        | 0.154       |
|    clip_range           | 0.2         |
|    entropy_loss         | -2.56       |
|    explained_variance   | 0.919       |
|    learning_rate        | 0.0003      |
|    loss                 | -0.0285     |
|    n_updates            | 1570        |
|    policy_gradient_loss | -0.0178     |
|    std                  | 0.869       |
|    value_loss           | 3.72e-08    |
-----------------------------------------
------------------------------------------
| rollout/                |              |
|    ep_len_mean          | 245          |
|    ep_rew_mean          | -2.05        |
| time/                   |              |
|    fps                  | 43           |
|    iterations           | 159          |
|    time_elapsed         | 930          |
|    total_timesteps      | 40704        |
| train/                  |              |
|    approx_kl            | 0.0068724416 |
|    clip_fraction        | 0.0816       |
|    clip_range           | 0.2          |
|    entropy_loss         | -2.56        |
|    explained_variance   | 0.977        |
|    learning_rate        | 0.0003       |
|    loss                 | -0.00257     |
|    n_updates            | 1580         |
|    policy_gradient_loss | -0.00338     |
|    std                  | 0.867        |
|    value_loss           | 1.22e-08     |
------------------------------------------
------------------------------------------
| rollout/                |              |
|    ep_len_mean          | 245          |
|    ep_rew_mean          | -2.05        |
| time/                   |              |
|    fps                  | 43           |
|    iterations           | 160          |
|    time_elapsed         | 936          |
|    total_timesteps      | 40960        |
| train/                  |              |
|    approx_kl            | 0.0046454417 |
|    clip_fraction        | 0.0723       |
|    clip_range           | 0.2          |
|    entropy_loss         | -2.55        |
|    explained_variance   | 0.965        |
|    learning_rate        | 0.0003       |
|    loss                 | -0.0116      |
|    n_updates            | 1590         |
|    policy_gradient_loss | -0.00414     |
|    std                  | 0.868        |
|    value_loss           | 1.28e-07     |
------------------------------------------
------------------------------------------
| rollout/                |              |
|    ep_len_mean          | 245          |
|    ep_rew_mean          | -2.05        |
| time/                   |              |
|    fps                  | 43           |
|    iterations           | 161          |
|    time_elapsed         | 942          |
|    total_timesteps      | 41216        |
| train/                  |              |
|    approx_kl            | 0.0062166704 |
|    clip_fraction        | 0.0141       |
|    clip_range           | 0.2          |
|    entropy_loss         | -2.56        |
|    explained_variance   | 0.884        |
|    learning_rate        | 0.0003       |
|    loss                 | 0.0208       |
|    n_updates            | 1600         |
|    policy_gradient_loss | -0.00088     |
|    std                  | 0.87         |
|    value_loss           | 2.6e-08      |
------------------------------------------
----------------------------------------
| rollout/                |            |
|    ep_len_mean          | 245        |
|    ep_rew_mean          | -2.05      |
| time/                   |            |
|    fps                  | 43         |
|    iterations           | 162        |
|    time_elapsed         | 947        |
|    total_timesteps      | 41472      |
| train/                  |            |
|    approx_kl            | 0.00521375 |
|    clip_fraction        | 0.0297     |
|    clip_range           | 0.2        |
|    entropy_loss         | -2.56      |
|    explained_variance   | 0.979      |
|    learning_rate        | 0.0003     |
|    loss                 | 0.00523    |
|    n_updates            | 1610       |
|    policy_gradient_loss | -0.00372   |
|    std                  | 0.873      |
|    value_loss           | 1.71e-08   |
----------------------------------------
------------------------------------------
| rollout/                |              |
|    ep_len_mean          | 245          |
|    ep_rew_mean          | -2.05        |
| time/                   |              |
|    fps                  | 43           |
|    iterations           | 163          |
|    time_elapsed         | 953          |
|    total_timesteps      | 41728        |
| train/                  |              |
|    approx_kl            | 0.0065851435 |
|    clip_fraction        | 0.0234       |
|    clip_range           | 0.2          |
|    entropy_loss         | -2.56        |
|    explained_variance   | 0.939        |
|    learning_rate        | 0.0003       |
|    loss                 | -0.0213      |
|    n_updates            | 1620         |
|    policy_gradient_loss | -0.00241     |
|    std                  | 0.868        |
|    value_loss           | 1.62e-08     |
------------------------------------------
-----------------------------------------
| rollout/                |             |
|    ep_len_mean          | 245         |
|    ep_rew_mean          | -2.05       |
| time/                   |             |
|    fps                  | 43          |
|    iterations           | 164         |
|    time_elapsed         | 959         |
|    total_timesteps      | 41984       |
| train/                  |             |
|    approx_kl            | 0.004287977 |
|    clip_fraction        | 0.066       |
|    clip_range           | 0.2         |
|    entropy_loss         | -2.55       |
|    explained_variance   | 0.975       |
|    learning_rate        | 0.0003      |
|    loss                 | -0.0122     |
|    n_updates            | 1630        |
|    policy_gradient_loss | -0.00427    |
|    std                  | 0.865       |
|    value_loss           | 4.27e-08    |
-----------------------------------------
-----------------------------------------
| rollout/                |             |
|    ep_len_mean          | 245         |
|    ep_rew_mean          | -2.05       |
| time/                   |             |
|    fps                  | 43          |
|    iterations           | 165         |
|    time_elapsed         | 965         |
|    total_timesteps      | 42240       |
| train/                  |             |
|    approx_kl            | 0.004138529 |
|    clip_fraction        | 0.0102      |
|    clip_range           | 0.2         |
|    entropy_loss         | -2.54       |
|    explained_variance   | 0.977       |
|    learning_rate        | 0.0003      |
|    loss                 | -0.00765    |
|    n_updates            | 1640        |
|    policy_gradient_loss | -0.00249    |
|    std                  | 0.856       |
|    value_loss           | 3.57e-08    |
-----------------------------------------
-----------------------------------------
| rollout/                |             |
|    ep_len_mean          | 245         |
|    ep_rew_mean          | -2.05       |
| time/                   |             |
|    fps                  | 43          |
|    iterations           | 166         |
|    time_elapsed         | 971         |
|    total_timesteps      | 42496       |
| train/                  |             |
|    approx_kl            | 0.006857437 |
|    clip_fraction        | 0.0328      |
|    clip_range           | 0.2         |
|    entropy_loss         | -2.52       |
|    explained_variance   | 0.985       |
|    learning_rate        | 0.0003      |
|    loss                 | -0.00181    |
|    n_updates            | 1650        |
|    policy_gradient_loss | -0.00143    |
|    std                  | 0.855       |
|    value_loss           | 1.06e-08    |
-----------------------------------------
----------------------------------------
| rollout/                |            |
|    ep_len_mean          | 245        |
|    ep_rew_mean          | -2.05      |
| time/                   |            |
|    fps                  | 43         |
|    iterations           | 167        |
|    time_elapsed         | 977        |
|    total_timesteps      | 42752      |
| train/                  |            |
|    approx_kl            | 0.00615747 |
|    clip_fraction        | 0.0867     |
|    clip_range           | 0.2        |
|    entropy_loss         | -2.52      |
|    explained_variance   | 0.95       |
|    learning_rate        | 0.0003     |
|    loss                 | -0.0118    |
|    n_updates            | 1660       |
|    policy_gradient_loss | -0.00551   |
|    std                  | 0.853      |
|    value_loss           | 1.22e-09   |
----------------------------------------
-----------------------------------------
| rollout/                |             |
|    ep_len_mean          | 245         |
|    ep_rew_mean          | -2.05       |
| time/                   |             |
|    fps                  | 43          |
|    iterations           | 168         |
|    time_elapsed         | 983         |
|    total_timesteps      | 43008       |
| train/                  |             |
|    approx_kl            | 0.006633054 |
|    clip_fraction        | 0.043       |
|    clip_range           | 0.2         |
|    entropy_loss         | -2.52       |
|    explained_variance   | 0.974       |
|    learning_rate        | 0.0003      |
|    loss                 | 0.00251     |
|    n_updates            | 1670        |
|    policy_gradient_loss | -0.00266    |
|    std                  | 0.85        |
|    value_loss           | 4.53e-09    |
-----------------------------------------
-----------------------------------------
| rollout/                |             |
|    ep_len_mean          | 245         |
|    ep_rew_mean          | -2.05       |
| time/                   |             |
|    fps                  | 43          |
|    iterations           | 169         |
|    time_elapsed         | 988         |
|    total_timesteps      | 43264       |
| train/                  |             |
|    approx_kl            | 0.007894412 |
|    clip_fraction        | 0.0984      |
|    clip_range           | 0.2         |
|    entropy_loss         | -2.51       |
|    explained_variance   | 0.865       |
|    learning_rate        | 0.0003      |
|    loss                 | -0.0134     |
|    n_updates            | 1680        |
|    policy_gradient_loss | -0.00516    |
|    std                  | 0.852       |
|    value_loss           | 8.54e-09    |
-----------------------------------------
-----------------------------------------
| rollout/                |             |
|    ep_len_mean          | 245         |
|    ep_rew_mean          | -2.05       |
| time/                   |             |
|    fps                  | 43          |
|    iterations           | 170         |
|    time_elapsed         | 994         |
|    total_timesteps      | 43520       |
| train/                  |             |
|    approx_kl            | 0.009911816 |
|    clip_fraction        | 0.129       |
|    clip_range           | 0.2         |
|    entropy_loss         | -2.52       |
|    explained_variance   | 0.988       |
|    learning_rate        | 0.0003      |
|    loss                 | -0.00898    |
|    n_updates            | 1690        |
|    policy_gradient_loss | -0.00809    |
|    std                  | 0.858       |
|    value_loss           | 1.25e-08    |
-----------------------------------------
------------------------------------------
| rollout/                |              |
|    ep_len_mean          | 245          |
|    ep_rew_mean          | -2.05        |
| time/                   |              |
|    fps                  | 43           |
|    iterations           | 171          |
|    time_elapsed         | 1000         |
|    total_timesteps      | 43776        |
| train/                  |              |
|    approx_kl            | 0.0075239823 |
|    clip_fraction        | 0.0391       |
|    clip_range           | 0.2          |
|    entropy_loss         | -2.53        |
|    explained_variance   | 0.92         |
|    learning_rate        | 0.0003       |
|    loss                 | -0.0135      |
|    n_updates            | 1700         |
|    policy_gradient_loss | -0.00313     |
|    std                  | 0.858        |
|    value_loss           | 2.37e-08     |
------------------------------------------
-----------------------------------------
| rollout/                |             |
|    ep_len_mean          | 245         |
|    ep_rew_mean          | -2.05       |
| time/                   |             |
|    fps                  | 43          |
|    iterations           | 172         |
|    time_elapsed         | 1006        |
|    total_timesteps      | 44032       |
| train/                  |             |
|    approx_kl            | 0.012231855 |
|    clip_fraction        | 0.0434      |
|    clip_range           | 0.2         |
|    entropy_loss         | -2.53       |
|    explained_variance   | 0.992       |
|    learning_rate        | 0.0003      |
|    loss                 | 0.0304      |
|    n_updates            | 1710        |
|    policy_gradient_loss | -0.00214    |
|    std                  | 0.857       |
|    value_loss           | 5.12e-09    |
-----------------------------------------
-----------------------------------------
| rollout/                |             |
|    ep_len_mean          | 245         |
|    ep_rew_mean          | -2.05       |
| time/                   |             |
|    fps                  | 43          |
|    iterations           | 173         |
|    time_elapsed         | 1012        |
|    total_timesteps      | 44288       |
| train/                  |             |
|    approx_kl            | 0.007339243 |
|    clip_fraction        | 0.0641      |
|    clip_range           | 0.2         |
|    entropy_loss         | -2.53       |
|    explained_variance   | 0.936       |
|    learning_rate        | 0.0003      |
|    loss                 | -0.00567    |
|    n_updates            | 1720        |
|    policy_gradient_loss | -0.00335    |
|    std                  | 0.855       |
|    value_loss           | 5.79e-08    |
-----------------------------------------
-----------------------------------------
| rollout/                |             |
|    ep_len_mean          | 245         |
|    ep_rew_mean          | -2.05       |
| time/                   |             |
|    fps                  | 43          |
|    iterations           | 174         |
|    time_elapsed         | 1018        |
|    total_timesteps      | 44544       |
| train/                  |             |
|    approx_kl            | 0.008330355 |
|    clip_fraction        | 0.103       |
|    clip_range           | 0.2         |
|    entropy_loss         | -2.52       |
|    explained_variance   | 0.984       |
|    learning_rate        | 0.0003      |
|    loss                 | -0.0201     |
|    n_updates            | 1730        |
|    policy_gradient_loss | -0.00663    |
|    std                  | 0.854       |
|    value_loss           | 1.37e-08    |
-----------------------------------------
-----------------------------------------
| rollout/                |             |
|    ep_len_mean          | 245         |
|    ep_rew_mean          | -2.05       |
| time/                   |             |
|    fps                  | 43          |
|    iterations           | 175         |
|    time_elapsed         | 1024        |
|    total_timesteps      | 44800       |
| train/                  |             |
|    approx_kl            | 0.010529466 |
|    clip_fraction        | 0.155       |
|    clip_range           | 0.2         |
|    entropy_loss         | -2.53       |
|    explained_variance   | 0.955       |
|    learning_rate        | 0.0003      |
|    loss                 | -0.0215     |
|    n_updates            | 1740        |
|    policy_gradient_loss | -0.0151     |
|    std                  | 0.856       |
|    value_loss           | 6.09e-08    |
-----------------------------------------
------------------------------------------
| rollout/                |              |
|    ep_len_mean          | 245          |
|    ep_rew_mean          | -2.05        |
| time/                   |              |
|    fps                  | 43           |
|    iterations           | 176          |
|    time_elapsed         | 1030         |
|    total_timesteps      | 45056        |
| train/                  |              |
|    approx_kl            | 0.0050084833 |
|    clip_fraction        | 0.0605       |
|    clip_range           | 0.2          |
|    entropy_loss         | -2.53        |
|    explained_variance   | 0.981        |
|    learning_rate        | 0.0003       |
|    loss                 | -0.00528     |
|    n_updates            | 1750         |
|    policy_gradient_loss | -0.00255     |
|    std                  | 0.857        |
|    value_loss           | 2.36e-08     |
------------------------------------------
------------------------------------------
| rollout/                |              |
|    ep_len_mean          | 245          |
|    ep_rew_mean          | -2.05        |
| time/                   |              |
|    fps                  | 43           |
|    iterations           | 177          |
|    time_elapsed         | 1035         |
|    total_timesteps      | 45312        |
| train/                  |              |
|    approx_kl            | 0.0039307205 |
|    clip_fraction        | 0.0129       |
|    clip_range           | 0.2          |
|    entropy_loss         | -2.53        |
|    explained_variance   | 0.954        |
|    learning_rate        | 0.0003       |
|    loss                 | -0.0115      |
|    n_updates            | 1760         |
|    policy_gradient_loss | -0.00108     |
|    std                  | 0.856        |
|    value_loss           | 6.5e-08      |
------------------------------------------
-----------------------------------------
| rollout/                |             |
|    ep_len_mean          | 245         |
|    ep_rew_mean          | -2.05       |
| time/                   |             |
|    fps                  | 43          |
|    iterations           | 178         |
|    time_elapsed         | 1041        |
|    total_timesteps      | 45568       |
| train/                  |             |
|    approx_kl            | 0.008581214 |
|    clip_fraction        | 0.113       |
|    clip_range           | 0.2         |
|    entropy_loss         | -2.52       |
|    explained_variance   | 0.977       |
|    learning_rate        | 0.0003      |
|    loss                 | 0.0051      |
|    n_updates            | 1770        |
|    policy_gradient_loss | -0.0113     |
|    std                  | 0.854       |
|    value_loss           | 3.5e-08     |
-----------------------------------------
-----------------------------------------
| rollout/                |             |
|    ep_len_mean          | 245         |
|    ep_rew_mean          | -2.05       |
| time/                   |             |
|    fps                  | 43          |
|    iterations           | 179         |
|    time_elapsed         | 1047        |
|    total_timesteps      | 45824       |
| train/                  |             |
|    approx_kl            | 0.004262207 |
|    clip_fraction        | 0.0523      |
|    clip_range           | 0.2         |
|    entropy_loss         | -2.52       |
|    explained_variance   | 0.972       |
|    learning_rate        | 0.0003      |
|    loss                 | -0.00842    |
|    n_updates            | 1780        |
|    policy_gradient_loss | -0.00452    |
|    std                  | 0.849       |
|    value_loss           | 1.82e-07    |
-----------------------------------------
------------------------------------------
| rollout/                |              |
|    ep_len_mean          | 245          |
|    ep_rew_mean          | -2.05        |
| time/                   |              |
|    fps                  | 43           |
|    iterations           | 180          |
|    time_elapsed         | 1053         |
|    total_timesteps      | 46080        |
| train/                  |              |
|    approx_kl            | 0.0037098997 |
|    clip_fraction        | 0.0582       |
|    clip_range           | 0.2          |
|    entropy_loss         | -2.51        |
|    explained_variance   | 0.945        |
|    learning_rate        | 0.0003       |
|    loss                 | 0.000349     |
|    n_updates            | 1790         |
|    policy_gradient_loss | -0.00323     |
|    std                  | 0.847        |
|    value_loss           | 5.67e-08     |
------------------------------------------
----------------------------------------
| rollout/                |            |
|    ep_len_mean          | 245        |
|    ep_rew_mean          | -2.05      |
| time/                   |            |
|    fps                  | 43         |
|    iterations           | 181        |
|    time_elapsed         | 1059       |
|    total_timesteps      | 46336      |
| train/                  |            |
|    approx_kl            | 0.00624301 |
|    clip_fraction        | 0.0816     |
|    clip_range           | 0.2        |
|    entropy_loss         | -2.5       |
|    explained_variance   | 0.971      |
|    learning_rate        | 0.0003     |
|    loss                 | 0.00147    |
|    n_updates            | 1800       |
|    policy_gradient_loss | -0.00641   |
|    std                  | 0.845      |
|    value_loss           | 3.46e-08   |
----------------------------------------
------------------------------------------
| rollout/                |              |
|    ep_len_mean          | 245          |
|    ep_rew_mean          | -2.05        |
| time/                   |              |
|    fps                  | 43           |
|    iterations           | 182          |
|    time_elapsed         | 1065         |
|    total_timesteps      | 46592        |
| train/                  |              |
|    approx_kl            | 0.0037398252 |
|    clip_fraction        | 0.0465       |
|    clip_range           | 0.2          |
|    entropy_loss         | -2.5         |
|    explained_variance   | 0.962        |
|    learning_rate        | 0.0003       |
|    loss                 | -0.0138      |
|    n_updates            | 1810         |
|    policy_gradient_loss | -0.0045      |
|    std                  | 0.844        |
|    value_loss           | 1.72e-08     |
------------------------------------------
-----------------------------------------
| rollout/                |             |
|    ep_len_mean          | 245         |
|    ep_rew_mean          | -2.05       |
| time/                   |             |
|    fps                  | 43          |
|    iterations           | 183         |
|    time_elapsed         | 1071        |
|    total_timesteps      | 46848       |
| train/                  |             |
|    approx_kl            | 0.009166352 |
|    clip_fraction        | 0.138       |
|    clip_range           | 0.2         |
|    entropy_loss         | -2.5        |
|    explained_variance   | 0.973       |
|    learning_rate        | 0.0003      |
|    loss                 | -0.0065     |
|    n_updates            | 1820        |
|    policy_gradient_loss | -0.0115     |
|    std                  | 0.842       |
|    value_loss           | 4.33e-10    |
-----------------------------------------
------------------------------------------
| rollout/                |              |
|    ep_len_mean          | 245          |
|    ep_rew_mean          | -2.05        |
| time/                   |              |
|    fps                  | 43           |
|    iterations           | 184          |
|    time_elapsed         | 1077         |
|    total_timesteps      | 47104        |
| train/                  |              |
|    approx_kl            | 0.0032559477 |
|    clip_fraction        | 0.00703      |
|    clip_range           | 0.2          |
|    entropy_loss         | -2.49        |
|    explained_variance   | 0.959        |
|    learning_rate        | 0.0003       |
|    loss                 | 0.00646      |
|    n_updates            | 1830         |
|    policy_gradient_loss | -0.000547    |
|    std                  | 0.842        |
|    value_loss           | 1.06e-09     |
------------------------------------------
------------------------------------------
| rollout/                |              |
|    ep_len_mean          | 245          |
|    ep_rew_mean          | -2.05        |
| time/                   |              |
|    fps                  | 43           |
|    iterations           | 185          |
|    time_elapsed         | 1082         |
|    total_timesteps      | 47360        |
| train/                  |              |
|    approx_kl            | 0.0072767567 |
|    clip_fraction        | 0.0703       |
|    clip_range           | 0.2          |
|    entropy_loss         | -2.49        |
|    explained_variance   | 0.966        |
|    learning_rate        | 0.0003       |
|    loss                 | -0.0306      |
|    n_updates            | 1840         |
|    policy_gradient_loss | -0.00714     |
|    std                  | 0.841        |
|    value_loss           | 1.02e-08     |
------------------------------------------
----------------------------------------
| rollout/                |            |
|    ep_len_mean          | 245        |
|    ep_rew_mean          | -2.05      |
| time/                   |            |
|    fps                  | 43         |
|    iterations           | 186        |
|    time_elapsed         | 1088       |
|    total_timesteps      | 47616      |
| train/                  |            |
|    approx_kl            | 0.00555264 |
|    clip_fraction        | 0.102      |
|    clip_range           | 0.2        |
|    entropy_loss         | -2.49      |
|    explained_variance   | 0.964      |
|    learning_rate        | 0.0003     |
|    loss                 | 0.0158     |
|    n_updates            | 1850       |
|    policy_gradient_loss | -0.00846   |
|    std                  | 0.842      |
|    value_loss           | 8.29e-09   |
----------------------------------------
------------------------------------------
| rollout/                |              |
|    ep_len_mean          | 245          |
|    ep_rew_mean          | -2.05        |
| time/                   |              |
|    fps                  | 43           |
|    iterations           | 187          |
|    time_elapsed         | 1094         |
|    total_timesteps      | 47872        |
| train/                  |              |
|    approx_kl            | 0.0059424816 |
|    clip_fraction        | 0.0602       |
|    clip_range           | 0.2          |
|    entropy_loss         | -2.49        |
|    explained_variance   | 0.968        |
|    learning_rate        | 0.0003       |
|    loss                 | 0.00536      |
|    n_updates            | 1860         |
|    policy_gradient_loss | -0.00535     |
|    std                  | 0.842        |
|    value_loss           | 7.62e-10     |
------------------------------------------
------------------------------------------
| rollout/                |              |
|    ep_len_mean          | 245          |
|    ep_rew_mean          | -2.05        |
| time/                   |              |
|    fps                  | 43           |
|    iterations           | 188          |
|    time_elapsed         | 1100         |
|    total_timesteps      | 48128        |
| train/                  |              |
|    approx_kl            | 0.0070983386 |
|    clip_fraction        | 0.0512       |
|    clip_range           | 0.2          |
|    entropy_loss         | -2.49        |
|    explained_variance   | 0.969        |
|    learning_rate        | 0.0003       |
|    loss                 | -0.0342      |
|    n_updates            | 1870         |
|    policy_gradient_loss | -0.00392     |
|    std                  | 0.844        |
|    value_loss           | 1.47e-09     |
------------------------------------------
-----------------------------------------
| rollout/                |             |
|    ep_len_mean          | 245         |
|    ep_rew_mean          | -2.05       |
| time/                   |             |
|    fps                  | 43          |
|    iterations           | 189         |
|    time_elapsed         | 1106        |
|    total_timesteps      | 48384       |
| train/                  |             |
|    approx_kl            | 0.004137513 |
|    clip_fraction        | 0.0121      |
|    clip_range           | 0.2         |
|    entropy_loss         | -2.5        |
|    explained_variance   | 0.867       |
|    learning_rate        | 0.0003      |
|    loss                 | -0.00583    |
|    n_updates            | 1880        |
|    policy_gradient_loss | -0.00229    |
|    std                  | 0.846       |
|    value_loss           | 1.79e-10    |
-----------------------------------------
------------------------------------------
| rollout/                |              |
|    ep_len_mean          | 245          |
|    ep_rew_mean          | -2.05        |
| time/                   |              |
|    fps                  | 43           |
|    iterations           | 190          |
|    time_elapsed         | 1112         |
|    total_timesteps      | 48640        |
| train/                  |              |
|    approx_kl            | 0.0053677354 |
|    clip_fraction        | 0.0527       |
|    clip_range           | 0.2          |
|    entropy_loss         | -2.5         |
|    explained_variance   | 0.967        |
|    learning_rate        | 0.0003       |
|    loss                 | -0.0157      |
|    n_updates            | 1890         |
|    policy_gradient_loss | -0.00386     |
|    std                  | 0.849        |
|    value_loss           | 2.33e-08     |
------------------------------------------
------------------------------------------
| rollout/                |              |
|    ep_len_mean          | 245          |
|    ep_rew_mean          | -2.05        |
| time/                   |              |
|    fps                  | 43           |
|    iterations           | 191          |
|    time_elapsed         | 1117         |
|    total_timesteps      | 48896        |
| train/                  |              |
|    approx_kl            | 0.0051669166 |
|    clip_fraction        | 0.0262       |
|    clip_range           | 0.2          |
|    entropy_loss         | -2.51        |
|    explained_variance   | 0.968        |
|    learning_rate        | 0.0003       |
|    loss                 | 0.0089       |
|    n_updates            | 1900         |
|    policy_gradient_loss | -0.00369     |
|    std                  | 0.846        |
|    value_loss           | 2.17e-08     |
------------------------------------------
------------------------------------------
| rollout/                |              |
|    ep_len_mean          | 245          |
|    ep_rew_mean          | -2.05        |
| time/                   |              |
|    fps                  | 43           |
|    iterations           | 192          |
|    time_elapsed         | 1123         |
|    total_timesteps      | 49152        |
| train/                  |              |
|    approx_kl            | 0.0037822481 |
|    clip_fraction        | 0.00313      |
|    clip_range           | 0.2          |
|    entropy_loss         | -2.5         |
|    explained_variance   | 0.942        |
|    learning_rate        | 0.0003       |
|    loss                 | -0.0024      |
|    n_updates            | 1910         |
|    policy_gradient_loss | -0.00103     |
|    std                  | 0.843        |
|    value_loss           | 2.44e-09     |
------------------------------------------
-----------------------------------------
| rollout/                |             |
|    ep_len_mean          | 245         |
|    ep_rew_mean          | -2.05       |
| time/                   |             |
|    fps                  | 43          |
|    iterations           | 193         |
|    time_elapsed         | 1129        |
|    total_timesteps      | 49408       |
| train/                  |             |
|    approx_kl            | 0.005103655 |
|    clip_fraction        | 0.0516      |
|    clip_range           | 0.2         |
|    entropy_loss         | -2.49       |
|    explained_variance   | 0.952       |
|    learning_rate        | 0.0003      |
|    loss                 | -0.00721    |
|    n_updates            | 1920        |
|    policy_gradient_loss | -0.00577    |
|    std                  | 0.841       |
|    value_loss           | 1.29e-08    |
-----------------------------------------
-----------------------------------------
| rollout/                |             |
|    ep_len_mean          | 245         |
|    ep_rew_mean          | -2.05       |
| time/                   |             |
|    fps                  | 43          |
|    iterations           | 194         |
|    time_elapsed         | 1135        |
|    total_timesteps      | 49664       |
| train/                  |             |
|    approx_kl            | 0.006842999 |
|    clip_fraction        | 0.0406      |
|    clip_range           | 0.2         |
|    entropy_loss         | -2.49       |
|    explained_variance   | 0.969       |
|    learning_rate        | 0.0003      |
|    loss                 | -0.025      |
|    n_updates            | 1930        |
|    policy_gradient_loss | -0.00262    |
|    std                  | 0.842       |
|    value_loss           | 2.82e-08    |
-----------------------------------------
------------------------------------------
| rollout/                |              |
|    ep_len_mean          | 245          |
|    ep_rew_mean          | -2.05        |
| time/                   |              |
|    fps                  | 43           |
|    iterations           | 195          |
|    time_elapsed         | 1141         |
|    total_timesteps      | 49920        |
| train/                  |              |
|    approx_kl            | 0.0041544847 |
|    clip_fraction        | 0.0402       |
|    clip_range           | 0.2          |
|    entropy_loss         | -2.49        |
|    explained_variance   | 0.955        |
|    learning_rate        | 0.0003       |
|    loss                 | 0.0142       |
|    n_updates            | 1940         |
|    policy_gradient_loss | -0.00479     |
|    std                  | 0.837        |
|    value_loss           | 3.21e-08     |
------------------------------------------
------------------------------------------
| rollout/                |              |
|    ep_len_mean          | 245          |
|    ep_rew_mean          | -2.05        |
| time/                   |              |
|    fps                  | 43           |
|    iterations           | 196          |
|    time_elapsed         | 1146         |
|    total_timesteps      | 50176        |
| train/                  |              |
|    approx_kl            | 0.0054105036 |
|    clip_fraction        | 0.0273       |
|    clip_range           | 0.2          |
|    entropy_loss         | -2.48        |
|    explained_variance   | 0.971        |
|    learning_rate        | 0.0003       |
|    loss                 | 0.00316      |
|    n_updates            | 1950         |
|    policy_gradient_loss | -0.00211     |
|    std                  | 0.84         |
|    value_loss           | 3.86e-08     |
------------------------------------------
------------------------------------------
| rollout/                |              |
|    ep_len_mean          | 245          |
|    ep_rew_mean          | -2.05        |
| time/                   |              |
|    fps                  | 43           |
|    iterations           | 197          |
|    time_elapsed         | 1152         |
|    total_timesteps      | 50432        |
| train/                  |              |
|    approx_kl            | 0.0038717662 |
|    clip_fraction        | 0.027        |
|    clip_range           | 0.2          |
|    entropy_loss         | -2.48        |
|    explained_variance   | 0.959        |
|    learning_rate        | 0.0003       |
|    loss                 | -0.000618    |
|    n_updates            | 1960         |
|    policy_gradient_loss | -0.0029      |
|    std                  | 0.837        |
|    value_loss           | 2.42e-08     |
------------------------------------------
------------------------------------------
| rollout/                |              |
|    ep_len_mean          | 245          |
|    ep_rew_mean          | -2.05        |
| time/                   |              |
|    fps                  | 43           |
|    iterations           | 198          |
|    time_elapsed         | 1158         |
|    total_timesteps      | 50688        |
| train/                  |              |
|    approx_kl            | 0.0042780256 |
|    clip_fraction        | 0.0551       |
|    clip_range           | 0.2          |
|    entropy_loss         | -2.48        |
|    explained_variance   | 0.969        |
|    learning_rate        | 0.0003       |
|    loss                 | -0.0177      |
|    n_updates            | 1970         |
|    policy_gradient_loss | -0.00373     |
|    std                  | 0.833        |
|    value_loss           | 3.13e-08     |
------------------------------------------
-----------------------------------------
| rollout/                |             |
|    ep_len_mean          | 245         |
|    ep_rew_mean          | -2.05       |
| time/                   |             |
|    fps                  | 43          |
|    iterations           | 199         |
|    time_elapsed         | 1164        |
|    total_timesteps      | 50944       |
| train/                  |             |
|    approx_kl            | 0.011164807 |
|    clip_fraction        | 0.158       |
|    clip_range           | 0.2         |
|    entropy_loss         | -2.47       |
|    explained_variance   | 0.958       |
|    learning_rate        | 0.0003      |
|    loss                 | -0.0261     |
|    n_updates            | 1980        |
|    policy_gradient_loss | -0.0115     |
|    std                  | 0.834       |
|    value_loss           | 6.69e-09    |
-----------------------------------------
------------------------------------------
| rollout/                |              |
|    ep_len_mean          | 245          |
|    ep_rew_mean          | -2.05        |
| time/                   |              |
|    fps                  | 43           |
|    iterations           | 200          |
|    time_elapsed         | 1170         |
|    total_timesteps      | 51200        |
| train/                  |              |
|    approx_kl            | 0.0032009536 |
|    clip_fraction        | 0.0672       |
|    clip_range           | 0.2          |
|    entropy_loss         | -2.47        |
|    explained_variance   | 0.967        |
|    learning_rate        | 0.0003       |
|    loss                 | -0.0131      |
|    n_updates            | 1990         |
|    policy_gradient_loss | -0.0029      |
|    std                  | 0.833        |
|    value_loss           | 5.86e-09     |
------------------------------------------
------------------------------------------
| rollout/                |              |
|    ep_len_mean          | 245          |
|    ep_rew_mean          | -2.05        |
| time/                   |              |
|    fps                  | 43           |
|    iterations           | 201          |
|    time_elapsed         | 1175         |
|    total_timesteps      | 51456        |
| train/                  |              |
|    approx_kl            | 0.0049570617 |
|    clip_fraction        | 0.0598       |
|    clip_range           | 0.2          |
|    entropy_loss         | -2.47        |
|    explained_variance   | 0.809        |
|    learning_rate        | 0.0003       |
|    loss                 | -0.00667     |
|    n_updates            | 2000         |
|    policy_gradient_loss | -0.00279     |
|    std                  | 0.834        |
|    value_loss           | 3.48e-09     |
------------------------------------------
------------------------------------------
| rollout/                |              |
|    ep_len_mean          | 245          |
|    ep_rew_mean          | -2.05        |
| time/                   |              |
|    fps                  | 43           |
|    iterations           | 202          |
|    time_elapsed         | 1181         |
|    total_timesteps      | 51712        |
| train/                  |              |
|    approx_kl            | 0.0046031023 |
|    clip_fraction        | 0.00625      |
|    clip_range           | 0.2          |
|    entropy_loss         | -2.47        |
|    explained_variance   | 0.971        |
|    learning_rate        | 0.0003       |
|    loss                 | -0.0157      |
|    n_updates            | 2010         |
|    policy_gradient_loss | -0.000967    |
|    std                  | 0.835        |
|    value_loss           | 1.97e-08     |
------------------------------------------
------------------------------------------
| rollout/                |              |
|    ep_len_mean          | 245          |
|    ep_rew_mean          | -2.05        |
| time/                   |              |
|    fps                  | 43           |
|    iterations           | 203          |
|    time_elapsed         | 1187         |
|    total_timesteps      | 51968        |
| train/                  |              |
|    approx_kl            | 0.0015920522 |
|    clip_fraction        | 0.00156      |
|    clip_range           | 0.2          |
|    entropy_loss         | -2.48        |
|    explained_variance   | 0.967        |
|    learning_rate        | 0.0003       |
|    loss                 | -0.0085      |
|    n_updates            | 2020         |
|    policy_gradient_loss | 3.8e-05      |
|    std                  | 0.837        |
|    value_loss           | 1.1e-07      |
------------------------------------------
------------------------------------------
| rollout/                |              |
|    ep_len_mean          | 245          |
|    ep_rew_mean          | -2.05        |
| time/                   |              |
|    fps                  | 43           |
|    iterations           | 204          |
|    time_elapsed         | 1193         |
|    total_timesteps      | 52224        |
| train/                  |              |
|    approx_kl            | 0.0057422873 |
|    clip_fraction        | 0.066        |
|    clip_range           | 0.2          |
|    entropy_loss         | -2.48        |
|    explained_variance   | 0.978        |
|    learning_rate        | 0.0003       |
|    loss                 | -0.0108      |
|    n_updates            | 2030         |
|    policy_gradient_loss | -0.00556     |
|    std                  | 0.833        |
|    value_loss           | 4.89e-08     |
------------------------------------------
-----------------------------------------
| rollout/                |             |
|    ep_len_mean          | 245         |
|    ep_rew_mean          | -2.05       |
| time/                   |             |
|    fps                  | 43          |
|    iterations           | 205         |
|    time_elapsed         | 1199        |
|    total_timesteps      | 52480       |
| train/                  |             |
|    approx_kl            | 0.008588998 |
|    clip_fraction        | 0.127       |
|    clip_range           | 0.2         |
|    entropy_loss         | -2.47       |
|    explained_variance   | 0.984       |
|    learning_rate        | 0.0003      |
|    loss                 | -0.0109     |
|    n_updates            | 2040        |
|    policy_gradient_loss | -0.00568    |
|    std                  | 0.833       |
|    value_loss           | 4.28e-09    |
-----------------------------------------
------------------------------------------
| rollout/                |              |
|    ep_len_mean          | 245          |
|    ep_rew_mean          | -2.05        |
| time/                   |              |
|    fps                  | 43           |
|    iterations           | 206          |
|    time_elapsed         | 1205         |
|    total_timesteps      | 52736        |
| train/                  |              |
|    approx_kl            | 0.0077485256 |
|    clip_fraction        | 0.0598       |
|    clip_range           | 0.2          |
|    entropy_loss         | -2.47        |
|    explained_variance   | 0.928        |
|    learning_rate        | 0.0003       |
|    loss                 | 0.00457      |
|    n_updates            | 2050         |
|    policy_gradient_loss | -0.00225     |
|    std                  | 0.831        |
|    value_loss           | 8.02e-08     |
------------------------------------------
-----------------------------------------
| rollout/                |             |
|    ep_len_mean          | 248         |
|    ep_rew_mean          | -2.28       |
| time/                   |             |
|    fps                  | 43          |
|    iterations           | 207         |
|    time_elapsed         | 1211        |
|    total_timesteps      | 52992       |
| train/                  |             |
|    approx_kl            | 0.005987295 |
|    clip_fraction        | 0.0625      |
|    clip_range           | 0.2         |
|    entropy_loss         | -2.47       |
|    explained_variance   | 0.975       |
|    learning_rate        | 0.0003      |
|    loss                 | 0.00357     |
|    n_updates            | 2060        |
|    policy_gradient_loss | -0.00345    |
|    std                  | 0.833       |
|    value_loss           | 5.35e-08    |
-----------------------------------------
------------------------------------------
| rollout/                |              |
|    ep_len_mean          | 248          |
|    ep_rew_mean          | -2.28        |
| time/                   |              |
|    fps                  | 43           |
|    iterations           | 208          |
|    time_elapsed         | 1216         |
|    total_timesteps      | 53248        |
| train/                  |              |
|    approx_kl            | 0.0025673406 |
|    clip_fraction        | 0.0215       |
|    clip_range           | 0.2          |
|    entropy_loss         | -2.48        |
|    explained_variance   | -0.312       |
|    learning_rate        | 0.0003       |
|    loss                 | -0.00763     |
|    n_updates            | 2070         |
|    policy_gradient_loss | -0.00103     |
|    std                  | 0.839        |
|    value_loss           | 7.73e-08     |
------------------------------------------
------------------------------------------
| rollout/                |              |
|    ep_len_mean          | 248          |
|    ep_rew_mean          | -2.28        |
| time/                   |              |
|    fps                  | 43           |
|    iterations           | 209          |
|    time_elapsed         | 1222         |
|    total_timesteps      | 53504        |
| train/                  |              |
|    approx_kl            | 0.0056394106 |
|    clip_fraction        | 0.0242       |
|    clip_range           | 0.2          |
|    entropy_loss         | -2.48        |
|    explained_variance   | 0.98         |
|    learning_rate        | 0.0003       |
|    loss                 | 0.0155       |
|    n_updates            | 2080         |
|    policy_gradient_loss | -0.00273     |
|    std                  | 0.838        |
|    value_loss           | 2.25e-08     |
------------------------------------------
-----------------------------------------
| rollout/                |             |
|    ep_len_mean          | 248         |
|    ep_rew_mean          | -2.28       |
| time/                   |             |
|    fps                  | 43          |
|    iterations           | 210         |
|    time_elapsed         | 1228        |
|    total_timesteps      | 53760       |
| train/                  |             |
|    approx_kl            | 0.008990765 |
|    clip_fraction        | 0.0957      |
|    clip_range           | 0.2         |
|    entropy_loss         | -2.48       |
|    explained_variance   | 0.996       |
|    learning_rate        | 0.0003      |
|    loss                 | 0.00375     |
|    n_updates            | 2090        |
|    policy_gradient_loss | -0.00424    |
|    std                  | 0.832       |
|    value_loss           | 3.29e-09    |
-----------------------------------------
-------------------------------------------
| rollout/                |               |
|    ep_len_mean          | 248           |
|    ep_rew_mean          | -2.28         |
| time/                   |               |
|    fps                  | 43            |
|    iterations           | 211           |
|    time_elapsed         | 1234          |
|    total_timesteps      | 54016         |
| train/                  |               |
|    approx_kl            | 0.00057841954 |
|    clip_fraction        | 0.00195       |
|    clip_range           | 0.2           |
|    entropy_loss         | -2.46         |
|    explained_variance   | 0.834         |
|    learning_rate        | 0.0003        |
|    loss                 | -0.0044       |
|    n_updates            | 2100          |
|    policy_gradient_loss | 0.000368      |
|    std                  | 0.827         |
|    value_loss           | 1.94e-08      |
-------------------------------------------
-----------------------------------------
| rollout/                |             |
|    ep_len_mean          | 248         |
|    ep_rew_mean          | -2.28       |
| time/                   |             |
|    fps                  | 43          |
|    iterations           | 212         |
|    time_elapsed         | 1240        |
|    total_timesteps      | 54272       |
| train/                  |             |
|    approx_kl            | 0.010229422 |
|    clip_fraction        | 0.117       |
|    clip_range           | 0.2         |
|    entropy_loss         | -2.46       |
|    explained_variance   | 0.986       |
|    learning_rate        | 0.0003      |
|    loss                 | 0.00348     |
|    n_updates            | 2110        |
|    policy_gradient_loss | -0.00587    |
|    std                  | 0.828       |
|    value_loss           | 1.71e-09    |
-----------------------------------------
-----------------------------------------
| rollout/                |             |
|    ep_len_mean          | 248         |
|    ep_rew_mean          | -2.28       |
| time/                   |             |
|    fps                  | 43          |
|    iterations           | 213         |
|    time_elapsed         | 1246        |
|    total_timesteps      | 54528       |
| train/                  |             |
|    approx_kl            | 0.007963761 |
|    clip_fraction        | 0.118       |
|    clip_range           | 0.2         |
|    entropy_loss         | -2.46       |
|    explained_variance   | 0.988       |
|    learning_rate        | 0.0003      |
|    loss                 | -0.0277     |
|    n_updates            | 2120        |
|    policy_gradient_loss | -0.00695    |
|    std                  | 0.824       |
|    value_loss           | 3.14e-09    |
-----------------------------------------
----------------------------------------
| rollout/                |            |
|    ep_len_mean          | 248        |
|    ep_rew_mean          | -2.28      |
| time/                   |            |
|    fps                  | 43         |
|    iterations           | 214        |
|    time_elapsed         | 1252       |
|    total_timesteps      | 54784      |
| train/                  |            |
|    approx_kl            | 0.00367507 |
|    clip_fraction        | 0.0293     |
|    clip_range           | 0.2        |
|    entropy_loss         | -2.45      |
|    explained_variance   | 0.955      |
|    learning_rate        | 0.0003     |
|    loss                 | -0.000108  |
|    n_updates            | 2130       |
|    policy_gradient_loss | -0.00477   |
|    std                  | 0.822      |
|    value_loss           | 4.5e-08    |
----------------------------------------
-----------------------------------------
| rollout/                |             |
|    ep_len_mean          | 248         |
|    ep_rew_mean          | -2.28       |
| time/                   |             |
|    fps                  | 43          |
|    iterations           | 215         |
|    time_elapsed         | 1257        |
|    total_timesteps      | 55040       |
| train/                  |             |
|    approx_kl            | 0.009853698 |
|    clip_fraction        | 0.106       |
|    clip_range           | 0.2         |
|    entropy_loss         | -2.45       |
|    explained_variance   | 0.988       |
|    learning_rate        | 0.0003      |
|    loss                 | 0.0022      |
|    n_updates            | 2140        |
|    policy_gradient_loss | -0.00556    |
|    std                  | 0.825       |
|    value_loss           | 1.13e-09    |
-----------------------------------------
-----------------------------------------
| rollout/                |             |
|    ep_len_mean          | 248         |
|    ep_rew_mean          | -2.28       |
| time/                   |             |
|    fps                  | 43          |
|    iterations           | 216         |
|    time_elapsed         | 1263        |
|    total_timesteps      | 55296       |
| train/                  |             |
|    approx_kl            | 0.004837497 |
|    clip_fraction        | 0.106       |
|    clip_range           | 0.2         |
|    entropy_loss         | -2.45       |
|    explained_variance   | 0.978       |
|    learning_rate        | 0.0003      |
|    loss                 | -0.0066     |
|    n_updates            | 2150        |
|    policy_gradient_loss | -0.00544    |
|    std                  | 0.826       |
|    value_loss           | 6.91e-09    |
-----------------------------------------
-----------------------------------------
| rollout/                |             |
|    ep_len_mean          | 248         |
|    ep_rew_mean          | -2.28       |
| time/                   |             |
|    fps                  | 43          |
|    iterations           | 217         |
|    time_elapsed         | 1269        |
|    total_timesteps      | 55552       |
| train/                  |             |
|    approx_kl            | 0.003536113 |
|    clip_fraction        | 0.0305      |
|    clip_range           | 0.2         |
|    entropy_loss         | -2.45       |
|    explained_variance   | 0.977       |
|    learning_rate        | 0.0003      |
|    loss                 | -0.00189    |
|    n_updates            | 2160        |
|    policy_gradient_loss | -0.00311    |
|    std                  | 0.826       |
|    value_loss           | 4.04e-08    |
-----------------------------------------
-----------------------------------------
| rollout/                |             |
|    ep_len_mean          | 250         |
|    ep_rew_mean          | -2.5        |
| time/                   |             |
|    fps                  | 43          |
|    iterations           | 218         |
|    time_elapsed         | 1275        |
|    total_timesteps      | 55808       |
| train/                  |             |
|    approx_kl            | 0.006352083 |
|    clip_fraction        | 0.0684      |
|    clip_range           | 0.2         |
|    entropy_loss         | -2.45       |
|    explained_variance   | 0.968       |
|    learning_rate        | 0.0003      |
|    loss                 | -0.0238     |
|    n_updates            | 2170        |
|    policy_gradient_loss | -0.00507    |
|    std                  | 0.829       |
|    value_loss           | 1.62e-07    |
-----------------------------------------
----------------------------------------
| rollout/                |            |
|    ep_len_mean          | 250        |
|    ep_rew_mean          | -2.5       |
| time/                   |            |
|    fps                  | 43         |
|    iterations           | 219        |
|    time_elapsed         | 1281       |
|    total_timesteps      | 56064      |
| train/                  |            |
|    approx_kl            | 0.00522828 |
|    clip_fraction        | 0.0785     |
|    clip_range           | 0.2        |
|    entropy_loss         | -2.46      |
|    explained_variance   | 0.948      |
|    learning_rate        | 0.0003     |
|    loss                 | -0.031     |
|    n_updates            | 2180       |
|    policy_gradient_loss | -0.00977   |
|    std                  | 0.83       |
|    value_loss           | 1.9e-06    |
----------------------------------------
------------------------------------------
| rollout/                |              |
|    ep_len_mean          | 248          |
|    ep_rew_mean          | -2.28        |
| time/                   |              |
|    fps                  | 43           |
|    iterations           | 220          |
|    time_elapsed         | 1287         |
|    total_timesteps      | 56320        |
| train/                  |              |
|    approx_kl            | 0.0022533266 |
|    clip_fraction        | 0.00273      |
|    clip_range           | 0.2          |
|    entropy_loss         | -2.46        |
|    explained_variance   | 0.976        |
|    learning_rate        | 0.0003       |
|    loss                 | -0.00322     |
|    n_updates            | 2190         |
|    policy_gradient_loss | -0.000126    |
|    std                  | 0.828        |
|    value_loss           | 2.94e-06     |
------------------------------------------
------------------------------------------
| rollout/                |              |
|    ep_len_mean          | 248          |
|    ep_rew_mean          | -2.28        |
| time/                   |              |
|    fps                  | 43           |
|    iterations           | 221          |
|    time_elapsed         | 1293         |
|    total_timesteps      | 56576        |
| train/                  |              |
|    approx_kl            | 0.0042844494 |
|    clip_fraction        | 0.0871       |
|    clip_range           | 0.2          |
|    entropy_loss         | -2.46        |
|    explained_variance   | 7.33e-05     |
|    learning_rate        | 0.0003       |
|    loss                 | 0.0108       |
|    n_updates            | 2200         |
|    policy_gradient_loss | -0.00493     |
|    std                  | 0.828        |
|    value_loss           | 1.72         |
------------------------------------------
------------------------------------------
| rollout/                |              |
|    ep_len_mean          | 248          |
|    ep_rew_mean          | -2.28        |
| time/                   |              |
|    fps                  | 43           |
|    iterations           | 222          |
|    time_elapsed         | 1299         |
|    total_timesteps      | 56832        |
| train/                  |              |
|    approx_kl            | 0.0057180338 |
|    clip_fraction        | 0.0352       |
|    clip_range           | 0.2          |
|    entropy_loss         | -2.46        |
|    explained_variance   | -0.114       |
|    learning_rate        | 0.0003       |
|    loss                 | -0.00433     |
|    n_updates            | 2210         |
|    policy_gradient_loss | -0.00432     |
|    std                  | 0.832        |
|    value_loss           | 6.23e-05     |
------------------------------------------
------------------------------------------
| rollout/                |              |
|    ep_len_mean          | 248          |
|    ep_rew_mean          | -2.28        |
| time/                   |              |
|    fps                  | 43           |
|    iterations           | 223          |
|    time_elapsed         | 1304         |
|    total_timesteps      | 57088        |
| train/                  |              |
|    approx_kl            | 0.0037435263 |
|    clip_fraction        | 0.0203       |
|    clip_range           | 0.2          |
|    entropy_loss         | -2.47        |
|    explained_variance   | 0.248        |
|    learning_rate        | 0.0003       |
|    loss                 | -0.00233     |
|    n_updates            | 2220         |
|    policy_gradient_loss | -0.00257     |
|    std                  | 0.83         |
|    value_loss           | 7.11e-06     |
------------------------------------------
-----------------------------------------
| rollout/                |             |
|    ep_len_mean          | 248         |
|    ep_rew_mean          | -2.28       |
| time/                   |             |
|    fps                  | 43          |
|    iterations           | 224         |
|    time_elapsed         | 1310        |
|    total_timesteps      | 57344       |
| train/                  |             |
|    approx_kl            | 0.007098861 |
|    clip_fraction        | 0.0719      |
|    clip_range           | 0.2         |
|    entropy_loss         | -2.46       |
|    explained_variance   | 0.204       |
|    learning_rate        | 0.0003      |
|    loss                 | 0.00446     |
|    n_updates            | 2230        |
|    policy_gradient_loss | -0.00365    |
|    std                  | 0.83        |
|    value_loss           | 4.27e-06    |
-----------------------------------------
-----------------------------------------
| rollout/                |             |
|    ep_len_mean          | 248         |
|    ep_rew_mean          | -2.28       |
| time/                   |             |
|    fps                  | 43          |
|    iterations           | 225         |
|    time_elapsed         | 1316        |
|    total_timesteps      | 57600       |
| train/                  |             |
|    approx_kl            | 0.010590751 |
|    clip_fraction        | 0.169       |
|    clip_range           | 0.2         |
|    entropy_loss         | -2.47       |
|    explained_variance   | 0.0201      |
|    learning_rate        | 0.0003      |
|    loss                 | -0.00593    |
|    n_updates            | 2240        |
|    policy_gradient_loss | -0.00738    |
|    std                  | 0.831       |
|    value_loss           | 6.04e-06    |
-----------------------------------------
------------------------------------------
| rollout/                |              |
|    ep_len_mean          | 248          |
|    ep_rew_mean          | -2.28        |
| time/                   |              |
|    fps                  | 43           |
|    iterations           | 226          |
|    time_elapsed         | 1322         |
|    total_timesteps      | 57856        |
| train/                  |              |
|    approx_kl            | 0.0054247137 |
|    clip_fraction        | 0.0816       |
|    clip_range           | 0.2          |
|    entropy_loss         | -2.47        |
|    explained_variance   | 0.0933       |
|    learning_rate        | 0.0003       |
|    loss                 | -0.00866     |
|    n_updates            | 2250         |
|    policy_gradient_loss | -0.0052      |
|    std                  | 0.831        |
|    value_loss           | 2.66e-06     |
------------------------------------------
-----------------------------------------
| rollout/                |             |
|    ep_len_mean          | 248         |
|    ep_rew_mean          | -2.28       |
| time/                   |             |
|    fps                  | 43          |
|    iterations           | 227         |
|    time_elapsed         | 1328        |
|    total_timesteps      | 58112       |
| train/                  |             |
|    approx_kl            | 0.010222312 |
|    clip_fraction        | 0.0883      |
|    clip_range           | 0.2         |
|    entropy_loss         | -2.46       |
|    explained_variance   | 0.403       |
|    learning_rate        | 0.0003      |
|    loss                 | 0.00926     |
|    n_updates            | 2260        |
|    policy_gradient_loss | -0.00472    |
|    std                  | 0.829       |
|    value_loss           | 1.89e-06    |
-----------------------------------------
------------------------------------------
| rollout/                |              |
|    ep_len_mean          | 248          |
|    ep_rew_mean          | -2.28        |
| time/                   |              |
|    fps                  | 43           |
|    iterations           | 228          |
|    time_elapsed         | 1334         |
|    total_timesteps      | 58368        |
| train/                  |              |
|    approx_kl            | 0.0044034095 |
|    clip_fraction        | 0.0773       |
|    clip_range           | 0.2          |
|    entropy_loss         | -2.46        |
|    explained_variance   | 0.303        |
|    learning_rate        | 0.0003       |
|    loss                 | -0.0264      |
|    n_updates            | 2270         |
|    policy_gradient_loss | -0.0059      |
|    std                  | 0.829        |
|    value_loss           | 2.62e-06     |
------------------------------------------
-----------------------------------------
| rollout/                |             |
|    ep_len_mean          | 248         |
|    ep_rew_mean          | -2.28       |
| time/                   |             |
|    fps                  | 43          |
|    iterations           | 229         |
|    time_elapsed         | 1339        |
|    total_timesteps      | 58624       |
| train/                  |             |
|    approx_kl            | 0.009309936 |
|    clip_fraction        | 0.176       |
|    clip_range           | 0.2         |
|    entropy_loss         | -2.46       |
|    explained_variance   | 0.508       |
|    learning_rate        | 0.0003      |
|    loss                 | -0.0146     |
|    n_updates            | 2280        |
|    policy_gradient_loss | -0.0105     |
|    std                  | 0.827       |
|    value_loss           | 2.23e-06    |
-----------------------------------------
-----------------------------------------
| rollout/                |             |
|    ep_len_mean          | 248         |
|    ep_rew_mean          | -2.28       |
| time/                   |             |
|    fps                  | 43          |
|    iterations           | 230         |
|    time_elapsed         | 1345        |
|    total_timesteps      | 58880       |
| train/                  |             |
|    approx_kl            | 0.004318592 |
|    clip_fraction        | 0.0316      |
|    clip_range           | 0.2         |
|    entropy_loss         | -2.45       |
|    explained_variance   | 0.305       |
|    learning_rate        | 0.0003      |
|    loss                 | -0.025      |
|    n_updates            | 2290        |
|    policy_gradient_loss | -0.00297    |
|    std                  | 0.821       |
|    value_loss           | 1.14e-06    |
-----------------------------------------
-----------------------------------------
| rollout/                |             |
|    ep_len_mean          | 248         |
|    ep_rew_mean          | -2.28       |
| time/                   |             |
|    fps                  | 43          |
|    iterations           | 231         |
|    time_elapsed         | 1351        |
|    total_timesteps      | 59136       |
| train/                  |             |
|    approx_kl            | 0.012294799 |
|    clip_fraction        | 0.17        |
|    clip_range           | 0.2         |
|    entropy_loss         | -2.44       |
|    explained_variance   | 0.581       |
|    learning_rate        | 0.0003      |
|    loss                 | -0.0109     |
|    n_updates            | 2300        |
|    policy_gradient_loss | -0.0149     |
|    std                  | 0.821       |
|    value_loss           | 5.41e-07    |
-----------------------------------------
------------------------------------------
| rollout/                |              |
|    ep_len_mean          | 248          |
|    ep_rew_mean          | -2.28        |
| time/                   |              |
|    fps                  | 43           |
|    iterations           | 232          |
|    time_elapsed         | 1357         |
|    total_timesteps      | 59392        |
| train/                  |              |
|    approx_kl            | 0.0034174512 |
|    clip_fraction        | 0.00352      |
|    clip_range           | 0.2          |
|    entropy_loss         | -2.45        |
|    explained_variance   | 0.86         |
|    learning_rate        | 0.0003       |
|    loss                 | -0.000624    |
|    n_updates            | 2310         |
|    policy_gradient_loss | -0.00125     |
|    std                  | 0.824        |
|    value_loss           | 1.21e-06     |
------------------------------------------
----------------------------------------
| rollout/                |            |
|    ep_len_mean          | 248        |
|    ep_rew_mean          | -2.28      |
| time/                   |            |
|    fps                  | 43         |
|    iterations           | 233        |
|    time_elapsed         | 1363       |
|    total_timesteps      | 59648      |
| train/                  |            |
|    approx_kl            | 0.00411714 |
|    clip_fraction        | 0.0301     |
|    clip_range           | 0.2        |
|    entropy_loss         | -2.45      |
|    explained_variance   | 0.548      |
|    learning_rate        | 0.0003     |
|    loss                 | 0.00532    |
|    n_updates            | 2320       |
|    policy_gradient_loss | -0.00115   |
|    std                  | 0.825      |
|    value_loss           | 1.35e-06   |
----------------------------------------
--------------------------------------
| rollout/                |          |
|    ep_len_mean          | 248      |
|    ep_rew_mean          | -2.28    |
| time/                   |          |
|    fps                  | 43       |
|    iterations           | 234      |
|    time_elapsed         | 1369     |
|    total_timesteps      | 59904    |
| train/                  |          |
|    approx_kl            | 0.007014 |
|    clip_fraction        | 0.112    |
|    clip_range           | 0.2      |
|    entropy_loss         | -2.45    |
|    explained_variance   | 0.397    |
|    learning_rate        | 0.0003   |
|    loss                 | -0.00212 |
|    n_updates            | 2330     |
|    policy_gradient_loss | -0.0119  |
|    std                  | 0.827    |
|    value_loss           | 4.92e-07 |
--------------------------------------
-----------------------------------------
| rollout/                |             |
|    ep_len_mean          | 248         |
|    ep_rew_mean          | -2.28       |
| time/                   |             |
|    fps                  | 43          |
|    iterations           | 235         |
|    time_elapsed         | 1375        |
|    total_timesteps      | 60160       |
| train/                  |             |
|    approx_kl            | 0.007046376 |
|    clip_fraction        | 0.12        |
|    clip_range           | 0.2         |
|    entropy_loss         | -2.46       |
|    explained_variance   | 0.0868      |
|    learning_rate        | 0.0003      |
|    loss                 | -0.026      |
|    n_updates            | 2340        |
|    policy_gradient_loss | -0.00905    |
|    std                  | 0.828       |
|    value_loss           | 1.96e-07    |
-----------------------------------------
Saved /workspace/baseline_v2.zip
