Wrapping the env with a `Monitor` wrapper
Wrapping the env in a DummyVecEnv.
Resumed from /workspace/curriculum_p2.zip
---------------------------------
| rollout/           |          |
|    ep_len_mean     | 106      |
|    ep_rew_mean     | 1.56     |
| time/              |          |
|    fps             | 91       |
|    iterations      | 1        |
|    time_elapsed    | 2        |
|    total_timesteps | 120576   |
---------------------------------
------------------------------------------
| rollout/                |              |
|    ep_len_mean          | 106          |
|    ep_rew_mean          | 1.56         |
| time/                   |              |
|    fps                  | 94           |
|    iterations           | 2            |
|    time_elapsed         | 5            |
|    total_timesteps      | 120832       |
| train/                  |              |
|    approx_kl            | 0.0055700736 |
|    clip_fraction        | 0.066        |
|    clip_range           | 0.2          |
|    entropy_loss         | -2.61        |
|    explained_variance   | 0.00597      |
|    learning_rate        | 0.0003       |
|    loss                 | -0.0356      |
|    n_updates            | 4710         |
|    policy_gradient_loss | -0.00285     |
|    std                  | 0.894        |
|    value_loss           | 0.00534      |
------------------------------------------
-----------------------------------------
| rollout/                |             |
|    ep_len_mean          | 107         |
|    ep_rew_mean          | 1.34        |
| time/                   |             |
|    fps                  | 95          |
|    iterations           | 3           |
|    time_elapsed         | 8           |
|    total_timesteps      | 121088      |
| train/                  |             |
|    approx_kl            | 0.008905118 |
|    clip_fraction        | 0.118       |
|    clip_range           | 0.2         |
|    entropy_loss         | -2.61       |
|    explained_variance   | 0.00223     |
|    learning_rate        | 0.0003      |
|    loss                 | -0.0192     |
|    n_updates            | 4720        |
|    policy_gradient_loss | -0.00815    |
|    std                  | 0.897       |
|    value_loss           | 0.0116      |
-----------------------------------------
----------------------------------------
| rollout/                |            |
|    ep_len_mean          | 107        |
|    ep_rew_mean          | 1.34       |
| time/                   |            |
|    fps                  | 96         |
|    iterations           | 4          |
|    time_elapsed         | 10         |
|    total_timesteps      | 121344     |
| train/                  |            |
|    approx_kl            | 0.00565077 |
|    clip_fraction        | 0.0848     |
|    clip_range           | 0.2        |
|    entropy_loss         | -2.62      |
|    explained_variance   | 0.00123    |
|    learning_rate        | 0.0003     |
|    loss                 | -0.0359    |
|    n_updates            | 4730       |
|    policy_gradient_loss | -0.00774   |
|    std                  | 0.902      |
|    value_loss           | 0.00905    |
----------------------------------------
------------------------------------------
| rollout/                |              |
|    ep_len_mean          | 108          |
|    ep_rew_mean          | 1.13         |
| time/                   |              |
|    fps                  | 96           |
|    iterations           | 5            |
|    time_elapsed         | 13           |
|    total_timesteps      | 121600       |
| train/                  |              |
|    approx_kl            | 0.0050665196 |
|    clip_fraction        | 0.0207       |
|    clip_range           | 0.2          |
|    entropy_loss         | -2.63        |
|    explained_variance   | 0.0058       |
|    learning_rate        | 0.0003       |
|    loss                 | -0.0281      |
|    n_updates            | 4740         |
|    policy_gradient_loss | -0.00291     |
|    std                  | 0.905        |
|    value_loss           | 0.00715      |
------------------------------------------
-----------------------------------------
| rollout/                |             |
|    ep_len_mean          | 108         |
|    ep_rew_mean          | 1.14        |
| time/                   |             |
|    fps                  | 96          |
|    iterations           | 6           |
|    time_elapsed         | 15          |
|    total_timesteps      | 121856      |
| train/                  |             |
|    approx_kl            | 0.009870456 |
|    clip_fraction        | 0.0809      |
|    clip_range           | 0.2         |
|    entropy_loss         | -2.64       |
|    explained_variance   | -0.000167   |
|    learning_rate        | 0.0003      |
|    loss                 | -0.0454     |
|    n_updates            | 4750        |
|    policy_gradient_loss | -0.00656    |
|    std                  | 0.907       |
|    value_loss           | 0.00434     |
-----------------------------------------
------------------------------------------
| rollout/                |              |
|    ep_len_mean          | 108          |
|    ep_rew_mean          | 1.16         |
| time/                   |              |
|    fps                  | 97           |
|    iterations           | 7            |
|    time_elapsed         | 18           |
|    total_timesteps      | 122112       |
| train/                  |              |
|    approx_kl            | 0.0048779603 |
|    clip_fraction        | 0.00586      |
|    clip_range           | 0.2          |
|    entropy_loss         | -2.64        |
|    explained_variance   | 0.0118       |
|    learning_rate        | 0.0003       |
|    loss                 | -0.0564      |
|    n_updates            | 4760         |
|    policy_gradient_loss | -0.001       |
|    std                  | 0.91         |
|    value_loss           | 0.00406      |
------------------------------------------
------------------------------------------
| rollout/                |              |
|    ep_len_mean          | 109          |
|    ep_rew_mean          | 0.966        |
| time/                   |              |
|    fps                  | 96           |
|    iterations           | 8            |
|    time_elapsed         | 21           |
|    total_timesteps      | 122368       |
| train/                  |              |
|    approx_kl            | 0.0061168596 |
|    clip_fraction        | 0.0965       |
|    clip_range           | 0.2          |
|    entropy_loss         | -2.65        |
|    explained_variance   | 0.00382      |
|    learning_rate        | 0.0003       |
|    loss                 | -0.0177      |
|    n_updates            | 4770         |
|    policy_gradient_loss | -0.0078      |
|    std                  | 0.911        |
|    value_loss           | 0.00484      |
------------------------------------------
------------------------------------------
| rollout/                |              |
|    ep_len_mean          | 109          |
|    ep_rew_mean          | 0.964        |
| time/                   |              |
|    fps                  | 96           |
|    iterations           | 9            |
|    time_elapsed         | 23           |
|    total_timesteps      | 122624       |
| train/                  |              |
|    approx_kl            | 0.0068940083 |
|    clip_fraction        | 0.12         |
|    clip_range           | 0.2          |
|    entropy_loss         | -2.65        |
|    explained_variance   | -0.0173      |
|    learning_rate        | 0.0003       |
|    loss                 | -0.033       |
|    n_updates            | 4780         |
|    policy_gradient_loss | -0.0127      |
|    std                  | 0.914        |
|    value_loss           | 0.00637      |
------------------------------------------
------------------------------------------
| rollout/                |              |
|    ep_len_mean          | 109          |
|    ep_rew_mean          | 0.952        |
| time/                   |              |
|    fps                  | 96           |
|    iterations           | 10           |
|    time_elapsed         | 26           |
|    total_timesteps      | 122880       |
| train/                  |              |
|    approx_kl            | 0.0067623435 |
|    clip_fraction        | 0.0934       |
|    clip_range           | 0.2          |
|    entropy_loss         | -2.66        |
|    explained_variance   | 0.00333      |
|    learning_rate        | 0.0003       |
|    loss                 | -0.04        |
|    n_updates            | 4790         |
|    policy_gradient_loss | -0.00629     |
|    std                  | 0.915        |
|    value_loss           | 0.00375      |
------------------------------------------
-----------------------------------------
| rollout/                |             |
|    ep_len_mean          | 109         |
|    ep_rew_mean          | 0.959       |
| time/                   |             |
|    fps                  | 96          |
|    iterations           | 11          |
|    time_elapsed         | 29          |
|    total_timesteps      | 123136      |
| train/                  |             |
|    approx_kl            | 0.005588456 |
|    clip_fraction        | 0.1         |
|    clip_range           | 0.2         |
|    entropy_loss         | -2.66       |
|    explained_variance   | 0.0068      |
|    learning_rate        | 0.0003      |
|    loss                 | -0.0521     |
|    n_updates            | 4800        |
|    policy_gradient_loss | -0.0109     |
|    std                  | 0.918       |
|    value_loss           | 0.00597     |
-----------------------------------------
------------------------------------------
| rollout/                |              |
|    ep_len_mean          | 109          |
|    ep_rew_mean          | 0.98         |
| time/                   |              |
|    fps                  | 96           |
|    iterations           | 12           |
|    time_elapsed         | 31           |
|    total_timesteps      | 123392       |
| train/                  |              |
|    approx_kl            | 0.0014753842 |
|    clip_fraction        | 0.0195       |
|    clip_range           | 0.2          |
|    entropy_loss         | -2.67        |
|    explained_variance   | -0.0309      |
|    learning_rate        | 0.0003       |
|    loss                 | -0.0389      |
|    n_updates            | 4810         |
|    policy_gradient_loss | -0.00105     |
|    std                  | 0.917        |
|    value_loss           | 0.00304      |
------------------------------------------
----------------------------------------
| rollout/                |            |
|    ep_len_mean          | 109        |
|    ep_rew_mean          | 0.967      |
| time/                   |            |
|    fps                  | 96         |
|    iterations           | 13         |
|    time_elapsed         | 34         |
|    total_timesteps      | 123648     |
| train/                  |            |
|    approx_kl            | 0.00457579 |
|    clip_fraction        | 0.0621     |
|    clip_range           | 0.2        |
|    entropy_loss         | -2.66      |
|    explained_variance   | -0.0138    |
|    learning_rate        | 0.0003     |
|    loss                 | -0.0217    |
|    n_updates            | 4820       |
|    policy_gradient_loss | -0.0069    |
|    std                  | 0.911      |
|    value_loss           | 0.00498    |
----------------------------------------
------------------------------------------
| rollout/                |              |
|    ep_len_mean          | 110          |
|    ep_rew_mean          | 0.768        |
| time/                   |              |
|    fps                  | 97           |
|    iterations           | 14           |
|    time_elapsed         | 36           |
|    total_timesteps      | 123904       |
| train/                  |              |
|    approx_kl            | 0.0050041815 |
|    clip_fraction        | 0.084        |
|    clip_range           | 0.2          |
|    entropy_loss         | -2.64        |
|    explained_variance   | 0.00585      |
|    learning_rate        | 0.0003       |
|    loss                 | -0.0473      |
|    n_updates            | 4830         |
|    policy_gradient_loss | -0.00676     |
|    std                  | 0.904        |
|    value_loss           | 0.00415      |
------------------------------------------
------------------------------------------
| rollout/                |              |
|    ep_len_mean          | 110          |
|    ep_rew_mean          | 0.771        |
| time/                   |              |
|    fps                  | 96           |
|    iterations           | 15           |
|    time_elapsed         | 39           |
|    total_timesteps      | 124160       |
| train/                  |              |
|    approx_kl            | 0.0016460917 |
|    clip_fraction        | 0            |
|    clip_range           | 0.2          |
|    entropy_loss         | -2.63        |
|    explained_variance   | -0.00479     |
|    learning_rate        | 0.0003       |
|    loss                 | -0.0255      |
|    n_updates            | 4840         |
|    policy_gradient_loss | -0.000362    |
|    std                  | 0.901        |
|    value_loss           | 0.00126      |
------------------------------------------
-----------------------------------------
| rollout/                |             |
|    ep_len_mean          | 110         |
|    ep_rew_mean          | 0.754       |
| time/                   |             |
|    fps                  | 96          |
|    iterations           | 16          |
|    time_elapsed         | 42          |
|    total_timesteps      | 124416      |
| train/                  |             |
|    approx_kl            | 0.010106904 |
|    clip_fraction        | 0.0863      |
|    clip_range           | 0.2         |
|    entropy_loss         | -2.63       |
|    explained_variance   | 1.67e-05    |
|    learning_rate        | 0.0003      |
|    loss                 | -0.0322     |
|    n_updates            | 4850        |
|    policy_gradient_loss | -0.00605    |
|    std                  | 0.904       |
|    value_loss           | 1.69        |
-----------------------------------------
-----------------------------------------
| rollout/                |             |
|    ep_len_mean          | 111         |
|    ep_rew_mean          | 0.528       |
| time/                   |             |
|    fps                  | 96          |
|    iterations           | 17          |
|    time_elapsed         | 45          |
|    total_timesteps      | 124672      |
| train/                  |             |
|    approx_kl            | 0.006525592 |
|    clip_fraction        | 0.0852      |
|    clip_range           | 0.2         |
|    entropy_loss         | -2.63       |
|    explained_variance   | -0.00239    |
|    learning_rate        | 0.0003      |
|    loss                 | -0.0398     |
|    n_updates            | 4860        |
|    policy_gradient_loss | -0.00757    |
|    std                  | 0.9         |
|    value_loss           | 0.00397     |
-----------------------------------------
----------------------------------------
| rollout/                |            |
|    ep_len_mean          | 111        |
|    ep_rew_mean          | 0.521      |
| time/                   |            |
|    fps                  | 96         |
|    iterations           | 18         |
|    time_elapsed         | 47         |
|    total_timesteps      | 124928     |
| train/                  |            |
|    approx_kl            | 0.00497589 |
|    clip_fraction        | 0.0367     |
|    clip_range           | 0.2        |
|    entropy_loss         | -2.62      |
|    explained_variance   | -0.00312   |
|    learning_rate        | 0.0003     |
|    loss                 | -0.0441    |
|    n_updates            | 4870       |
|    policy_gradient_loss | -0.0021    |
|    std                  | 0.9        |
|    value_loss           | 0.00602    |
----------------------------------------
------------------------------------------
| rollout/                |              |
|    ep_len_mean          | 111          |
|    ep_rew_mean          | 0.513        |
| time/                   |              |
|    fps                  | 96           |
|    iterations           | 19           |
|    time_elapsed         | 50           |
|    total_timesteps      | 125184       |
| train/                  |              |
|    approx_kl            | 0.0054690987 |
|    clip_fraction        | 0.0172       |
|    clip_range           | 0.2          |
|    entropy_loss         | -2.63        |
|    explained_variance   | 0.00257      |
|    learning_rate        | 0.0003       |
|    loss                 | -0.0281      |
|    n_updates            | 4880         |
|    policy_gradient_loss | -0.00114     |
|    std                  | 0.901        |
|    value_loss           | 0.00662      |
------------------------------------------
------------------------------------------
| rollout/                |              |
|    ep_len_mean          | 112          |
|    ep_rew_mean          | 0.296        |
| time/                   |              |
|    fps                  | 96           |
|    iterations           | 20           |
|    time_elapsed         | 53           |
|    total_timesteps      | 125440       |
| train/                  |              |
|    approx_kl            | 0.0034349528 |
|    clip_fraction        | 0.0238       |
|    clip_range           | 0.2          |
|    entropy_loss         | -2.63        |
|    explained_variance   | 0.00161      |
|    learning_rate        | 0.0003       |
|    loss                 | -0.0322      |
|    n_updates            | 4890         |
|    policy_gradient_loss | -0.00361     |
|    std                  | 0.899        |
|    value_loss           | 0.00353      |
------------------------------------------
-----------------------------------------
| rollout/                |             |
|    ep_len_mean          | 111         |
|    ep_rew_mean          | 0.502       |
| time/                   |             |
|    fps                  | 96          |
|    iterations           | 21          |
|    time_elapsed         | 55          |
|    total_timesteps      | 125696      |
| train/                  |             |
|    approx_kl            | 0.005211463 |
|    clip_fraction        | 0.0508      |
|    clip_range           | 0.2         |
|    entropy_loss         | -2.62       |
|    explained_variance   | -0.00334    |
|    learning_rate        | 0.0003      |
|    loss                 | -0.018      |
|    n_updates            | 4900        |
|    policy_gradient_loss | -0.00274    |
|    std                  | 0.899       |
|    value_loss           | 0.00408     |
-----------------------------------------
-----------------------------------------
| rollout/                |             |
|    ep_len_mean          | 111         |
|    ep_rew_mean          | 0.51        |
| time/                   |             |
|    fps                  | 96          |
|    iterations           | 22          |
|    time_elapsed         | 58          |
|    total_timesteps      | 125952      |
| train/                  |             |
|    approx_kl            | 0.006848312 |
|    clip_fraction        | 0.1         |
|    clip_range           | 0.2         |
|    entropy_loss         | -2.63       |
|    explained_variance   | 3.21e-05    |
|    learning_rate        | 0.0003      |
|    loss                 | -0.021      |
|    n_updates            | 4910        |
|    policy_gradient_loss | -0.00791    |
|    std                  | 0.904       |
|    value_loss           | 1.73        |
-----------------------------------------
------------------------------------------
| rollout/                |              |
|    ep_len_mean          | 111          |
|    ep_rew_mean          | 0.524        |
| time/                   |              |
|    fps                  | 95           |
|    iterations           | 23           |
|    time_elapsed         | 61           |
|    total_timesteps      | 126208       |
| train/                  |              |
|    approx_kl            | 0.0021454212 |
|    clip_fraction        | 0.00195      |
|    clip_range           | 0.2          |
|    entropy_loss         | -2.64        |
|    explained_variance   | 0.00754      |
|    learning_rate        | 0.0003       |
|    loss                 | -0.0298      |
|    n_updates            | 4920         |
|    policy_gradient_loss | 0.000346     |
|    std                  | 0.906        |
|    value_loss           | 0.00517      |
------------------------------------------
-----------------------------------------
| rollout/                |             |
|    ep_len_mean          | 110         |
|    ep_rew_mean          | 0.735       |
| time/                   |             |
|    fps                  | 95          |
|    iterations           | 24          |
|    time_elapsed         | 64          |
|    total_timesteps      | 126464      |
| train/                  |             |
|    approx_kl            | 0.004038267 |
|    clip_fraction        | 0.034       |
|    clip_range           | 0.2         |
|    entropy_loss         | -2.64       |
|    explained_variance   | 4.16e-05    |
|    learning_rate        | 0.0003      |
|    loss                 | -0.0319     |
|    n_updates            | 4930        |
|    policy_gradient_loss | -0.00362    |
|    std                  | 0.905       |
|    value_loss           | 1.71        |
-----------------------------------------
------------------------------------------
| rollout/                |              |
|    ep_len_mean          | 111          |
|    ep_rew_mean          | 0.529        |
| time/                   |              |
|    fps                  | 95           |
|    iterations           | 25           |
|    time_elapsed         | 67           |
|    total_timesteps      | 126720       |
| train/                  |              |
|    approx_kl            | 0.0031295083 |
|    clip_fraction        | 0.0203       |
|    clip_range           | 0.2          |
|    entropy_loss         | -2.64        |
|    explained_variance   | 5.92e-05     |
|    learning_rate        | 0.0003       |
|    loss                 | -0.0342      |
|    n_updates            | 4940         |
|    policy_gradient_loss | -0.00142     |
|    std                  | 0.907        |
|    value_loss           | 1.7          |
------------------------------------------
------------------------------------------
| rollout/                |              |
|    ep_len_mean          | 111          |
|    ep_rew_mean          | 0.517        |
| time/                   |              |
|    fps                  | 95           |
|    iterations           | 26           |
|    time_elapsed         | 69           |
|    total_timesteps      | 126976       |
| train/                  |              |
|    approx_kl            | 0.0070718047 |
|    clip_fraction        | 0.0234       |
|    clip_range           | 0.2          |
|    entropy_loss         | -2.64        |
|    explained_variance   | -0.00927     |
|    learning_rate        | 0.0003       |
|    loss                 | -0.0263      |
|    n_updates            | 4950         |
|    policy_gradient_loss | -0.00177     |
|    std                  | 0.908        |
|    value_loss           | 0.00817      |
------------------------------------------
-----------------------------------------
| rollout/                |             |
|    ep_len_mean          | 111         |
|    ep_rew_mean          | 0.519       |
| time/                   |             |
|    fps                  | 95          |
|    iterations           | 27          |
|    time_elapsed         | 72          |
|    total_timesteps      | 127232      |
| train/                  |             |
|    approx_kl            | 0.006502538 |
|    clip_fraction        | 0.0301      |
|    clip_range           | 0.2         |
|    entropy_loss         | -2.64       |
|    explained_variance   | -0.00442    |
|    learning_rate        | 0.0003      |
|    loss                 | -0.0237     |
|    n_updates            | 4960        |
|    policy_gradient_loss | -0.00249    |
|    std                  | 0.909       |
|    value_loss           | 0.00295     |
-----------------------------------------
------------------------------------------
| rollout/                |              |
|    ep_len_mean          | 110          |
|    ep_rew_mean          | 0.745        |
| time/                   |              |
|    fps                  | 95           |
|    iterations           | 28           |
|    time_elapsed         | 75           |
|    total_timesteps      | 127488       |
| train/                  |              |
|    approx_kl            | 0.0071910657 |
|    clip_fraction        | 0.107        |
|    clip_range           | 0.2          |
|    entropy_loss         | -2.65        |
|    explained_variance   | -0.00666     |
|    learning_rate        | 0.0003       |
|    loss                 | -0.0259      |
|    n_updates            | 4970         |
|    policy_gradient_loss | -0.00891     |
|    std                  | 0.91         |
|    value_loss           | 0.00894      |
------------------------------------------
----------------------------------------
| rollout/                |            |
|    ep_len_mean          | 110        |
|    ep_rew_mean          | 0.749      |
| time/                   |            |
|    fps                  | 95         |
|    iterations           | 29         |
|    time_elapsed         | 77         |
|    total_timesteps      | 127744     |
| train/                  |            |
|    approx_kl            | 0.00338245 |
|    clip_fraction        | 0.00234    |
|    clip_range           | 0.2        |
|    entropy_loss         | -2.65      |
|    explained_variance   | 2.12e-05   |
|    learning_rate        | 0.0003     |
|    loss                 | 6.93       |
|    n_updates            | 4980       |
|    policy_gradient_loss | -0.000884  |
|    std                  | 0.911      |
|    value_loss           | 13.6       |
----------------------------------------
-----------------------------------------
| rollout/                |             |
|    ep_len_mean          | 110         |
|    ep_rew_mean          | 0.747       |
| time/                   |             |
|    fps                  | 95          |
|    iterations           | 30          |
|    time_elapsed         | 80          |
|    total_timesteps      | 128000      |
| train/                  |             |
|    approx_kl            | 0.005030746 |
|    clip_fraction        | 0.0492      |
|    clip_range           | 0.2         |
|    entropy_loss         | -2.65       |
|    explained_variance   | 0.0164      |
|    learning_rate        | 0.0003      |
|    loss                 | -0.0275     |
|    n_updates            | 4990        |
|    policy_gradient_loss | -0.00256    |
|    std                  | 0.913       |
|    value_loss           | 0.0131      |
-----------------------------------------
-----------------------------------------
| rollout/                |             |
|    ep_len_mean          | 110         |
|    ep_rew_mean          | 0.741       |
| time/                   |             |
|    fps                  | 95          |
|    iterations           | 31          |
|    time_elapsed         | 82          |
|    total_timesteps      | 128256      |
| train/                  |             |
|    approx_kl            | 0.005350425 |
|    clip_fraction        | 0.0734      |
|    clip_range           | 0.2         |
|    entropy_loss         | -2.65       |
|    explained_variance   | -0.000723   |
|    learning_rate        | 0.0003      |
|    loss                 | -0.0313     |
|    n_updates            | 5000        |
|    policy_gradient_loss | -0.00624    |
|    std                  | 0.91        |
|    value_loss           | 0.0188      |
-----------------------------------------
------------------------------------------
| rollout/                |              |
|    ep_len_mean          | 110          |
|    ep_rew_mean          | 0.751        |
| time/                   |              |
|    fps                  | 95           |
|    iterations           | 32           |
|    time_elapsed         | 85           |
|    total_timesteps      | 128512       |
| train/                  |              |
|    approx_kl            | 0.0081428075 |
|    clip_fraction        | 0.123        |
|    clip_range           | 0.2          |
|    entropy_loss         | -2.65        |
|    explained_variance   | -0.00802     |
|    learning_rate        | 0.0003       |
|    loss                 | -0.0363      |
|    n_updates            | 5010         |
|    policy_gradient_loss | -0.00947     |
|    std                  | 0.913        |
|    value_loss           | 0.00535      |
------------------------------------------
-----------------------------------------
| rollout/                |             |
|    ep_len_mean          | 111         |
|    ep_rew_mean          | 0.55        |
| time/                   |             |
|    fps                  | 95          |
|    iterations           | 33          |
|    time_elapsed         | 88          |
|    total_timesteps      | 128768      |
| train/                  |             |
|    approx_kl            | 0.004277143 |
|    clip_fraction        | 0.0375      |
|    clip_range           | 0.2         |
|    entropy_loss         | -2.65       |
|    explained_variance   | 0.000819    |
|    learning_rate        | 0.0003      |
|    loss                 | -0.04       |
|    n_updates            | 5020        |
|    policy_gradient_loss | -0.00401    |
|    std                  | 0.912       |
|    value_loss           | 0.007       |
-----------------------------------------
-----------------------------------------
| rollout/                |             |
|    ep_len_mean          | 111         |
|    ep_rew_mean          | 0.543       |
| time/                   |             |
|    fps                  | 95          |
|    iterations           | 34          |
|    time_elapsed         | 90          |
|    total_timesteps      | 129024      |
| train/                  |             |
|    approx_kl            | 0.005170215 |
|    clip_fraction        | 0.05        |
|    clip_range           | 0.2         |
|    entropy_loss         | -2.65       |
|    explained_variance   | -0.000636   |
|    learning_rate        | 0.0003      |
|    loss                 | -0.031      |
|    n_updates            | 5030        |
|    policy_gradient_loss | -0.00276    |
|    std                  | 0.912       |
|    value_loss           | 0.00416     |
-----------------------------------------
------------------------------------------
| rollout/                |              |
|    ep_len_mean          | 111          |
|    ep_rew_mean          | 0.547        |
| time/                   |              |
|    fps                  | 95           |
|    iterations           | 35           |
|    time_elapsed         | 93           |
|    total_timesteps      | 129280       |
| train/                  |              |
|    approx_kl            | 0.0030847397 |
|    clip_fraction        | 0.0156       |
|    clip_range           | 0.2          |
|    entropy_loss         | -2.65        |
|    explained_variance   | -0.00203     |
|    learning_rate        | 0.0003       |
|    loss                 | -0.0269      |
|    n_updates            | 5040         |
|    policy_gradient_loss | -0.00102     |
|    std                  | 0.91         |
|    value_loss           | 0.0105       |
------------------------------------------
------------------------------------------
| rollout/                |              |
|    ep_len_mean          | 111          |
|    ep_rew_mean          | 0.549        |
| time/                   |              |
|    fps                  | 95           |
|    iterations           | 36           |
|    time_elapsed         | 96           |
|    total_timesteps      | 129536       |
| train/                  |              |
|    approx_kl            | 0.0033482239 |
|    clip_fraction        | 0.0535       |
|    clip_range           | 0.2          |
|    entropy_loss         | -2.65        |
|    explained_variance   | -3.41e-05    |
|    learning_rate        | 0.0003       |
|    loss                 | -0.031       |
|    n_updates            | 5050         |
|    policy_gradient_loss | -0.00577     |
|    std                  | 0.911        |
|    value_loss           | 0.00628      |
------------------------------------------
------------------------------------------
| rollout/                |              |
|    ep_len_mean          | 112          |
|    ep_rew_mean          | 0.337        |
| time/                   |              |
|    fps                  | 96           |
|    iterations           | 37           |
|    time_elapsed         | 98           |
|    total_timesteps      | 129792       |
| train/                  |              |
|    approx_kl            | 0.0061084274 |
|    clip_fraction        | 0.0859       |
|    clip_range           | 0.2          |
|    entropy_loss         | -2.65        |
|    explained_variance   | -0.00467     |
|    learning_rate        | 0.0003       |
|    loss                 | -0.023       |
|    n_updates            | 5060         |
|    policy_gradient_loss | -0.00627     |
|    std                  | 0.913        |
|    value_loss           | 0.00307      |
------------------------------------------
-----------------------------------------
| rollout/                |             |
|    ep_len_mean          | 112         |
|    ep_rew_mean          | 0.327       |
| time/                   |             |
|    fps                  | 95          |
|    iterations           | 38          |
|    time_elapsed         | 101         |
|    total_timesteps      | 130048      |
| train/                  |             |
|    approx_kl            | 0.007648392 |
|    clip_fraction        | 0.129       |
|    clip_range           | 0.2         |
|    entropy_loss         | -2.66       |
|    explained_variance   | -0.000669   |
|    learning_rate        | 0.0003      |
|    loss                 | -0.0147     |
|    n_updates            | 5070        |
|    policy_gradient_loss | -0.0103     |
|    std                  | 0.916       |
|    value_loss           | 0.00704     |
-----------------------------------------
------------------------------------------
| rollout/                |              |
|    ep_len_mean          | 112          |
|    ep_rew_mean          | 0.334        |
| time/                   |              |
|    fps                  | 96           |
|    iterations           | 39           |
|    time_elapsed         | 103          |
|    total_timesteps      | 130304       |
| train/                  |              |
|    approx_kl            | 0.0024055126 |
|    clip_fraction        | 0.00195      |
|    clip_range           | 0.2          |
|    entropy_loss         | -2.66        |
|    explained_variance   | 0.000275     |
|    learning_rate        | 0.0003       |
|    loss                 | -0.0219      |
|    n_updates            | 5080         |
|    policy_gradient_loss | -0.000386    |
|    std                  | 0.917        |
|    value_loss           | 0.0068       |
------------------------------------------
------------------------------------------
| rollout/                |              |
|    ep_len_mean          | 112          |
|    ep_rew_mean          | 0.343        |
| time/                   |              |
|    fps                  | 95           |
|    iterations           | 40           |
|    time_elapsed         | 106          |
|    total_timesteps      | 130560       |
| train/                  |              |
|    approx_kl            | 0.0038767457 |
|    clip_fraction        | 0.0621       |
|    clip_range           | 0.2          |
|    entropy_loss         | -2.66        |
|    explained_variance   | -2.52e-05    |
|    learning_rate        | 0.0003       |
|    loss                 | -0.0379      |
|    n_updates            | 5090         |
|    policy_gradient_loss | -0.00295     |
|    std                  | 0.916        |
|    value_loss           | 0.00443      |
------------------------------------------
------------------------------------------
| rollout/                |              |
|    ep_len_mean          | 112          |
|    ep_rew_mean          | 0.357        |
| time/                   |              |
|    fps                  | 95           |
|    iterations           | 41           |
|    time_elapsed         | 109          |
|    total_timesteps      | 130816       |
| train/                  |              |
|    approx_kl            | 0.0069865054 |
|    clip_fraction        | 0.0672       |
|    clip_range           | 0.2          |
|    entropy_loss         | -2.65        |
|    explained_variance   | 0.000395     |
|    learning_rate        | 0.0003       |
|    loss                 | -0.0322      |
|    n_updates            | 5100         |
|    policy_gradient_loss | -0.00718     |
|    std                  | 0.91         |
|    value_loss           | 0.00627      |
------------------------------------------
-----------------------------------------
| rollout/                |             |
|    ep_len_mean          | 112         |
|    ep_rew_mean          | 0.336       |
| time/                   |             |
|    fps                  | 95          |
|    iterations           | 42          |
|    time_elapsed         | 112         |
|    total_timesteps      | 131072      |
| train/                  |             |
|    approx_kl            | 0.008429095 |
|    clip_fraction        | 0.131       |
|    clip_range           | 0.2         |
|    entropy_loss         | -2.64       |
|    explained_variance   | 4.77e-07    |
|    learning_rate        | 0.0003      |
|    loss                 | -0.036      |
|    n_updates            | 5110        |
|    policy_gradient_loss | -0.00956    |
|    std                  | 0.908       |
|    value_loss           | 1.68        |
-----------------------------------------
------------------------------------------
| rollout/                |              |
|    ep_len_mean          | 112          |
|    ep_rew_mean          | 0.326        |
| time/                   |              |
|    fps                  | 95           |
|    iterations           | 43           |
|    time_elapsed         | 114          |
|    total_timesteps      | 131328       |
| train/                  |              |
|    approx_kl            | 0.0069950568 |
|    clip_fraction        | 0.0703       |
|    clip_range           | 0.2          |
|    entropy_loss         | -2.64        |
|    explained_variance   | -0.000157    |
|    learning_rate        | 0.0003       |
|    loss                 | -0.0346      |
|    n_updates            | 5120         |
|    policy_gradient_loss | -0.00521     |
|    std                  | 0.908        |
|    value_loss           | 0.00689      |
------------------------------------------
----------------------------------------
| rollout/                |            |
|    ep_len_mean          | 113        |
|    ep_rew_mean          | 0.124      |
| time/                   |            |
|    fps                  | 95         |
|    iterations           | 44         |
|    time_elapsed         | 117        |
|    total_timesteps      | 131584     |
| train/                  |            |
|    approx_kl            | 0.00681172 |
|    clip_fraction        | 0.105      |
|    clip_range           | 0.2        |
|    entropy_loss         | -2.64      |
|    explained_variance   | 0.000456   |
|    learning_rate        | 0.0003     |
|    loss                 | -0.0564    |
|    n_updates            | 5130       |
|    policy_gradient_loss | -0.00797   |
|    std                  | 0.907      |
|    value_loss           | 0.00382    |
----------------------------------------
------------------------------------------
| rollout/                |              |
|    ep_len_mean          | 113          |
|    ep_rew_mean          | 0.124        |
| time/                   |              |
|    fps                  | 95           |
|    iterations           | 45           |
|    time_elapsed         | 120          |
|    total_timesteps      | 131840       |
| train/                  |              |
|    approx_kl            | 0.0054273973 |
|    clip_fraction        | 0.0742       |
|    clip_range           | 0.2          |
|    entropy_loss         | -2.65        |
|    explained_variance   | -0.0017      |
|    learning_rate        | 0.0003       |
|    loss                 | -0.0277      |
|    n_updates            | 5140         |
|    policy_gradient_loss | -0.0072      |
|    std                  | 0.912        |
|    value_loss           | 0.00805      |
------------------------------------------
------------------------------------------
| rollout/                |              |
|    ep_len_mean          | 112          |
|    ep_rew_mean          | 0.336        |
| time/                   |              |
|    fps                  | 95           |
|    iterations           | 46           |
|    time_elapsed         | 122          |
|    total_timesteps      | 132096       |
| train/                  |              |
|    approx_kl            | 0.0033964927 |
|    clip_fraction        | 0.00781      |
|    clip_range           | 0.2          |
|    entropy_loss         | -2.66        |
|    explained_variance   | 0.0018       |
|    learning_rate        | 0.0003       |
|    loss                 | -0.0289      |
|    n_updates            | 5150         |
|    policy_gradient_loss | -0.000631    |
|    std                  | 0.916        |
|    value_loss           | 0.0075       |
------------------------------------------
------------------------------------------
| rollout/                |              |
|    ep_len_mean          | 112          |
|    ep_rew_mean          | 0.333        |
| time/                   |              |
|    fps                  | 95           |
|    iterations           | 47           |
|    time_elapsed         | 125          |
|    total_timesteps      | 132352       |
| train/                  |              |
|    approx_kl            | 0.0048051174 |
|    clip_fraction        | 0.0109       |
|    clip_range           | 0.2          |
|    entropy_loss         | -2.66        |
|    explained_variance   | -2.22e-05    |
|    learning_rate        | 0.0003       |
|    loss                 | 3.37         |
|    n_updates            | 5160         |
|    policy_gradient_loss | -0.000453    |
|    std                  | 0.916        |
|    value_loss           | 1.7          |
------------------------------------------
------------------------------------------
| rollout/                |              |
|    ep_len_mean          | 112          |
|    ep_rew_mean          | 0.328        |
| time/                   |              |
|    fps                  | 95           |
|    iterations           | 48           |
|    time_elapsed         | 128          |
|    total_timesteps      | 132608       |
| train/                  |              |
|    approx_kl            | 0.0064816233 |
|    clip_fraction        | 0.0613       |
|    clip_range           | 0.2          |
|    entropy_loss         | -2.66        |
|    explained_variance   | 0.000727     |
|    learning_rate        | 0.0003       |
|    loss                 | -0.0258      |
|    n_updates            | 5170         |
|    policy_gradient_loss | -0.00437     |
|    std                  | 0.915        |
|    value_loss           | 0.00635      |
------------------------------------------
------------------------------------------
| rollout/                |              |
|    ep_len_mean          | 112          |
|    ep_rew_mean          | 0.322        |
| time/                   |              |
|    fps                  | 95           |
|    iterations           | 49           |
|    time_elapsed         | 130          |
|    total_timesteps      | 132864       |
| train/                  |              |
|    approx_kl            | 0.0037585008 |
|    clip_fraction        | 0.00781      |
|    clip_range           | 0.2          |
|    entropy_loss         | -2.66        |
|    explained_variance   | -0.000441    |
|    learning_rate        | 0.0003       |
|    loss                 | -0.0277      |
|    n_updates            | 5180         |
|    policy_gradient_loss | -0.00139     |
|    std                  | 0.915        |
|    value_loss           | 0.0057       |
------------------------------------------
------------------------------------------
| rollout/                |              |
|    ep_len_mean          | 112          |
|    ep_rew_mean          | 0.305        |
| time/                   |              |
|    fps                  | 95           |
|    iterations           | 50           |
|    time_elapsed         | 133          |
|    total_timesteps      | 133120       |
| train/                  |              |
|    approx_kl            | 0.0021519559 |
|    clip_fraction        | 0.000391     |
|    clip_range           | 0.2          |
|    entropy_loss         | -2.66        |
|    explained_variance   | 3.95e-05     |
|    learning_rate        | 0.0003       |
|    loss                 | -0.0182      |
|    n_updates            | 5190         |
|    policy_gradient_loss | 0.000163     |
|    std                  | 0.913        |
|    value_loss           | 0.00539      |
------------------------------------------
------------------------------------------
| rollout/                |              |
|    ep_len_mean          | 112          |
|    ep_rew_mean          | 0.298        |
| time/                   |              |
|    fps                  | 95           |
|    iterations           | 51           |
|    time_elapsed         | 136          |
|    total_timesteps      | 133376       |
| train/                  |              |
|    approx_kl            | 0.0069691264 |
|    clip_fraction        | 0.0609       |
|    clip_range           | 0.2          |
|    entropy_loss         | -2.65        |
|    explained_variance   | 0.000345     |
|    learning_rate        | 0.0003       |
|    loss                 | -0.0279      |
|    n_updates            | 5200         |
|    policy_gradient_loss | -0.00613     |
|    std                  | 0.913        |
|    value_loss           | 0.00606      |
------------------------------------------
------------------------------------------
| rollout/                |              |
|    ep_len_mean          | 112          |
|    ep_rew_mean          | 0.291        |
| time/                   |              |
|    fps                  | 95           |
|    iterations           | 52           |
|    time_elapsed         | 138          |
|    total_timesteps      | 133632       |
| train/                  |              |
|    approx_kl            | 0.0063062552 |
|    clip_fraction        | 0.103        |
|    clip_range           | 0.2          |
|    entropy_loss         | -2.65        |
|    explained_variance   | -0.000412    |
|    learning_rate        | 0.0003       |
|    loss                 | -0.0415      |
|    n_updates            | 5210         |
|    policy_gradient_loss | -0.00413     |
|    std                  | 0.909        |
|    value_loss           | 0.00475      |
------------------------------------------
-----------------------------------------
| rollout/                |             |
|    ep_len_mean          | 112         |
|    ep_rew_mean          | 0.294       |
| time/                   |             |
|    fps                  | 95          |
|    iterations           | 53          |
|    time_elapsed         | 141         |
|    total_timesteps      | 133888      |
| train/                  |             |
|    approx_kl            | 0.009187961 |
|    clip_fraction        | 0.0766      |
|    clip_range           | 0.2         |
|    entropy_loss         | -2.64       |
|    explained_variance   | 0.00439     |
|    learning_rate        | 0.0003      |
|    loss                 | -0.0185     |
|    n_updates            | 5220        |
|    policy_gradient_loss | -0.0065     |
|    std                  | 0.907       |
|    value_loss           | 0.0056      |
-----------------------------------------
----------------------------------------
| rollout/                |            |
|    ep_len_mean          | 112        |
|    ep_rew_mean          | 0.304      |
| time/                   |            |
|    fps                  | 96         |
|    iterations           | 54         |
|    time_elapsed         | 143        |
|    total_timesteps      | 134144     |
| train/                  |            |
|    approx_kl            | 0.00481701 |
|    clip_fraction        | 0.0332     |
|    clip_range           | 0.2        |
|    entropy_loss         | -2.64      |
|    explained_variance   | -0.00169   |
|    learning_rate        | 0.0003     |
|    loss                 | -0.0295    |
|    n_updates            | 5230       |
|    policy_gradient_loss | -0.00335   |
|    std                  | 0.905      |
|    value_loss           | 0.00424    |
----------------------------------------
-----------------------------------------
| rollout/                |             |
|    ep_len_mean          | 112         |
|    ep_rew_mean          | 0.285       |
| time/                   |             |
|    fps                  | 94          |
|    iterations           | 55          |
|    time_elapsed         | 148         |
|    total_timesteps      | 134400      |
| train/                  |             |
|    approx_kl            | 0.008584478 |
|    clip_fraction        | 0.116       |
|    clip_range           | 0.2         |
|    entropy_loss         | -2.63       |
|    explained_variance   | -0.000547   |
|    learning_rate        | 0.0003      |
|    loss                 | -0.0429     |
|    n_updates            | 5240        |
|    policy_gradient_loss | -0.0133     |
|    std                  | 0.903       |
|    value_loss           | 0.00649     |
-----------------------------------------
-----------------------------------------
| rollout/                |             |
|    ep_len_mean          | 112         |
|    ep_rew_mean          | 0.28        |
| time/                   |             |
|    fps                  | 94          |
|    iterations           | 56          |
|    time_elapsed         | 151         |
|    total_timesteps      | 134656      |
| train/                  |             |
|    approx_kl            | 0.006285006 |
|    clip_fraction        | 0.0824      |
|    clip_range           | 0.2         |
|    entropy_loss         | -2.63       |
|    explained_variance   | -0.00191    |
|    learning_rate        | 0.0003      |
|    loss                 | -0.0488     |
|    n_updates            | 5250        |
|    policy_gradient_loss | -0.00864    |
|    std                  | 0.904       |
|    value_loss           | 0.00558     |
-----------------------------------------
-----------------------------------------
| rollout/                |             |
|    ep_len_mean          | 112         |
|    ep_rew_mean          | 0.278       |
| time/                   |             |
|    fps                  | 94          |
|    iterations           | 57          |
|    time_elapsed         | 153         |
|    total_timesteps      | 134912      |
| train/                  |             |
|    approx_kl            | 0.006826328 |
|    clip_fraction        | 0.0641      |
|    clip_range           | 0.2         |
|    entropy_loss         | -2.63       |
|    explained_variance   | -0.000718   |
|    learning_rate        | 0.0003      |
|    loss                 | -0.0496     |
|    n_updates            | 5260        |
|    policy_gradient_loss | -0.00556    |
|    std                  | 0.899       |
|    value_loss           | 0.00461     |
-----------------------------------------
------------------------------------------
| rollout/                |              |
|    ep_len_mean          | 112          |
|    ep_rew_mean          | 0.262        |
| time/                   |              |
|    fps                  | 94           |
|    iterations           | 58           |
|    time_elapsed         | 156          |
|    total_timesteps      | 135168       |
| train/                  |              |
|    approx_kl            | 0.0066085784 |
|    clip_fraction        | 0.0762       |
|    clip_range           | 0.2          |
|    entropy_loss         | -2.62        |
|    explained_variance   | 0.000709     |
|    learning_rate        | 0.0003       |
|    loss                 | -0.0175      |
|    n_updates            | 5270         |
|    policy_gradient_loss | -0.00622     |
|    std                  | 0.898        |
|    value_loss           | 0.00506      |
------------------------------------------
------------------------------------------
| rollout/                |              |
|    ep_len_mean          | 113          |
|    ep_rew_mean          | 0.0616       |
| time/                   |              |
|    fps                  | 94           |
|    iterations           | 59           |
|    time_elapsed         | 159          |
|    total_timesteps      | 135424       |
| train/                  |              |
|    approx_kl            | 0.0054243463 |
|    clip_fraction        | 0.0801       |
|    clip_range           | 0.2          |
|    entropy_loss         | -2.63        |
|    explained_variance   | -0.000618    |
|    learning_rate        | 0.0003       |
|    loss                 | -0.0378      |
|    n_updates            | 5280         |
|    policy_gradient_loss | -0.00846     |
|    std                  | 0.901        |
|    value_loss           | 0.00503      |
------------------------------------------
------------------------------------------
| rollout/                |              |
|    ep_len_mean          | 113          |
|    ep_rew_mean          | 0.0675       |
| time/                   |              |
|    fps                  | 95           |
|    iterations           | 60           |
|    time_elapsed         | 161          |
|    total_timesteps      | 135680       |
| train/                  |              |
|    approx_kl            | 0.0035141688 |
|    clip_fraction        | 0.0699       |
|    clip_range           | 0.2          |
|    entropy_loss         | -2.63        |
|    explained_variance   | 0.000568     |
|    learning_rate        | 0.0003       |
|    loss                 | -0.0272      |
|    n_updates            | 5290         |
|    policy_gradient_loss | -0.00538     |
|    std                  | 0.899        |
|    value_loss           | 0.00512      |
------------------------------------------
-----------------------------------------
| rollout/                |             |
|    ep_len_mean          | 113         |
|    ep_rew_mean          | 0.0692      |
| time/                   |             |
|    fps                  | 95          |
|    iterations           | 61          |
|    time_elapsed         | 164         |
|    total_timesteps      | 135936      |
| train/                  |             |
|    approx_kl            | 0.005119249 |
|    clip_fraction        | 0.0512      |
|    clip_range           | 0.2         |
|    entropy_loss         | -2.62       |
|    explained_variance   | 4.24e-05    |
|    learning_rate        | 0.0003      |
|    loss                 | -0.0219     |
|    n_updates            | 5300        |
|    policy_gradient_loss | -0.00542    |
|    std                  | 0.899       |
|    value_loss           | 0.00451     |
-----------------------------------------
-----------------------------------------
| rollout/                |             |
|    ep_len_mean          | 113         |
|    ep_rew_mean          | 0.0847      |
| time/                   |             |
|    fps                  | 95          |
|    iterations           | 62          |
|    time_elapsed         | 166         |
|    total_timesteps      | 136192      |
| train/                  |             |
|    approx_kl            | 0.006938383 |
|    clip_fraction        | 0.11        |
|    clip_range           | 0.2         |
|    entropy_loss         | -2.62       |
|    explained_variance   | 0.00112     |
|    learning_rate        | 0.0003      |
|    loss                 | -0.0308     |
|    n_updates            | 5310        |
|    policy_gradient_loss | -0.00949    |
|    std                  | 0.895       |
|    value_loss           | 0.0048      |
-----------------------------------------
----------------------------------------
| rollout/                |            |
|    ep_len_mean          | 113        |
|    ep_rew_mean          | 0.0852     |
| time/                   |            |
|    fps                  | 94         |
|    iterations           | 63         |
|    time_elapsed         | 169        |
|    total_timesteps      | 136448     |
| train/                  |            |
|    approx_kl            | 0.00639047 |
|    clip_fraction        | 0.0305     |
|    clip_range           | 0.2        |
|    entropy_loss         | -2.61      |
|    explained_variance   | 0.000278   |
|    learning_rate        | 0.0003     |
|    loss                 | -0.0198    |
|    n_updates            | 5320       |
|    policy_gradient_loss | -0.00119   |
|    std                  | 0.894      |
|    value_loss           | 0.00439    |
----------------------------------------
------------------------------------------
| rollout/                |              |
|    ep_len_mean          | 113          |
|    ep_rew_mean          | 0.0882       |
| time/                   |              |
|    fps                  | 95           |
|    iterations           | 64           |
|    time_elapsed         | 172          |
|    total_timesteps      | 136704       |
| train/                  |              |
|    approx_kl            | 0.0077228225 |
|    clip_fraction        | 0.104        |
|    clip_range           | 0.2          |
|    entropy_loss         | -2.61        |
|    explained_variance   | 0.000342     |
|    learning_rate        | 0.0003       |
|    loss                 | -0.0234      |
|    n_updates            | 5330         |
|    policy_gradient_loss | -0.00952     |
|    std                  | 0.892        |
|    value_loss           | 0.00406      |
------------------------------------------
------------------------------------------
| rollout/                |              |
|    ep_len_mean          | 114          |
|    ep_rew_mean          | -0.112       |
| time/                   |              |
|    fps                  | 95           |
|    iterations           | 65           |
|    time_elapsed         | 175          |
|    total_timesteps      | 136960       |
| train/                  |              |
|    approx_kl            | 0.0051087374 |
|    clip_fraction        | 0.043        |
|    clip_range           | 0.2          |
|    entropy_loss         | -2.61        |
|    explained_variance   | 0.00113      |
|    learning_rate        | 0.0003       |
|    loss                 | -0.00197     |
|    n_updates            | 5340         |
|    policy_gradient_loss | -0.00562     |
|    std                  | 0.888        |
|    value_loss           | 0.0048       |
------------------------------------------
-----------------------------------------
| rollout/                |             |
|    ep_len_mean          | 114         |
|    ep_rew_mean          | -0.117      |
| time/                   |             |
|    fps                  | 95          |
|    iterations           | 66          |
|    time_elapsed         | 177         |
|    total_timesteps      | 137216      |
| train/                  |             |
|    approx_kl            | 0.003996021 |
|    clip_fraction        | 0.00898     |
|    clip_range           | 0.2         |
|    entropy_loss         | -2.6        |
|    explained_variance   | 0.00322     |
|    learning_rate        | 0.0003      |
|    loss                 | -0.0248     |
|    n_updates            | 5350        |
|    policy_gradient_loss | -0.00148    |
|    std                  | 0.893       |
|    value_loss           | 0.00414     |
-----------------------------------------
-----------------------------------------
| rollout/                |             |
|    ep_len_mean          | 114         |
|    ep_rew_mean          | -0.119      |
| time/                   |             |
|    fps                  | 95          |
|    iterations           | 67          |
|    time_elapsed         | 180         |
|    total_timesteps      | 137472      |
| train/                  |             |
|    approx_kl            | 0.009369805 |
|    clip_fraction        | 0.118       |
|    clip_range           | 0.2         |
|    entropy_loss         | -2.61       |
|    explained_variance   | 0.000882    |
|    learning_rate        | 0.0003      |
|    loss                 | -0.0277     |
|    n_updates            | 5360        |
|    policy_gradient_loss | -0.00826    |
|    std                  | 0.895       |
|    value_loss           | 0.00423     |
-----------------------------------------
------------------------------------------
| rollout/                |              |
|    ep_len_mean          | 116          |
|    ep_rew_mean          | -0.337       |
| time/                   |              |
|    fps                  | 95           |
|    iterations           | 68           |
|    time_elapsed         | 182          |
|    total_timesteps      | 137728       |
| train/                  |              |
|    approx_kl            | 0.0063847033 |
|    clip_fraction        | 0.124        |
|    clip_range           | 0.2          |
|    entropy_loss         | -2.61        |
|    explained_variance   | -9.64e-05    |
|    learning_rate        | 0.0003       |
|    loss                 | -0.0601      |
|    n_updates            | 5370         |
|    policy_gradient_loss | -0.0104      |
|    std                  | 0.891        |
|    value_loss           | 0.00383      |
------------------------------------------
------------------------------------------
| rollout/                |              |
|    ep_len_mean          | 116          |
|    ep_rew_mean          | -0.342       |
| time/                   |              |
|    fps                  | 95           |
|    iterations           | 69           |
|    time_elapsed         | 185          |
|    total_timesteps      | 137984       |
| train/                  |              |
|    approx_kl            | 0.0056799967 |
|    clip_fraction        | 0.041        |
|    clip_range           | 0.2          |
|    entropy_loss         | -2.6         |
|    explained_variance   | 0.00021      |
|    learning_rate        | 0.0003       |
|    loss                 | -0.0213      |
|    n_updates            | 5380         |
|    policy_gradient_loss | -0.00443     |
|    std                  | 0.887        |
|    value_loss           | 0.00422      |
------------------------------------------
------------------------------------------
| rollout/                |              |
|    ep_len_mean          | 117          |
|    ep_rew_mean          | -0.555       |
| time/                   |              |
|    fps                  | 95           |
|    iterations           | 70           |
|    time_elapsed         | 188          |
|    total_timesteps      | 138240       |
| train/                  |              |
|    approx_kl            | 0.0037352957 |
|    clip_fraction        | 0.0211       |
|    clip_range           | 0.2          |
|    entropy_loss         | -2.6         |
|    explained_variance   | 0.000135     |
|    learning_rate        | 0.0003       |
|    loss                 | -0.0319      |
|    n_updates            | 5390         |
|    policy_gradient_loss | -0.0022      |
|    std                  | 0.887        |
|    value_loss           | 0.00343      |
------------------------------------------
------------------------------------------
| rollout/                |              |
|    ep_len_mean          | 117          |
|    ep_rew_mean          | -0.555       |
| time/                   |              |
|    fps                  | 95           |
|    iterations           | 71           |
|    time_elapsed         | 190          |
|    total_timesteps      | 138496       |
| train/                  |              |
|    approx_kl            | 0.0053519597 |
|    clip_fraction        | 0.0789       |
|    clip_range           | 0.2          |
|    entropy_loss         | -2.59        |
|    explained_variance   | -0.000814    |
|    learning_rate        | 0.0003       |
|    loss                 | -0.04        |
|    n_updates            | 5400         |
|    policy_gradient_loss | -0.00894     |
|    std                  | 0.883        |
|    value_loss           | 0.00378      |
------------------------------------------
------------------------------------------
| rollout/                |              |
|    ep_len_mean          | 117          |
|    ep_rew_mean          | -0.543       |
| time/                   |              |
|    fps                  | 95           |
|    iterations           | 72           |
|    time_elapsed         | 193          |
|    total_timesteps      | 138752       |
| train/                  |              |
|    approx_kl            | 0.0075584073 |
|    clip_fraction        | 0.0332       |
|    clip_range           | 0.2          |
|    entropy_loss         | -2.59        |
|    explained_variance   | 0.000853     |
|    learning_rate        | 0.0003       |
|    loss                 | -0.0419      |
|    n_updates            | 5410         |
|    policy_gradient_loss | -0.00258     |
|    std                  | 0.882        |
|    value_loss           | 0.00382      |
------------------------------------------
------------------------------------------
| rollout/                |              |
|    ep_len_mean          | 117          |
|    ep_rew_mean          | -0.55        |
| time/                   |              |
|    fps                  | 95           |
|    iterations           | 73           |
|    time_elapsed         | 196          |
|    total_timesteps      | 139008       |
| train/                  |              |
|    approx_kl            | 0.0023339824 |
|    clip_fraction        | 0.00234      |
|    clip_range           | 0.2          |
|    entropy_loss         | -2.59        |
|    explained_variance   | -6.97e-05    |
|    learning_rate        | 0.0003       |
|    loss                 | -0.0124      |
|    n_updates            | 5420         |
|    policy_gradient_loss | -0.000679    |
|    std                  | 0.887        |
|    value_loss           | 0.00404      |
------------------------------------------
-----------------------------------------
| rollout/                |             |
|    ep_len_mean          | 118         |
|    ep_rew_mean          | -0.763      |
| time/                   |             |
|    fps                  | 95          |
|    iterations           | 74          |
|    time_elapsed         | 198         |
|    total_timesteps      | 139264      |
| train/                  |             |
|    approx_kl            | 0.006334949 |
|    clip_fraction        | 0.0848      |
|    clip_range           | 0.2         |
|    entropy_loss         | -2.6        |
|    explained_variance   | 0.000283    |
|    learning_rate        | 0.0003      |
|    loss                 | -0.0314     |
|    n_updates            | 5430        |
|    policy_gradient_loss | -0.00733    |
|    std                  | 0.886       |
|    value_loss           | 0.00403     |
-----------------------------------------
------------------------------------------
| rollout/                |              |
|    ep_len_mean          | 118          |
|    ep_rew_mean          | -0.768       |
| time/                   |              |
|    fps                  | 95           |
|    iterations           | 75           |
|    time_elapsed         | 201          |
|    total_timesteps      | 139520       |
| train/                  |              |
|    approx_kl            | 0.0033623297 |
|    clip_fraction        | 0.0152       |
|    clip_range           | 0.2          |
|    entropy_loss         | -2.59        |
|    explained_variance   | 0.000721     |
|    learning_rate        | 0.0003       |
|    loss                 | -0.0336      |
|    n_updates            | 5440         |
|    policy_gradient_loss | -0.00201     |
|    std                  | 0.884        |
|    value_loss           | 0.00354      |
------------------------------------------
-----------------------------------------
| rollout/                |             |
|    ep_len_mean          | 118         |
|    ep_rew_mean          | -0.766      |
| time/                   |             |
|    fps                  | 95          |
|    iterations           | 76          |
|    time_elapsed         | 204         |
|    total_timesteps      | 139776      |
| train/                  |             |
|    approx_kl            | 0.007779847 |
|    clip_fraction        | 0.0512      |
|    clip_range           | 0.2         |
|    entropy_loss         | -2.59       |
|    explained_variance   | -0.0046     |
|    learning_rate        | 0.0003      |
|    loss                 | -0.027      |
|    n_updates            | 5450        |
|    policy_gradient_loss | -0.00567    |
|    std                  | 0.883       |
|    value_loss           | 0.00399     |
-----------------------------------------
------------------------------------------
| rollout/                |              |
|    ep_len_mean          | 116          |
|    ep_rew_mean          | -0.557       |
| time/                   |              |
|    fps                  | 95           |
|    iterations           | 77           |
|    time_elapsed         | 206          |
|    total_timesteps      | 140032       |
| train/                  |              |
|    approx_kl            | 0.0029116592 |
|    clip_fraction        | 0.05         |
|    clip_range           | 0.2          |
|    entropy_loss         | -2.59        |
|    explained_variance   | -0.000399    |
|    learning_rate        | 0.0003       |
|    loss                 | -0.0319      |
|    n_updates            | 5460         |
|    policy_gradient_loss | -0.0024      |
|    std                  | 0.883        |
|    value_loss           | 0.00327      |
------------------------------------------
-----------------------------------------
| rollout/                |             |
|    ep_len_mean          | 116         |
|    ep_rew_mean          | -0.567      |
| time/                   |             |
|    fps                  | 95          |
|    iterations           | 78          |
|    time_elapsed         | 209         |
|    total_timesteps      | 140288      |
| train/                  |             |
|    approx_kl            | 0.005818573 |
|    clip_fraction        | 0.0121      |
|    clip_range           | 0.2         |
|    entropy_loss         | -2.59       |
|    explained_variance   | -3.18e-05   |
|    learning_rate        | 0.0003      |
|    loss                 | 3.42        |
|    n_updates            | 5470        |
|    policy_gradient_loss | -0.00014    |
|    std                  | 0.882       |
|    value_loss           | 1.72        |
-----------------------------------------
-----------------------------------------
| rollout/                |             |
|    ep_len_mean          | 116         |
|    ep_rew_mean          | -0.57       |
| time/                   |             |
|    fps                  | 95          |
|    iterations           | 79          |
|    time_elapsed         | 212         |
|    total_timesteps      | 140544      |
| train/                  |             |
|    approx_kl            | 0.006997171 |
|    clip_fraction        | 0.11        |
|    clip_range           | 0.2         |
|    entropy_loss         | -2.58       |
|    explained_variance   | 0.000255    |
|    learning_rate        | 0.0003      |
|    loss                 | -0.0118     |
|    n_updates            | 5480        |
|    policy_gradient_loss | -0.0123     |
|    std                  | 0.874       |
|    value_loss           | 0.00493     |
-----------------------------------------
------------------------------------------
| rollout/                |              |
|    ep_len_mean          | 116          |
|    ep_rew_mean          | -0.572       |
| time/                   |              |
|    fps                  | 95           |
|    iterations           | 80           |
|    time_elapsed         | 214          |
|    total_timesteps      | 140800       |
| train/                  |              |
|    approx_kl            | 0.0063523543 |
|    clip_fraction        | 0.0539       |
|    clip_range           | 0.2          |
|    entropy_loss         | -2.56        |
|    explained_variance   | -0.000331    |
|    learning_rate        | 0.0003       |
|    loss                 | -0.036       |
|    n_updates            | 5490         |
|    policy_gradient_loss | -0.0056      |
|    std                  | 0.869        |
|    value_loss           | 0.00384      |
------------------------------------------
-----------------------------------------
| rollout/                |             |
|    ep_len_mean          | 116         |
|    ep_rew_mean          | -0.578      |
| time/                   |             |
|    fps                  | 95          |
|    iterations           | 81          |
|    time_elapsed         | 217         |
|    total_timesteps      | 141056      |
| train/                  |             |
|    approx_kl            | 0.010265428 |
|    clip_fraction        | 0.0871      |
|    clip_range           | 0.2         |
|    entropy_loss         | -2.56       |
|    explained_variance   | 0.000114    |
|    learning_rate        | 0.0003      |
|    loss                 | -0.037      |
|    n_updates            | 5500        |
|    policy_gradient_loss | -0.00825    |
|    std                  | 0.869       |
|    value_loss           | 0.00344     |
-----------------------------------------
------------------------------------------
| rollout/                |              |
|    ep_len_mean          | 116          |
|    ep_rew_mean          | -0.584       |
| time/                   |              |
|    fps                  | 95           |
|    iterations           | 82           |
|    time_elapsed         | 220          |
|    total_timesteps      | 141312       |
| train/                  |              |
|    approx_kl            | 0.0038813285 |
|    clip_fraction        | 0.0578       |
|    clip_range           | 0.2          |
|    entropy_loss         | -2.56        |
|    explained_variance   | 0.000125     |
|    learning_rate        | 0.0003       |
|    loss                 | -0.0207      |
|    n_updates            | 5510         |
|    policy_gradient_loss | -0.00633     |
|    std                  | 0.868        |
|    value_loss           | 0.00347      |
------------------------------------------
-----------------------------------------
| rollout/                |             |
|    ep_len_mean          | 115         |
|    ep_rew_mean          | -0.371      |
| time/                   |             |
|    fps                  | 95          |
|    iterations           | 83          |
|    time_elapsed         | 222         |
|    total_timesteps      | 141568      |
| train/                  |             |
|    approx_kl            | 0.010095991 |
|    clip_fraction        | 0.0871      |
|    clip_range           | 0.2         |
|    entropy_loss         | -2.56       |
|    explained_variance   | 0.000747    |
|    learning_rate        | 0.0003      |
|    loss                 | -0.0279     |
|    n_updates            | 5520        |
|    policy_gradient_loss | -0.00816    |
|    std                  | 0.868       |
|    value_loss           | 0.00462     |
-----------------------------------------
-----------------------------------------
| rollout/                |             |
|    ep_len_mean          | 115         |
|    ep_rew_mean          | -0.37       |
| time/                   |             |
|    fps                  | 95          |
|    iterations           | 84          |
|    time_elapsed         | 225         |
|    total_timesteps      | 141824      |
| train/                  |             |
|    approx_kl            | 0.005619389 |
|    clip_fraction        | 0.0629      |
|    clip_range           | 0.2         |
|    entropy_loss         | -2.56       |
|    explained_variance   | 1.39e-05    |
|    learning_rate        | 0.0003      |
|    loss                 | -0.0251     |
|    n_updates            | 5530        |
|    policy_gradient_loss | -0.00505    |
|    std                  | 0.871       |
|    value_loss           | 1.72        |
-----------------------------------------
-----------------------------------------
| rollout/                |             |
|    ep_len_mean          | 114         |
|    ep_rew_mean          | -0.155      |
| time/                   |             |
|    fps                  | 95          |
|    iterations           | 85          |
|    time_elapsed         | 228         |
|    total_timesteps      | 142080      |
| train/                  |             |
|    approx_kl            | 0.006758383 |
|    clip_fraction        | 0.0844      |
|    clip_range           | 0.2         |
|    entropy_loss         | -2.56       |
|    explained_variance   | -0.00181    |
|    learning_rate        | 0.0003      |
|    loss                 | -0.0219     |
|    n_updates            | 5540        |
|    policy_gradient_loss | -0.0087     |
|    std                  | 0.875       |
|    value_loss           | 0.00354     |
-----------------------------------------
------------------------------------------
| rollout/                |              |
|    ep_len_mean          | 115          |
|    ep_rew_mean          | -0.373       |
| time/                   |              |
|    fps                  | 95           |
|    iterations           | 86           |
|    time_elapsed         | 231          |
|    total_timesteps      | 142336       |
| train/                  |              |
|    approx_kl            | 0.0076501435 |
|    clip_fraction        | 0.0492       |
|    clip_range           | 0.2          |
|    entropy_loss         | -2.57        |
|    explained_variance   | -3.53e-05    |
|    learning_rate        | 0.0003       |
|    loss                 | 3.38         |
|    n_updates            | 5550         |
|    policy_gradient_loss | -0.0038      |
|    std                  | 0.874        |
|    value_loss           | 1.72         |
------------------------------------------
------------------------------------------
| rollout/                |              |
|    ep_len_mean          | 115          |
|    ep_rew_mean          | -0.363       |
| time/                   |              |
|    fps                  | 95           |
|    iterations           | 87           |
|    time_elapsed         | 233          |
|    total_timesteps      | 142592       |
| train/                  |              |
|    approx_kl            | 0.0061231293 |
|    clip_fraction        | 0.0379       |
|    clip_range           | 0.2          |
|    entropy_loss         | -2.57        |
|    explained_variance   | -0.00062     |
|    learning_rate        | 0.0003       |
|    loss                 | -0.0118      |
|    n_updates            | 5560         |
|    policy_gradient_loss | -0.002       |
|    std                  | 0.872        |
|    value_loss           | 0.00416      |
------------------------------------------
------------------------------------------
| rollout/                |              |
|    ep_len_mean          | 115          |
|    ep_rew_mean          | -0.36        |
| time/                   |              |
|    fps                  | 95           |
|    iterations           | 88           |
|    time_elapsed         | 236          |
|    total_timesteps      | 142848       |
| train/                  |              |
|    approx_kl            | 0.0064293044 |
|    clip_fraction        | 0.117        |
|    clip_range           | 0.2          |
|    entropy_loss         | -2.56        |
|    explained_variance   | 0.000515     |
|    learning_rate        | 0.0003       |
|    loss                 | -0.0466      |
|    n_updates            | 5570         |
|    policy_gradient_loss | -0.0113      |
|    std                  | 0.873        |
|    value_loss           | 0.00345      |
------------------------------------------
------------------------------------------
| rollout/                |              |
|    ep_len_mean          | 115          |
|    ep_rew_mean          | -0.361       |
| time/                   |              |
|    fps                  | 95           |
|    iterations           | 89           |
|    time_elapsed         | 239          |
|    total_timesteps      | 143104       |
| train/                  |              |
|    approx_kl            | 0.0029362903 |
|    clip_fraction        | 0.00117      |
|    clip_range           | 0.2          |
|    entropy_loss         | -2.57        |
|    explained_variance   | -0.000162    |
|    learning_rate        | 0.0003       |
|    loss                 | -0.029       |
|    n_updates            | 5580         |
|    policy_gradient_loss | 0.000288     |
|    std                  | 0.876        |
|    value_loss           | 0.00392      |
------------------------------------------
------------------------------------------
| rollout/                |              |
|    ep_len_mean          | 115          |
|    ep_rew_mean          | -0.357       |
| time/                   |              |
|    fps                  | 95           |
|    iterations           | 90           |
|    time_elapsed         | 241          |
|    total_timesteps      | 143360       |
| train/                  |              |
|    approx_kl            | 0.0035376255 |
|    clip_fraction        | 0.0363       |
|    clip_range           | 0.2          |
|    entropy_loss         | -2.58        |
|    explained_variance   | 6.38e-05     |
|    learning_rate        | 0.0003       |
|    loss                 | -0.0196      |
|    n_updates            | 5590         |
|    policy_gradient_loss | -0.00162     |
|    std                  | 0.882        |
|    value_loss           | 0.00428      |
------------------------------------------
------------------------------------------
| rollout/                |              |
|    ep_len_mean          | 116          |
|    ep_rew_mean          | -0.573       |
| time/                   |              |
|    fps                  | 95           |
|    iterations           | 91           |
|    time_elapsed         | 244          |
|    total_timesteps      | 143616       |
| train/                  |              |
|    approx_kl            | 0.0052726697 |
|    clip_fraction        | 0.0559       |
|    clip_range           | 0.2          |
|    entropy_loss         | -2.59        |
|    explained_variance   | -6.44e-05    |
|    learning_rate        | 0.0003       |
|    loss                 | -0.0229      |
|    n_updates            | 5600         |
|    policy_gradient_loss | -0.00263     |
|    std                  | 0.88         |
|    value_loss           | 0.00394      |
------------------------------------------
-----------------------------------------
| rollout/                |             |
|    ep_len_mean          | 116         |
|    ep_rew_mean          | -0.571      |
| time/                   |             |
|    fps                  | 95          |
|    iterations           | 92          |
|    time_elapsed         | 246         |
|    total_timesteps      | 143872      |
| train/                  |             |
|    approx_kl            | 0.004838874 |
|    clip_fraction        | 0.0727      |
|    clip_range           | 0.2         |
|    entropy_loss         | -2.58       |
|    explained_variance   | 5.36e-07    |
|    learning_rate        | 0.0003      |
|    loss                 | -0.0358     |
|    n_updates            | 5610        |
|    policy_gradient_loss | -0.00609    |
|    std                  | 0.877       |
|    value_loss           | 0.00397     |
-----------------------------------------
-----------------------------------------
| rollout/                |             |
|    ep_len_mean          | 116         |
|    ep_rew_mean          | -0.558      |
| time/                   |             |
|    fps                  | 95          |
|    iterations           | 93          |
|    time_elapsed         | 249         |
|    total_timesteps      | 144128      |
| train/                  |             |
|    approx_kl            | 0.004511826 |
|    clip_fraction        | 0.00664     |
|    clip_range           | 0.2         |
|    entropy_loss         | -2.57       |
|    explained_variance   | -0.000441   |
|    learning_rate        | 0.0003      |
|    loss                 | -0.0244     |
|    n_updates            | 5620        |
|    policy_gradient_loss | -0.00134    |
|    std                  | 0.875       |
|    value_loss           | 0.00491     |
-----------------------------------------
------------------------------------------
| rollout/                |              |
|    ep_len_mean          | 116          |
|    ep_rew_mean          | -0.558       |
| time/                   |              |
|    fps                  | 95           |
|    iterations           | 94           |
|    time_elapsed         | 252          |
|    total_timesteps      | 144384       |
| train/                  |              |
|    approx_kl            | 0.0057794563 |
|    clip_fraction        | 0.0699       |
|    clip_range           | 0.2          |
|    entropy_loss         | -2.57        |
|    explained_variance   | -0.000167    |
|    learning_rate        | 0.0003       |
|    loss                 | -0.0385      |
|    n_updates            | 5630         |
|    policy_gradient_loss | -0.00509     |
|    std                  | 0.875        |
|    value_loss           | 0.00483      |
------------------------------------------
------------------------------------------
| rollout/                |              |
|    ep_len_mean          | 116          |
|    ep_rew_mean          | -0.554       |
| time/                   |              |
|    fps                  | 95           |
|    iterations           | 95           |
|    time_elapsed         | 255          |
|    total_timesteps      | 144640       |
| train/                  |              |
|    approx_kl            | 0.0065707695 |
|    clip_fraction        | 0.0598       |
|    clip_range           | 0.2          |
|    entropy_loss         | -2.57        |
|    explained_variance   | 0.000238     |
|    learning_rate        | 0.0003       |
|    loss                 | -0.0227      |
|    n_updates            | 5640         |
|    policy_gradient_loss | -0.00535     |
|    std                  | 0.875        |
|    value_loss           | 0.00404      |
------------------------------------------
-----------------------------------------
| rollout/                |             |
|    ep_len_mean          | 116         |
|    ep_rew_mean          | -0.558      |
| time/                   |             |
|    fps                  | 95          |
|    iterations           | 96          |
|    time_elapsed         | 257         |
|    total_timesteps      | 144896      |
| train/                  |             |
|    approx_kl            | 0.006018631 |
|    clip_fraction        | 0.0227      |
|    clip_range           | 0.2         |
|    entropy_loss         | -2.57       |
|    explained_variance   | 0.00155     |
|    learning_rate        | 0.0003      |
|    loss                 | -0.0271     |
|    n_updates            | 5650        |
|    policy_gradient_loss | -0.00201    |
|    std                  | 0.874       |
|    value_loss           | 0.00453     |
-----------------------------------------
------------------------------------------
| rollout/                |              |
|    ep_len_mean          | 116          |
|    ep_rew_mean          | -0.563       |
| time/                   |              |
|    fps                  | 95           |
|    iterations           | 97           |
|    time_elapsed         | 260          |
|    total_timesteps      | 145152       |
| train/                  |              |
|    approx_kl            | 0.0043148184 |
|    clip_fraction        | 0.0848       |
|    clip_range           | 0.2          |
|    entropy_loss         | -2.56        |
|    explained_variance   | 0.000636     |
|    learning_rate        | 0.0003       |
|    loss                 | -0.0289      |
|    n_updates            | 5660         |
|    policy_gradient_loss | -0.00547     |
|    std                  | 0.871        |
|    value_loss           | 0.00446      |
------------------------------------------
----------------------------------------
| rollout/                |            |
|    ep_len_mean          | 116        |
|    ep_rew_mean          | -0.567     |
| time/                   |            |
|    fps                  | 95         |
|    iterations           | 98         |
|    time_elapsed         | 262        |
|    total_timesteps      | 145408     |
| train/                  |            |
|    approx_kl            | 0.00613302 |
|    clip_fraction        | 0.0656     |
|    clip_range           | 0.2        |
|    entropy_loss         | -2.56      |
|    explained_variance   | -0.00571   |
|    learning_rate        | 0.0003     |
|    loss                 | -0.0387    |
|    n_updates            | 5670       |
|    policy_gradient_loss | -0.00909   |
|    std                  | 0.872      |
|    value_loss           | 0.00447    |
----------------------------------------
-----------------------------------------
| rollout/                |             |
|    ep_len_mean          | 116         |
|    ep_rew_mean          | -0.566      |
| time/                   |             |
|    fps                  | 95          |
|    iterations           | 99          |
|    time_elapsed         | 265         |
|    total_timesteps      | 145664      |
| train/                  |             |
|    approx_kl            | 0.008806029 |
|    clip_fraction        | 0.116       |
|    clip_range           | 0.2         |
|    entropy_loss         | -2.57       |
|    explained_variance   | 0.000798    |
|    learning_rate        | 0.0003      |
|    loss                 | -0.0362     |
|    n_updates            | 5680        |
|    policy_gradient_loss | -0.00979    |
|    std                  | 0.875       |
|    value_loss           | 0.00374     |
-----------------------------------------
------------------------------------------
| rollout/                |              |
|    ep_len_mean          | 116          |
|    ep_rew_mean          | -0.568       |
| time/                   |              |
|    fps                  | 95           |
|    iterations           | 100          |
|    time_elapsed         | 268          |
|    total_timesteps      | 145920       |
| train/                  |              |
|    approx_kl            | 0.0057781637 |
|    clip_fraction        | 0.0469       |
|    clip_range           | 0.2          |
|    entropy_loss         | -2.57        |
|    explained_variance   | -0.000436    |
|    learning_rate        | 0.0003       |
|    loss                 | -0.042       |
|    n_updates            | 5690         |
|    policy_gradient_loss | -0.00375     |
|    std                  | 0.874        |
|    value_loss           | 0.00426      |
------------------------------------------
------------------------------------------
| rollout/                |              |
|    ep_len_mean          | 116          |
|    ep_rew_mean          | -0.566       |
| time/                   |              |
|    fps                  | 95           |
|    iterations           | 101          |
|    time_elapsed         | 271          |
|    total_timesteps      | 146176       |
| train/                  |              |
|    approx_kl            | 0.0033751947 |
|    clip_fraction        | 0.05         |
|    clip_range           | 0.2          |
|    entropy_loss         | -2.57        |
|    explained_variance   | -0.000328    |
|    learning_rate        | 0.0003       |
|    loss                 | -0.0262      |
|    n_updates            | 5700         |
|    policy_gradient_loss | -0.00344     |
|    std                  | 0.87         |
|    value_loss           | 0.00399      |
------------------------------------------
-----------------------------------------
| rollout/                |             |
|    ep_len_mean          | 116         |
|    ep_rew_mean          | -0.564      |
| time/                   |             |
|    fps                  | 95          |
|    iterations           | 102         |
|    time_elapsed         | 273         |
|    total_timesteps      | 146432      |
| train/                  |             |
|    approx_kl            | 0.004433716 |
|    clip_fraction        | 0.0117      |
|    clip_range           | 0.2         |
|    entropy_loss         | -2.56       |
|    explained_variance   | -0.000122   |
|    learning_rate        | 0.0003      |
|    loss                 | -0.0111     |
|    n_updates            | 5710        |
|    policy_gradient_loss | -0.00131    |
|    std                  | 0.867       |
|    value_loss           | 0.00401     |
-----------------------------------------
-----------------------------------------
| rollout/                |             |
|    ep_len_mean          | 116         |
|    ep_rew_mean          | -0.564      |
| time/                   |             |
|    fps                  | 95          |
|    iterations           | 103         |
|    time_elapsed         | 276         |
|    total_timesteps      | 146688      |
| train/                  |             |
|    approx_kl            | 0.005553523 |
|    clip_fraction        | 0.0164      |
|    clip_range           | 0.2         |
|    entropy_loss         | -2.56       |
|    explained_variance   | 0.00017     |
|    learning_rate        | 0.0003      |
|    loss                 | -0.0185     |
|    n_updates            | 5720        |
|    policy_gradient_loss | -0.002      |
|    std                  | 0.873       |
|    value_loss           | 0.0041      |
-----------------------------------------
-----------------------------------------
| rollout/                |             |
|    ep_len_mean          | 116         |
|    ep_rew_mean          | -0.566      |
| time/                   |             |
|    fps                  | 95          |
|    iterations           | 104         |
|    time_elapsed         | 278         |
|    total_timesteps      | 146944      |
| train/                  |             |
|    approx_kl            | 0.004420344 |
|    clip_fraction        | 0.105       |
|    clip_range           | 0.2         |
|    entropy_loss         | -2.57       |
|    explained_variance   | -0.000876   |
|    learning_rate        | 0.0003      |
|    loss                 | -0.0265     |
|    n_updates            | 5730        |
|    policy_gradient_loss | -0.00618    |
|    std                  | 0.876       |
|    value_loss           | 0.00469     |
-----------------------------------------
----------------------------------------
| rollout/                |            |
|    ep_len_mean          | 116        |
|    ep_rew_mean          | -0.568     |
| time/                   |            |
|    fps                  | 95         |
|    iterations           | 105        |
|    time_elapsed         | 281        |
|    total_timesteps      | 147200     |
| train/                  |            |
|    approx_kl            | 0.00509811 |
|    clip_fraction        | 0.0824     |
|    clip_range           | 0.2        |
|    entropy_loss         | -2.57      |
|    explained_variance   | -0.000396  |
|    learning_rate        | 0.0003     |
|    loss                 | -0.0312    |
|    n_updates            | 5740       |
|    policy_gradient_loss | -0.00799   |
|    std                  | 0.877      |
|    value_loss           | 0.00554    |
----------------------------------------
------------------------------------------
| rollout/                |              |
|    ep_len_mean          | 116          |
|    ep_rew_mean          | -0.562       |
| time/                   |              |
|    fps                  | 95           |
|    iterations           | 106          |
|    time_elapsed         | 284          |
|    total_timesteps      | 147456       |
| train/                  |              |
|    approx_kl            | 0.0032217458 |
|    clip_fraction        | 0.0352       |
|    clip_range           | 0.2          |
|    entropy_loss         | -2.57        |
|    explained_variance   | -0.000244    |
|    learning_rate        | 0.0003       |
|    loss                 | -0.027       |
|    n_updates            | 5750         |
|    policy_gradient_loss | -0.00265     |
|    std                  | 0.877        |
|    value_loss           | 0.0046       |
------------------------------------------
-----------------------------------------
| rollout/                |             |
|    ep_len_mean          | 116         |
|    ep_rew_mean          | -0.564      |
| time/                   |             |
|    fps                  | 95          |
|    iterations           | 107         |
|    time_elapsed         | 286         |
|    total_timesteps      | 147712      |
| train/                  |             |
|    approx_kl            | 0.004705278 |
|    clip_fraction        | 0.0469      |
|    clip_range           | 0.2         |
|    entropy_loss         | -2.57       |
|    explained_variance   | -0.000162   |
|    learning_rate        | 0.0003      |
|    loss                 | -0.0162     |
|    n_updates            | 5760        |
|    policy_gradient_loss | -0.0041     |
|    std                  | 0.875       |
|    value_loss           | 0.00444     |
-----------------------------------------
------------------------------------------
| rollout/                |              |
|    ep_len_mean          | 116          |
|    ep_rew_mean          | -0.561       |
| time/                   |              |
|    fps                  | 95           |
|    iterations           | 108          |
|    time_elapsed         | 289          |
|    total_timesteps      | 147968       |
| train/                  |              |
|    approx_kl            | 0.0037518672 |
|    clip_fraction        | 0.018        |
|    clip_range           | 0.2          |
|    entropy_loss         | -2.57        |
|    explained_variance   | -2.25e-05    |
|    learning_rate        | 0.0003       |
|    loss                 | -0.0337      |
|    n_updates            | 5770         |
|    policy_gradient_loss | -0.00228     |
|    std                  | 0.875        |
|    value_loss           | 0.00452      |
------------------------------------------
-----------------------------------------
| rollout/                |             |
|    ep_len_mean          | 116         |
|    ep_rew_mean          | -0.564      |
| time/                   |             |
|    fps                  | 94          |
|    iterations           | 109         |
|    time_elapsed         | 294         |
|    total_timesteps      | 148224      |
| train/                  |             |
|    approx_kl            | 0.003960643 |
|    clip_fraction        | 0.0246      |
|    clip_range           | 0.2         |
|    entropy_loss         | -2.57       |
|    explained_variance   | -0.000142   |
|    learning_rate        | 0.0003      |
|    loss                 | -0.0374     |
|    n_updates            | 5780        |
|    policy_gradient_loss | -0.00221    |
|    std                  | 0.877       |
|    value_loss           | 0.00318     |
-----------------------------------------
-----------------------------------------
| rollout/                |             |
|    ep_len_mean          | 116         |
|    ep_rew_mean          | -0.565      |
| time/                   |             |
|    fps                  | 94          |
|    iterations           | 110         |
|    time_elapsed         | 296         |
|    total_timesteps      | 148480      |
| train/                  |             |
|    approx_kl            | 0.005448585 |
|    clip_fraction        | 0.0266      |
|    clip_range           | 0.2         |
|    entropy_loss         | -2.57       |
|    explained_variance   | 8.08e-05    |
|    learning_rate        | 0.0003      |
|    loss                 | -0.0238     |
|    n_updates            | 5790        |
|    policy_gradient_loss | -0.00343    |
|    std                  | 0.875       |
|    value_loss           | 0.00379     |
-----------------------------------------
-----------------------------------------
| rollout/                |             |
|    ep_len_mean          | 116         |
|    ep_rew_mean          | -0.569      |
| time/                   |             |
|    fps                  | 94          |
|    iterations           | 111         |
|    time_elapsed         | 299         |
|    total_timesteps      | 148736      |
| train/                  |             |
|    approx_kl            | 0.004647352 |
|    clip_fraction        | 0.0594      |
|    clip_range           | 0.2         |
|    entropy_loss         | -2.57       |
|    explained_variance   | -0.000125   |
|    learning_rate        | 0.0003      |
|    loss                 | -0.0318     |
|    n_updates            | 5800        |
|    policy_gradient_loss | -0.0043     |
|    std                  | 0.875       |
|    value_loss           | 0.00403     |
-----------------------------------------
------------------------------------------
| rollout/                |              |
|    ep_len_mean          | 116          |
|    ep_rew_mean          | -0.565       |
| time/                   |              |
|    fps                  | 94           |
|    iterations           | 112          |
|    time_elapsed         | 301          |
|    total_timesteps      | 148992       |
| train/                  |              |
|    approx_kl            | 0.0075002396 |
|    clip_fraction        | 0.0539       |
|    clip_range           | 0.2          |
|    entropy_loss         | -2.57        |
|    explained_variance   | -0.00024     |
|    learning_rate        | 0.0003       |
|    loss                 | -0.0642      |
|    n_updates            | 5810         |
|    policy_gradient_loss | -0.00619     |
|    std                  | 0.875        |
|    value_loss           | 0.00376      |
------------------------------------------
------------------------------------------
| rollout/                |              |
|    ep_len_mean          | 116          |
|    ep_rew_mean          | -0.566       |
| time/                   |              |
|    fps                  | 95           |
|    iterations           | 113          |
|    time_elapsed         | 304          |
|    total_timesteps      | 149248       |
| train/                  |              |
|    approx_kl            | 0.0059252917 |
|    clip_fraction        | 0.0621       |
|    clip_range           | 0.2          |
|    entropy_loss         | -2.57        |
|    explained_variance   | 0.000577     |
|    learning_rate        | 0.0003       |
|    loss                 | -0.0274      |
|    n_updates            | 5820         |
|    policy_gradient_loss | -0.00516     |
|    std                  | 0.874        |
|    value_loss           | 0.00385      |
------------------------------------------
------------------------------------------
| rollout/                |              |
|    ep_len_mean          | 116          |
|    ep_rew_mean          | -0.573       |
| time/                   |              |
|    fps                  | 95           |
|    iterations           | 114          |
|    time_elapsed         | 307          |
|    total_timesteps      | 149504       |
| train/                  |              |
|    approx_kl            | 0.0056956904 |
|    clip_fraction        | 0.0297       |
|    clip_range           | 0.2          |
|    entropy_loss         | -2.56        |
|    explained_variance   | -0.00097     |
|    learning_rate        | 0.0003       |
|    loss                 | -0.0235      |
|    n_updates            | 5830         |
|    policy_gradient_loss | -0.00374     |
|    std                  | 0.869        |
|    value_loss           | 0.00353      |
------------------------------------------
----------------------------------------
| rollout/                |            |
|    ep_len_mean          | 116        |
|    ep_rew_mean          | -0.576     |
| time/                   |            |
|    fps                  | 94         |
|    iterations           | 115        |
|    time_elapsed         | 310        |
|    total_timesteps      | 149760     |
| train/                  |            |
|    approx_kl            | 0.00407476 |
|    clip_fraction        | 0.0922     |
|    clip_range           | 0.2        |
|    entropy_loss         | -2.56      |
|    explained_variance   | -0.000247  |
|    learning_rate        | 0.0003     |
|    loss                 | -0.0267    |
|    n_updates            | 5840       |
|    policy_gradient_loss | -0.00746   |
|    std                  | 0.868      |
|    value_loss           | 0.00368    |
----------------------------------------
------------------------------------------
| rollout/                |              |
|    ep_len_mean          | 116          |
|    ep_rew_mean          | -0.575       |
| time/                   |              |
|    fps                  | 94           |
|    iterations           | 116          |
|    time_elapsed         | 312          |
|    total_timesteps      | 150016       |
| train/                  |              |
|    approx_kl            | 0.0028784173 |
|    clip_fraction        | 0.0453       |
|    clip_range           | 0.2          |
|    entropy_loss         | -2.55        |
|    explained_variance   | 0.000303     |
|    learning_rate        | 0.0003       |
|    loss                 | -0.0344      |
|    n_updates            | 5850         |
|    policy_gradient_loss | -0.00321     |
|    std                  | 0.864        |
|    value_loss           | 0.00307      |
------------------------------------------
------------------------------------------
| rollout/                |              |
|    ep_len_mean          | 116          |
|    ep_rew_mean          | -0.571       |
| time/                   |              |
|    fps                  | 94           |
|    iterations           | 117          |
|    time_elapsed         | 315          |
|    total_timesteps      | 150272       |
| train/                  |              |
|    approx_kl            | 0.0033081383 |
|    clip_fraction        | 0.0309       |
|    clip_range           | 0.2          |
|    entropy_loss         | -2.54        |
|    explained_variance   | 0.000366     |
|    learning_rate        | 0.0003       |
|    loss                 | -0.0234      |
|    n_updates            | 5860         |
|    policy_gradient_loss | -0.00258     |
|    std                  | 0.863        |
|    value_loss           | 0.00317      |
------------------------------------------
-----------------------------------------
| rollout/                |             |
|    ep_len_mean          | 116         |
|    ep_rew_mean          | -0.577      |
| time/                   |             |
|    fps                  | 95          |
|    iterations           | 118         |
|    time_elapsed         | 317         |
|    total_timesteps      | 150528      |
| train/                  |             |
|    approx_kl            | 0.004861856 |
|    clip_fraction        | 0.109       |
|    clip_range           | 0.2         |
|    entropy_loss         | -2.54       |
|    explained_variance   | -0.000356   |
|    learning_rate        | 0.0003      |
|    loss                 | -0.0202     |
|    n_updates            | 5870        |
|    policy_gradient_loss | -0.00886    |
|    std                  | 0.863       |
|    value_loss           | 0.00274     |
-----------------------------------------
------------------------------------------
| rollout/                |              |
|    ep_len_mean          | 116          |
|    ep_rew_mean          | -0.573       |
| time/                   |              |
|    fps                  | 95           |
|    iterations           | 119          |
|    time_elapsed         | 320          |
|    total_timesteps      | 150784       |
| train/                  |              |
|    approx_kl            | 0.0026641302 |
|    clip_fraction        | 0.0469       |
|    clip_range           | 0.2          |
|    entropy_loss         | -2.54        |
|    explained_variance   | -0.000387    |
|    learning_rate        | 0.0003       |
|    loss                 | -0.0256      |
|    n_updates            | 5880         |
|    policy_gradient_loss | -0.00276     |
|    std                  | 0.861        |
|    value_loss           | 0.00358      |
------------------------------------------
-----------------------------------------
| rollout/                |             |
|    ep_len_mean          | 116         |
|    ep_rew_mean          | -0.576      |
| time/                   |             |
|    fps                  | 95          |
|    iterations           | 120         |
|    time_elapsed         | 323         |
|    total_timesteps      | 151040      |
| train/                  |             |
|    approx_kl            | 0.004803281 |
|    clip_fraction        | 0.0223      |
|    clip_range           | 0.2         |
|    entropy_loss         | -2.53       |
|    explained_variance   | 0.00071     |
|    learning_rate        | 0.0003      |
|    loss                 | -0.0259     |
|    n_updates            | 5890        |
|    policy_gradient_loss | -0.00312    |
|    std                  | 0.858       |
|    value_loss           | 0.00318     |
-----------------------------------------
-----------------------------------------
| rollout/                |             |
|    ep_len_mean          | 116         |
|    ep_rew_mean          | -0.579      |
| time/                   |             |
|    fps                  | 95          |
|    iterations           | 121         |
|    time_elapsed         | 325         |
|    total_timesteps      | 151296      |
| train/                  |             |
|    approx_kl            | 0.004657182 |
|    clip_fraction        | 0.0238      |
|    clip_range           | 0.2         |
|    entropy_loss         | -2.53       |
|    explained_variance   | -0.000863   |
|    learning_rate        | 0.0003      |
|    loss                 | -0.0139     |
|    n_updates            | 5900        |
|    policy_gradient_loss | -0.00316    |
|    std                  | 0.862       |
|    value_loss           | 0.00357     |
-----------------------------------------
-----------------------------------------
| rollout/                |             |
|    ep_len_mean          | 116         |
|    ep_rew_mean          | -0.58       |
| time/                   |             |
|    fps                  | 95          |
|    iterations           | 122         |
|    time_elapsed         | 328         |
|    total_timesteps      | 151552      |
| train/                  |             |
|    approx_kl            | 0.005446775 |
|    clip_fraction        | 0.048       |
|    clip_range           | 0.2         |
|    entropy_loss         | -2.54       |
|    explained_variance   | -3.34e-06   |
|    learning_rate        | 0.0003      |
|    loss                 | -0.0242     |
|    n_updates            | 5910        |
|    policy_gradient_loss | -0.00596    |
|    std                  | 0.862       |
|    value_loss           | 0.00328     |
-----------------------------------------
-----------------------------------------
| rollout/                |             |
|    ep_len_mean          | 118         |
|    ep_rew_mean          | -0.791      |
| time/                   |             |
|    fps                  | 94          |
|    iterations           | 123         |
|    time_elapsed         | 333         |
|    total_timesteps      | 151808      |
| train/                  |             |
|    approx_kl            | 0.004047193 |
|    clip_fraction        | 0.0789      |
|    clip_range           | 0.2         |
|    entropy_loss         | -2.54       |
|    explained_variance   | -0.000975   |
|    learning_rate        | 0.0003      |
|    loss                 | -0.0186     |
|    n_updates            | 5920        |
|    policy_gradient_loss | -0.00203    |
|    std                  | 0.862       |
|    value_loss           | 0.00306     |
-----------------------------------------
------------------------------------------
| rollout/                |              |
|    ep_len_mean          | 118          |
|    ep_rew_mean          | -0.792       |
| time/                   |              |
|    fps                  | 94           |
|    iterations           | 124          |
|    time_elapsed         | 335          |
|    total_timesteps      | 152064       |
| train/                  |              |
|    approx_kl            | 0.0051178085 |
|    clip_fraction        | 0.0488       |
|    clip_range           | 0.2          |
|    entropy_loss         | -2.54        |
|    explained_variance   | 0.000109     |
|    learning_rate        | 0.0003       |
|    loss                 | -0.0276      |
|    n_updates            | 5930         |
|    policy_gradient_loss | -0.00422     |
|    std                  | 0.865        |
|    value_loss           | 0.00341      |
------------------------------------------
----------------------------------------
| rollout/                |            |
|    ep_len_mean          | 118        |
|    ep_rew_mean          | -0.79      |
| time/                   |            |
|    fps                  | 94         |
|    iterations           | 125        |
|    time_elapsed         | 338        |
|    total_timesteps      | 152320     |
| train/                  |            |
|    approx_kl            | 0.00661543 |
|    clip_fraction        | 0.0754     |
|    clip_range           | 0.2        |
|    entropy_loss         | -2.55      |
|    explained_variance   | -2.86e-05  |
|    learning_rate        | 0.0003     |
|    loss                 | -0.0396    |
|    n_updates            | 5940       |
|    policy_gradient_loss | -0.00651   |
|    std                  | 0.867      |
|    value_loss           | 0.003      |
----------------------------------------
-----------------------------------------
| rollout/                |             |
|    ep_len_mean          | 118         |
|    ep_rew_mean          | -0.794      |
| time/                   |             |
|    fps                  | 94          |
|    iterations           | 126         |
|    time_elapsed         | 340         |
|    total_timesteps      | 152576      |
| train/                  |             |
|    approx_kl            | 0.005414678 |
|    clip_fraction        | 0.106       |
|    clip_range           | 0.2         |
|    entropy_loss         | -2.55       |
|    explained_variance   | 4.59e-05    |
|    learning_rate        | 0.0003      |
|    loss                 | -0.0467     |
|    n_updates            | 5950        |
|    policy_gradient_loss | -0.0074     |
|    std                  | 0.869       |
|    value_loss           | 0.00315     |
-----------------------------------------
------------------------------------------
| rollout/                |              |
|    ep_len_mean          | 118          |
|    ep_rew_mean          | -0.792       |
| time/                   |              |
|    fps                  | 94           |
|    iterations           | 127          |
|    time_elapsed         | 343          |
|    total_timesteps      | 152832       |
| train/                  |              |
|    approx_kl            | 0.0016995913 |
|    clip_fraction        | 0.0477       |
|    clip_range           | 0.2          |
|    entropy_loss         | -2.56        |
|    explained_variance   | 7.83e-05     |
|    learning_rate        | 0.0003       |
|    loss                 | -0.0324      |
|    n_updates            | 5960         |
|    policy_gradient_loss | -0.00151     |
|    std                  | 0.87         |
|    value_loss           | 0.0033       |
------------------------------------------
------------------------------------------
| rollout/                |              |
|    ep_len_mean          | 118          |
|    ep_rew_mean          | -0.791       |
| time/                   |              |
|    fps                  | 94           |
|    iterations           | 128          |
|    time_elapsed         | 346          |
|    total_timesteps      | 153088       |
| train/                  |              |
|    approx_kl            | 0.0045274775 |
|    clip_fraction        | 0.0238       |
|    clip_range           | 0.2          |
|    entropy_loss         | -2.56        |
|    explained_variance   | -0.000349    |
|    learning_rate        | 0.0003       |
|    loss                 | -0.0391      |
|    n_updates            | 5970         |
|    policy_gradient_loss | -0.000395    |
|    std                  | 0.872        |
|    value_loss           | 0.00382      |
------------------------------------------
-----------------------------------------
| rollout/                |             |
|    ep_len_mean          | 119         |
|    ep_rew_mean          | -1          |
| time/                   |             |
|    fps                  | 94          |
|    iterations           | 129         |
|    time_elapsed         | 348         |
|    total_timesteps      | 153344      |
| train/                  |             |
|    approx_kl            | 0.004991859 |
|    clip_fraction        | 0.0484      |
|    clip_range           | 0.2         |
|    entropy_loss         | -2.56       |
|    explained_variance   | -0.000194   |
|    learning_rate        | 0.0003      |
|    loss                 | -0.0444     |
|    n_updates            | 5980        |
|    policy_gradient_loss | -0.00642    |
|    std                  | 0.868       |
|    value_loss           | 0.00328     |
-----------------------------------------
-----------------------------------------
| rollout/                |             |
|    ep_len_mean          | 119         |
|    ep_rew_mean          | -1          |
| time/                   |             |
|    fps                  | 94          |
|    iterations           | 130         |
|    time_elapsed         | 351         |
|    total_timesteps      | 153600      |
| train/                  |             |
|    approx_kl            | 0.006028067 |
|    clip_fraction        | 0.0496      |
|    clip_range           | 0.2         |
|    entropy_loss         | -2.55       |
|    explained_variance   | 0.000238    |
|    learning_rate        | 0.0003      |
|    loss                 | -0.0179     |
|    n_updates            | 5990        |
|    policy_gradient_loss | -0.00353    |
|    std                  | 0.866       |
|    value_loss           | 0.00332     |
-----------------------------------------
------------------------------------------
| rollout/                |              |
|    ep_len_mean          | 119          |
|    ep_rew_mean          | -1.01        |
| time/                   |              |
|    fps                  | 94           |
|    iterations           | 131          |
|    time_elapsed         | 354          |
|    total_timesteps      | 153856       |
| train/                  |              |
|    approx_kl            | 0.0049536545 |
|    clip_fraction        | 0.0645       |
|    clip_range           | 0.2          |
|    entropy_loss         | -2.55        |
|    explained_variance   | 0.00011      |
|    learning_rate        | 0.0003       |
|    loss                 | -0.0197      |
|    n_updates            | 6000         |
|    policy_gradient_loss | -0.00543     |
|    std                  | 0.866        |
|    value_loss           | 0.00311      |
------------------------------------------
------------------------------------------
| rollout/                |              |
|    ep_len_mean          | 120          |
|    ep_rew_mean          | -1.22        |
| time/                   |              |
|    fps                  | 94           |
|    iterations           | 132          |
|    time_elapsed         | 356          |
|    total_timesteps      | 154112       |
| train/                  |              |
|    approx_kl            | 0.0044228993 |
|    clip_fraction        | 0.0145       |
|    clip_range           | 0.2          |
|    entropy_loss         | -2.54        |
|    explained_variance   | 0.000599     |
|    learning_rate        | 0.0003       |
|    loss                 | -0.0251      |
|    n_updates            | 6010         |
|    policy_gradient_loss | -0.00115     |
|    std                  | 0.861        |
|    value_loss           | 0.00323      |
------------------------------------------
------------------------------------------
| rollout/                |              |
|    ep_len_mean          | 120          |
|    ep_rew_mean          | -1.23        |
| time/                   |              |
|    fps                  | 94           |
|    iterations           | 133          |
|    time_elapsed         | 359          |
|    total_timesteps      | 154368       |
| train/                  |              |
|    approx_kl            | 0.0046683345 |
|    clip_fraction        | 0.0684       |
|    clip_range           | 0.2          |
|    entropy_loss         | -2.54        |
|    explained_variance   | 0.000242     |
|    learning_rate        | 0.0003       |
|    loss                 | -0.0585      |
|    n_updates            | 6020         |
|    policy_gradient_loss | -0.00813     |
|    std                  | 0.859        |
|    value_loss           | 0.00284      |
------------------------------------------
-----------------------------------------
| rollout/                |             |
|    ep_len_mean          | 120         |
|    ep_rew_mean          | -1.23       |
| time/                   |             |
|    fps                  | 94          |
|    iterations           | 134         |
|    time_elapsed         | 361         |
|    total_timesteps      | 154624      |
| train/                  |             |
|    approx_kl            | 0.006142527 |
|    clip_fraction        | 0.0359      |
|    clip_range           | 0.2         |
|    entropy_loss         | -2.53       |
|    explained_variance   | -0.00248    |
|    learning_rate        | 0.0003      |
|    loss                 | -0.0294     |
|    n_updates            | 6030        |
|    policy_gradient_loss | -0.00299    |
|    std                  | 0.857       |
|    value_loss           | 0.00251     |
-----------------------------------------
-----------------------------------------
| rollout/                |             |
|    ep_len_mean          | 120         |
|    ep_rew_mean          | -1.23       |
| time/                   |             |
|    fps                  | 94          |
|    iterations           | 135         |
|    time_elapsed         | 364         |
|    total_timesteps      | 154880      |
| train/                  |             |
|    approx_kl            | 0.006580947 |
|    clip_fraction        | 0.11        |
|    clip_range           | 0.2         |
|    entropy_loss         | -2.53       |
|    explained_variance   | 2.86e-05    |
|    learning_rate        | 0.0003      |
|    loss                 | -0.0482     |
|    n_updates            | 6040        |
|    policy_gradient_loss | -0.0114     |
|    std                  | 0.855       |
|    value_loss           | 0.00275     |
-----------------------------------------
------------------------------------------
| rollout/                |              |
|    ep_len_mean          | 120          |
|    ep_rew_mean          | -1.24        |
| time/                   |              |
|    fps                  | 94           |
|    iterations           | 136          |
|    time_elapsed         | 367          |
|    total_timesteps      | 155136       |
| train/                  |              |
|    approx_kl            | 0.0025604498 |
|    clip_fraction        | 0.00156      |
|    clip_range           | 0.2          |
|    entropy_loss         | -2.52        |
|    explained_variance   | 0.000755     |
|    learning_rate        | 0.0003       |
|    loss                 | -0.0259      |
|    n_updates            | 6050         |
|    policy_gradient_loss | -0.000304    |
|    std                  | 0.855        |
|    value_loss           | 0.00313      |
------------------------------------------
-----------------------------------------
| rollout/                |             |
|    ep_len_mean          | 120         |
|    ep_rew_mean          | -1.24       |
| time/                   |             |
|    fps                  | 94          |
|    iterations           | 137         |
|    time_elapsed         | 369         |
|    total_timesteps      | 155392      |
| train/                  |             |
|    approx_kl            | 0.010281557 |
|    clip_fraction        | 0.0695      |
|    clip_range           | 0.2         |
|    entropy_loss         | -2.53       |
|    explained_variance   | 0.000496    |
|    learning_rate        | 0.0003      |
|    loss                 | -0.00565    |
|    n_updates            | 6060        |
|    policy_gradient_loss | -0.0088     |
|    std                  | 0.856       |
|    value_loss           | 0.00312     |
-----------------------------------------
---------------------------------------
| rollout/                |           |
|    ep_len_mean          | 120       |
|    ep_rew_mean          | -1.23     |
| time/                   |           |
|    fps                  | 94        |
|    iterations           | 138       |
|    time_elapsed         | 372       |
|    total_timesteps      | 155648    |
| train/                  |           |
|    approx_kl            | 0.0059615 |
|    clip_fraction        | 0.068     |
|    clip_range           | 0.2       |
|    entropy_loss         | -2.53     |
|    explained_variance   | -0.000446 |
|    learning_rate        | 0.0003    |
|    loss                 | -0.0337   |
|    n_updates            | 6070      |
|    policy_gradient_loss | -0.00704  |
|    std                  | 0.857     |
|    value_loss           | 0.00304   |
---------------------------------------
-----------------------------------------
| rollout/                |             |
|    ep_len_mean          | 119         |
|    ep_rew_mean          | -1.03       |
| time/                   |             |
|    fps                  | 94          |
|    iterations           | 139         |
|    time_elapsed         | 375         |
|    total_timesteps      | 155904      |
| train/                  |             |
|    approx_kl            | 0.004725244 |
|    clip_fraction        | 0.0422      |
|    clip_range           | 0.2         |
|    entropy_loss         | -2.53       |
|    explained_variance   | 0.000399    |
|    learning_rate        | 0.0003      |
|    loss                 | -0.0343     |
|    n_updates            | 6080        |
|    policy_gradient_loss | -0.00502    |
|    std                  | 0.861       |
|    value_loss           | 0.00269     |
-----------------------------------------
------------------------------------------
| rollout/                |              |
|    ep_len_mean          | 119          |
|    ep_rew_mean          | -1.02        |
| time/                   |              |
|    fps                  | 94           |
|    iterations           | 140          |
|    time_elapsed         | 377          |
|    total_timesteps      | 156160       |
| train/                  |              |
|    approx_kl            | 0.0052327523 |
|    clip_fraction        | 0.0469       |
|    clip_range           | 0.2          |
|    entropy_loss         | -2.54        |
|    explained_variance   | 3.17e-05     |
|    learning_rate        | 0.0003       |
|    loss                 | -0.00507     |
|    n_updates            | 6090         |
|    policy_gradient_loss | -0.00185     |
|    std                  | 0.86         |
|    value_loss           | 1.72         |
------------------------------------------
------------------------------------------
| rollout/                |              |
|    ep_len_mean          | 119          |
|    ep_rew_mean          | -1.03        |
| time/                   |              |
|    fps                  | 94           |
|    iterations           | 141          |
|    time_elapsed         | 380          |
|    total_timesteps      | 156416       |
| train/                  |              |
|    approx_kl            | 0.0052260235 |
|    clip_fraction        | 0.0738       |
|    clip_range           | 0.2          |
|    entropy_loss         | -2.53        |
|    explained_variance   | -0.0044      |
|    learning_rate        | 0.0003       |
|    loss                 | -0.0434      |
|    n_updates            | 6100         |
|    policy_gradient_loss | -0.00648     |
|    std                  | 0.858        |
|    value_loss           | 0.00315      |
------------------------------------------
------------------------------------------
| rollout/                |              |
|    ep_len_mean          | 119          |
|    ep_rew_mean          | -1.02        |
| time/                   |              |
|    fps                  | 94           |
|    iterations           | 142          |
|    time_elapsed         | 383          |
|    total_timesteps      | 156672       |
| train/                  |              |
|    approx_kl            | 0.0034285865 |
|    clip_fraction        | 0.0418       |
|    clip_range           | 0.2          |
|    entropy_loss         | -2.53        |
|    explained_variance   | 0.000189     |
|    learning_rate        | 0.0003       |
|    loss                 | -0.0412      |
|    n_updates            | 6110         |
|    policy_gradient_loss | -0.00432     |
|    std                  | 0.86         |
|    value_loss           | 0.00326      |
------------------------------------------
------------------------------------------
| rollout/                |              |
|    ep_len_mean          | 119          |
|    ep_rew_mean          | -1.02        |
| time/                   |              |
|    fps                  | 94           |
|    iterations           | 143          |
|    time_elapsed         | 385          |
|    total_timesteps      | 156928       |
| train/                  |              |
|    approx_kl            | 0.0047311224 |
|    clip_fraction        | 0.082        |
|    clip_range           | 0.2          |
|    entropy_loss         | -2.54        |
|    explained_variance   | -0.000916    |
|    learning_rate        | 0.0003       |
|    loss                 | -0.0318      |
|    n_updates            | 6120         |
|    policy_gradient_loss | -0.00585     |
|    std                  | 0.86         |
|    value_loss           | 0.00322      |
------------------------------------------
-----------------------------------------
| rollout/                |             |
|    ep_len_mean          | 119         |
|    ep_rew_mean          | -1.01       |
| time/                   |             |
|    fps                  | 94          |
|    iterations           | 144         |
|    time_elapsed         | 388         |
|    total_timesteps      | 157184      |
| train/                  |             |
|    approx_kl            | 0.004904674 |
|    clip_fraction        | 0.0312      |
|    clip_range           | 0.2         |
|    entropy_loss         | -2.54       |
|    explained_variance   | -0.00175    |
|    learning_rate        | 0.0003      |
|    loss                 | -0.0297     |
|    n_updates            | 6130        |
|    policy_gradient_loss | -0.00446    |
|    std                  | 0.863       |
|    value_loss           | 0.0029      |
-----------------------------------------
------------------------------------------
| rollout/                |              |
|    ep_len_mean          | 119          |
|    ep_rew_mean          | -1.01        |
| time/                   |              |
|    fps                  | 94           |
|    iterations           | 145          |
|    time_elapsed         | 393          |
|    total_timesteps      | 157440       |
| train/                  |              |
|    approx_kl            | 0.0066389292 |
|    clip_fraction        | 0.0445       |
|    clip_range           | 0.2          |
|    entropy_loss         | -2.54        |
|    explained_variance   | 0.00125      |
|    learning_rate        | 0.0003       |
|    loss                 | -0.00589     |
|    n_updates            | 6140         |
|    policy_gradient_loss | -0.00365     |
|    std                  | 0.863        |
|    value_loss           | 0.00296      |
------------------------------------------
------------------------------------------
| rollout/                |              |
|    ep_len_mean          | 119          |
|    ep_rew_mean          | -1.01        |
| time/                   |              |
|    fps                  | 94           |
|    iterations           | 146          |
|    time_elapsed         | 395          |
|    total_timesteps      | 157696       |
| train/                  |              |
|    approx_kl            | 0.0036188047 |
|    clip_fraction        | 0.0125       |
|    clip_range           | 0.2          |
|    entropy_loss         | -2.54        |
|    explained_variance   | 0.000813     |
|    learning_rate        | 0.0003       |
|    loss                 | -0.0284      |
|    n_updates            | 6150         |
|    policy_gradient_loss | -0.00117     |
|    std                  | 0.864        |
|    value_loss           | 0.00322      |
------------------------------------------
------------------------------------------
| rollout/                |              |
|    ep_len_mean          | 119          |
|    ep_rew_mean          | -1.01        |
| time/                   |              |
|    fps                  | 94           |
|    iterations           | 147          |
|    time_elapsed         | 398          |
|    total_timesteps      | 157952       |
| train/                  |              |
|    approx_kl            | 0.0044060117 |
|    clip_fraction        | 0.0488       |
|    clip_range           | 0.2          |
|    entropy_loss         | -2.54        |
|    explained_variance   | 1.11e-05     |
|    learning_rate        | 0.0003       |
|    loss                 | -0.0432      |
|    n_updates            | 6160         |
|    policy_gradient_loss | -0.00264     |
|    std                  | 0.86         |
|    value_loss           | 0.00307      |
------------------------------------------
------------------------------------------
| rollout/                |              |
|    ep_len_mean          | 119          |
|    ep_rew_mean          | -1.01        |
| time/                   |              |
|    fps                  | 94           |
|    iterations           | 148          |
|    time_elapsed         | 401          |
|    total_timesteps      | 158208       |
| train/                  |              |
|    approx_kl            | 0.0034299807 |
|    clip_fraction        | 0.0453       |
|    clip_range           | 0.2          |
|    entropy_loss         | -2.53        |
|    explained_variance   | -0.000384    |
|    learning_rate        | 0.0003       |
|    loss                 | -0.0238      |
|    n_updates            | 6170         |
|    policy_gradient_loss | -0.00388     |
|    std                  | 0.856        |
|    value_loss           | 0.00317      |
------------------------------------------
-----------------------------------------
| rollout/                |             |
|    ep_len_mean          | 119         |
|    ep_rew_mean          | -1.01       |
| time/                   |             |
|    fps                  | 94          |
|    iterations           | 149         |
|    time_elapsed         | 403         |
|    total_timesteps      | 158464      |
| train/                  |             |
|    approx_kl            | 0.006521797 |
|    clip_fraction        | 0.113       |
|    clip_range           | 0.2         |
|    entropy_loss         | -2.52       |
|    explained_variance   | -0.00249    |
|    learning_rate        | 0.0003      |
|    loss                 | -0.0275     |
|    n_updates            | 6180        |
|    policy_gradient_loss | -0.0114     |
|    std                  | 0.856       |
|    value_loss           | 0.00336     |
-----------------------------------------
------------------------------------------
| rollout/                |              |
|    ep_len_mean          | 119          |
|    ep_rew_mean          | -1.01        |
| time/                   |              |
|    fps                  | 94           |
|    iterations           | 150          |
|    time_elapsed         | 406          |
|    total_timesteps      | 158720       |
| train/                  |              |
|    approx_kl            | 0.0058832336 |
|    clip_fraction        | 0.0121       |
|    clip_range           | 0.2          |
|    entropy_loss         | -2.53        |
|    explained_variance   | -0.000223    |
|    learning_rate        | 0.0003       |
|    loss                 | -0.0329      |
|    n_updates            | 6190         |
|    policy_gradient_loss | -0.000709    |
|    std                  | 0.857        |
|    value_loss           | 0.00286      |
------------------------------------------
----------------------------------------
| rollout/                |            |
|    ep_len_mean          | 119        |
|    ep_rew_mean          | -1.01      |
| time/                   |            |
|    fps                  | 94         |
|    iterations           | 151        |
|    time_elapsed         | 408        |
|    total_timesteps      | 158976     |
| train/                  |            |
|    approx_kl            | 0.00929502 |
|    clip_fraction        | 0.0777     |
|    clip_range           | 0.2        |
|    entropy_loss         | -2.52      |
|    explained_variance   | 0.000794   |
|    learning_rate        | 0.0003     |
|    loss                 | -0.0289    |
|    n_updates            | 6200       |
|    policy_gradient_loss | -0.00562   |
|    std                  | 0.854      |
|    value_loss           | 0.00303    |
----------------------------------------
-----------------------------------------
| rollout/                |             |
|    ep_len_mean          | 119         |
|    ep_rew_mean          | -1.01       |
| time/                   |             |
|    fps                  | 94          |
|    iterations           | 152         |
|    time_elapsed         | 411         |
|    total_timesteps      | 159232      |
| train/                  |             |
|    approx_kl            | 0.008232508 |
|    clip_fraction        | 0.082       |
|    clip_range           | 0.2         |
|    entropy_loss         | -2.52       |
|    explained_variance   | 0.000988    |
|    learning_rate        | 0.0003      |
|    loss                 | -0.0285     |
|    n_updates            | 6210        |
|    policy_gradient_loss | -0.00666    |
|    std                  | 0.853       |
|    value_loss           | 0.00329     |
-----------------------------------------
------------------------------------------
| rollout/                |              |
|    ep_len_mean          | 119          |
|    ep_rew_mean          | -1.01        |
| time/                   |              |
|    fps                  | 94           |
|    iterations           | 153          |
|    time_elapsed         | 416          |
|    total_timesteps      | 159488       |
| train/                  |              |
|    approx_kl            | 0.0050200806 |
|    clip_fraction        | 0.0145       |
|    clip_range           | 0.2          |
|    entropy_loss         | -2.52        |
|    explained_variance   | 0.00034      |
|    learning_rate        | 0.0003       |
|    loss                 | -0.0172      |
|    n_updates            | 6220         |
|    policy_gradient_loss | -0.00187     |
|    std                  | 0.851        |
|    value_loss           | 0.00325      |
------------------------------------------
-----------------------------------------
| rollout/                |             |
|    ep_len_mean          | 119         |
|    ep_rew_mean          | -1.01       |
| time/                   |             |
|    fps                  | 94          |
|    iterations           | 154         |
|    time_elapsed         | 418         |
|    total_timesteps      | 159744      |
| train/                  |             |
|    approx_kl            | 0.004671246 |
|    clip_fraction        | 0.0414      |
|    clip_range           | 0.2         |
|    entropy_loss         | -2.52       |
|    explained_variance   | -0.00223    |
|    learning_rate        | 0.0003      |
|    loss                 | -0.047      |
|    n_updates            | 6230        |
|    policy_gradient_loss | -0.00521    |
|    std                  | 0.856       |
|    value_loss           | 0.00299     |
-----------------------------------------
------------------------------------------
| rollout/                |              |
|    ep_len_mean          | 119          |
|    ep_rew_mean          | -1.01        |
| time/                   |              |
|    fps                  | 94           |
|    iterations           | 155          |
|    time_elapsed         | 421          |
|    total_timesteps      | 160000       |
| train/                  |              |
|    approx_kl            | 0.0047673844 |
|    clip_fraction        | 0.0375       |
|    clip_range           | 0.2          |
|    entropy_loss         | -2.53        |
|    explained_variance   | 0.00147      |
|    learning_rate        | 0.0003       |
|    loss                 | -0.0319      |
|    n_updates            | 6240         |
|    policy_gradient_loss | -0.00158     |
|    std                  | 0.858        |
|    value_loss           | 0.00268      |
------------------------------------------
-----------------------------------------
| rollout/                |             |
|    ep_len_mean          | 119         |
|    ep_rew_mean          | -1.01       |
| time/                   |             |
|    fps                  | 93          |
|    iterations           | 156         |
|    time_elapsed         | 425         |
|    total_timesteps      | 160256      |
| train/                  |             |
|    approx_kl            | 0.003776705 |
|    clip_fraction        | 0.0141      |
|    clip_range           | 0.2         |
|    entropy_loss         | -2.53       |
|    explained_variance   | -0.000605   |
|    learning_rate        | 0.0003      |
|    loss                 | -0.0269     |
|    n_updates            | 6250        |
|    policy_gradient_loss | -0.00223    |
|    std                  | 0.857       |
|    value_loss           | 0.00297     |
-----------------------------------------
------------------------------------------
| rollout/                |              |
|    ep_len_mean          | 119          |
|    ep_rew_mean          | -1.01        |
| time/                   |              |
|    fps                  | 93           |
|    iterations           | 157          |
|    time_elapsed         | 428          |
|    total_timesteps      | 160512       |
| train/                  |              |
|    approx_kl            | 0.0037548305 |
|    clip_fraction        | 0.00703      |
|    clip_range           | 0.2          |
|    entropy_loss         | -2.53        |
|    explained_variance   | -0.000406    |
|    learning_rate        | 0.0003       |
|    loss                 | -0.0157      |
|    n_updates            | 6260         |
|    policy_gradient_loss | -0.00157     |
|    std                  | 0.863        |
|    value_loss           | 0.00331      |
------------------------------------------
------------------------------------------
| rollout/                |              |
|    ep_len_mean          | 118          |
|    ep_rew_mean          | -0.794       |
| time/                   |              |
|    fps                  | 93           |
|    iterations           | 158          |
|    time_elapsed         | 433          |
|    total_timesteps      | 160768       |
| train/                  |              |
|    approx_kl            | 0.0061484706 |
|    clip_fraction        | 0.0332       |
|    clip_range           | 0.2          |
|    entropy_loss         | -2.55        |
|    explained_variance   | 5.11e-05     |
|    learning_rate        | 0.0003       |
|    loss                 | -0.0298      |
|    n_updates            | 6270         |
|    policy_gradient_loss | -0.00181     |
|    std                  | 0.866        |
|    value_loss           | 0.00335      |
------------------------------------------
-----------------------------------------
| rollout/                |             |
|    ep_len_mean          | 118         |
|    ep_rew_mean          | -0.794      |
| time/                   |             |
|    fps                  | 93          |
|    iterations           | 159         |
|    time_elapsed         | 437         |
|    total_timesteps      | 161024      |
| train/                  |             |
|    approx_kl            | 0.003550667 |
|    clip_fraction        | 0.0254      |
|    clip_range           | 0.2         |
|    entropy_loss         | -2.55       |
|    explained_variance   | -8.23e-06   |
|    learning_rate        | 0.0003      |
|    loss                 | 3.38        |
|    n_updates            | 6280        |
|    policy_gradient_loss | -0.00285    |
|    std                  | 0.865       |
|    value_loss           | 1.72        |
-----------------------------------------
-----------------------------------------
| rollout/                |             |
|    ep_len_mean          | 118         |
|    ep_rew_mean          | -0.789      |
| time/                   |             |
|    fps                  | 93          |
|    iterations           | 160         |
|    time_elapsed         | 440         |
|    total_timesteps      | 161280      |
| train/                  |             |
|    approx_kl            | 0.006148141 |
|    clip_fraction        | 0.0863      |
|    clip_range           | 0.2         |
|    entropy_loss         | -2.54       |
|    explained_variance   | 0.00169     |
|    learning_rate        | 0.0003      |
|    loss                 | -0.0264     |
|    n_updates            | 6290        |
|    policy_gradient_loss | -0.00685    |
|    std                  | 0.86        |
|    value_loss           | 0.00307     |
-----------------------------------------
------------------------------------------
| rollout/                |              |
|    ep_len_mean          | 118          |
|    ep_rew_mean          | -0.789       |
| time/                   |              |
|    fps                  | 93           |
|    iterations           | 161          |
|    time_elapsed         | 442          |
|    total_timesteps      | 161536       |
| train/                  |              |
|    approx_kl            | 0.0033302014 |
|    clip_fraction        | 0.0523       |
|    clip_range           | 0.2          |
|    entropy_loss         | -2.53        |
|    explained_variance   | -0.00103     |
|    learning_rate        | 0.0003       |
|    loss                 | -0.0252      |
|    n_updates            | 6300         |
|    policy_gradient_loss | -0.00348     |
|    std                  | 0.855        |
|    value_loss           | 0.00286      |
------------------------------------------
-----------------------------------------
| rollout/                |             |
|    ep_len_mean          | 118         |
|    ep_rew_mean          | -0.789      |
| time/                   |             |
|    fps                  | 93          |
|    iterations           | 162         |
|    time_elapsed         | 445         |
|    total_timesteps      | 161792      |
| train/                  |             |
|    approx_kl            | 0.003458263 |
|    clip_fraction        | 0.0395      |
|    clip_range           | 0.2         |
|    entropy_loss         | -2.52       |
|    explained_variance   | -0.000689   |
|    learning_rate        | 0.0003      |
|    loss                 | -0.0411     |
|    n_updates            | 6310        |
|    policy_gradient_loss | -0.00324    |
|    std                  | 0.856       |
|    value_loss           | 0.00275     |
-----------------------------------------
------------------------------------------
| rollout/                |              |
|    ep_len_mean          | 118          |
|    ep_rew_mean          | -0.79        |
| time/                   |              |
|    fps                  | 93           |
|    iterations           | 163          |
|    time_elapsed         | 448          |
|    total_timesteps      | 162048       |
| train/                  |              |
|    approx_kl            | 0.0063870307 |
|    clip_fraction        | 0.0703       |
|    clip_range           | 0.2          |
|    entropy_loss         | -2.53        |
|    explained_variance   | 0.0012       |
|    learning_rate        | 0.0003       |
|    loss                 | -0.0189      |
|    n_updates            | 6320         |
|    policy_gradient_loss | -0.00492     |
|    std                  | 0.857        |
|    value_loss           | 0.00301      |
------------------------------------------
-----------------------------------------
| rollout/                |             |
|    ep_len_mean          | 118         |
|    ep_rew_mean          | -0.79       |
| time/                   |             |
|    fps                  | 93          |
|    iterations           | 164         |
|    time_elapsed         | 450         |
|    total_timesteps      | 162304      |
| train/                  |             |
|    approx_kl            | 0.009424068 |
|    clip_fraction        | 0.124       |
|    clip_range           | 0.2         |
|    entropy_loss         | -2.53       |
|    explained_variance   | 0.000915    |
|    learning_rate        | 0.0003      |
|    loss                 | -0.0264     |
|    n_updates            | 6330        |
|    policy_gradient_loss | -0.012      |
|    std                  | 0.856       |
|    value_loss           | 0.00279     |
-----------------------------------------
------------------------------------------
| rollout/                |              |
|    ep_len_mean          | 118          |
|    ep_rew_mean          | -0.792       |
| time/                   |              |
|    fps                  | 93           |
|    iterations           | 165          |
|    time_elapsed         | 453          |
|    total_timesteps      | 162560       |
| train/                  |              |
|    approx_kl            | 0.0036730957 |
|    clip_fraction        | 0.0949       |
|    clip_range           | 0.2          |
|    entropy_loss         | -2.53        |
|    explained_variance   | -0.000694    |
|    learning_rate        | 0.0003       |
|    loss                 | -0.0357      |
|    n_updates            | 6340         |
|    policy_gradient_loss | -0.00619     |
|    std                  | 0.859        |
|    value_loss           | 0.00253      |
------------------------------------------
------------------------------------------
| rollout/                |              |
|    ep_len_mean          | 118          |
|    ep_rew_mean          | -0.789       |
| time/                   |              |
|    fps                  | 93           |
|    iterations           | 166          |
|    time_elapsed         | 455          |
|    total_timesteps      | 162816       |
| train/                  |              |
|    approx_kl            | 0.0044902293 |
|    clip_fraction        | 0.0504       |
|    clip_range           | 0.2          |
|    entropy_loss         | -2.53        |
|    explained_variance   | -0.000174    |
|    learning_rate        | 0.0003       |
|    loss                 | -0.0357      |
|    n_updates            | 6350         |
|    policy_gradient_loss | -0.00373     |
|    std                  | 0.861        |
|    value_loss           | 0.00268      |
------------------------------------------
------------------------------------------
| rollout/                |              |
|    ep_len_mean          | 118          |
|    ep_rew_mean          | -0.786       |
| time/                   |              |
|    fps                  | 93           |
|    iterations           | 167          |
|    time_elapsed         | 458          |
|    total_timesteps      | 163072       |
| train/                  |              |
|    approx_kl            | 0.0057099587 |
|    clip_fraction        | 0.0305       |
|    clip_range           | 0.2          |
|    entropy_loss         | -2.54        |
|    explained_variance   | 0.000482     |
|    learning_rate        | 0.0003       |
|    loss                 | -0.0332      |
|    n_updates            | 6360         |
|    policy_gradient_loss | -0.0024      |
|    std                  | 0.868        |
|    value_loss           | 0.00288      |
------------------------------------------
------------------------------------------
| rollout/                |              |
|    ep_len_mean          | 118          |
|    ep_rew_mean          | -0.784       |
| time/                   |              |
|    fps                  | 92           |
|    iterations           | 168          |
|    time_elapsed         | 463          |
|    total_timesteps      | 163328       |
| train/                  |              |
|    approx_kl            | 0.0048509873 |
|    clip_fraction        | 0.0848       |
|    clip_range           | 0.2          |
|    entropy_loss         | -2.55        |
|    explained_variance   | -0.00173     |
|    learning_rate        | 0.0003       |
|    loss                 | -0.0409      |
|    n_updates            | 6370         |
|    policy_gradient_loss | -0.00691     |
|    std                  | 0.87         |
|    value_loss           | 0.00307      |
------------------------------------------
-----------------------------------------
| rollout/                |             |
|    ep_len_mean          | 118         |
|    ep_rew_mean          | -0.784      |
| time/                   |             |
|    fps                  | 92          |
|    iterations           | 169         |
|    time_elapsed         | 465         |
|    total_timesteps      | 163584      |
| train/                  |             |
|    approx_kl            | 0.004043557 |
|    clip_fraction        | 0.034       |
|    clip_range           | 0.2         |
|    entropy_loss         | -2.56       |
|    explained_variance   | 0.00283     |
|    learning_rate        | 0.0003      |
|    loss                 | -0.0239     |
|    n_updates            | 6380        |
|    policy_gradient_loss | -0.00269    |
|    std                  | 0.871       |
|    value_loss           | 0.00239     |
-----------------------------------------
----------------------------------------
| rollout/                |            |
|    ep_len_mean          | 118        |
|    ep_rew_mean          | -0.784     |
| time/                   |            |
|    fps                  | 92         |
|    iterations           | 170        |
|    time_elapsed         | 468        |
|    total_timesteps      | 163840     |
| train/                  |            |
|    approx_kl            | 0.00322702 |
|    clip_fraction        | 0.00898    |
|    clip_range           | 0.2        |
|    entropy_loss         | -2.55      |
|    explained_variance   | 7.01e-05   |
|    learning_rate        | 0.0003     |
|    loss                 | -0.0312    |
|    n_updates            | 6390       |
|    policy_gradient_loss | -0.00072   |
|    std                  | 0.867      |
|    value_loss           | 0.0032     |
----------------------------------------
-----------------------------------------
| rollout/                |             |
|    ep_len_mean          | 118         |
|    ep_rew_mean          | -0.787      |
| time/                   |             |
|    fps                  | 92          |
|    iterations           | 171         |
|    time_elapsed         | 471         |
|    total_timesteps      | 164096      |
| train/                  |             |
|    approx_kl            | 0.008430885 |
|    clip_fraction        | 0.0328      |
|    clip_range           | 0.2         |
|    entropy_loss         | -2.55       |
|    explained_variance   | -0.000467   |
|    learning_rate        | 0.0003      |
|    loss                 | -0.00355    |
|    n_updates            | 6400        |
|    policy_gradient_loss | -0.00171    |
|    std                  | 0.865       |
|    value_loss           | 0.00288     |
-----------------------------------------
-----------------------------------------
| rollout/                |             |
|    ep_len_mean          | 118         |
|    ep_rew_mean          | -0.785      |
| time/                   |             |
|    fps                  | 92          |
|    iterations           | 172         |
|    time_elapsed         | 473         |
|    total_timesteps      | 164352      |
| train/                  |             |
|    approx_kl            | 0.006239782 |
|    clip_fraction        | 0.0668      |
|    clip_range           | 0.2         |
|    entropy_loss         | -2.54       |
|    explained_variance   | 0.000543    |
|    learning_rate        | 0.0003      |
|    loss                 | -0.0445     |
|    n_updates            | 6410        |
|    policy_gradient_loss | -0.00452    |
|    std                  | 0.866       |
|    value_loss           | 0.00296     |
-----------------------------------------
------------------------------------------
| rollout/                |              |
|    ep_len_mean          | 118          |
|    ep_rew_mean          | -0.789       |
| time/                   |              |
|    fps                  | 92           |
|    iterations           | 173          |
|    time_elapsed         | 478          |
|    total_timesteps      | 164608       |
| train/                  |              |
|    approx_kl            | 0.0058921934 |
|    clip_fraction        | 0.0859       |
|    clip_range           | 0.2          |
|    entropy_loss         | -2.55        |
|    explained_variance   | -4.09e-05    |
|    learning_rate        | 0.0003       |
|    loss                 | -0.026       |
|    n_updates            | 6420         |
|    policy_gradient_loss | -0.00456     |
|    std                  | 0.865        |
|    value_loss           | 0.00324      |
------------------------------------------
------------------------------------------
| rollout/                |              |
|    ep_len_mean          | 118          |
|    ep_rew_mean          | -0.788       |
| time/                   |              |
|    fps                  | 92           |
|    iterations           | 174          |
|    time_elapsed         | 480          |
|    total_timesteps      | 164864       |
| train/                  |              |
|    approx_kl            | 0.0052140704 |
|    clip_fraction        | 0.0699       |
|    clip_range           | 0.2          |
|    entropy_loss         | -2.55        |
|    explained_variance   | -0.000872    |
|    learning_rate        | 0.0003       |
|    loss                 | -0.0224      |
|    n_updates            | 6430         |
|    policy_gradient_loss | -0.00638     |
|    std                  | 0.868        |
|    value_loss           | 0.00324      |
------------------------------------------
------------------------------------------
| rollout/                |              |
|    ep_len_mean          | 118          |
|    ep_rew_mean          | -0.789       |
| time/                   |              |
|    fps                  | 92           |
|    iterations           | 175          |
|    time_elapsed         | 483          |
|    total_timesteps      | 165120       |
| train/                  |              |
|    approx_kl            | 0.0035340784 |
|    clip_fraction        | 0.0437       |
|    clip_range           | 0.2          |
|    entropy_loss         | -2.56        |
|    explained_variance   | 0.00127      |
|    learning_rate        | 0.0003       |
|    loss                 | -0.0392      |
|    n_updates            | 6440         |
|    policy_gradient_loss | -0.00336     |
|    std                  | 0.871        |
|    value_loss           | 0.00299      |
------------------------------------------
------------------------------------------
| rollout/                |              |
|    ep_len_mean          | 118          |
|    ep_rew_mean          | -0.789       |
| time/                   |              |
|    fps                  | 92           |
|    iterations           | 176          |
|    time_elapsed         | 486          |
|    total_timesteps      | 165376       |
| train/                  |              |
|    approx_kl            | 0.0034533876 |
|    clip_fraction        | 0.0746       |
|    clip_range           | 0.2          |
|    entropy_loss         | -2.56        |
|    explained_variance   | -0.00102     |
|    learning_rate        | 0.0003       |
|    loss                 | -0.0254      |
|    n_updates            | 6450         |
|    policy_gradient_loss | -0.00935     |
|    std                  | 0.876        |
|    value_loss           | 0.00312      |
------------------------------------------
-----------------------------------------
| rollout/                |             |
|    ep_len_mean          | 118         |
|    ep_rew_mean          | -0.786      |
| time/                   |             |
|    fps                  | 92          |
|    iterations           | 177         |
|    time_elapsed         | 488         |
|    total_timesteps      | 165632      |
| train/                  |             |
|    approx_kl            | 0.006528134 |
|    clip_fraction        | 0.0688      |
|    clip_range           | 0.2         |
|    entropy_loss         | -2.57       |
|    explained_variance   | -0.00258    |
|    learning_rate        | 0.0003      |
|    loss                 | -0.0333     |
|    n_updates            | 6460        |
|    policy_gradient_loss | -0.00596    |
|    std                  | 0.88        |
|    value_loss           | 0.00274     |
-----------------------------------------
-----------------------------------------
| rollout/                |             |
|    ep_len_mean          | 118         |
|    ep_rew_mean          | -0.784      |
| time/                   |             |
|    fps                  | 92          |
|    iterations           | 178         |
|    time_elapsed         | 491         |
|    total_timesteps      | 165888      |
| train/                  |             |
|    approx_kl            | 0.004399374 |
|    clip_fraction        | 0.0703      |
|    clip_range           | 0.2         |
|    entropy_loss         | -2.58       |
|    explained_variance   | -0.00104    |
|    learning_rate        | 0.0003      |
|    loss                 | -0.0211     |
|    n_updates            | 6470        |
|    policy_gradient_loss | -0.0053     |
|    std                  | 0.881       |
|    value_loss           | 0.0028      |
-----------------------------------------
------------------------------------------
| rollout/                |              |
|    ep_len_mean          | 116          |
|    ep_rew_mean          | -0.57        |
| time/                   |              |
|    fps                  | 92           |
|    iterations           | 179          |
|    time_elapsed         | 494          |
|    total_timesteps      | 166144       |
| train/                  |              |
|    approx_kl            | 0.0030637553 |
|    clip_fraction        | 0.0105       |
|    clip_range           | 0.2          |
|    entropy_loss         | -2.58        |
|    explained_variance   | -0.00236     |
|    learning_rate        | 0.0003       |
|    loss                 | -0.0392      |
|    n_updates            | 6480         |
|    policy_gradient_loss | -0.000867    |
|    std                  | 0.884        |
|    value_loss           | 0.00277      |
------------------------------------------
------------------------------------------
| rollout/                |              |
|    ep_len_mean          | 116          |
|    ep_rew_mean          | -0.568       |
| time/                   |              |
|    fps                  | 92           |
|    iterations           | 180          |
|    time_elapsed         | 496          |
|    total_timesteps      | 166400       |
| train/                  |              |
|    approx_kl            | 0.0029545038 |
|    clip_fraction        | 0.0363       |
|    clip_range           | 0.2          |
|    entropy_loss         | -2.59        |
|    explained_variance   | -6.08e-06    |
|    learning_rate        | 0.0003       |
|    loss                 | -0.0308      |
|    n_updates            | 6490         |
|    policy_gradient_loss | -0.00234     |
|    std                  | 0.883        |
|    value_loss           | 1.72         |
------------------------------------------
-------------------------------------------
| rollout/                |               |
|    ep_len_mean          | 116           |
|    ep_rew_mean          | -0.568        |
| time/                   |               |
|    fps                  | 92            |
|    iterations           | 181           |
|    time_elapsed         | 499           |
|    total_timesteps      | 166656        |
| train/                  |               |
|    approx_kl            | 0.00023768353 |
|    clip_fraction        | 0             |
|    clip_range           | 0.2           |
|    entropy_loss         | -2.58         |
|    explained_variance   | 0.000192      |
|    learning_rate        | 0.0003        |
|    loss                 | -0.0245       |
|    n_updates            | 6500          |
|    policy_gradient_loss | 0.000355      |
|    std                  | 0.882         |
|    value_loss           | 0.00329       |
-------------------------------------------
------------------------------------------
| rollout/                |              |
|    ep_len_mean          | 116          |
|    ep_rew_mean          | -0.566       |
| time/                   |              |
|    fps                  | 92           |
|    iterations           | 182          |
|    time_elapsed         | 502          |
|    total_timesteps      | 166912       |
| train/                  |              |
|    approx_kl            | 0.0050023966 |
|    clip_fraction        | 0.00781      |
|    clip_range           | 0.2          |
|    entropy_loss         | -2.58        |
|    explained_variance   | 0.000757     |
|    learning_rate        | 0.0003       |
|    loss                 | -0.0141      |
|    n_updates            | 6510         |
|    policy_gradient_loss | -0.00105     |
|    std                  | 0.88         |
|    value_loss           | 0.00327      |
------------------------------------------
-----------------------------------------
| rollout/                |             |
|    ep_len_mean          | 116         |
|    ep_rew_mean          | -0.565      |
| time/                   |             |
|    fps                  | 92          |
|    iterations           | 183         |
|    time_elapsed         | 504         |
|    total_timesteps      | 167168      |
| train/                  |             |
|    approx_kl            | 0.005293481 |
|    clip_fraction        | 0.0527      |
|    clip_range           | 0.2         |
|    entropy_loss         | -2.58       |
|    explained_variance   | 3.33e-05    |
|    learning_rate        | 0.0003      |
|    loss                 | -0.0263     |
|    n_updates            | 6520        |
|    policy_gradient_loss | -0.00493    |
|    std                  | 0.877       |
|    value_loss           | 0.00301     |
-----------------------------------------
------------------------------------------
| rollout/                |              |
|    ep_len_mean          | 116          |
|    ep_rew_mean          | -0.57        |
| time/                   |              |
|    fps                  | 92           |
|    iterations           | 184          |
|    time_elapsed         | 507          |
|    total_timesteps      | 167424       |
| train/                  |              |
|    approx_kl            | 0.0037759056 |
|    clip_fraction        | 0.0176       |
|    clip_range           | 0.2          |
|    entropy_loss         | -2.57        |
|    explained_variance   | -0.000992    |
|    learning_rate        | 0.0003       |
|    loss                 | -0.0287      |
|    n_updates            | 6530         |
|    policy_gradient_loss | -0.00299     |
|    std                  | 0.877        |
|    value_loss           | 0.00307      |
------------------------------------------
------------------------------------------
| rollout/                |              |
|    ep_len_mean          | 118          |
|    ep_rew_mean          | -0.78        |
| time/                   |              |
|    fps                  | 92           |
|    iterations           | 185          |
|    time_elapsed         | 510          |
|    total_timesteps      | 167680       |
| train/                  |              |
|    approx_kl            | 0.0063885986 |
|    clip_fraction        | 0.0707       |
|    clip_range           | 0.2          |
|    entropy_loss         | -2.57        |
|    explained_variance   | -0.000575    |
|    learning_rate        | 0.0003       |
|    loss                 | -0.0547      |
|    n_updates            | 6540         |
|    policy_gradient_loss | -0.00783     |
|    std                  | 0.878        |
|    value_loss           | 0.00329      |
------------------------------------------
-----------------------------------------
| rollout/                |             |
|    ep_len_mean          | 118         |
|    ep_rew_mean          | -0.781      |
| time/                   |             |
|    fps                  | 92          |
|    iterations           | 186         |
|    time_elapsed         | 512         |
|    total_timesteps      | 167936      |
| train/                  |             |
|    approx_kl            | 0.004131918 |
|    clip_fraction        | 0.0453      |
|    clip_range           | 0.2         |
|    entropy_loss         | -2.57       |
|    explained_variance   | 0.000389    |
|    learning_rate        | 0.0003      |
|    loss                 | -0.0468     |
|    n_updates            | 6550        |
|    policy_gradient_loss | -0.00577    |
|    std                  | 0.875       |
|    value_loss           | 0.00291     |
-----------------------------------------
------------------------------------------
| rollout/                |              |
|    ep_len_mean          | 118          |
|    ep_rew_mean          | -0.778       |
| time/                   |              |
|    fps                  | 92           |
|    iterations           | 187          |
|    time_elapsed         | 517          |
|    total_timesteps      | 168192       |
| train/                  |              |
|    approx_kl            | 0.0033245888 |
|    clip_fraction        | 0.0359       |
|    clip_range           | 0.2          |
|    entropy_loss         | -2.57        |
|    explained_variance   | 0.000412     |
|    learning_rate        | 0.0003       |
|    loss                 | -0.0219      |
|    n_updates            | 6560         |
|    policy_gradient_loss | -0.00368     |
|    std                  | 0.878        |
|    value_loss           | 0.00331      |
------------------------------------------
-----------------------------------------
| rollout/                |             |
|    ep_len_mean          | 118         |
|    ep_rew_mean          | -0.777      |
| time/                   |             |
|    fps                  | 92          |
|    iterations           | 188         |
|    time_elapsed         | 519         |
|    total_timesteps      | 168448      |
| train/                  |             |
|    approx_kl            | 0.004705474 |
|    clip_fraction        | 0.0426      |
|    clip_range           | 0.2         |
|    entropy_loss         | -2.58       |
|    explained_variance   | -0.00163    |
|    learning_rate        | 0.0003      |
|    loss                 | -0.0372     |
|    n_updates            | 6570        |
|    policy_gradient_loss | -0.00374    |
|    std                  | 0.88        |
|    value_loss           | 0.00344     |
-----------------------------------------
-----------------------------------------
| rollout/                |             |
|    ep_len_mean          | 118         |
|    ep_rew_mean          | -0.777      |
| time/                   |             |
|    fps                  | 92          |
|    iterations           | 189         |
|    time_elapsed         | 522         |
|    total_timesteps      | 168704      |
| train/                  |             |
|    approx_kl            | 0.006380311 |
|    clip_fraction        | 0.0582      |
|    clip_range           | 0.2         |
|    entropy_loss         | -2.58       |
|    explained_variance   | 0.000275    |
|    learning_rate        | 0.0003      |
|    loss                 | -0.0366     |
|    n_updates            | 6580        |
|    policy_gradient_loss | -0.00297    |
|    std                  | 0.876       |
|    value_loss           | 0.00329     |
-----------------------------------------
------------------------------------------
| rollout/                |              |
|    ep_len_mean          | 118          |
|    ep_rew_mean          | -0.778       |
| time/                   |              |
|    fps                  | 92           |
|    iterations           | 190          |
|    time_elapsed         | 525          |
|    total_timesteps      | 168960       |
| train/                  |              |
|    approx_kl            | 0.0050373767 |
|    clip_fraction        | 0.0672       |
|    clip_range           | 0.2          |
|    entropy_loss         | -2.57        |
|    explained_variance   | -8.68e-05    |
|    learning_rate        | 0.0003       |
|    loss                 | -0.0402      |
|    n_updates            | 6590         |
|    policy_gradient_loss | -0.00599     |
|    std                  | 0.872        |
|    value_loss           | 0.00322      |
------------------------------------------
------------------------------------------
| rollout/                |              |
|    ep_len_mean          | 118          |
|    ep_rew_mean          | -0.781       |
| time/                   |              |
|    fps                  | 92           |
|    iterations           | 191          |
|    time_elapsed         | 527          |
|    total_timesteps      | 169216       |
| train/                  |              |
|    approx_kl            | 0.0058125453 |
|    clip_fraction        | 0.059        |
|    clip_range           | 0.2          |
|    entropy_loss         | -2.56        |
|    explained_variance   | -9.25e-05    |
|    learning_rate        | 0.0003       |
|    loss                 | -0.0462      |
|    n_updates            | 6600         |
|    policy_gradient_loss | -0.00446     |
|    std                  | 0.869        |
|    value_loss           | 0.00299      |
------------------------------------------
------------------------------------------
| rollout/                |              |
|    ep_len_mean          | 118          |
|    ep_rew_mean          | -0.779       |
| time/                   |              |
|    fps                  | 92           |
|    iterations           | 192          |
|    time_elapsed         | 532          |
|    total_timesteps      | 169472       |
| train/                  |              |
|    approx_kl            | 0.0061906986 |
|    clip_fraction        | 0.0391       |
|    clip_range           | 0.2          |
|    entropy_loss         | -2.55        |
|    explained_variance   | 0.000692     |
|    learning_rate        | 0.0003       |
|    loss                 | -0.0355      |
|    n_updates            | 6610         |
|    policy_gradient_loss | -0.00309     |
|    std                  | 0.869        |
|    value_loss           | 0.00325      |
------------------------------------------
-----------------------------------------
| rollout/                |             |
|    ep_len_mean          | 118         |
|    ep_rew_mean          | -0.778      |
| time/                   |             |
|    fps                  | 92          |
|    iterations           | 193         |
|    time_elapsed         | 534         |
|    total_timesteps      | 169728      |
| train/                  |             |
|    approx_kl            | 0.009661199 |
|    clip_fraction        | 0.113       |
|    clip_range           | 0.2         |
|    entropy_loss         | -2.56       |
|    explained_variance   | -0.000395   |
|    learning_rate        | 0.0003      |
|    loss                 | -0.0199     |
|    n_updates            | 6620        |
|    policy_gradient_loss | -0.00898    |
|    std                  | 0.87        |
|    value_loss           | 0.00305     |
-----------------------------------------
-----------------------------------------
| rollout/                |             |
|    ep_len_mean          | 118         |
|    ep_rew_mean          | -0.778      |
| time/                   |             |
|    fps                  | 92          |
|    iterations           | 194         |
|    time_elapsed         | 537         |
|    total_timesteps      | 169984      |
| train/                  |             |
|    approx_kl            | 0.002335874 |
|    clip_fraction        | 0.000391    |
|    clip_range           | 0.2         |
|    entropy_loss         | -2.56       |
|    explained_variance   | 0.000247    |
|    learning_rate        | 0.0003      |
|    loss                 | -0.0276     |
|    n_updates            | 6630        |
|    policy_gradient_loss | -0.000286   |
|    std                  | 0.875       |
|    value_loss           | 0.00342     |
-----------------------------------------
------------------------------------------
| rollout/                |              |
|    ep_len_mean          | 118          |
|    ep_rew_mean          | -0.779       |
| time/                   |              |
|    fps                  | 92           |
|    iterations           | 195          |
|    time_elapsed         | 540          |
|    total_timesteps      | 170240       |
| train/                  |              |
|    approx_kl            | 0.0018492825 |
|    clip_fraction        | 0.0148       |
|    clip_range           | 0.2          |
|    entropy_loss         | -2.57        |
|    explained_variance   | 0.000269     |
|    learning_rate        | 0.0003       |
|    loss                 | -0.0272      |
|    n_updates            | 6640         |
|    policy_gradient_loss | -0.00172     |
|    std                  | 0.88         |
|    value_loss           | 0.00337      |
------------------------------------------
------------------------------------------
| rollout/                |              |
|    ep_len_mean          | 118          |
|    ep_rew_mean          | -0.776       |
| time/                   |              |
|    fps                  | 92           |
|    iterations           | 196          |
|    time_elapsed         | 542          |
|    total_timesteps      | 170496       |
| train/                  |              |
|    approx_kl            | 0.0088419765 |
|    clip_fraction        | 0.0324       |
|    clip_range           | 0.2          |
|    entropy_loss         | -2.58        |
|    explained_variance   | -0.00025     |
|    learning_rate        | 0.0003       |
|    loss                 | -0.0241      |
|    n_updates            | 6650         |
|    policy_gradient_loss | -0.00165     |
|    std                  | 0.882        |
|    value_loss           | 0.00302      |
------------------------------------------
------------------------------------------
| rollout/                |              |
|    ep_len_mean          | 118          |
|    ep_rew_mean          | -0.778       |
| time/                   |              |
|    fps                  | 92           |
|    iterations           | 197          |
|    time_elapsed         | 545          |
|    total_timesteps      | 170752       |
| train/                  |              |
|    approx_kl            | 0.0065715546 |
|    clip_fraction        | 0.119        |
|    clip_range           | 0.2          |
|    entropy_loss         | -2.59        |
|    explained_variance   | -0.00139     |
|    learning_rate        | 0.0003       |
|    loss                 | -0.043       |
|    n_updates            | 6660         |
|    policy_gradient_loss | -0.00929     |
|    std                  | 0.886        |
|    value_loss           | 0.00311      |
------------------------------------------
-----------------------------------------
| rollout/                |             |
|    ep_len_mean          | 118         |
|    ep_rew_mean          | -0.777      |
| time/                   |             |
|    fps                  | 92          |
|    iterations           | 198         |
|    time_elapsed         | 548         |
|    total_timesteps      | 171008      |
| train/                  |             |
|    approx_kl            | 0.004759902 |
|    clip_fraction        | 0.0656      |
|    clip_range           | 0.2         |
|    entropy_loss         | -2.59       |
|    explained_variance   | 0.000124    |
|    learning_rate        | 0.0003      |
|    loss                 | -0.0436     |
|    n_updates            | 6670        |
|    policy_gradient_loss | -0.00311    |
|    std                  | 0.886       |
|    value_loss           | 0.00294     |
-----------------------------------------
------------------------------------------
| rollout/                |              |
|    ep_len_mean          | 118          |
|    ep_rew_mean          | -0.775       |
| time/                   |              |
|    fps                  | 92           |
|    iterations           | 199          |
|    time_elapsed         | 550          |
|    total_timesteps      | 171264       |
| train/                  |              |
|    approx_kl            | 0.0050618714 |
|    clip_fraction        | 0.0336       |
|    clip_range           | 0.2          |
|    entropy_loss         | -2.59        |
|    explained_variance   | 0.000902     |
|    learning_rate        | 0.0003       |
|    loss                 | -0.0126      |
|    n_updates            | 6680         |
|    policy_gradient_loss | -0.00314     |
|    std                  | 0.882        |
|    value_loss           | 0.00282      |
------------------------------------------
------------------------------------------
| rollout/                |              |
|    ep_len_mean          | 118          |
|    ep_rew_mean          | -0.775       |
| time/                   |              |
|    fps                  | 92           |
|    iterations           | 200          |
|    time_elapsed         | 553          |
|    total_timesteps      | 171520       |
| train/                  |              |
|    approx_kl            | 0.0047844006 |
|    clip_fraction        | 0.027        |
|    clip_range           | 0.2          |
|    entropy_loss         | -2.58        |
|    explained_variance   | -0.000595    |
|    learning_rate        | 0.0003       |
|    loss                 | -0.0162      |
|    n_updates            | 6690         |
|    policy_gradient_loss | -0.00312     |
|    std                  | 0.88         |
|    value_loss           | 0.00306      |
------------------------------------------
------------------------------------------
| rollout/                |              |
|    ep_len_mean          | 118          |
|    ep_rew_mean          | -0.771       |
| time/                   |              |
|    fps                  | 92           |
|    iterations           | 201          |
|    time_elapsed         | 556          |
|    total_timesteps      | 171776       |
| train/                  |              |
|    approx_kl            | 0.0069706216 |
|    clip_fraction        | 0.075        |
|    clip_range           | 0.2          |
|    entropy_loss         | -2.59        |
|    explained_variance   | 0.00146      |
|    learning_rate        | 0.0003       |
|    loss                 | -0.0336      |
|    n_updates            | 6700         |
|    policy_gradient_loss | -0.00756     |
|    std                  | 0.886        |
|    value_loss           | 0.00303      |
------------------------------------------
-----------------------------------------
| rollout/                |             |
|    ep_len_mean          | 118         |
|    ep_rew_mean          | -0.772      |
| time/                   |             |
|    fps                  | 92          |
|    iterations           | 202         |
|    time_elapsed         | 558         |
|    total_timesteps      | 172032      |
| train/                  |             |
|    approx_kl            | 0.005558998 |
|    clip_fraction        | 0.0625      |
|    clip_range           | 0.2         |
|    entropy_loss         | -2.59       |
|    explained_variance   | 0.000179    |
|    learning_rate        | 0.0003      |
|    loss                 | -0.0202     |
|    n_updates            | 6710        |
|    policy_gradient_loss | -0.0046     |
|    std                  | 0.884       |
|    value_loss           | 0.0043      |
-----------------------------------------
-----------------------------------------
| rollout/                |             |
|    ep_len_mean          | 118         |
|    ep_rew_mean          | -0.776      |
| time/                   |             |
|    fps                  | 92          |
|    iterations           | 203         |
|    time_elapsed         | 561         |
|    total_timesteps      | 172288      |
| train/                  |             |
|    approx_kl            | 0.004257236 |
|    clip_fraction        | 0.0586      |
|    clip_range           | 0.2         |
|    entropy_loss         | -2.59       |
|    explained_variance   | 0.000519    |
|    learning_rate        | 0.0003      |
|    loss                 | -0.0309     |
|    n_updates            | 6720        |
|    policy_gradient_loss | -0.00426    |
|    std                  | 0.882       |
|    value_loss           | 0.00372     |
-----------------------------------------
------------------------------------------
| rollout/                |              |
|    ep_len_mean          | 119          |
|    ep_rew_mean          | -0.992       |
| time/                   |              |
|    fps                  | 92           |
|    iterations           | 204          |
|    time_elapsed         | 563          |
|    total_timesteps      | 172544       |
| train/                  |              |
|    approx_kl            | 0.0068678735 |
|    clip_fraction        | 0.0312       |
|    clip_range           | 0.2          |
|    entropy_loss         | -2.59        |
|    explained_variance   | 0.00257      |
|    learning_rate        | 0.0003       |
|    loss                 | -0.0218      |
|    n_updates            | 6730         |
|    policy_gradient_loss | -0.00159     |
|    std                  | 0.885        |
|    value_loss           | 0.00433      |
------------------------------------------
-----------------------------------------
| rollout/                |             |
|    ep_len_mean          | 119         |
|    ep_rew_mean          | -0.992      |
| time/                   |             |
|    fps                  | 92          |
|    iterations           | 205         |
|    time_elapsed         | 566         |
|    total_timesteps      | 172800      |
| train/                  |             |
|    approx_kl            | 0.008542504 |
|    clip_fraction        | 0.0699      |
|    clip_range           | 0.2         |
|    entropy_loss         | -2.59       |
|    explained_variance   | -0.000133   |
|    learning_rate        | 0.0003      |
|    loss                 | -0.0468     |
|    n_updates            | 6740        |
|    policy_gradient_loss | -0.00694    |
|    std                  | 0.881       |
|    value_loss           | 0.0042      |
-----------------------------------------
-----------------------------------------
| rollout/                |             |
|    ep_len_mean          | 118         |
|    ep_rew_mean          | -0.779      |
| time/                   |             |
|    fps                  | 92          |
|    iterations           | 206         |
|    time_elapsed         | 571         |
|    total_timesteps      | 173056      |
| train/                  |             |
|    approx_kl            | 0.005802594 |
|    clip_fraction        | 0.0746      |
|    clip_range           | 0.2         |
|    entropy_loss         | -2.58       |
|    explained_variance   | 0.00039     |
|    learning_rate        | 0.0003      |
|    loss                 | -0.0336     |
|    n_updates            | 6750        |
|    policy_gradient_loss | -0.00798    |
|    std                  | 0.882       |
|    value_loss           | 0.00329     |
-----------------------------------------
----------------------------------------
| rollout/                |            |
|    ep_len_mean          | 118        |
|    ep_rew_mean          | -0.779     |
| time/                   |            |
|    fps                  | 92         |
|    iterations           | 207        |
|    time_elapsed         | 573        |
|    total_timesteps      | 173312     |
| train/                  |            |
|    approx_kl            | 0.00787865 |
|    clip_fraction        | 0.121      |
|    clip_range           | 0.2        |
|    entropy_loss         | -2.59      |
|    explained_variance   | 3.48e-05   |
|    learning_rate        | 0.0003     |
|    loss                 | -0.03      |
|    n_updates            | 6760       |
|    policy_gradient_loss | -0.00845   |
|    std                  | 0.882      |
|    value_loss           | 1.72       |
----------------------------------------
------------------------------------------
| rollout/                |              |
|    ep_len_mean          | 118          |
|    ep_rew_mean          | -0.78        |
| time/                   |              |
|    fps                  | 92           |
|    iterations           | 208          |
|    time_elapsed         | 576          |
|    total_timesteps      | 173568       |
| train/                  |              |
|    approx_kl            | 0.0035550683 |
|    clip_fraction        | 0.00937      |
|    clip_range           | 0.2          |
|    entropy_loss         | -2.59        |
|    explained_variance   | -0.0019      |
|    learning_rate        | 0.0003       |
|    loss                 | -0.0251      |
|    n_updates            | 6770         |
|    policy_gradient_loss | -0.000288    |
|    std                  | 0.883        |
|    value_loss           | 0.00401      |
------------------------------------------
------------------------------------------
| rollout/                |              |
|    ep_len_mean          | 118          |
|    ep_rew_mean          | -0.777       |
| time/                   |              |
|    fps                  | 92           |
|    iterations           | 209          |
|    time_elapsed         | 579          |
|    total_timesteps      | 173824       |
| train/                  |              |
|    approx_kl            | 0.0043170415 |
|    clip_fraction        | 0.0309       |
|    clip_range           | 0.2          |
|    entropy_loss         | -2.59        |
|    explained_variance   | 0.000461     |
|    learning_rate        | 0.0003       |
|    loss                 | -0.0218      |
|    n_updates            | 6780         |
|    policy_gradient_loss | -0.00238     |
|    std                  | 0.882        |
|    value_loss           | 0.00348      |
------------------------------------------
-----------------------------------------
| rollout/                |             |
|    ep_len_mean          | 118         |
|    ep_rew_mean          | -0.78       |
| time/                   |             |
|    fps                  | 92          |
|    iterations           | 210         |
|    time_elapsed         | 581         |
|    total_timesteps      | 174080      |
| train/                  |             |
|    approx_kl            | 0.008252486 |
|    clip_fraction        | 0.098       |
|    clip_range           | 0.2         |
|    entropy_loss         | -2.59       |
|    explained_variance   | 0.000303    |
|    learning_rate        | 0.0003      |
|    loss                 | -0.0282     |
|    n_updates            | 6790        |
|    policy_gradient_loss | -0.00977    |
|    std                  | 0.882       |
|    value_loss           | 0.00307     |
-----------------------------------------
-----------------------------------------
| rollout/                |             |
|    ep_len_mean          | 118         |
|    ep_rew_mean          | -0.782      |
| time/                   |             |
|    fps                  | 92          |
|    iterations           | 211         |
|    time_elapsed         | 584         |
|    total_timesteps      | 174336      |
| train/                  |             |
|    approx_kl            | 0.006685189 |
|    clip_fraction        | 0.0344      |
|    clip_range           | 0.2         |
|    entropy_loss         | -2.59       |
|    explained_variance   | 0.00246     |
|    learning_rate        | 0.0003      |
|    loss                 | -0.0491     |
|    n_updates            | 6800        |
|    policy_gradient_loss | -0.00223    |
|    std                  | 0.884       |
|    value_loss           | 0.00389     |
-----------------------------------------
------------------------------------------
| rollout/                |              |
|    ep_len_mean          | 118          |
|    ep_rew_mean          | -0.783       |
| time/                   |              |
|    fps                  | 92           |
|    iterations           | 212          |
|    time_elapsed         | 587          |
|    total_timesteps      | 174592       |
| train/                  |              |
|    approx_kl            | 0.0022937553 |
|    clip_fraction        | 0.0242       |
|    clip_range           | 0.2          |
|    entropy_loss         | -2.59        |
|    explained_variance   | -0.00402     |
|    learning_rate        | 0.0003       |
|    loss                 | -0.0365      |
|    n_updates            | 6810         |
|    policy_gradient_loss | -0.00285     |
|    std                  | 0.887        |
|    value_loss           | 0.00328      |
------------------------------------------
-----------------------------------------
| rollout/                |             |
|    ep_len_mean          | 118         |
|    ep_rew_mean          | -0.779      |
| time/                   |             |
|    fps                  | 92          |
|    iterations           | 213         |
|    time_elapsed         | 589         |
|    total_timesteps      | 174848      |
| train/                  |             |
|    approx_kl            | 0.006789246 |
|    clip_fraction        | 0.0703      |
|    clip_range           | 0.2         |
|    entropy_loss         | -2.6        |
|    explained_variance   | 0.000255    |
|    learning_rate        | 0.0003      |
|    loss                 | -0.0253     |
|    n_updates            | 6820        |
|    policy_gradient_loss | -0.00476    |
|    std                  | 0.886       |
|    value_loss           | 0.00279     |
-----------------------------------------
-----------------------------------------
| rollout/                |             |
|    ep_len_mean          | 118         |
|    ep_rew_mean          | -0.775      |
| time/                   |             |
|    fps                  | 92          |
|    iterations           | 214         |
|    time_elapsed         | 592         |
|    total_timesteps      | 175104      |
| train/                  |             |
|    approx_kl            | 0.007125742 |
|    clip_fraction        | 0.0574      |
|    clip_range           | 0.2         |
|    entropy_loss         | -2.6        |
|    explained_variance   | 0.000376    |
|    learning_rate        | 0.0003      |
|    loss                 | -0.0378     |
|    n_updates            | 6830        |
|    policy_gradient_loss | -0.00395    |
|    std                  | 0.89        |
|    value_loss           | 0.00291     |
-----------------------------------------
-----------------------------------------
| rollout/                |             |
|    ep_len_mean          | 116         |
|    ep_rew_mean          | -0.563      |
| time/                   |             |
|    fps                  | 92          |
|    iterations           | 215         |
|    time_elapsed         | 595         |
|    total_timesteps      | 175360      |
| train/                  |             |
|    approx_kl            | 0.009042239 |
|    clip_fraction        | 0.107       |
|    clip_range           | 0.2         |
|    entropy_loss         | -2.61       |
|    explained_variance   | -0.000259   |
|    learning_rate        | 0.0003      |
|    loss                 | -0.0173     |
|    n_updates            | 6840        |
|    policy_gradient_loss | -0.00665    |
|    std                  | 0.89        |
|    value_loss           | 0.0032      |
-----------------------------------------
-----------------------------------------
| rollout/                |             |
|    ep_len_mean          | 115         |
|    ep_rew_mean          | -0.35       |
| time/                   |             |
|    fps                  | 92          |
|    iterations           | 216         |
|    time_elapsed         | 598         |
|    total_timesteps      | 175616      |
| train/                  |             |
|    approx_kl            | 0.007255688 |
|    clip_fraction        | 0.023       |
|    clip_range           | 0.2         |
|    entropy_loss         | -2.6        |
|    explained_variance   | -3.1e-06    |
|    learning_rate        | 0.0003      |
|    loss                 | -0.024      |
|    n_updates            | 6850        |
|    policy_gradient_loss | -0.00202    |
|    std                  | 0.889       |
|    value_loss           | 1.72        |
-----------------------------------------
-----------------------------------------
| rollout/                |             |
|    ep_len_mean          | 115         |
|    ep_rew_mean          | -0.349      |
| time/                   |             |
|    fps                  | 92          |
|    iterations           | 217         |
|    time_elapsed         | 602         |
|    total_timesteps      | 175872      |
| train/                  |             |
|    approx_kl            | 0.008439355 |
|    clip_fraction        | 0.0504      |
|    clip_range           | 0.2         |
|    entropy_loss         | -2.6        |
|    explained_variance   | -2.98e-06   |
|    learning_rate        | 0.0003      |
|    loss                 | 3.41        |
|    n_updates            | 6860        |
|    policy_gradient_loss | -0.000698   |
|    std                  | 0.89        |
|    value_loss           | 1.71        |
-----------------------------------------
----------------------------------------
| rollout/                |            |
|    ep_len_mean          | 115        |
|    ep_rew_mean          | -0.347     |
| time/                   |            |
|    fps                  | 92         |
|    iterations           | 218        |
|    time_elapsed         | 605        |
|    total_timesteps      | 176128     |
| train/                  |            |
|    approx_kl            | 0.00819522 |
|    clip_fraction        | 0.0926     |
|    clip_range           | 0.2        |
|    entropy_loss         | -2.6       |
|    explained_variance   | -0.00246   |
|    learning_rate        | 0.0003     |
|    loss                 | -0.0424    |
|    n_updates            | 6870       |
|    policy_gradient_loss | -0.00928   |
|    std                  | 0.888      |
|    value_loss           | 0.00403    |
----------------------------------------
------------------------------------------
| rollout/                |              |
|    ep_len_mean          | 115          |
|    ep_rew_mean          | -0.349       |
| time/                   |              |
|    fps                  | 92           |
|    iterations           | 219          |
|    time_elapsed         | 607          |
|    total_timesteps      | 176384       |
| train/                  |              |
|    approx_kl            | 0.0048475955 |
|    clip_fraction        | 0.0594       |
|    clip_range           | 0.2          |
|    entropy_loss         | -2.6         |
|    explained_variance   | 0.000227     |
|    learning_rate        | 0.0003       |
|    loss                 | -0.0373      |
|    n_updates            | 6880         |
|    policy_gradient_loss | -0.00401     |
|    std                  | 0.891        |
|    value_loss           | 0.00445      |
------------------------------------------
------------------------------------------
| rollout/                |              |
|    ep_len_mean          | 115          |
|    ep_rew_mean          | -0.349       |
| time/                   |              |
|    fps                  | 92           |
|    iterations           | 220          |
|    time_elapsed         | 610          |
|    total_timesteps      | 176640       |
| train/                  |              |
|    approx_kl            | 0.0032414496 |
|    clip_fraction        | 0.0645       |
|    clip_range           | 0.2          |
|    entropy_loss         | -2.61        |
|    explained_variance   | -0.00156     |
|    learning_rate        | 0.0003       |
|    loss                 | -0.04        |
|    n_updates            | 6890         |
|    policy_gradient_loss | -0.00402     |
|    std                  | 0.891        |
|    value_loss           | 0.00487      |
------------------------------------------
------------------------------------------
| rollout/                |              |
|    ep_len_mean          | 115          |
|    ep_rew_mean          | -0.349       |
| time/                   |              |
|    fps                  | 92           |
|    iterations           | 221          |
|    time_elapsed         | 613          |
|    total_timesteps      | 176896       |
| train/                  |              |
|    approx_kl            | 0.0025072233 |
|    clip_fraction        | 0.0129       |
|    clip_range           | 0.2          |
|    entropy_loss         | -2.61        |
|    explained_variance   | 7.27e-05     |
|    learning_rate        | 0.0003       |
|    loss                 | -0.0307      |
|    n_updates            | 6900         |
|    policy_gradient_loss | -0.00166     |
|    std                  | 0.891        |
|    value_loss           | 0.00309      |
------------------------------------------
-----------------------------------------
| rollout/                |             |
|    ep_len_mean          | 115         |
|    ep_rew_mean          | -0.355      |
| time/                   |             |
|    fps                  | 92          |
|    iterations           | 222         |
|    time_elapsed         | 616         |
|    total_timesteps      | 177152      |
| train/                  |             |
|    approx_kl            | 0.008214714 |
|    clip_fraction        | 0.025       |
|    clip_range           | 0.2         |
|    entropy_loss         | -2.61       |
|    explained_variance   | 8.18e-05    |
|    learning_rate        | 0.0003      |
|    loss                 | -0.0466     |
|    n_updates            | 6910        |
|    policy_gradient_loss | -0.00235    |
|    std                  | 0.89        |
|    value_loss           | 0.00354     |
-----------------------------------------
------------------------------------------
| rollout/                |              |
|    ep_len_mean          | 115          |
|    ep_rew_mean          | -0.355       |
| time/                   |              |
|    fps                  | 92           |
|    iterations           | 223          |
|    time_elapsed         | 618          |
|    total_timesteps      | 177408       |
| train/                  |              |
|    approx_kl            | 0.0074334876 |
|    clip_fraction        | 0.0703       |
|    clip_range           | 0.2          |
|    entropy_loss         | -2.61        |
|    explained_variance   | 0.000191     |
|    learning_rate        | 0.0003       |
|    loss                 | -0.032       |
|    n_updates            | 6920         |
|    policy_gradient_loss | -0.00697     |
|    std                  | 0.892        |
|    value_loss           | 0.00333      |
------------------------------------------
------------------------------------------
| rollout/                |              |
|    ep_len_mean          | 115          |
|    ep_rew_mean          | -0.358       |
| time/                   |              |
|    fps                  | 92           |
|    iterations           | 224          |
|    time_elapsed         | 621          |
|    total_timesteps      | 177664       |
| train/                  |              |
|    approx_kl            | 0.0044929837 |
|    clip_fraction        | 0.0512       |
|    clip_range           | 0.2          |
|    entropy_loss         | -2.61        |
|    explained_variance   | 0.000591     |
|    learning_rate        | 0.0003       |
|    loss                 | -0.0176      |
|    n_updates            | 6930         |
|    policy_gradient_loss | -0.00316     |
|    std                  | 0.89         |
|    value_loss           | 0.00375      |
------------------------------------------
-----------------------------------------
| rollout/                |             |
|    ep_len_mean          | 116         |
|    ep_rew_mean          | -0.568      |
| time/                   |             |
|    fps                  | 92          |
|    iterations           | 225         |
|    time_elapsed         | 625         |
|    total_timesteps      | 177920      |
| train/                  |             |
|    approx_kl            | 0.005298831 |
|    clip_fraction        | 0.0492      |
|    clip_range           | 0.2         |
|    entropy_loss         | -2.6        |
|    explained_variance   | 0.000777    |
|    learning_rate        | 0.0003      |
|    loss                 | -0.0325     |
|    n_updates            | 6940        |
|    policy_gradient_loss | -0.00556    |
|    std                  | 0.887       |
|    value_loss           | 0.00381     |
-----------------------------------------
-----------------------------------------
| rollout/                |             |
|    ep_len_mean          | 116         |
|    ep_rew_mean          | -0.568      |
| time/                   |             |
|    fps                  | 92          |
|    iterations           | 226         |
|    time_elapsed         | 628         |
|    total_timesteps      | 178176      |
| train/                  |             |
|    approx_kl            | 0.008666848 |
|    clip_fraction        | 0.139       |
|    clip_range           | 0.2         |
|    entropy_loss         | -2.6        |
|    explained_variance   | -0.00117    |
|    learning_rate        | 0.0003      |
|    loss                 | -0.0467     |
|    n_updates            | 6950        |
|    policy_gradient_loss | -0.0132     |
|    std                  | 0.886       |
|    value_loss           | 0.00431     |
-----------------------------------------
------------------------------------------
| rollout/                |              |
|    ep_len_mean          | 116          |
|    ep_rew_mean          | -0.569       |
| time/                   |              |
|    fps                  | 91           |
|    iterations           | 227          |
|    time_elapsed         | 632          |
|    total_timesteps      | 178432       |
| train/                  |              |
|    approx_kl            | 0.0064987745 |
|    clip_fraction        | 0.0777       |
|    clip_range           | 0.2          |
|    entropy_loss         | -2.59        |
|    explained_variance   | -0.000597    |
|    learning_rate        | 0.0003       |
|    loss                 | -0.0367      |
|    n_updates            | 6960         |
|    policy_gradient_loss | -0.00769     |
|    std                  | 0.886        |
|    value_loss           | 0.00409      |
------------------------------------------
------------------------------------------
| rollout/                |              |
|    ep_len_mean          | 116          |
|    ep_rew_mean          | -0.572       |
| time/                   |              |
|    fps                  | 91           |
|    iterations           | 228          |
|    time_elapsed         | 635          |
|    total_timesteps      | 178688       |
| train/                  |              |
|    approx_kl            | 0.0056826887 |
|    clip_fraction        | 0.0742       |
|    clip_range           | 0.2          |
|    entropy_loss         | -2.6         |
|    explained_variance   | 2.41e-05     |
|    learning_rate        | 0.0003       |
|    loss                 | -0.0303      |
|    n_updates            | 6970         |
|    policy_gradient_loss | -0.00531     |
|    std                  | 0.892        |
|    value_loss           | 0.00367      |
------------------------------------------
------------------------------------------
| rollout/                |              |
|    ep_len_mean          | 116          |
|    ep_rew_mean          | -0.574       |
| time/                   |              |
|    fps                  | 91           |
|    iterations           | 229          |
|    time_elapsed         | 638          |
|    total_timesteps      | 178944       |
| train/                  |              |
|    approx_kl            | 0.0034007179 |
|    clip_fraction        | 0.0266       |
|    clip_range           | 0.2          |
|    entropy_loss         | -2.61        |
|    explained_variance   | 1.44e-05     |
|    learning_rate        | 0.0003       |
|    loss                 | -0.0242      |
|    n_updates            | 6980         |
|    policy_gradient_loss | -0.00232     |
|    std                  | 0.893        |
|    value_loss           | 0.00369      |
------------------------------------------
---------------------------------------
| rollout/                |           |
|    ep_len_mean          | 116       |
|    ep_rew_mean          | -0.575    |
| time/                   |           |
|    fps                  | 91        |
|    iterations           | 230       |
|    time_elapsed         | 640       |
|    total_timesteps      | 179200    |
| train/                  |           |
|    approx_kl            | 0.0046827 |
|    clip_fraction        | 0.0508    |
|    clip_range           | 0.2       |
|    entropy_loss         | -2.61     |
|    explained_variance   | -5.73e-05 |
|    learning_rate        | 0.0003    |
|    loss                 | -0.0202   |
|    n_updates            | 6990      |
|    policy_gradient_loss | -0.00531  |
|    std                  | 0.892     |
|    value_loss           | 0.00505   |
---------------------------------------
-----------------------------------------
| rollout/                |             |
|    ep_len_mean          | 116         |
|    ep_rew_mean          | -0.576      |
| time/                   |             |
|    fps                  | 91          |
|    iterations           | 231         |
|    time_elapsed         | 643         |
|    total_timesteps      | 179456      |
| train/                  |             |
|    approx_kl            | 0.006202329 |
|    clip_fraction        | 0.0445      |
|    clip_range           | 0.2         |
|    entropy_loss         | -2.61       |
|    explained_variance   | 0.000377    |
|    learning_rate        | 0.0003      |
|    loss                 | -0.0355     |
|    n_updates            | 7000        |
|    policy_gradient_loss | -0.00352    |
|    std                  | 0.897       |
|    value_loss           | 0.0035      |
-----------------------------------------
-----------------------------------------
| rollout/                |             |
|    ep_len_mean          | 116         |
|    ep_rew_mean          | -0.573      |
| time/                   |             |
|    fps                  | 91          |
|    iterations           | 232         |
|    time_elapsed         | 647         |
|    total_timesteps      | 179712      |
| train/                  |             |
|    approx_kl            | 0.009637827 |
|    clip_fraction        | 0.0723      |
|    clip_range           | 0.2         |
|    entropy_loss         | -2.62       |
|    explained_variance   | -0.000535   |
|    learning_rate        | 0.0003      |
|    loss                 | -0.0426     |
|    n_updates            | 7010        |
|    policy_gradient_loss | -0.00524    |
|    std                  | 0.897       |
|    value_loss           | 0.00387     |
-----------------------------------------
------------------------------------------
| rollout/                |              |
|    ep_len_mean          | 116          |
|    ep_rew_mean          | -0.573       |
| time/                   |              |
|    fps                  | 91           |
|    iterations           | 233          |
|    time_elapsed         | 650          |
|    total_timesteps      | 179968       |
| train/                  |              |
|    approx_kl            | 0.0080816215 |
|    clip_fraction        | 0.0297       |
|    clip_range           | 0.2          |
|    entropy_loss         | -2.62        |
|    explained_variance   | 0.000891     |
|    learning_rate        | 0.0003       |
|    loss                 | -0.0246      |
|    n_updates            | 7020         |
|    policy_gradient_loss | -0.00127     |
|    std                  | 0.9          |
|    value_loss           | 0.00406      |
------------------------------------------
------------------------------------------
| rollout/                |              |
|    ep_len_mean          | 116          |
|    ep_rew_mean          | -0.574       |
| time/                   |              |
|    fps                  | 91           |
|    iterations           | 234          |
|    time_elapsed         | 652          |
|    total_timesteps      | 180224       |
| train/                  |              |
|    approx_kl            | 0.0017190487 |
|    clip_fraction        | 0.0113       |
|    clip_range           | 0.2          |
|    entropy_loss         | -2.63        |
|    explained_variance   | -0.00288     |
|    learning_rate        | 0.0003       |
|    loss                 | -0.0253      |
|    n_updates            | 7030         |
|    policy_gradient_loss | -0.00112     |
|    std                  | 0.901        |
|    value_loss           | 0.00305      |
------------------------------------------
-----------------------------------------
| rollout/                |             |
|    ep_len_mean          | 116         |
|    ep_rew_mean          | -0.571      |
| time/                   |             |
|    fps                  | 91          |
|    iterations           | 235         |
|    time_elapsed         | 655         |
|    total_timesteps      | 180480      |
| train/                  |             |
|    approx_kl            | 0.005680371 |
|    clip_fraction        | 0.00781     |
|    clip_range           | 0.2         |
|    entropy_loss         | -2.63       |
|    explained_variance   | -0.000186   |
|    learning_rate        | 0.0003      |
|    loss                 | -0.0234     |
|    n_updates            | 7040        |
|    policy_gradient_loss | -0.000357   |
|    std                  | 0.901       |
|    value_loss           | 0.0033      |
-----------------------------------------
-----------------------------------------
| rollout/                |             |
|    ep_len_mean          | 116         |
|    ep_rew_mean          | -0.566      |
| time/                   |             |
|    fps                  | 91          |
|    iterations           | 236         |
|    time_elapsed         | 658         |
|    total_timesteps      | 180736      |
| train/                  |             |
|    approx_kl            | 0.006638045 |
|    clip_fraction        | 0.0398      |
|    clip_range           | 0.2         |
|    entropy_loss         | -2.63       |
|    explained_variance   | 2.8e-05     |
|    learning_rate        | 0.0003      |
|    loss                 | -0.0249     |
|    n_updates            | 7050        |
|    policy_gradient_loss | -0.00061    |
|    std                  | 0.904       |
|    value_loss           | 0.00379     |
-----------------------------------------
----------------------------------------
| rollout/                |            |
|    ep_len_mean          | 116        |
|    ep_rew_mean          | -0.563     |
| time/                   |            |
|    fps                  | 91         |
|    iterations           | 237        |
|    time_elapsed         | 660        |
|    total_timesteps      | 180992     |
| train/                  |            |
|    approx_kl            | 0.00734505 |
|    clip_fraction        | 0.0289     |
|    clip_range           | 0.2        |
|    entropy_loss         | -2.63      |
|    explained_variance   | -0.000261  |
|    learning_rate        | 0.0003     |
|    loss                 | -0.0389    |
|    n_updates            | 7060       |
|    policy_gradient_loss | -0.00273   |
|    std                  | 0.901      |
|    value_loss           | 0.00355    |
----------------------------------------
------------------------------------------
| rollout/                |              |
|    ep_len_mean          | 116          |
|    ep_rew_mean          | -0.563       |
| time/                   |              |
|    fps                  | 91           |
|    iterations           | 238          |
|    time_elapsed         | 663          |
|    total_timesteps      | 181248       |
| train/                  |              |
|    approx_kl            | 0.0054563237 |
|    clip_fraction        | 0.0141       |
|    clip_range           | 0.2          |
|    entropy_loss         | -2.63        |
|    explained_variance   | -0.00019     |
|    learning_rate        | 0.0003       |
|    loss                 | -0.0248      |
|    n_updates            | 7070         |
|    policy_gradient_loss | -0.000704    |
|    std                  | 0.901        |
|    value_loss           | 0.00333      |
------------------------------------------
------------------------------------------
| rollout/                |              |
|    ep_len_mean          | 116          |
|    ep_rew_mean          | -0.562       |
| time/                   |              |
|    fps                  | 91           |
|    iterations           | 239          |
|    time_elapsed         | 666          |
|    total_timesteps      | 181504       |
| train/                  |              |
|    approx_kl            | 0.0060661323 |
|    clip_fraction        | 0.104        |
|    clip_range           | 0.2          |
|    entropy_loss         | -2.63        |
|    explained_variance   | -0.000351    |
|    learning_rate        | 0.0003       |
|    loss                 | -0.0442      |
|    n_updates            | 7080         |
|    policy_gradient_loss | -0.00858     |
|    std                  | 0.898        |
|    value_loss           | 0.00368      |
------------------------------------------
-----------------------------------------
| rollout/                |             |
|    ep_len_mean          | 116         |
|    ep_rew_mean          | -0.561      |
| time/                   |             |
|    fps                  | 91          |
|    iterations           | 240         |
|    time_elapsed         | 668         |
|    total_timesteps      | 181760      |
| train/                  |             |
|    approx_kl            | 0.003201011 |
|    clip_fraction        | 0.0125      |
|    clip_range           | 0.2         |
|    entropy_loss         | -2.62       |
|    explained_variance   | -0.0002     |
|    learning_rate        | 0.0003      |
|    loss                 | -0.0293     |
|    n_updates            | 7090        |
|    policy_gradient_loss | -0.00129    |
|    std                  | 0.901       |
|    value_loss           | 0.00398     |
-----------------------------------------
-----------------------------------------
| rollout/                |             |
|    ep_len_mean          | 116         |
|    ep_rew_mean          | -0.565      |
| time/                   |             |
|    fps                  | 91          |
|    iterations           | 241         |
|    time_elapsed         | 671         |
|    total_timesteps      | 182016      |
| train/                  |             |
|    approx_kl            | 0.003814421 |
|    clip_fraction        | 0.0105      |
|    clip_range           | 0.2         |
|    entropy_loss         | -2.63       |
|    explained_variance   | -3.04e-05   |
|    learning_rate        | 0.0003      |
|    loss                 | -0.0286     |
|    n_updates            | 7100        |
|    policy_gradient_loss | -2.38e-05   |
|    std                  | 0.897       |
|    value_loss           | 0.00317     |
-----------------------------------------
-----------------------------------------
| rollout/                |             |
|    ep_len_mean          | 116         |
|    ep_rew_mean          | -0.564      |
| time/                   |             |
|    fps                  | 91          |
|    iterations           | 242         |
|    time_elapsed         | 674         |
|    total_timesteps      | 182272      |
| train/                  |             |
|    approx_kl            | 0.005440988 |
|    clip_fraction        | 0.0754      |
|    clip_range           | 0.2         |
|    entropy_loss         | -2.62       |
|    explained_variance   | 2.27e-05    |
|    learning_rate        | 0.0003      |
|    loss                 | -0.0156     |
|    n_updates            | 7110        |
|    policy_gradient_loss | -0.00802    |
|    std                  | 0.893       |
|    value_loss           | 0.00376     |
-----------------------------------------
-----------------------------------------
| rollout/                |             |
|    ep_len_mean          | 116         |
|    ep_rew_mean          | -0.562      |
| time/                   |             |
|    fps                  | 91          |
|    iterations           | 243         |
|    time_elapsed         | 676         |
|    total_timesteps      | 182528      |
| train/                  |             |
|    approx_kl            | 0.007017511 |
|    clip_fraction        | 0.0117      |
|    clip_range           | 0.2         |
|    entropy_loss         | -2.62       |
|    explained_variance   | 0.000108    |
|    learning_rate        | 0.0003      |
|    loss                 | -0.0159     |
|    n_updates            | 7120        |
|    policy_gradient_loss | -0.00119    |
|    std                  | 0.898       |
|    value_loss           | 0.00313     |
-----------------------------------------
-----------------------------------------
| rollout/                |             |
|    ep_len_mean          | 116         |
|    ep_rew_mean          | -0.558      |
| time/                   |             |
|    fps                  | 91          |
|    iterations           | 244         |
|    time_elapsed         | 681         |
|    total_timesteps      | 182784      |
| train/                  |             |
|    approx_kl            | 0.006763898 |
|    clip_fraction        | 0.141       |
|    clip_range           | 0.2         |
|    entropy_loss         | -2.63       |
|    explained_variance   | -0.000209   |
|    learning_rate        | 0.0003      |
|    loss                 | -0.0304     |
|    n_updates            | 7130        |
|    policy_gradient_loss | -0.0147     |
|    std                  | 0.9         |
|    value_loss           | 0.00372     |
-----------------------------------------
-----------------------------------------
| rollout/                |             |
|    ep_len_mean          | 116         |
|    ep_rew_mean          | -0.557      |
| time/                   |             |
|    fps                  | 91          |
|    iterations           | 245         |
|    time_elapsed         | 684         |
|    total_timesteps      | 183040      |
| train/                  |             |
|    approx_kl            | 0.003534787 |
|    clip_fraction        | 0.0324      |
|    clip_range           | 0.2         |
|    entropy_loss         | -2.63       |
|    explained_variance   | 0.000103    |
|    learning_rate        | 0.0003      |
|    loss                 | -0.015      |
|    n_updates            | 7140        |
|    policy_gradient_loss | -0.00171    |
|    std                  | 0.903       |
|    value_loss           | 0.00333     |
-----------------------------------------
-----------------------------------------
| rollout/                |             |
|    ep_len_mean          | 116         |
|    ep_rew_mean          | -0.558      |
| time/                   |             |
|    fps                  | 91          |
|    iterations           | 246         |
|    time_elapsed         | 686         |
|    total_timesteps      | 183296      |
| train/                  |             |
|    approx_kl            | 0.008209947 |
|    clip_fraction        | 0.113       |
|    clip_range           | 0.2         |
|    entropy_loss         | -2.63       |
|    explained_variance   | 0.000444    |
|    learning_rate        | 0.0003      |
|    loss                 | -0.035      |
|    n_updates            | 7150        |
|    policy_gradient_loss | -0.0119     |
|    std                  | 0.904       |
|    value_loss           | 0.00384     |
-----------------------------------------
-----------------------------------------
| rollout/                |             |
|    ep_len_mean          | 116         |
|    ep_rew_mean          | -0.562      |
| time/                   |             |
|    fps                  | 91          |
|    iterations           | 247         |
|    time_elapsed         | 689         |
|    total_timesteps      | 183552      |
| train/                  |             |
|    approx_kl            | 0.005756313 |
|    clip_fraction        | 0.073       |
|    clip_range           | 0.2         |
|    entropy_loss         | -2.64       |
|    explained_variance   | -7.75e-06   |
|    learning_rate        | 0.0003      |
|    loss                 | -0.0163     |
|    n_updates            | 7160        |
|    policy_gradient_loss | -0.00422    |
|    std                  | 0.905       |
|    value_loss           | 0.00301     |
-----------------------------------------
------------------------------------------
| rollout/                |              |
|    ep_len_mean          | 116          |
|    ep_rew_mean          | -0.555       |
| time/                   |              |
|    fps                  | 91           |
|    iterations           | 248          |
|    time_elapsed         | 691          |
|    total_timesteps      | 183808       |
| train/                  |              |
|    approx_kl            | 0.0042233113 |
|    clip_fraction        | 0.0617       |
|    clip_range           | 0.2          |
|    entropy_loss         | -2.64        |
|    explained_variance   | -0.000317    |
|    learning_rate        | 0.0003       |
|    loss                 | -0.0449      |
|    n_updates            | 7170         |
|    policy_gradient_loss | -0.00512     |
|    std                  | 0.903        |
|    value_loss           | 0.0033       |
------------------------------------------
-----------------------------------------
| rollout/                |             |
|    ep_len_mean          | 116         |
|    ep_rew_mean          | -0.554      |
| time/                   |             |
|    fps                  | 91          |
|    iterations           | 249         |
|    time_elapsed         | 694         |
|    total_timesteps      | 184064      |
| train/                  |             |
|    approx_kl            | 0.005880476 |
|    clip_fraction        | 0.0734      |
|    clip_range           | 0.2         |
|    entropy_loss         | -2.63       |
|    explained_variance   | 0.000615    |
|    learning_rate        | 0.0003      |
|    loss                 | -0.0226     |
|    n_updates            | 7180        |
|    policy_gradient_loss | -0.00687    |
|    std                  | 0.899       |
|    value_loss           | 0.00302     |
-----------------------------------------
-----------------------------------------
| rollout/                |             |
|    ep_len_mean          | 116         |
|    ep_rew_mean          | -0.553      |
| time/                   |             |
|    fps                  | 91          |
|    iterations           | 250         |
|    time_elapsed         | 698         |
|    total_timesteps      | 184320      |
| train/                  |             |
|    approx_kl            | 0.009332796 |
|    clip_fraction        | 0.0508      |
|    clip_range           | 0.2         |
|    entropy_loss         | -2.62       |
|    explained_variance   | -0.000154   |
|    learning_rate        | 0.0003      |
|    loss                 | -0.00646    |
|    n_updates            | 7190        |
|    policy_gradient_loss | -0.00376    |
|    std                  | 0.893       |
|    value_loss           | 0.00327     |
-----------------------------------------
------------------------------------------
| rollout/                |              |
|    ep_len_mean          | 118          |
|    ep_rew_mean          | -0.77        |
| time/                   |              |
|    fps                  | 91           |
|    iterations           | 251          |
|    time_elapsed         | 701          |
|    total_timesteps      | 184576       |
| train/                  |              |
|    approx_kl            | 0.0035588136 |
|    clip_fraction        | 0.0223       |
|    clip_range           | 0.2          |
|    entropy_loss         | -2.61        |
|    explained_variance   | -0.000831    |
|    learning_rate        | 0.0003       |
|    loss                 | -0.0167      |
|    n_updates            | 7200         |
|    policy_gradient_loss | -0.00119     |
|    std                  | 0.894        |
|    value_loss           | 0.00287      |
------------------------------------------
-----------------------------------------
| rollout/                |             |
|    ep_len_mean          | 118         |
|    ep_rew_mean          | -0.774      |
| time/                   |             |
|    fps                  | 91          |
|    iterations           | 252         |
|    time_elapsed         | 704         |
|    total_timesteps      | 184832      |
| train/                  |             |
|    approx_kl            | 0.004193915 |
|    clip_fraction        | 0.0859      |
|    clip_range           | 0.2         |
|    entropy_loss         | -2.61       |
|    explained_variance   | 1.49e-05    |
|    learning_rate        | 0.0003      |
|    loss                 | -0.037      |
|    n_updates            | 7210        |
|    policy_gradient_loss | -0.0057     |
|    std                  | 0.888       |
|    value_loss           | 0.0029      |
-----------------------------------------
------------------------------------------
| rollout/                |              |
|    ep_len_mean          | 118          |
|    ep_rew_mean          | -0.774       |
| time/                   |              |
|    fps                  | 91           |
|    iterations           | 253          |
|    time_elapsed         | 706          |
|    total_timesteps      | 185088       |
| train/                  |              |
|    approx_kl            | 0.0050946595 |
|    clip_fraction        | 0.0801       |
|    clip_range           | 0.2          |
|    entropy_loss         | -2.6         |
|    explained_variance   | -0.000124    |
|    learning_rate        | 0.0003       |
|    loss                 | -0.0355      |
|    n_updates            | 7220         |
|    policy_gradient_loss | -0.00652     |
|    std                  | 0.888        |
|    value_loss           | 0.00283      |
------------------------------------------
-----------------------------------------
| rollout/                |             |
|    ep_len_mean          | 118         |
|    ep_rew_mean          | -0.772      |
| time/                   |             |
|    fps                  | 91          |
|    iterations           | 254         |
|    time_elapsed         | 709         |
|    total_timesteps      | 185344      |
| train/                  |             |
|    approx_kl            | 0.004142317 |
|    clip_fraction        | 0.0758      |
|    clip_range           | 0.2         |
|    entropy_loss         | -2.6        |
|    explained_variance   | 0.000107    |
|    learning_rate        | 0.0003      |
|    loss                 | -0.024      |
|    n_updates            | 7230        |
|    policy_gradient_loss | -0.00594    |
|    std                  | 0.892       |
|    value_loss           | 0.00292     |
-----------------------------------------
------------------------------------------
| rollout/                |              |
|    ep_len_mean          | 118          |
|    ep_rew_mean          | -0.774       |
| time/                   |              |
|    fps                  | 91           |
|    iterations           | 255          |
|    time_elapsed         | 712          |
|    total_timesteps      | 185600       |
| train/                  |              |
|    approx_kl            | 0.0045883786 |
|    clip_fraction        | 0.0172       |
|    clip_range           | 0.2          |
|    entropy_loss         | -2.61        |
|    explained_variance   | 0.000202     |
|    learning_rate        | 0.0003       |
|    loss                 | 0.00229      |
|    n_updates            | 7240         |
|    policy_gradient_loss | -0.00121     |
|    std                  | 0.896        |
|    value_loss           | 0.00349      |
------------------------------------------
-----------------------------------------
| rollout/                |             |
|    ep_len_mean          | 118         |
|    ep_rew_mean          | -0.769      |
| time/                   |             |
|    fps                  | 91          |
|    iterations           | 256         |
|    time_elapsed         | 714         |
|    total_timesteps      | 185856      |
| train/                  |             |
|    approx_kl            | 0.008060593 |
|    clip_fraction        | 0.12        |
|    clip_range           | 0.2         |
|    entropy_loss         | -2.62       |
|    explained_variance   | -0.000501   |
|    learning_rate        | 0.0003      |
|    loss                 | -0.0401     |
|    n_updates            | 7250        |
|    policy_gradient_loss | -0.00778    |
|    std                  | 0.893       |
|    value_loss           | 0.00365     |
-----------------------------------------
------------------------------------------
| rollout/                |              |
|    ep_len_mean          | 118          |
|    ep_rew_mean          | -0.767       |
| time/                   |              |
|    fps                  | 91           |
|    iterations           | 257          |
|    time_elapsed         | 717          |
|    total_timesteps      | 186112       |
| train/                  |              |
|    approx_kl            | 0.0031006718 |
|    clip_fraction        | 0.00664      |
|    clip_range           | 0.2          |
|    entropy_loss         | -2.61        |
|    explained_variance   | 4.82e-05     |
|    learning_rate        | 0.0003       |
|    loss                 | -0.0405      |
|    n_updates            | 7260         |
|    policy_gradient_loss | -0.0023      |
|    std                  | 0.888        |
|    value_loss           | 0.00302      |
------------------------------------------
-----------------------------------------
| rollout/                |             |
|    ep_len_mean          | 118         |
|    ep_rew_mean          | -0.766      |
| time/                   |             |
|    fps                  | 91          |
|    iterations           | 258         |
|    time_elapsed         | 720         |
|    total_timesteps      | 186368      |
| train/                  |             |
|    approx_kl            | 0.005483509 |
|    clip_fraction        | 0.0879      |
|    clip_range           | 0.2         |
|    entropy_loss         | -2.6        |
|    explained_variance   | -1.67e-05   |
|    learning_rate        | 0.0003      |
|    loss                 | -0.0338     |
|    n_updates            | 7270        |
|    policy_gradient_loss | -0.0101     |
|    std                  | 0.889       |
|    value_loss           | 0.0032      |
-----------------------------------------
------------------------------------------
| rollout/                |              |
|    ep_len_mean          | 118          |
|    ep_rew_mean          | -0.771       |
| time/                   |              |
|    fps                  | 91           |
|    iterations           | 259          |
|    time_elapsed         | 722          |
|    total_timesteps      | 186624       |
| train/                  |              |
|    approx_kl            | 0.0043393485 |
|    clip_fraction        | 0.0695       |
|    clip_range           | 0.2          |
|    entropy_loss         | -2.6         |
|    explained_variance   | 0.000853     |
|    learning_rate        | 0.0003       |
|    loss                 | -0.0387      |
|    n_updates            | 7280         |
|    policy_gradient_loss | -0.00607     |
|    std                  | 0.885        |
|    value_loss           | 0.00286      |
------------------------------------------
-----------------------------------------
| rollout/                |             |
|    ep_len_mean          | 118         |
|    ep_rew_mean          | -0.775      |
| time/                   |             |
|    fps                  | 91          |
|    iterations           | 260         |
|    time_elapsed         | 725         |
|    total_timesteps      | 186880      |
| train/                  |             |
|    approx_kl            | 0.006811274 |
|    clip_fraction        | 0.048       |
|    clip_range           | 0.2         |
|    entropy_loss         | -2.59       |
|    explained_variance   | 0.000687    |
|    learning_rate        | 0.0003      |
|    loss                 | -0.0351     |
|    n_updates            | 7290        |
|    policy_gradient_loss | -0.00437    |
|    std                  | 0.879       |
|    value_loss           | 0.00278     |
-----------------------------------------
------------------------------------------
| rollout/                |              |
|    ep_len_mean          | 118          |
|    ep_rew_mean          | -0.777       |
| time/                   |              |
|    fps                  | 91           |
|    iterations           | 261          |
|    time_elapsed         | 728          |
|    total_timesteps      | 187136       |
| train/                  |              |
|    approx_kl            | 0.0049997587 |
|    clip_fraction        | 0.0863       |
|    clip_range           | 0.2          |
|    entropy_loss         | -2.58        |
|    explained_variance   | -0.00147     |
|    learning_rate        | 0.0003       |
|    loss                 | -0.0359      |
|    n_updates            | 7300         |
|    policy_gradient_loss | -0.00823     |
|    std                  | 0.881        |
|    value_loss           | 0.00343      |
------------------------------------------
------------------------------------------
| rollout/                |              |
|    ep_len_mean          | 119          |
|    ep_rew_mean          | -0.984       |
| time/                   |              |
|    fps                  | 91           |
|    iterations           | 262          |
|    time_elapsed         | 730          |
|    total_timesteps      | 187392       |
| train/                  |              |
|    approx_kl            | 0.0066668685 |
|    clip_fraction        | 0.0453       |
|    clip_range           | 0.2          |
|    entropy_loss         | -2.59        |
|    explained_variance   | 0.00187      |
|    learning_rate        | 0.0003       |
|    loss                 | -0.0133      |
|    n_updates            | 7310         |
|    policy_gradient_loss | -0.00489     |
|    std                  | 0.883        |
|    value_loss           | 0.00343      |
------------------------------------------
------------------------------------------
| rollout/                |              |
|    ep_len_mean          | 120          |
|    ep_rew_mean          | -1.2         |
| time/                   |              |
|    fps                  | 91           |
|    iterations           | 263          |
|    time_elapsed         | 735          |
|    total_timesteps      | 187648       |
| train/                  |              |
|    approx_kl            | 0.0033931297 |
|    clip_fraction        | 0.041        |
|    clip_range           | 0.2          |
|    entropy_loss         | -2.59        |
|    explained_variance   | 0.00105      |
|    learning_rate        | 0.0003       |
|    loss                 | -0.00976     |
|    n_updates            | 7320         |
|    policy_gradient_loss | -0.0029      |
|    std                  | 0.886        |
|    value_loss           | 0.00357      |
------------------------------------------
------------------------------------------
| rollout/                |              |
|    ep_len_mean          | 120          |
|    ep_rew_mean          | -1.2         |
| time/                   |              |
|    fps                  | 91           |
|    iterations           | 264          |
|    time_elapsed         | 737          |
|    total_timesteps      | 187904       |
| train/                  |              |
|    approx_kl            | 0.0040962026 |
|    clip_fraction        | 0.0613       |
|    clip_range           | 0.2          |
|    entropy_loss         | -2.59        |
|    explained_variance   | -0.00191     |
|    learning_rate        | 0.0003       |
|    loss                 | -0.0432      |
|    n_updates            | 7330         |
|    policy_gradient_loss | -0.00524     |
|    std                  | 0.884        |
|    value_loss           | 0.00346      |
------------------------------------------
------------------------------------------
| rollout/                |              |
|    ep_len_mean          | 120          |
|    ep_rew_mean          | -1.19        |
| time/                   |              |
|    fps                  | 91           |
|    iterations           | 265          |
|    time_elapsed         | 740          |
|    total_timesteps      | 188160       |
| train/                  |              |
|    approx_kl            | 0.0032058153 |
|    clip_fraction        | 0.0531       |
|    clip_range           | 0.2          |
|    entropy_loss         | -2.58        |
|    explained_variance   | -0.000197    |
|    learning_rate        | 0.0003       |
|    loss                 | -0.0341      |
|    n_updates            | 7340         |
|    policy_gradient_loss | -0.00484     |
|    std                  | 0.878        |
|    value_loss           | 0.00325      |
------------------------------------------
------------------------------------------
| rollout/                |              |
|    ep_len_mean          | 120          |
|    ep_rew_mean          | -1.19        |
| time/                   |              |
|    fps                  | 91           |
|    iterations           | 266          |
|    time_elapsed         | 743          |
|    total_timesteps      | 188416       |
| train/                  |              |
|    approx_kl            | 0.0068480214 |
|    clip_fraction        | 0.066        |
|    clip_range           | 0.2          |
|    entropy_loss         | -2.58        |
|    explained_variance   | -0.00152     |
|    learning_rate        | 0.0003       |
|    loss                 | -0.0326      |
|    n_updates            | 7350         |
|    policy_gradient_loss | -0.00677     |
|    std                  | 0.877        |
|    value_loss           | 0.00371      |
------------------------------------------
------------------------------------------
| rollout/                |              |
|    ep_len_mean          | 120          |
|    ep_rew_mean          | -1.19        |
| time/                   |              |
|    fps                  | 91           |
|    iterations           | 267          |
|    time_elapsed         | 745          |
|    total_timesteps      | 188672       |
| train/                  |              |
|    approx_kl            | 0.0045945486 |
|    clip_fraction        | 0.0348       |
|    clip_range           | 0.2          |
|    entropy_loss         | -2.58        |
|    explained_variance   | 8.07e-05     |
|    learning_rate        | 0.0003       |
|    loss                 | -0.00846     |
|    n_updates            | 7360         |
|    policy_gradient_loss | -0.00197     |
|    std                  | 0.876        |
|    value_loss           | 0.00314      |
------------------------------------------
------------------------------------------
| rollout/                |              |
|    ep_len_mean          | 120          |
|    ep_rew_mean          | -1.19        |
| time/                   |              |
|    fps                  | 91           |
|    iterations           | 268          |
|    time_elapsed         | 748          |
|    total_timesteps      | 188928       |
| train/                  |              |
|    approx_kl            | 0.0061089005 |
|    clip_fraction        | 0.0977       |
|    clip_range           | 0.2          |
|    entropy_loss         | -2.58        |
|    explained_variance   | 0.00091      |
|    learning_rate        | 0.0003       |
|    loss                 | -0.0408      |
|    n_updates            | 7370         |
|    policy_gradient_loss | -0.00736     |
|    std                  | 0.879        |
|    value_loss           | 0.00378      |
------------------------------------------
------------------------------------------
| rollout/                |              |
|    ep_len_mean          | 120          |
|    ep_rew_mean          | -1.19        |
| time/                   |              |
|    fps                  | 91           |
|    iterations           | 269          |
|    time_elapsed         | 752          |
|    total_timesteps      | 189184       |
| train/                  |              |
|    approx_kl            | 0.0048262924 |
|    clip_fraction        | 0.0305       |
|    clip_range           | 0.2          |
|    entropy_loss         | -2.58        |
|    explained_variance   | 0.000164     |
|    learning_rate        | 0.0003       |
|    loss                 | -0.0367      |
|    n_updates            | 7380         |
|    policy_gradient_loss | -0.00291     |
|    std                  | 0.876        |
|    value_loss           | 0.00386      |
------------------------------------------
-----------------------------------------
| rollout/                |             |
|    ep_len_mean          | 120         |
|    ep_rew_mean          | -1.18       |
| time/                   |             |
|    fps                  | 91          |
|    iterations           | 270         |
|    time_elapsed         | 755         |
|    total_timesteps      | 189440      |
| train/                  |             |
|    approx_kl            | 0.006481083 |
|    clip_fraction        | 0.133       |
|    clip_range           | 0.2         |
|    entropy_loss         | -2.57       |
|    explained_variance   | -0.00128    |
|    learning_rate        | 0.0003      |
|    loss                 | -0.0362     |
|    n_updates            | 7390        |
|    policy_gradient_loss | -0.0162     |
|    std                  | 0.869       |
|    value_loss           | 0.00378     |
-----------------------------------------
------------------------------------------
| rollout/                |              |
|    ep_len_mean          | 120          |
|    ep_rew_mean          | -1.18        |
| time/                   |              |
|    fps                  | 91           |
|    iterations           | 271          |
|    time_elapsed         | 758          |
|    total_timesteps      | 189696       |
| train/                  |              |
|    approx_kl            | 0.0067218924 |
|    clip_fraction        | 0.0566       |
|    clip_range           | 0.2          |
|    entropy_loss         | -2.55        |
|    explained_variance   | 3.73e-05     |
|    learning_rate        | 0.0003       |
|    loss                 | -0.0362      |
|    n_updates            | 7400         |
|    policy_gradient_loss | -0.00483     |
|    std                  | 0.865        |
|    value_loss           | 0.00328      |
------------------------------------------
------------------------------------------
| rollout/                |              |
|    ep_len_mean          | 120          |
|    ep_rew_mean          | -1.18        |
| time/                   |              |
|    fps                  | 91           |
|    iterations           | 272          |
|    time_elapsed         | 760          |
|    total_timesteps      | 189952       |
| train/                  |              |
|    approx_kl            | 0.0059005045 |
|    clip_fraction        | 0.0629       |
|    clip_range           | 0.2          |
|    entropy_loss         | -2.55        |
|    explained_variance   | 0.000941     |
|    learning_rate        | 0.0003       |
|    loss                 | -0.0111      |
|    n_updates            | 7410         |
|    policy_gradient_loss | -0.00767     |
|    std                  | 0.869        |
|    value_loss           | 0.00346      |
------------------------------------------
-----------------------------------------
| rollout/                |             |
|    ep_len_mean          | 120         |
|    ep_rew_mean          | -1.18       |
| time/                   |             |
|    fps                  | 91          |
|    iterations           | 273         |
|    time_elapsed         | 763         |
|    total_timesteps      | 190208      |
| train/                  |             |
|    approx_kl            | 0.006586345 |
|    clip_fraction        | 0.0762      |
|    clip_range           | 0.2         |
|    entropy_loss         | -2.56       |
|    explained_variance   | -0.000394   |
|    learning_rate        | 0.0003      |
|    loss                 | -0.0455     |
|    n_updates            | 7420        |
|    policy_gradient_loss | -0.00816    |
|    std                  | 0.874       |
|    value_loss           | 0.00513     |
-----------------------------------------
------------------------------------------
| rollout/                |              |
|    ep_len_mean          | 120          |
|    ep_rew_mean          | -1.18        |
| time/                   |              |
|    fps                  | 91           |
|    iterations           | 274          |
|    time_elapsed         | 766          |
|    total_timesteps      | 190464       |
| train/                  |              |
|    approx_kl            | 0.0040191254 |
|    clip_fraction        | 0.0328       |
|    clip_range           | 0.2          |
|    entropy_loss         | -2.57        |
|    explained_variance   | 0.00172      |
|    learning_rate        | 0.0003       |
|    loss                 | -0.0268      |
|    n_updates            | 7430         |
|    policy_gradient_loss | -0.0047      |
|    std                  | 0.876        |
|    value_loss           | 0.00429      |
------------------------------------------
------------------------------------------
| rollout/                |              |
|    ep_len_mean          | 120          |
|    ep_rew_mean          | -1.18        |
| time/                   |              |
|    fps                  | 91           |
|    iterations           | 275          |
|    time_elapsed         | 768          |
|    total_timesteps      | 190720       |
| train/                  |              |
|    approx_kl            | 0.0016980388 |
|    clip_fraction        | 0            |
|    clip_range           | 0.2          |
|    entropy_loss         | -2.57        |
|    explained_variance   | 0.00218      |
|    learning_rate        | 0.0003       |
|    loss                 | -0.023       |
|    n_updates            | 7440         |
|    policy_gradient_loss | 9.63e-05     |
|    std                  | 0.875        |
|    value_loss           | 0.00338      |
------------------------------------------
-----------------------------------------
| rollout/                |             |
|    ep_len_mean          | 120         |
|    ep_rew_mean          | -1.17       |
| time/                   |             |
|    fps                  | 91          |
|    iterations           | 276         |
|    time_elapsed         | 773         |
|    total_timesteps      | 190976      |
| train/                  |             |
|    approx_kl            | 0.005173959 |
|    clip_fraction        | 0.0625      |
|    clip_range           | 0.2         |
|    entropy_loss         | -2.57       |
|    explained_variance   | 0.000464    |
|    learning_rate        | 0.0003      |
|    loss                 | -0.0431     |
|    n_updates            | 7450        |
|    policy_gradient_loss | -0.00551    |
|    std                  | 0.877       |
|    value_loss           | 0.00392     |
-----------------------------------------
-----------------------------------------
| rollout/                |             |
|    ep_len_mean          | 120         |
|    ep_rew_mean          | -1.17       |
| time/                   |             |
|    fps                  | 91          |
|    iterations           | 277         |
|    time_elapsed         | 775         |
|    total_timesteps      | 191232      |
| train/                  |             |
|    approx_kl            | 0.004651608 |
|    clip_fraction        | 0.0172      |
|    clip_range           | 0.2         |
|    entropy_loss         | -2.57       |
|    explained_variance   | -0.00369    |
|    learning_rate        | 0.0003      |
|    loss                 | -0.00738    |
|    n_updates            | 7460        |
|    policy_gradient_loss | -0.00224    |
|    std                  | 0.874       |
|    value_loss           | 0.0039      |
-----------------------------------------
----------------------------------------
| rollout/                |            |
|    ep_len_mean          | 120        |
|    ep_rew_mean          | -1.17      |
| time/                   |            |
|    fps                  | 91         |
|    iterations           | 278        |
|    time_elapsed         | 778        |
|    total_timesteps      | 191488     |
| train/                  |            |
|    approx_kl            | 0.00820166 |
|    clip_fraction        | 0.0938     |
|    clip_range           | 0.2        |
|    entropy_loss         | -2.57      |
|    explained_variance   | -0.00176   |
|    learning_rate        | 0.0003     |
|    loss                 | -0.0673    |
|    n_updates            | 7470       |
|    policy_gradient_loss | -0.00806   |
|    std                  | 0.872      |
|    value_loss           | 0.00302    |
----------------------------------------
-----------------------------------------
| rollout/                |             |
|    ep_len_mean          | 120         |
|    ep_rew_mean          | -1.17       |
| time/                   |             |
|    fps                  | 91          |
|    iterations           | 279         |
|    time_elapsed         | 780         |
|    total_timesteps      | 191744      |
| train/                  |             |
|    approx_kl            | 0.003733062 |
|    clip_fraction        | 0.0312      |
|    clip_range           | 0.2         |
|    entropy_loss         | -2.56       |
|    explained_variance   | -0.00088    |
|    learning_rate        | 0.0003      |
|    loss                 | -0.0354     |
|    n_updates            | 7480        |
|    policy_gradient_loss | -0.0012     |
|    std                  | 0.871       |
|    value_loss           | 0.00393     |
-----------------------------------------
-----------------------------------------
| rollout/                |             |
|    ep_len_mean          | 120         |
|    ep_rew_mean          | -1.18       |
| time/                   |             |
|    fps                  | 91          |
|    iterations           | 280         |
|    time_elapsed         | 783         |
|    total_timesteps      | 192000      |
| train/                  |             |
|    approx_kl            | 0.007726591 |
|    clip_fraction        | 0.114       |
|    clip_range           | 0.2         |
|    entropy_loss         | -2.56       |
|    explained_variance   | -0.00114    |
|    learning_rate        | 0.0003      |
|    loss                 | -0.0356     |
|    n_updates            | 7490        |
|    policy_gradient_loss | -0.00919    |
|    std                  | 0.872       |
|    value_loss           | 0.00384     |
-----------------------------------------
------------------------------------------
| rollout/                |              |
|    ep_len_mean          | 120          |
|    ep_rew_mean          | -1.18        |
| time/                   |              |
|    fps                  | 91           |
|    iterations           | 281          |
|    time_elapsed         | 786          |
|    total_timesteps      | 192256       |
| train/                  |              |
|    approx_kl            | 0.0051284665 |
|    clip_fraction        | 0.0383       |
|    clip_range           | 0.2          |
|    entropy_loss         | -2.56        |
|    explained_variance   | -0.000383    |
|    learning_rate        | 0.0003       |
|    loss                 | -0.0397      |
|    n_updates            | 7500         |
|    policy_gradient_loss | -0.00465     |
|    std                  | 0.872        |
|    value_loss           | 0.00378      |
------------------------------------------
------------------------------------------
| rollout/                |              |
|    ep_len_mean          | 120          |
|    ep_rew_mean          | -1.18        |
| time/                   |              |
|    fps                  | 91           |
|    iterations           | 282          |
|    time_elapsed         | 789          |
|    total_timesteps      | 192512       |
| train/                  |              |
|    approx_kl            | 0.0051820586 |
|    clip_fraction        | 0.118        |
|    clip_range           | 0.2          |
|    entropy_loss         | -2.56        |
|    explained_variance   | 0.00048      |
|    learning_rate        | 0.0003       |
|    loss                 | -0.0315      |
|    n_updates            | 7510         |
|    policy_gradient_loss | -0.0104      |
|    std                  | 0.872        |
|    value_loss           | 0.00385      |
------------------------------------------
----------------------------------------
| rollout/                |            |
|    ep_len_mean          | 120        |
|    ep_rew_mean          | -1.18      |
| time/                   |            |
|    fps                  | 91         |
|    iterations           | 283        |
|    time_elapsed         | 791        |
|    total_timesteps      | 192768     |
| train/                  |            |
|    approx_kl            | 0.00520969 |
|    clip_fraction        | 0.0738     |
|    clip_range           | 0.2        |
|    entropy_loss         | -2.56      |
|    explained_variance   | 0.00147    |
|    learning_rate        | 0.0003     |
|    loss                 | -0.0235    |
|    n_updates            | 7520       |
|    policy_gradient_loss | -0.00459   |
|    std                  | 0.872      |
|    value_loss           | 0.00362    |
----------------------------------------
-----------------------------------------
| rollout/                |             |
|    ep_len_mean          | 120         |
|    ep_rew_mean          | -1.18       |
| time/                   |             |
|    fps                  | 91          |
|    iterations           | 284         |
|    time_elapsed         | 794         |
|    total_timesteps      | 193024      |
| train/                  |             |
|    approx_kl            | 0.002596009 |
|    clip_fraction        | 0.0293      |
|    clip_range           | 0.2         |
|    entropy_loss         | -2.56       |
|    explained_variance   | -0.00109    |
|    learning_rate        | 0.0003      |
|    loss                 | -0.035      |
|    n_updates            | 7530        |
|    policy_gradient_loss | -0.00297    |
|    std                  | 0.871       |
|    value_loss           | 0.0042      |
-----------------------------------------
------------------------------------------
| rollout/                |              |
|    ep_len_mean          | 120          |
|    ep_rew_mean          | -1.18        |
| time/                   |              |
|    fps                  | 91           |
|    iterations           | 285          |
|    time_elapsed         | 796          |
|    total_timesteps      | 193280       |
| train/                  |              |
|    approx_kl            | 0.0072633885 |
|    clip_fraction        | 0.0863       |
|    clip_range           | 0.2          |
|    entropy_loss         | -2.56        |
|    explained_variance   | 0.000958     |
|    learning_rate        | 0.0003       |
|    loss                 | -0.0413      |
|    n_updates            | 7540         |
|    policy_gradient_loss | -0.00756     |
|    std                  | 0.871        |
|    value_loss           | 0.00394      |
------------------------------------------
------------------------------------------
| rollout/                |              |
|    ep_len_mean          | 120          |
|    ep_rew_mean          | -1.18        |
| time/                   |              |
|    fps                  | 91           |
|    iterations           | 286          |
|    time_elapsed         | 799          |
|    total_timesteps      | 193536       |
| train/                  |              |
|    approx_kl            | 0.0013620793 |
|    clip_fraction        | 0.0043       |
|    clip_range           | 0.2          |
|    entropy_loss         | -2.56        |
|    explained_variance   | 0.00107      |
|    learning_rate        | 0.0003       |
|    loss                 | -0.0254      |
|    n_updates            | 7550         |
|    policy_gradient_loss | -6.81e-05    |
|    std                  | 0.87         |
|    value_loss           | 0.00348      |
------------------------------------------
------------------------------------------
| rollout/                |              |
|    ep_len_mean          | 120          |
|    ep_rew_mean          | -1.19        |
| time/                   |              |
|    fps                  | 91           |
|    iterations           | 287          |
|    time_elapsed         | 802          |
|    total_timesteps      | 193792       |
| train/                  |              |
|    approx_kl            | 0.0034866168 |
|    clip_fraction        | 0.0172       |
|    clip_range           | 0.2          |
|    entropy_loss         | -2.56        |
|    explained_variance   | 0.00384      |
|    learning_rate        | 0.0003       |
|    loss                 | -0.0231      |
|    n_updates            | 7560         |
|    policy_gradient_loss | -0.00098     |
|    std                  | 0.872        |
|    value_loss           | 0.00429      |
------------------------------------------
-----------------------------------------
| rollout/                |             |
|    ep_len_mean          | 120         |
|    ep_rew_mean          | -1.19       |
| time/                   |             |
|    fps                  | 91          |
|    iterations           | 288         |
|    time_elapsed         | 805         |
|    total_timesteps      | 194048      |
| train/                  |             |
|    approx_kl            | 0.007967362 |
|    clip_fraction        | 0.136       |
|    clip_range           | 0.2         |
|    entropy_loss         | -2.57       |
|    explained_variance   | 0.000115    |
|    learning_rate        | 0.0003      |
|    loss                 | -0.045      |
|    n_updates            | 7570        |
|    policy_gradient_loss | -0.0125     |
|    std                  | 0.878       |
|    value_loss           | 0.00383     |
-----------------------------------------
------------------------------------------
| rollout/                |              |
|    ep_len_mean          | 120          |
|    ep_rew_mean          | -1.19        |
| time/                   |              |
|    fps                  | 91           |
|    iterations           | 289          |
|    time_elapsed         | 809          |
|    total_timesteps      | 194304       |
| train/                  |              |
|    approx_kl            | 8.522067e-05 |
|    clip_fraction        | 0            |
|    clip_range           | 0.2          |
|    entropy_loss         | -2.58        |
|    explained_variance   | 0.00167      |
|    learning_rate        | 0.0003       |
|    loss                 | -0.0244      |
|    n_updates            | 7580         |
|    policy_gradient_loss | 0.000286     |
|    std                  | 0.879        |
|    value_loss           | 0.00428      |
------------------------------------------
------------------------------------------
| rollout/                |              |
|    ep_len_mean          | 119          |
|    ep_rew_mean          | -0.978       |
| time/                   |              |
|    fps                  | 91           |
|    iterations           | 290          |
|    time_elapsed         | 812          |
|    total_timesteps      | 194560       |
| train/                  |              |
|    approx_kl            | 0.0048072007 |
|    clip_fraction        | 0.0379       |
|    clip_range           | 0.2          |
|    entropy_loss         | -2.58        |
|    explained_variance   | -0.00174     |
|    learning_rate        | 0.0003       |
|    loss                 | -0.038       |
|    n_updates            | 7590         |
|    policy_gradient_loss | -0.00284     |
|    std                  | 0.878        |
|    value_loss           | 0.00418      |
------------------------------------------
------------------------------------------
| rollout/                |              |
|    ep_len_mean          | 119          |
|    ep_rew_mean          | -0.988       |
| time/                   |              |
|    fps                  | 91           |
|    iterations           | 291          |
|    time_elapsed         | 814          |
|    total_timesteps      | 194816       |
| train/                  |              |
|    approx_kl            | 0.0013674181 |
|    clip_fraction        | 0.025        |
|    clip_range           | 0.2          |
|    entropy_loss         | -2.58        |
|    explained_variance   | -8.34e-06    |
|    learning_rate        | 0.0003       |
|    loss                 | -0.0201      |
|    n_updates            | 7600         |
|    policy_gradient_loss | -0.00127     |
|    std                  | 0.881        |
|    value_loss           | 1.72         |
------------------------------------------
-----------------------------------------
| rollout/                |             |
|    ep_len_mean          | 119         |
|    ep_rew_mean          | -0.991      |
| time/                   |             |
|    fps                  | 91          |
|    iterations           | 292         |
|    time_elapsed         | 817         |
|    total_timesteps      | 195072      |
| train/                  |             |
|    approx_kl            | 0.005344775 |
|    clip_fraction        | 0.0508      |
|    clip_range           | 0.2         |
|    entropy_loss         | -2.59       |
|    explained_variance   | 0.000199    |
|    learning_rate        | 0.0003      |
|    loss                 | -0.0268     |
|    n_updates            | 7610        |
|    policy_gradient_loss | -0.00376    |
|    std                  | 0.883       |
|    value_loss           | 0.0038      |
-----------------------------------------
-----------------------------------------
| rollout/                |             |
|    ep_len_mean          | 119         |
|    ep_rew_mean          | -0.994      |
| time/                   |             |
|    fps                  | 91          |
|    iterations           | 293         |
|    time_elapsed         | 820         |
|    total_timesteps      | 195328      |
| train/                  |             |
|    approx_kl            | 0.004239157 |
|    clip_fraction        | 0.0336      |
|    clip_range           | 0.2         |
|    entropy_loss         | -2.59       |
|    explained_variance   | 0.000123    |
|    learning_rate        | 0.0003      |
|    loss                 | -0.0264     |
|    n_updates            | 7620        |
|    policy_gradient_loss | -0.0044     |
|    std                  | 0.887       |
|    value_loss           | 0.00364     |
-----------------------------------------
------------------------------------------
| rollout/                |              |
|    ep_len_mean          | 119          |
|    ep_rew_mean          | -0.996       |
| time/                   |              |
|    fps                  | 91           |
|    iterations           | 294          |
|    time_elapsed         | 822          |
|    total_timesteps      | 195584       |
| train/                  |              |
|    approx_kl            | 0.0020244482 |
|    clip_fraction        | 0.0113       |
|    clip_range           | 0.2          |
|    entropy_loss         | -2.6         |
|    explained_variance   | 0.00095      |
|    learning_rate        | 0.0003       |
|    loss                 | -0.0259      |
|    n_updates            | 7630         |
|    policy_gradient_loss | -0.00112     |
|    std                  | 0.891        |
|    value_loss           | 0.00437      |
------------------------------------------
-----------------------------------------
| rollout/                |             |
|    ep_len_mean          | 119         |
|    ep_rew_mean          | -0.997      |
| time/                   |             |
|    fps                  | 91          |
|    iterations           | 295         |
|    time_elapsed         | 825         |
|    total_timesteps      | 195840      |
| train/                  |             |
|    approx_kl            | 0.006569662 |
|    clip_fraction        | 0.0445      |
|    clip_range           | 0.2         |
|    entropy_loss         | -2.61       |
|    explained_variance   | 0.000575    |
|    learning_rate        | 0.0003      |
|    loss                 | -0.0284     |
|    n_updates            | 7640        |
|    policy_gradient_loss | -0.00373    |
|    std                  | 0.891       |
|    value_loss           | 0.00499     |
-----------------------------------------
------------------------------------------
| rollout/                |              |
|    ep_len_mean          | 119          |
|    ep_rew_mean          | -0.988       |
| time/                   |              |
|    fps                  | 91           |
|    iterations           | 296          |
|    time_elapsed         | 828          |
|    total_timesteps      | 196096       |
| train/                  |              |
|    approx_kl            | 0.0058848416 |
|    clip_fraction        | 0.0801       |
|    clip_range           | 0.2          |
|    entropy_loss         | -2.61        |
|    explained_variance   | -0.000966    |
|    learning_rate        | 0.0003       |
|    loss                 | -0.0298      |
|    n_updates            | 7650         |
|    policy_gradient_loss | -0.0064      |
|    std                  | 0.895        |
|    value_loss           | 0.00456      |
------------------------------------------
-----------------------------------------
| rollout/                |             |
|    ep_len_mean          | 119         |
|    ep_rew_mean          | -0.986      |
| time/                   |             |
|    fps                  | 91          |
|    iterations           | 297         |
|    time_elapsed         | 830         |
|    total_timesteps      | 196352      |
| train/                  |             |
|    approx_kl            | 0.011715061 |
|    clip_fraction        | 0.108       |
|    clip_range           | 0.2         |
|    entropy_loss         | -2.62       |
|    explained_variance   | 8.34e-07    |
|    learning_rate        | 0.0003      |
|    loss                 | -0.0454     |
|    n_updates            | 7660        |
|    policy_gradient_loss | -0.0127     |
|    std                  | 0.897       |
|    value_loss           | 0.00404     |
-----------------------------------------
------------------------------------------
| rollout/                |              |
|    ep_len_mean          | 119          |
|    ep_rew_mean          | -0.988       |
| time/                   |              |
|    fps                  | 91           |
|    iterations           | 298          |
|    time_elapsed         | 833          |
|    total_timesteps      | 196608       |
| train/                  |              |
|    approx_kl            | 0.0048565087 |
|    clip_fraction        | 0.048        |
|    clip_range           | 0.2          |
|    entropy_loss         | -2.62        |
|    explained_variance   | -0.00156     |
|    learning_rate        | 0.0003       |
|    loss                 | -0.0303      |
|    n_updates            | 7670         |
|    policy_gradient_loss | -0.00528     |
|    std                  | 0.894        |
|    value_loss           | 0.00404      |
------------------------------------------
-----------------------------------------
| rollout/                |             |
|    ep_len_mean          | 119         |
|    ep_rew_mean          | -0.986      |
| time/                   |             |
|    fps                  | 91          |
|    iterations           | 299         |
|    time_elapsed         | 836         |
|    total_timesteps      | 196864      |
| train/                  |             |
|    approx_kl            | 0.011053795 |
|    clip_fraction        | 0.195       |
|    clip_range           | 0.2         |
|    entropy_loss         | -2.61       |
|    explained_variance   | 0.000817    |
|    learning_rate        | 0.0003      |
|    loss                 | -0.0451     |
|    n_updates            | 7680        |
|    policy_gradient_loss | -0.021      |
|    std                  | 0.893       |
|    value_loss           | 0.00412     |
-----------------------------------------
------------------------------------------
| rollout/                |              |
|    ep_len_mean          | 119          |
|    ep_rew_mean          | -0.991       |
| time/                   |              |
|    fps                  | 91           |
|    iterations           | 300          |
|    time_elapsed         | 838          |
|    total_timesteps      | 197120       |
| train/                  |              |
|    approx_kl            | 0.0058854464 |
|    clip_fraction        | 0.0754       |
|    clip_range           | 0.2          |
|    entropy_loss         | -2.61        |
|    explained_variance   | 0.000906     |
|    learning_rate        | 0.0003       |
|    loss                 | -0.0276      |
|    n_updates            | 7690         |
|    policy_gradient_loss | -0.00454     |
|    std                  | 0.894        |
|    value_loss           | 0.00355      |
------------------------------------------
-----------------------------------------
| rollout/                |             |
|    ep_len_mean          | 119         |
|    ep_rew_mean          | -0.988      |
| time/                   |             |
|    fps                  | 91          |
|    iterations           | 301         |
|    time_elapsed         | 841         |
|    total_timesteps      | 197376      |
| train/                  |             |
|    approx_kl            | 0.004300513 |
|    clip_fraction        | 0.0137      |
|    clip_range           | 0.2         |
|    entropy_loss         | -2.61       |
|    explained_variance   | 0.00682     |
|    learning_rate        | 0.0003      |
|    loss                 | -0.0306     |
|    n_updates            | 7700        |
|    policy_gradient_loss | -0.000905   |
|    std                  | 0.892       |
|    value_loss           | 0.00353     |
-----------------------------------------
------------------------------------------
| rollout/                |              |
|    ep_len_mean          | 119          |
|    ep_rew_mean          | -0.989       |
| time/                   |              |
|    fps                  | 91           |
|    iterations           | 302          |
|    time_elapsed         | 843          |
|    total_timesteps      | 197632       |
| train/                  |              |
|    approx_kl            | 0.0042347955 |
|    clip_fraction        | 0.05         |
|    clip_range           | 0.2          |
|    entropy_loss         | -2.61        |
|    explained_variance   | 0.00323      |
|    learning_rate        | 0.0003       |
|    loss                 | -0.0218      |
|    n_updates            | 7710         |
|    policy_gradient_loss | -0.0047      |
|    std                  | 0.895        |
|    value_loss           | 0.00354      |
------------------------------------------
------------------------------------------
| rollout/                |              |
|    ep_len_mean          | 119          |
|    ep_rew_mean          | -0.992       |
| time/                   |              |
|    fps                  | 91           |
|    iterations           | 303          |
|    time_elapsed         | 846          |
|    total_timesteps      | 197888       |
| train/                  |              |
|    approx_kl            | 0.0049618115 |
|    clip_fraction        | 0.0238       |
|    clip_range           | 0.2          |
|    entropy_loss         | -2.62        |
|    explained_variance   | -0.00481     |
|    learning_rate        | 0.0003       |
|    loss                 | -0.041       |
|    n_updates            | 7720         |
|    policy_gradient_loss | -0.0013      |
|    std                  | 0.897        |
|    value_loss           | 0.00457      |
------------------------------------------
-----------------------------------------
| rollout/                |             |
|    ep_len_mean          | 119         |
|    ep_rew_mean          | -0.993      |
| time/                   |             |
|    fps                  | 91          |
|    iterations           | 304         |
|    time_elapsed         | 851         |
|    total_timesteps      | 198144      |
| train/                  |             |
|    approx_kl            | 0.006141629 |
|    clip_fraction        | 0.016       |
|    clip_range           | 0.2         |
|    entropy_loss         | -2.62       |
|    explained_variance   | -0.00322    |
|    learning_rate        | 0.0003      |
|    loss                 | 8.83e-05    |
|    n_updates            | 7730        |
|    policy_gradient_loss | -0.0018     |
|    std                  | 0.897       |
|    value_loss           | 0.00397     |
-----------------------------------------
------------------------------------------
| rollout/                |              |
|    ep_len_mean          | 119          |
|    ep_rew_mean          | -0.994       |
| time/                   |              |
|    fps                  | 91           |
|    iterations           | 305          |
|    time_elapsed         | 853          |
|    total_timesteps      | 198400       |
| train/                  |              |
|    approx_kl            | 0.0042165127 |
|    clip_fraction        | 0.0766       |
|    clip_range           | 0.2          |
|    entropy_loss         | -2.62        |
|    explained_variance   | 0.000209     |
|    learning_rate        | 0.0003       |
|    loss                 | -0.0431      |
|    n_updates            | 7740         |
|    policy_gradient_loss | -0.00618     |
|    std                  | 0.898        |
|    value_loss           | 0.00496      |
------------------------------------------
------------------------------------------
| rollout/                |              |
|    ep_len_mean          | 119          |
|    ep_rew_mean          | -0.993       |
| time/                   |              |
|    fps                  | 91           |
|    iterations           | 306          |
|    time_elapsed         | 856          |
|    total_timesteps      | 198656       |
| train/                  |              |
|    approx_kl            | 0.0055019893 |
|    clip_fraction        | 0.0801       |
|    clip_range           | 0.2          |
|    entropy_loss         | -2.63        |
|    explained_variance   | -0.00314     |
|    learning_rate        | 0.0003       |
|    loss                 | -0.0171      |
|    n_updates            | 7750         |
|    policy_gradient_loss | -0.00431     |
|    std                  | 0.903        |
|    value_loss           | 0.00465      |
------------------------------------------
-----------------------------------------
| rollout/                |             |
|    ep_len_mean          | 119         |
|    ep_rew_mean          | -0.988      |
| time/                   |             |
|    fps                  | 91          |
|    iterations           | 307         |
|    time_elapsed         | 860         |
|    total_timesteps      | 198912      |
| train/                  |             |
|    approx_kl            | 0.006289611 |
|    clip_fraction        | 0.0836      |
|    clip_range           | 0.2         |
|    entropy_loss         | -2.64       |
|    explained_variance   | -0.00227    |
|    learning_rate        | 0.0003      |
|    loss                 | -0.0239     |
|    n_updates            | 7760        |
|    policy_gradient_loss | -0.00931    |
|    std                  | 0.906       |
|    value_loss           | 0.00523     |
-----------------------------------------
------------------------------------------
| rollout/                |              |
|    ep_len_mean          | 119          |
|    ep_rew_mean          | -0.994       |
| time/                   |              |
|    fps                  | 91           |
|    iterations           | 308          |
|    time_elapsed         | 863          |
|    total_timesteps      | 199168       |
| train/                  |              |
|    approx_kl            | 0.0052700713 |
|    clip_fraction        | 0.0922       |
|    clip_range           | 0.2          |
|    entropy_loss         | -2.64        |
|    explained_variance   | 9.41e-05     |
|    learning_rate        | 0.0003       |
|    loss                 | -0.0367      |
|    n_updates            | 7770         |
|    policy_gradient_loss | -0.00702     |
|    std                  | 0.904        |
|    value_loss           | 0.00434      |
------------------------------------------
-----------------------------------------
| rollout/                |             |
|    ep_len_mean          | 119         |
|    ep_rew_mean          | -0.995      |
| time/                   |             |
|    fps                  | 91          |
|    iterations           | 309         |
|    time_elapsed         | 866         |
|    total_timesteps      | 199424      |
| train/                  |             |
|    approx_kl            | 0.006534828 |
|    clip_fraction        | 0.05        |
|    clip_range           | 0.2         |
|    entropy_loss         | -2.63       |
|    explained_variance   | -0.000419   |
|    learning_rate        | 0.0003      |
|    loss                 | -0.0273     |
|    n_updates            | 7780        |
|    policy_gradient_loss | -0.00461    |
|    std                  | 0.9         |
|    value_loss           | 0.00486     |
-----------------------------------------
------------------------------------------
| rollout/                |              |
|    ep_len_mean          | 119          |
|    ep_rew_mean          | -0.991       |
| time/                   |              |
|    fps                  | 91           |
|    iterations           | 310          |
|    time_elapsed         | 868          |
|    total_timesteps      | 199680       |
| train/                  |              |
|    approx_kl            | 0.0055931406 |
|    clip_fraction        | 0.0637       |
|    clip_range           | 0.2          |
|    entropy_loss         | -2.63        |
|    explained_variance   | 0.000636     |
|    learning_rate        | 0.0003       |
|    loss                 | -0.034       |
|    n_updates            | 7790         |
|    policy_gradient_loss | -0.00669     |
|    std                  | 0.899        |
|    value_loss           | 0.00505      |
------------------------------------------
-----------------------------------------
| rollout/                |             |
|    ep_len_mean          | 119         |
|    ep_rew_mean          | -0.996      |
| time/                   |             |
|    fps                  | 91          |
|    iterations           | 311         |
|    time_elapsed         | 873         |
|    total_timesteps      | 199936      |
| train/                  |             |
|    approx_kl            | 0.003842744 |
|    clip_fraction        | 0.0277      |
|    clip_range           | 0.2         |
|    entropy_loss         | -2.63       |
|    explained_variance   | -0.00154    |
|    learning_rate        | 0.0003      |
|    loss                 | -0.0303     |
|    n_updates            | 7800        |
|    policy_gradient_loss | -0.00375    |
|    std                  | 0.903       |
|    value_loss           | 0.0053      |
-----------------------------------------
-----------------------------------------
| rollout/                |             |
|    ep_len_mean          | 119         |
|    ep_rew_mean          | -0.995      |
| time/                   |             |
|    fps                  | 91          |
|    iterations           | 312         |
|    time_elapsed         | 875         |
|    total_timesteps      | 200192      |
| train/                  |             |
|    approx_kl            | 0.004306915 |
|    clip_fraction        | 0.0445      |
|    clip_range           | 0.2         |
|    entropy_loss         | -2.63       |
|    explained_variance   | -0.00197    |
|    learning_rate        | 0.0003      |
|    loss                 | -0.0325     |
|    n_updates            | 7810        |
|    policy_gradient_loss | -0.00305    |
|    std                  | 0.901       |
|    value_loss           | 0.0046      |
-----------------------------------------
-----------------------------------------
| rollout/                |             |
|    ep_len_mean          | 119         |
|    ep_rew_mean          | -0.995      |
| time/                   |             |
|    fps                  | 91          |
|    iterations           | 313         |
|    time_elapsed         | 878         |
|    total_timesteps      | 200448      |
| train/                  |             |
|    approx_kl            | 0.004136484 |
|    clip_fraction        | 0.0355      |
|    clip_range           | 0.2         |
|    entropy_loss         | -2.63       |
|    explained_variance   | 0.000983    |
|    learning_rate        | 0.0003      |
|    loss                 | -0.0192     |
|    n_updates            | 7820        |
|    policy_gradient_loss | -0.00339    |
|    std                  | 0.906       |
|    value_loss           | 0.00453     |
-----------------------------------------
Saved /workspace/curriculum_p3.zip
