Wrapping the env with a `Monitor` wrapper
Wrapping the env in a DummyVecEnv.
Resumed from /workspace/curriculum_p2.zip
---------------------------------
| rollout/           |          |
|    ep_len_mean     | 106      |
|    ep_rew_mean     | 1.56     |
| time/              |          |
|    fps             | 90       |
|    iterations      | 1        |
|    time_elapsed    | 2        |
|    total_timesteps | 120576   |
---------------------------------
------------------------------------------
| rollout/                |              |
|    ep_len_mean          | 106          |
|    ep_rew_mean          | 1.57         |
| time/                   |              |
|    fps                  | 92           |
|    iterations           | 2            |
|    time_elapsed         | 5            |
|    total_timesteps      | 120832       |
| train/                  |              |
|    approx_kl            | 0.0053703636 |
|    clip_fraction        | 0.0664       |
|    clip_range           | 0.2          |
|    entropy_loss         | -2.61        |
|    explained_variance   | 0.00621      |
|    learning_rate        | 0.0003       |
|    loss                 | -0.0356      |
|    n_updates            | 4710         |
|    policy_gradient_loss | -0.00257     |
|    std                  | 0.894        |
|    value_loss           | 0.00488      |
------------------------------------------
------------------------------------------
| rollout/                |              |
|    ep_len_mean          | 107          |
|    ep_rew_mean          | 1.35         |
| time/                   |              |
|    fps                  | 94           |
|    iterations           | 3            |
|    time_elapsed         | 8            |
|    total_timesteps      | 121088       |
| train/                  |              |
|    approx_kl            | 0.0066079926 |
|    clip_fraction        | 0.077        |
|    clip_range           | 0.2          |
|    entropy_loss         | -2.62        |
|    explained_variance   | 0.00338      |
|    learning_rate        | 0.0003       |
|    loss                 | -0.0266      |
|    n_updates            | 4720         |
|    policy_gradient_loss | -0.00686     |
|    std                  | 0.9          |
|    value_loss           | 0.00943      |
------------------------------------------
------------------------------------------
| rollout/                |              |
|    ep_len_mean          | 107          |
|    ep_rew_mean          | 1.34         |
| time/                   |              |
|    fps                  | 95           |
|    iterations           | 4            |
|    time_elapsed         | 10           |
|    total_timesteps      | 121344       |
| train/                  |              |
|    approx_kl            | 0.0062471037 |
|    clip_fraction        | 0.0906       |
|    clip_range           | 0.2          |
|    entropy_loss         | -2.63        |
|    explained_variance   | 0.00253      |
|    learning_rate        | 0.0003       |
|    loss                 | -0.039       |
|    n_updates            | 4730         |
|    policy_gradient_loss | -0.00829     |
|    std                  | 0.906        |
|    value_loss           | 0.0082       |
------------------------------------------
-----------------------------------------
| rollout/                |             |
|    ep_len_mean          | 108         |
|    ep_rew_mean          | 1.13        |
| time/                   |             |
|    fps                  | 96          |
|    iterations           | 5           |
|    time_elapsed         | 13          |
|    total_timesteps      | 121600      |
| train/                  |             |
|    approx_kl            | 0.004079705 |
|    clip_fraction        | 0.0187      |
|    clip_range           | 0.2         |
|    entropy_loss         | -2.64       |
|    explained_variance   | 0.00869     |
|    learning_rate        | 0.0003      |
|    loss                 | -0.0253     |
|    n_updates            | 4740        |
|    policy_gradient_loss | -0.00226    |
|    std                  | 0.91        |
|    value_loss           | 0.00654     |
-----------------------------------------
-----------------------------------------
| rollout/                |             |
|    ep_len_mean          | 108         |
|    ep_rew_mean          | 1.12        |
| time/                   |             |
|    fps                  | 96          |
|    iterations           | 6           |
|    time_elapsed         | 15          |
|    total_timesteps      | 121856      |
| train/                  |             |
|    approx_kl            | 0.005514737 |
|    clip_fraction        | 0.0586      |
|    clip_range           | 0.2         |
|    entropy_loss         | -2.65       |
|    explained_variance   | -0.00113    |
|    learning_rate        | 0.0003      |
|    loss                 | -0.034      |
|    n_updates            | 4750        |
|    policy_gradient_loss | -0.00473    |
|    std                  | 0.912       |
|    value_loss           | 0.00574     |
-----------------------------------------
------------------------------------------
| rollout/                |              |
|    ep_len_mean          | 108          |
|    ep_rew_mean          | 1.13         |
| time/                   |              |
|    fps                  | 96           |
|    iterations           | 7            |
|    time_elapsed         | 18           |
|    total_timesteps      | 122112       |
| train/                  |              |
|    approx_kl            | 0.0026315956 |
|    clip_fraction        | 0.0383       |
|    clip_range           | 0.2          |
|    entropy_loss         | -2.66        |
|    explained_variance   | -0.00348     |
|    learning_rate        | 0.0003       |
|    loss                 | -0.0199      |
|    n_updates            | 4760         |
|    policy_gradient_loss | -0.00236     |
|    std                  | 0.915        |
|    value_loss           | 0.00311      |
------------------------------------------
------------------------------------------
| rollout/                |              |
|    ep_len_mean          | 109          |
|    ep_rew_mean          | 0.93         |
| time/                   |              |
|    fps                  | 96           |
|    iterations           | 8            |
|    time_elapsed         | 21           |
|    total_timesteps      | 122368       |
| train/                  |              |
|    approx_kl            | 0.0045362823 |
|    clip_fraction        | 0.0551       |
|    clip_range           | 0.2          |
|    entropy_loss         | -2.66        |
|    explained_variance   | 0.00583      |
|    learning_rate        | 0.0003       |
|    loss                 | -0.0282      |
|    n_updates            | 4770         |
|    policy_gradient_loss | -0.00504     |
|    std                  | 0.918        |
|    value_loss           | 0.00423      |
------------------------------------------
-----------------------------------------
| rollout/                |             |
|    ep_len_mean          | 109         |
|    ep_rew_mean          | 0.946       |
| time/                   |             |
|    fps                  | 96          |
|    iterations           | 9           |
|    time_elapsed         | 23          |
|    total_timesteps      | 122624      |
| train/                  |             |
|    approx_kl            | 0.006347915 |
|    clip_fraction        | 0.104       |
|    clip_range           | 0.2         |
|    entropy_loss         | -2.66       |
|    explained_variance   | -0.00816    |
|    learning_rate        | 0.0003      |
|    loss                 | -0.0519     |
|    n_updates            | 4780        |
|    policy_gradient_loss | -0.0128     |
|    std                  | 0.916       |
|    value_loss           | 0.00896     |
-----------------------------------------
------------------------------------------
| rollout/                |              |
|    ep_len_mean          | 109          |
|    ep_rew_mean          | 0.955        |
| time/                   |              |
|    fps                  | 96           |
|    iterations           | 10           |
|    time_elapsed         | 26           |
|    total_timesteps      | 122880       |
| train/                  |              |
|    approx_kl            | 0.0024956046 |
|    clip_fraction        | 0.0234       |
|    clip_range           | 0.2          |
|    entropy_loss         | -2.66        |
|    explained_variance   | -0.00492     |
|    learning_rate        | 0.0003       |
|    loss                 | -0.0251      |
|    n_updates            | 4790         |
|    policy_gradient_loss | -0.00272     |
|    std                  | 0.918        |
|    value_loss           | 0.00156      |
------------------------------------------
-----------------------------------------
| rollout/                |             |
|    ep_len_mean          | 109         |
|    ep_rew_mean          | 0.96        |
| time/                   |             |
|    fps                  | 96          |
|    iterations           | 11          |
|    time_elapsed         | 29          |
|    total_timesteps      | 123136      |
| train/                  |             |
|    approx_kl            | 0.008253278 |
|    clip_fraction        | 0.133       |
|    clip_range           | 0.2         |
|    entropy_loss         | -2.67       |
|    explained_variance   | -0.00986    |
|    learning_rate        | 0.0003      |
|    loss                 | -0.0399     |
|    n_updates            | 4800        |
|    policy_gradient_loss | -0.0143     |
|    std                  | 0.923       |
|    value_loss           | 0.00178     |
-----------------------------------------
------------------------------------------
| rollout/                |              |
|    ep_len_mean          | 109          |
|    ep_rew_mean          | 0.963        |
| time/                   |              |
|    fps                  | 96           |
|    iterations           | 12           |
|    time_elapsed         | 31           |
|    total_timesteps      | 123392       |
| train/                  |              |
|    approx_kl            | 0.0050443467 |
|    clip_fraction        | 0.0375       |
|    clip_range           | 0.2          |
|    entropy_loss         | -2.68        |
|    explained_variance   | 0.00372      |
|    learning_rate        | 0.0003       |
|    loss                 | -0.0109      |
|    n_updates            | 4810         |
|    policy_gradient_loss | -0.00425     |
|    std                  | 0.921        |
|    value_loss           | 0.00506      |
------------------------------------------
-----------------------------------------
| rollout/                |             |
|    ep_len_mean          | 109         |
|    ep_rew_mean          | 0.959       |
| time/                   |             |
|    fps                  | 96          |
|    iterations           | 13          |
|    time_elapsed         | 34          |
|    total_timesteps      | 123648      |
| train/                  |             |
|    approx_kl            | 0.009317369 |
|    clip_fraction        | 0.118       |
|    clip_range           | 0.2         |
|    entropy_loss         | -2.67       |
|    explained_variance   | -0.0121     |
|    learning_rate        | 0.0003      |
|    loss                 | -0.0427     |
|    n_updates            | 4820        |
|    policy_gradient_loss | -0.00774    |
|    std                  | 0.924       |
|    value_loss           | 0.00321     |
-----------------------------------------
------------------------------------------
| rollout/                |              |
|    ep_len_mean          | 110          |
|    ep_rew_mean          | 0.743        |
| time/                   |              |
|    fps                  | 97           |
|    iterations           | 14           |
|    time_elapsed         | 36           |
|    total_timesteps      | 123904       |
| train/                  |              |
|    approx_kl            | 0.0074119726 |
|    clip_fraction        | 0.131        |
|    clip_range           | 0.2          |
|    entropy_loss         | -2.68        |
|    explained_variance   | -0.00426     |
|    learning_rate        | 0.0003       |
|    loss                 | -0.0593      |
|    n_updates            | 4830         |
|    policy_gradient_loss | -0.0128      |
|    std                  | 0.923        |
|    value_loss           | 0.0036       |
------------------------------------------
------------------------------------------
| rollout/                |              |
|    ep_len_mean          | 111          |
|    ep_rew_mean          | 0.544        |
| time/                   |              |
|    fps                  | 96           |
|    iterations           | 15           |
|    time_elapsed         | 39           |
|    total_timesteps      | 124160       |
| train/                  |              |
|    approx_kl            | 0.0051855757 |
|    clip_fraction        | 0.0621       |
|    clip_range           | 0.2          |
|    entropy_loss         | -2.68        |
|    explained_variance   | 0.000855     |
|    learning_rate        | 0.0003       |
|    loss                 | -0.011       |
|    n_updates            | 4840         |
|    policy_gradient_loss | -0.00506     |
|    std                  | 0.922        |
|    value_loss           | 0.00244      |
------------------------------------------
------------------------------------------
| rollout/                |              |
|    ep_len_mean          | 111          |
|    ep_rew_mean          | 0.534        |
| time/                   |              |
|    fps                  | 96           |
|    iterations           | 16           |
|    time_elapsed         | 42           |
|    total_timesteps      | 124416       |
| train/                  |              |
|    approx_kl            | 0.0051073693 |
|    clip_fraction        | 0.00625      |
|    clip_range           | 0.2          |
|    entropy_loss         | -2.67        |
|    explained_variance   | 0.0011       |
|    learning_rate        | 0.0003       |
|    loss                 | -0.0228      |
|    n_updates            | 4850         |
|    policy_gradient_loss | -0.00169     |
|    std                  | 0.917        |
|    value_loss           | 0.00619      |
------------------------------------------
-----------------------------------------
| rollout/                |             |
|    ep_len_mean          | 112         |
|    ep_rew_mean          | 0.317       |
| time/                   |             |
|    fps                  | 96          |
|    iterations           | 17          |
|    time_elapsed         | 45          |
|    total_timesteps      | 124672      |
| train/                  |             |
|    approx_kl            | 0.004858219 |
|    clip_fraction        | 0.0926      |
|    clip_range           | 0.2         |
|    entropy_loss         | -2.66       |
|    explained_variance   | -0.00436    |
|    learning_rate        | 0.0003      |
|    loss                 | -0.0334     |
|    n_updates            | 4860        |
|    policy_gradient_loss | -0.00731    |
|    std                  | 0.916       |
|    value_loss           | 0.00472     |
-----------------------------------------
-----------------------------------------
| rollout/                |             |
|    ep_len_mean          | 112         |
|    ep_rew_mean          | 0.301       |
| time/                   |             |
|    fps                  | 96          |
|    iterations           | 18          |
|    time_elapsed         | 47          |
|    total_timesteps      | 124928      |
| train/                  |             |
|    approx_kl            | 0.005609127 |
|    clip_fraction        | 0.0398      |
|    clip_range           | 0.2         |
|    entropy_loss         | -2.66       |
|    explained_variance   | -0.00858    |
|    learning_rate        | 0.0003      |
|    loss                 | -0.0328     |
|    n_updates            | 4870        |
|    policy_gradient_loss | -0.00279    |
|    std                  | 0.918       |
|    value_loss           | 0.00604     |
-----------------------------------------
-----------------------------------------
| rollout/                |             |
|    ep_len_mean          | 111         |
|    ep_rew_mean          | 0.504       |
| time/                   |             |
|    fps                  | 96          |
|    iterations           | 19          |
|    time_elapsed         | 50          |
|    total_timesteps      | 125184      |
| train/                  |             |
|    approx_kl            | 0.006772259 |
|    clip_fraction        | 0.0277      |
|    clip_range           | 0.2         |
|    entropy_loss         | -2.67       |
|    explained_variance   | -0.00179    |
|    learning_rate        | 0.0003      |
|    loss                 | -0.0202     |
|    n_updates            | 4880        |
|    policy_gradient_loss | -0.00274    |
|    std                  | 0.921       |
|    value_loss           | 0.00588     |
-----------------------------------------
------------------------------------------
| rollout/                |              |
|    ep_len_mean          | 112          |
|    ep_rew_mean          | 0.294        |
| time/                   |              |
|    fps                  | 96           |
|    iterations           | 20           |
|    time_elapsed         | 53           |
|    total_timesteps      | 125440       |
| train/                  |              |
|    approx_kl            | 0.0026592358 |
|    clip_fraction        | 0.0316       |
|    clip_range           | 0.2          |
|    entropy_loss         | -2.67        |
|    explained_variance   | 3.22e-06     |
|    learning_rate        | 0.0003       |
|    loss                 | -0.0332      |
|    n_updates            | 4890         |
|    policy_gradient_loss | -0.00163     |
|    std                  | 0.918        |
|    value_loss           | 1.73         |
------------------------------------------
------------------------------------------
| rollout/                |              |
|    ep_len_mean          | 112          |
|    ep_rew_mean          | 0.289        |
| time/                   |              |
|    fps                  | 96           |
|    iterations           | 21           |
|    time_elapsed         | 55           |
|    total_timesteps      | 125696       |
| train/                  |              |
|    approx_kl            | 0.0060849814 |
|    clip_fraction        | 0.0754       |
|    clip_range           | 0.2          |
|    entropy_loss         | -2.67        |
|    explained_variance   | -0.00985     |
|    learning_rate        | 0.0003       |
|    loss                 | -0.0178      |
|    n_updates            | 4900         |
|    policy_gradient_loss | -0.00384     |
|    std                  | 0.921        |
|    value_loss           | 0.00662      |
------------------------------------------
-----------------------------------------
| rollout/                |             |
|    ep_len_mean          | 112         |
|    ep_rew_mean          | 0.287       |
| time/                   |             |
|    fps                  | 96          |
|    iterations           | 22          |
|    time_elapsed         | 58          |
|    total_timesteps      | 125952      |
| train/                  |             |
|    approx_kl            | 0.007056345 |
|    clip_fraction        | 0.135       |
|    clip_range           | 0.2         |
|    entropy_loss         | -2.68       |
|    explained_variance   | 6.85e-05    |
|    learning_rate        | 0.0003      |
|    loss                 | -0.0271     |
|    n_updates            | 4910        |
|    policy_gradient_loss | -0.011      |
|    std                  | 0.926       |
|    value_loss           | 0.0134      |
-----------------------------------------
-----------------------------------------
| rollout/                |             |
|    ep_len_mean          | 114         |
|    ep_rew_mean          | 0.0828      |
| time/                   |             |
|    fps                  | 96          |
|    iterations           | 23          |
|    time_elapsed         | 61          |
|    total_timesteps      | 126208      |
| train/                  |             |
|    approx_kl            | 0.004987376 |
|    clip_fraction        | 0.0551      |
|    clip_range           | 0.2         |
|    entropy_loss         | -2.68       |
|    explained_variance   | 0.00805     |
|    learning_rate        | 0.0003      |
|    loss                 | -0.041      |
|    n_updates            | 4920        |
|    policy_gradient_loss | -0.00342    |
|    std                  | 0.925       |
|    value_loss           | 0.00512     |
-----------------------------------------
------------------------------------------
| rollout/                |              |
|    ep_len_mean          | 114          |
|    ep_rew_mean          | 0.086        |
| time/                   |              |
|    fps                  | 96           |
|    iterations           | 24           |
|    time_elapsed         | 63           |
|    total_timesteps      | 126464       |
| train/                  |              |
|    approx_kl            | 0.0050536525 |
|    clip_fraction        | 0.0707       |
|    clip_range           | 0.2          |
|    entropy_loss         | -2.68        |
|    explained_variance   | 0.0213       |
|    learning_rate        | 0.0003       |
|    loss                 | -0.0406      |
|    n_updates            | 4930         |
|    policy_gradient_loss | -0.00606     |
|    std                  | 0.923        |
|    value_loss           | 0.00415      |
------------------------------------------
------------------------------------------
| rollout/                |              |
|    ep_len_mean          | 114          |
|    ep_rew_mean          | 0.0722       |
| time/                   |              |
|    fps                  | 96           |
|    iterations           | 25           |
|    time_elapsed         | 66           |
|    total_timesteps      | 126720       |
| train/                  |              |
|    approx_kl            | 0.0062912414 |
|    clip_fraction        | 0.0508       |
|    clip_range           | 0.2          |
|    entropy_loss         | -2.68        |
|    explained_variance   | 0.0739       |
|    learning_rate        | 0.0003       |
|    loss                 | -0.0293      |
|    n_updates            | 4940         |
|    policy_gradient_loss | -0.00538     |
|    std                  | 0.931        |
|    value_loss           | 0.00204      |
------------------------------------------
------------------------------------------
| rollout/                |              |
|    ep_len_mean          | 114          |
|    ep_rew_mean          | -0.152       |
| time/                   |              |
|    fps                  | 96           |
|    iterations           | 26           |
|    time_elapsed         | 69           |
|    total_timesteps      | 126976       |
| train/                  |              |
|    approx_kl            | 0.0060302205 |
|    clip_fraction        | 0.0785       |
|    clip_range           | 0.2          |
|    entropy_loss         | -2.69        |
|    explained_variance   | -0.132       |
|    learning_rate        | 0.0003       |
|    loss                 | -0.0408      |
|    n_updates            | 4950         |
|    policy_gradient_loss | -0.00575     |
|    std                  | 0.931        |
|    value_loss           | 0.00358      |
------------------------------------------
-----------------------------------------
| rollout/                |             |
|    ep_len_mean          | 114         |
|    ep_rew_mean          | -0.149      |
| time/                   |             |
|    fps                  | 96          |
|    iterations           | 27          |
|    time_elapsed         | 71          |
|    total_timesteps      | 127232      |
| train/                  |             |
|    approx_kl            | 0.005423527 |
|    clip_fraction        | 0.0453      |
|    clip_range           | 0.2         |
|    entropy_loss         | -2.69       |
|    explained_variance   | -0.00661    |
|    learning_rate        | 0.0003      |
|    loss                 | -0.0361     |
|    n_updates            | 4960        |
|    policy_gradient_loss | -0.00456    |
|    std                  | 0.927       |
|    value_loss           | 0.00578     |
-----------------------------------------
-----------------------------------------
| rollout/                |             |
|    ep_len_mean          | 114         |
|    ep_rew_mean          | -0.134      |
| time/                   |             |
|    fps                  | 96          |
|    iterations           | 28          |
|    time_elapsed         | 74          |
|    total_timesteps      | 127488      |
| train/                  |             |
|    approx_kl            | 0.008671997 |
|    clip_fraction        | 0.125       |
|    clip_range           | 0.2         |
|    entropy_loss         | -2.68       |
|    explained_variance   | 0.00486     |
|    learning_rate        | 0.0003      |
|    loss                 | -0.0352     |
|    n_updates            | 4970        |
|    policy_gradient_loss | -0.0145     |
|    std                  | 0.926       |
|    value_loss           | 0.00769     |
-----------------------------------------
-----------------------------------------
| rollout/                |             |
|    ep_len_mean          | 114         |
|    ep_rew_mean          | -0.118      |
| time/                   |             |
|    fps                  | 96          |
|    iterations           | 29          |
|    time_elapsed         | 76          |
|    total_timesteps      | 127744      |
| train/                  |             |
|    approx_kl            | 0.009321844 |
|    clip_fraction        | 0.0902      |
|    clip_range           | 0.2         |
|    entropy_loss         | -2.68       |
|    explained_variance   | -0.00892    |
|    learning_rate        | 0.0003      |
|    loss                 | -0.0567     |
|    n_updates            | 4980        |
|    policy_gradient_loss | -0.00905    |
|    std                  | 0.925       |
|    value_loss           | 0.00324     |
-----------------------------------------
-----------------------------------------
| rollout/                |             |
|    ep_len_mean          | 114         |
|    ep_rew_mean          | -0.12       |
| time/                   |             |
|    fps                  | 96          |
|    iterations           | 30          |
|    time_elapsed         | 79          |
|    total_timesteps      | 128000      |
| train/                  |             |
|    approx_kl            | 0.009530731 |
|    clip_fraction        | 0.136       |
|    clip_range           | 0.2         |
|    entropy_loss         | -2.68       |
|    explained_variance   | 0.0279      |
|    learning_rate        | 0.0003      |
|    loss                 | -0.0423     |
|    n_updates            | 4990        |
|    policy_gradient_loss | -0.0117     |
|    std                  | 0.922       |
|    value_loss           | 0.00207     |
-----------------------------------------
-----------------------------------------
| rollout/                |             |
|    ep_len_mean          | 114         |
|    ep_rew_mean          | -0.103      |
| time/                   |             |
|    fps                  | 96          |
|    iterations           | 31          |
|    time_elapsed         | 82          |
|    total_timesteps      | 128256      |
| train/                  |             |
|    approx_kl            | 0.002740836 |
|    clip_fraction        | 0.0262      |
|    clip_range           | 0.2         |
|    entropy_loss         | -2.67       |
|    explained_variance   | -0.0189     |
|    learning_rate        | 0.0003      |
|    loss                 | -0.0307     |
|    n_updates            | 5000        |
|    policy_gradient_loss | -0.00325    |
|    std                  | 0.916       |
|    value_loss           | 0.0145      |
-----------------------------------------
-----------------------------------------
| rollout/                |             |
|    ep_len_mean          | 114         |
|    ep_rew_mean          | -0.0995     |
| time/                   |             |
|    fps                  | 96          |
|    iterations           | 32          |
|    time_elapsed         | 85          |
|    total_timesteps      | 128512      |
| train/                  |             |
|    approx_kl            | 0.007409754 |
|    clip_fraction        | 0.0609      |
|    clip_range           | 0.2         |
|    entropy_loss         | -2.67       |
|    explained_variance   | -0.00349    |
|    learning_rate        | 0.0003      |
|    loss                 | -0.0339     |
|    n_updates            | 5010        |
|    policy_gradient_loss | -0.00491    |
|    std                  | 0.921       |
|    value_loss           | 0.00238     |
-----------------------------------------
------------------------------------------
| rollout/                |              |
|    ep_len_mean          | 114          |
|    ep_rew_mean          | -0.113       |
| time/                   |              |
|    fps                  | 96           |
|    iterations           | 33           |
|    time_elapsed         | 87           |
|    total_timesteps      | 128768       |
| train/                  |              |
|    approx_kl            | 0.0031191264 |
|    clip_fraction        | 0.0113       |
|    clip_range           | 0.2          |
|    entropy_loss         | -2.67        |
|    explained_variance   | -0.000644    |
|    learning_rate        | 0.0003       |
|    loss                 | -0.0163      |
|    n_updates            | 5020         |
|    policy_gradient_loss | -0.000674    |
|    std                  | 0.919        |
|    value_loss           | 0.00419      |
------------------------------------------
-----------------------------------------
| rollout/                |             |
|    ep_len_mean          | 114         |
|    ep_rew_mean          | -0.0984     |
| time/                   |             |
|    fps                  | 96          |
|    iterations           | 34          |
|    time_elapsed         | 90          |
|    total_timesteps      | 129024      |
| train/                  |             |
|    approx_kl            | 0.003765942 |
|    clip_fraction        | 0.0508      |
|    clip_range           | 0.2         |
|    entropy_loss         | -2.67       |
|    explained_variance   | 0.00118     |
|    learning_rate        | 0.0003      |
|    loss                 | -0.037      |
|    n_updates            | 5030        |
|    policy_gradient_loss | -0.00397    |
|    std                  | 0.924       |
|    value_loss           | 0.00787     |
-----------------------------------------
------------------------------------------
| rollout/                |              |
|    ep_len_mean          | 116          |
|    ep_rew_mean          | -0.311       |
| time/                   |              |
|    fps                  | 96           |
|    iterations           | 35           |
|    time_elapsed         | 92           |
|    total_timesteps      | 129280       |
| train/                  |              |
|    approx_kl            | 0.0023102947 |
|    clip_fraction        | 0.0293       |
|    clip_range           | 0.2          |
|    entropy_loss         | -2.68        |
|    explained_variance   | -0.00504     |
|    learning_rate        | 0.0003       |
|    loss                 | -0.0366      |
|    n_updates            | 5040         |
|    policy_gradient_loss | -0.00352     |
|    std                  | 0.927        |
|    value_loss           | 0.00181      |
------------------------------------------
------------------------------------------
| rollout/                |              |
|    ep_len_mean          | 116          |
|    ep_rew_mean          | -0.306       |
| time/                   |              |
|    fps                  | 96           |
|    iterations           | 36           |
|    time_elapsed         | 95           |
|    total_timesteps      | 129536       |
| train/                  |              |
|    approx_kl            | 0.0069174543 |
|    clip_fraction        | 0.134        |
|    clip_range           | 0.2          |
|    entropy_loss         | -2.69        |
|    explained_variance   | 0.000466     |
|    learning_rate        | 0.0003       |
|    loss                 | -0.0464      |
|    n_updates            | 5050         |
|    policy_gradient_loss | -0.0124      |
|    std                  | 0.927        |
|    value_loss           | 0.00904      |
------------------------------------------
------------------------------------------
| rollout/                |              |
|    ep_len_mean          | 116          |
|    ep_rew_mean          | -0.323       |
| time/                   |              |
|    fps                  | 96           |
|    iterations           | 37           |
|    time_elapsed         | 98           |
|    total_timesteps      | 129792       |
| train/                  |              |
|    approx_kl            | 0.0042429008 |
|    clip_fraction        | 0.0441       |
|    clip_range           | 0.2          |
|    entropy_loss         | -2.69        |
|    explained_variance   | -0.00392     |
|    learning_rate        | 0.0003       |
|    loss                 | -0.0122      |
|    n_updates            | 5060         |
|    policy_gradient_loss | -0.00306     |
|    std                  | 0.93         |
|    value_loss           | 0.00453      |
------------------------------------------
-----------------------------------------
| rollout/                |             |
|    ep_len_mean          | 116         |
|    ep_rew_mean          | -0.325      |
| time/                   |             |
|    fps                  | 96          |
|    iterations           | 38          |
|    time_elapsed         | 100         |
|    total_timesteps      | 130048      |
| train/                  |             |
|    approx_kl            | 0.003124995 |
|    clip_fraction        | 0.00664     |
|    clip_range           | 0.2         |
|    entropy_loss         | -2.7        |
|    explained_variance   | 0.000439    |
|    learning_rate        | 0.0003      |
|    loss                 | -0.0153     |
|    n_updates            | 5070        |
|    policy_gradient_loss | -0.00155    |
|    std                  | 0.936       |
|    value_loss           | 0.00893     |
-----------------------------------------
------------------------------------------
| rollout/                |              |
|    ep_len_mean          | 117          |
|    ep_rew_mean          | -0.544       |
| time/                   |              |
|    fps                  | 96           |
|    iterations           | 39           |
|    time_elapsed         | 103          |
|    total_timesteps      | 130304       |
| train/                  |              |
|    approx_kl            | 0.0049579674 |
|    clip_fraction        | 0.0555       |
|    clip_range           | 0.2          |
|    entropy_loss         | -2.7         |
|    explained_variance   | 0.00883      |
|    learning_rate        | 0.0003       |
|    loss                 | -0.0219      |
|    n_updates            | 5080         |
|    policy_gradient_loss | -0.00474     |
|    std                  | 0.932        |
|    value_loss           | 0.00353      |
------------------------------------------
------------------------------------------
| rollout/                |              |
|    ep_len_mean          | 117          |
|    ep_rew_mean          | -0.542       |
| time/                   |              |
|    fps                  | 96           |
|    iterations           | 40           |
|    time_elapsed         | 106          |
|    total_timesteps      | 130560       |
| train/                  |              |
|    approx_kl            | 0.0034925428 |
|    clip_fraction        | 0.0516       |
|    clip_range           | 0.2          |
|    entropy_loss         | -2.69        |
|    explained_variance   | 0.00249      |
|    learning_rate        | 0.0003       |
|    loss                 | -0.0301      |
|    n_updates            | 5090         |
|    policy_gradient_loss | -0.00511     |
|    std                  | 0.932        |
|    value_loss           | 0.0139       |
------------------------------------------
------------------------------------------
| rollout/                |              |
|    ep_len_mean          | 117          |
|    ep_rew_mean          | -0.537       |
| time/                   |              |
|    fps                  | 96           |
|    iterations           | 41           |
|    time_elapsed         | 108          |
|    total_timesteps      | 130816       |
| train/                  |              |
|    approx_kl            | 0.0026190113 |
|    clip_fraction        | 0.0172       |
|    clip_range           | 0.2          |
|    entropy_loss         | -2.7         |
|    explained_variance   | 0.0244       |
|    learning_rate        | 0.0003       |
|    loss                 | -0.029       |
|    n_updates            | 5100         |
|    policy_gradient_loss | -0.00284     |
|    std                  | 0.939        |
|    value_loss           | 0.00411      |
------------------------------------------
-----------------------------------------
| rollout/                |             |
|    ep_len_mean          | 117         |
|    ep_rew_mean          | -0.53       |
| time/                   |             |
|    fps                  | 96          |
|    iterations           | 42          |
|    time_elapsed         | 111         |
|    total_timesteps      | 131072      |
| train/                  |             |
|    approx_kl            | 0.005823303 |
|    clip_fraction        | 0.125       |
|    clip_range           | 0.2         |
|    entropy_loss         | -2.71       |
|    explained_variance   | 0.0126      |
|    learning_rate        | 0.0003      |
|    loss                 | -0.0484     |
|    n_updates            | 5110        |
|    policy_gradient_loss | -0.0161     |
|    std                  | 0.94        |
|    value_loss           | 0.00542     |
-----------------------------------------
-----------------------------------------
| rollout/                |             |
|    ep_len_mean          | 116         |
|    ep_rew_mean          | -0.504      |
| time/                   |             |
|    fps                  | 96          |
|    iterations           | 43          |
|    time_elapsed         | 114         |
|    total_timesteps      | 131328      |
| train/                  |             |
|    approx_kl            | 0.006220009 |
|    clip_fraction        | 0.0172      |
|    clip_range           | 0.2         |
|    entropy_loss         | -2.71       |
|    explained_variance   | 0.0297      |
|    learning_rate        | 0.0003      |
|    loss                 | -0.0275     |
|    n_updates            | 5120        |
|    policy_gradient_loss | -0.00123    |
|    std                  | 0.939       |
|    value_loss           | 0.011       |
-----------------------------------------
-----------------------------------------
| rollout/                |             |
|    ep_len_mean          | 116         |
|    ep_rew_mean          | -0.31       |
| time/                   |             |
|    fps                  | 96          |
|    iterations           | 44          |
|    time_elapsed         | 117         |
|    total_timesteps      | 131584      |
| train/                  |             |
|    approx_kl            | 0.011213327 |
|    clip_fraction        | 0.0684      |
|    clip_range           | 0.2         |
|    entropy_loss         | -2.71       |
|    explained_variance   | 0.000544    |
|    learning_rate        | 0.0003      |
|    loss                 | 3.35        |
|    n_updates            | 5130        |
|    policy_gradient_loss | -0.00412    |
|    std                  | 0.94        |
|    value_loss           | 1.7         |
-----------------------------------------
-----------------------------------------
| rollout/                |             |
|    ep_len_mean          | 116         |
|    ep_rew_mean          | -0.307      |
| time/                   |             |
|    fps                  | 96          |
|    iterations           | 45          |
|    time_elapsed         | 119         |
|    total_timesteps      | 131840      |
| train/                  |             |
|    approx_kl            | 0.018473327 |
|    clip_fraction        | 0.16        |
|    clip_range           | 0.2         |
|    entropy_loss         | -2.71       |
|    explained_variance   | 0.00128     |
|    learning_rate        | 0.0003      |
|    loss                 | 9.67        |
|    n_updates            | 5140        |
|    policy_gradient_loss | -0.0232     |
|    std                  | 0.94        |
|    value_loss           | 13.6        |
-----------------------------------------
-----------------------------------------
| rollout/                |             |
|    ep_len_mean          | 117         |
|    ep_rew_mean          | -0.512      |
| time/                   |             |
|    fps                  | 96          |
|    iterations           | 46          |
|    time_elapsed         | 122         |
|    total_timesteps      | 132096      |
| train/                  |             |
|    approx_kl            | 0.003864915 |
|    clip_fraction        | 0.0293      |
|    clip_range           | 0.2         |
|    entropy_loss         | -2.71       |
|    explained_variance   | 0.0959      |
|    learning_rate        | 0.0003      |
|    loss                 | -0.0241     |
|    n_updates            | 5150        |
|    policy_gradient_loss | -0.00262    |
|    std                  | 0.938       |
|    value_loss           | 0.0112      |
-----------------------------------------
------------------------------------------
| rollout/                |              |
|    ep_len_mean          | 117          |
|    ep_rew_mean          | -0.51        |
| time/                   |              |
|    fps                  | 96           |
|    iterations           | 47           |
|    time_elapsed         | 125          |
|    total_timesteps      | 132352       |
| train/                  |              |
|    approx_kl            | 0.0055078315 |
|    clip_fraction        | 0.041        |
|    clip_range           | 0.2          |
|    entropy_loss         | -2.71        |
|    explained_variance   | 0.0587       |
|    learning_rate        | 0.0003       |
|    loss                 | -0.00385     |
|    n_updates            | 5160         |
|    policy_gradient_loss | -0.00172     |
|    std                  | 0.937        |
|    value_loss           | 0.0177       |
------------------------------------------
-----------------------------------------
| rollout/                |             |
|    ep_len_mean          | 117         |
|    ep_rew_mean          | -0.516      |
| time/                   |             |
|    fps                  | 96          |
|    iterations           | 48          |
|    time_elapsed         | 127         |
|    total_timesteps      | 132608      |
| train/                  |             |
|    approx_kl            | 0.010360517 |
|    clip_fraction        | 0.111       |
|    clip_range           | 0.2         |
|    entropy_loss         | -2.71       |
|    explained_variance   | 0.00405     |
|    learning_rate        | 0.0003      |
|    loss                 | -0.0449     |
|    n_updates            | 5170        |
|    policy_gradient_loss | -0.0125     |
|    std                  | 0.937       |
|    value_loss           | 0.00612     |
-----------------------------------------
------------------------------------------
| rollout/                |              |
|    ep_len_mean          | 116          |
|    ep_rew_mean          | -0.296       |
| time/                   |              |
|    fps                  | 95           |
|    iterations           | 49           |
|    time_elapsed         | 130          |
|    total_timesteps      | 132864       |
| train/                  |              |
|    approx_kl            | 0.0073345215 |
|    clip_fraction        | 0.105        |
|    clip_range           | 0.2          |
|    entropy_loss         | -2.71        |
|    explained_variance   | -0.206       |
|    learning_rate        | 0.0003       |
|    loss                 | -0.0302      |
|    n_updates            | 5180         |
|    policy_gradient_loss | -0.00899     |
|    std                  | 0.937        |
|    value_loss           | 0.013        |
------------------------------------------
----------------------------------------
| rollout/                |            |
|    ep_len_mean          | 116        |
|    ep_rew_mean          | -0.303     |
| time/                   |            |
|    fps                  | 95         |
|    iterations           | 50         |
|    time_elapsed         | 133        |
|    total_timesteps      | 133120     |
| train/                  |            |
|    approx_kl            | 0.00507563 |
|    clip_fraction        | 0.0535     |
|    clip_range           | 0.2        |
|    entropy_loss         | -2.7       |
|    explained_variance   | -0.000221  |
|    learning_rate        | 0.0003     |
|    loss                 | -0.0246    |
|    n_updates            | 5190       |
|    policy_gradient_loss | -0.00601   |
|    std                  | 0.937      |
|    value_loss           | 1.61       |
----------------------------------------
-----------------------------------------
| rollout/                |             |
|    ep_len_mean          | 115         |
|    ep_rew_mean          | -0.0898     |
| time/                   |             |
|    fps                  | 96          |
|    iterations           | 51          |
|    time_elapsed         | 135         |
|    total_timesteps      | 133376      |
| train/                  |             |
|    approx_kl            | 0.003756824 |
|    clip_fraction        | 0.077       |
|    clip_range           | 0.2         |
|    entropy_loss         | -2.7        |
|    explained_variance   | 0.0118      |
|    learning_rate        | 0.0003      |
|    loss                 | -0.024      |
|    n_updates            | 5200        |
|    policy_gradient_loss | -0.00475    |
|    std                  | 0.935       |
|    value_loss           | 0.0144      |
-----------------------------------------
-----------------------------------------
| rollout/                |             |
|    ep_len_mean          | 115         |
|    ep_rew_mean          | -0.0932     |
| time/                   |             |
|    fps                  | 95          |
|    iterations           | 52          |
|    time_elapsed         | 138         |
|    total_timesteps      | 133632      |
| train/                  |             |
|    approx_kl            | 0.012214099 |
|    clip_fraction        | 0.0648      |
|    clip_range           | 0.2         |
|    entropy_loss         | -2.7        |
|    explained_variance   | 9.49e-05    |
|    learning_rate        | 0.0003      |
|    loss                 | 1.65        |
|    n_updates            | 5210        |
|    policy_gradient_loss | -0.00568    |
|    std                  | 0.936       |
|    value_loss           | 12.3        |
-----------------------------------------
-----------------------------------------
| rollout/                |             |
|    ep_len_mean          | 115         |
|    ep_rew_mean          | -0.083      |
| time/                   |             |
|    fps                  | 95          |
|    iterations           | 53          |
|    time_elapsed         | 141         |
|    total_timesteps      | 133888      |
| train/                  |             |
|    approx_kl            | 0.010352141 |
|    clip_fraction        | 0.168       |
|    clip_range           | 0.2         |
|    entropy_loss         | -2.7        |
|    explained_variance   | -0.0289     |
|    learning_rate        | 0.0003      |
|    loss                 | -0.0138     |
|    n_updates            | 5220        |
|    policy_gradient_loss | -0.0117     |
|    std                  | 0.936       |
|    value_loss           | 0.0126      |
-----------------------------------------
-----------------------------------------
| rollout/                |             |
|    ep_len_mean          | 115         |
|    ep_rew_mean          | -0.095      |
| time/                   |             |
|    fps                  | 95          |
|    iterations           | 54          |
|    time_elapsed         | 144         |
|    total_timesteps      | 134144      |
| train/                  |             |
|    approx_kl            | 0.008265902 |
|    clip_fraction        | 0.149       |
|    clip_range           | 0.2         |
|    entropy_loss         | -2.7        |
|    explained_variance   | 0.0235      |
|    learning_rate        | 0.0003      |
|    loss                 | -0.0592     |
|    n_updates            | 5230        |
|    policy_gradient_loss | -0.0149     |
|    std                  | 0.936       |
|    value_loss           | 0.003       |
-----------------------------------------
-----------------------------------------
| rollout/                |             |
|    ep_len_mean          | 115         |
|    ep_rew_mean          | -0.0935     |
| time/                   |             |
|    fps                  | 96          |
|    iterations           | 55          |
|    time_elapsed         | 146         |
|    total_timesteps      | 134400      |
| train/                  |             |
|    approx_kl            | 0.006831702 |
|    clip_fraction        | 0.0773      |
|    clip_range           | 0.2         |
|    entropy_loss         | -2.7        |
|    explained_variance   | 0.00689     |
|    learning_rate        | 0.0003      |
|    loss                 | -0.0357     |
|    n_updates            | 5240        |
|    policy_gradient_loss | -0.00278    |
|    std                  | 0.936       |
|    value_loss           | 0.00951     |
-----------------------------------------
------------------------------------------
| rollout/                |              |
|    ep_len_mean          | 115          |
|    ep_rew_mean          | -0.0962      |
| time/                   |              |
|    fps                  | 96           |
|    iterations           | 56           |
|    time_elapsed         | 149          |
|    total_timesteps      | 134656       |
| train/                  |              |
|    approx_kl            | 0.0071331887 |
|    clip_fraction        | 0.0969       |
|    clip_range           | 0.2          |
|    entropy_loss         | -2.71        |
|    explained_variance   | 0.00555      |
|    learning_rate        | 0.0003       |
|    loss                 | -0.0227      |
|    n_updates            | 5250         |
|    policy_gradient_loss | -0.00866     |
|    std                  | 0.938        |
|    value_loss           | 0.00781      |
------------------------------------------
------------------------------------------
| rollout/                |              |
|    ep_len_mean          | 115          |
|    ep_rew_mean          | -0.099       |
| time/                   |              |
|    fps                  | 94           |
|    iterations           | 57           |
|    time_elapsed         | 153          |
|    total_timesteps      | 134912       |
| train/                  |              |
|    approx_kl            | 0.0051211547 |
|    clip_fraction        | 0.0184       |
|    clip_range           | 0.2          |
|    entropy_loss         | -2.71        |
|    explained_variance   | 0.00527      |
|    learning_rate        | 0.0003       |
|    loss                 | -0.0137      |
|    n_updates            | 5260         |
|    policy_gradient_loss | -0.000102    |
|    std                  | 0.944        |
|    value_loss           | 0.00356      |
------------------------------------------
-----------------------------------------
| rollout/                |             |
|    ep_len_mean          | 115         |
|    ep_rew_mean          | -0.104      |
| time/                   |             |
|    fps                  | 95          |
|    iterations           | 58          |
|    time_elapsed         | 156         |
|    total_timesteps      | 135168      |
| train/                  |             |
|    approx_kl            | 0.004361135 |
|    clip_fraction        | 0.0219      |
|    clip_range           | 0.2         |
|    entropy_loss         | -2.73       |
|    explained_variance   | 0.00479     |
|    learning_rate        | 0.0003      |
|    loss                 | -0.0417     |
|    n_updates            | 5270        |
|    policy_gradient_loss | -0.00316    |
|    std                  | 0.95        |
|    value_loss           | 0.0115      |
-----------------------------------------
------------------------------------------
| rollout/                |              |
|    ep_len_mean          | 115          |
|    ep_rew_mean          | -0.108       |
| time/                   |              |
|    fps                  | 93           |
|    iterations           | 59           |
|    time_elapsed         | 160          |
|    total_timesteps      | 135424       |
| train/                  |              |
|    approx_kl            | 0.0029248153 |
|    clip_fraction        | 0.0566       |
|    clip_range           | 0.2          |
|    entropy_loss         | -2.73        |
|    explained_variance   | -0.0113      |
|    learning_rate        | 0.0003       |
|    loss                 | -0.0294      |
|    n_updates            | 5280         |
|    policy_gradient_loss | -0.00433     |
|    std                  | 0.95         |
|    value_loss           | 0.00994      |
------------------------------------------
------------------------------------------
| rollout/                |              |
|    ep_len_mean          | 115          |
|    ep_rew_mean          | -0.106       |
| time/                   |              |
|    fps                  | 93           |
|    iterations           | 60           |
|    time_elapsed         | 163          |
|    total_timesteps      | 135680       |
| train/                  |              |
|    approx_kl            | 0.0064835255 |
|    clip_fraction        | 0.0359       |
|    clip_range           | 0.2          |
|    entropy_loss         | -2.73        |
|    explained_variance   | 0.00607      |
|    learning_rate        | 0.0003       |
|    loss                 | -0.0379      |
|    n_updates            | 5290         |
|    policy_gradient_loss | -0.00266     |
|    std                  | 0.947        |
|    value_loss           | 0.00826      |
------------------------------------------
-----------------------------------------
| rollout/                |             |
|    ep_len_mean          | 115         |
|    ep_rew_mean          | -0.0925     |
| time/                   |             |
|    fps                  | 94          |
|    iterations           | 61          |
|    time_elapsed         | 166         |
|    total_timesteps      | 135936      |
| train/                  |             |
|    approx_kl            | 0.005002347 |
|    clip_fraction        | 0.0195      |
|    clip_range           | 0.2         |
|    entropy_loss         | -2.72       |
|    explained_variance   | 0.00587     |
|    learning_rate        | 0.0003      |
|    loss                 | -0.0286     |
|    n_updates            | 5300        |
|    policy_gradient_loss | -0.00194    |
|    std                  | 0.945       |
|    value_loss           | 0.00164     |
-----------------------------------------
------------------------------------------
| rollout/                |              |
|    ep_len_mean          | 115          |
|    ep_rew_mean          | -0.0861      |
| time/                   |              |
|    fps                  | 93           |
|    iterations           | 62           |
|    time_elapsed         | 170          |
|    total_timesteps      | 136192       |
| train/                  |              |
|    approx_kl            | 0.0048522875 |
|    clip_fraction        | 0.0184       |
|    clip_range           | 0.2          |
|    entropy_loss         | -2.72        |
|    explained_variance   | -0.0017      |
|    learning_rate        | 0.0003       |
|    loss                 | -0.0126      |
|    n_updates            | 5310         |
|    policy_gradient_loss | -0.0036      |
|    std                  | 0.939        |
|    value_loss           | 0.00505      |
------------------------------------------
-----------------------------------------
| rollout/                |             |
|    ep_len_mean          | 115         |
|    ep_rew_mean          | -0.0812     |
| time/                   |             |
|    fps                  | 93          |
|    iterations           | 63          |
|    time_elapsed         | 173         |
|    total_timesteps      | 136448      |
| train/                  |             |
|    approx_kl            | 0.011964758 |
|    clip_fraction        | 0.19        |
|    clip_range           | 0.2         |
|    entropy_loss         | -2.71       |
|    explained_variance   | -0.0148     |
|    learning_rate        | 0.0003      |
|    loss                 | -0.0398     |
|    n_updates            | 5320        |
|    policy_gradient_loss | -0.0204     |
|    std                  | 0.938       |
|    value_loss           | 0.00677     |
-----------------------------------------
-----------------------------------------
| rollout/                |             |
|    ep_len_mean          | 115         |
|    ep_rew_mean          | -0.0654     |
| time/                   |             |
|    fps                  | 93          |
|    iterations           | 64          |
|    time_elapsed         | 175         |
|    total_timesteps      | 136704      |
| train/                  |             |
|    approx_kl            | 0.003911938 |
|    clip_fraction        | 0.0207      |
|    clip_range           | 0.2         |
|    entropy_loss         | -2.71       |
|    explained_variance   | 0.00934     |
|    learning_rate        | 0.0003      |
|    loss                 | -0.0222     |
|    n_updates            | 5330        |
|    policy_gradient_loss | -0.00192    |
|    std                  | 0.94        |
|    value_loss           | 0.00696     |
-----------------------------------------
-----------------------------------------
| rollout/                |             |
|    ep_len_mean          | 116         |
|    ep_rew_mean          | -0.278      |
| time/                   |             |
|    fps                  | 93          |
|    iterations           | 65          |
|    time_elapsed         | 178         |
|    total_timesteps      | 136960      |
| train/                  |             |
|    approx_kl            | 0.004453381 |
|    clip_fraction        | 0.132       |
|    clip_range           | 0.2         |
|    entropy_loss         | -2.71       |
|    explained_variance   | -0.00528    |
|    learning_rate        | 0.0003      |
|    loss                 | -0.0554     |
|    n_updates            | 5340        |
|    policy_gradient_loss | -0.0104     |
|    std                  | 0.94        |
|    value_loss           | 0.00699     |
-----------------------------------------
-----------------------------------------
| rollout/                |             |
|    ep_len_mean          | 116         |
|    ep_rew_mean          | -0.289      |
| time/                   |             |
|    fps                  | 93          |
|    iterations           | 66          |
|    time_elapsed         | 180         |
|    total_timesteps      | 137216      |
| train/                  |             |
|    approx_kl            | 0.006251578 |
|    clip_fraction        | 0.109       |
|    clip_range           | 0.2         |
|    entropy_loss         | -2.71       |
|    explained_variance   | -0.00125    |
|    learning_rate        | 0.0003      |
|    loss                 | -0.0294     |
|    n_updates            | 5350        |
|    policy_gradient_loss | -0.00762    |
|    std                  | 0.936       |
|    value_loss           | 0.00918     |
-----------------------------------------
------------------------------------------
| rollout/                |              |
|    ep_len_mean          | 115          |
|    ep_rew_mean          | -0.0647      |
| time/                   |              |
|    fps                  | 93           |
|    iterations           | 67           |
|    time_elapsed         | 183          |
|    total_timesteps      | 137472       |
| train/                  |              |
|    approx_kl            | 0.0035795057 |
|    clip_fraction        | 0.0379       |
|    clip_range           | 0.2          |
|    entropy_loss         | -2.71        |
|    explained_variance   | 0.00518      |
|    learning_rate        | 0.0003       |
|    loss                 | -0.0152      |
|    n_updates            | 5360         |
|    policy_gradient_loss | -0.00351     |
|    std                  | 0.942        |
|    value_loss           | 0.00546      |
------------------------------------------
-----------------------------------------
| rollout/                |             |
|    ep_len_mean          | 115         |
|    ep_rew_mean          | -0.0705     |
| time/                   |             |
|    fps                  | 93          |
|    iterations           | 68          |
|    time_elapsed         | 186         |
|    total_timesteps      | 137728      |
| train/                  |             |
|    approx_kl            | 0.006191455 |
|    clip_fraction        | 0.0156      |
|    clip_range           | 0.2         |
|    entropy_loss         | -2.72       |
|    explained_variance   | 9.62e-05    |
|    learning_rate        | 0.0003      |
|    loss                 | 3.35        |
|    n_updates            | 5370        |
|    policy_gradient_loss | -0.000674   |
|    std                  | 0.94        |
|    value_loss           | 1.69        |
-----------------------------------------
-----------------------------------------
| rollout/                |             |
|    ep_len_mean          | 115         |
|    ep_rew_mean          | -0.0772     |
| time/                   |             |
|    fps                  | 93          |
|    iterations           | 69          |
|    time_elapsed         | 189         |
|    total_timesteps      | 137984      |
| train/                  |             |
|    approx_kl            | 0.004374618 |
|    clip_fraction        | 0.034       |
|    clip_range           | 0.2         |
|    entropy_loss         | -2.71       |
|    explained_variance   | -0.00545    |
|    learning_rate        | 0.0003      |
|    loss                 | -0.036      |
|    n_updates            | 5380        |
|    policy_gradient_loss | -0.00386    |
|    std                  | 0.94        |
|    value_loss           | 0.0061      |
-----------------------------------------
-----------------------------------------
| rollout/                |             |
|    ep_len_mean          | 115         |
|    ep_rew_mean          | -0.0655     |
| time/                   |             |
|    fps                  | 93          |
|    iterations           | 70          |
|    time_elapsed         | 191         |
|    total_timesteps      | 138240      |
| train/                  |             |
|    approx_kl            | 0.005355567 |
|    clip_fraction        | 0.0469      |
|    clip_range           | 0.2         |
|    entropy_loss         | -2.71       |
|    explained_variance   | 0.00419     |
|    learning_rate        | 0.0003      |
|    loss                 | -0.0378     |
|    n_updates            | 5390        |
|    policy_gradient_loss | -0.00445    |
|    std                  | 0.941       |
|    value_loss           | 0.0059      |
-----------------------------------------
-----------------------------------------
| rollout/                |             |
|    ep_len_mean          | 114         |
|    ep_rew_mean          | 0.154       |
| time/                   |             |
|    fps                  | 93          |
|    iterations           | 71          |
|    time_elapsed         | 194         |
|    total_timesteps      | 138496      |
| train/                  |             |
|    approx_kl            | 0.005096633 |
|    clip_fraction        | 0.0332      |
|    clip_range           | 0.2         |
|    entropy_loss         | -2.72       |
|    explained_variance   | -0.00522    |
|    learning_rate        | 0.0003      |
|    loss                 | -0.0398     |
|    n_updates            | 5400        |
|    policy_gradient_loss | -0.00175    |
|    std                  | 0.943       |
|    value_loss           | 0.00443     |
-----------------------------------------
------------------------------------------
| rollout/                |              |
|    ep_len_mean          | 114          |
|    ep_rew_mean          | 0.149        |
| time/                   |              |
|    fps                  | 93           |
|    iterations           | 72           |
|    time_elapsed         | 197          |
|    total_timesteps      | 138752       |
| train/                  |              |
|    approx_kl            | 0.0012499017 |
|    clip_fraction        | 0.0109       |
|    clip_range           | 0.2          |
|    entropy_loss         | -2.72        |
|    explained_variance   | 7.05e-05     |
|    learning_rate        | 0.0003       |
|    loss                 | -0.0204      |
|    n_updates            | 5410         |
|    policy_gradient_loss | -7.92e-05    |
|    std                  | 0.943        |
|    value_loss           | 1.7          |
------------------------------------------
-----------------------------------------
| rollout/                |             |
|    ep_len_mean          | 114         |
|    ep_rew_mean          | 0.144       |
| time/                   |             |
|    fps                  | 93          |
|    iterations           | 73          |
|    time_elapsed         | 199         |
|    total_timesteps      | 139008      |
| train/                  |             |
|    approx_kl            | 0.006879349 |
|    clip_fraction        | 0.0215      |
|    clip_range           | 0.2         |
|    entropy_loss         | -2.72       |
|    explained_variance   | -0.0126     |
|    learning_rate        | 0.0003      |
|    loss                 | -0.00969    |
|    n_updates            | 5420        |
|    policy_gradient_loss | -0.00305    |
|    std                  | 0.939       |
|    value_loss           | 0.00691     |
-----------------------------------------
-----------------------------------------
| rollout/                |             |
|    ep_len_mean          | 114         |
|    ep_rew_mean          | 0.142       |
| time/                   |             |
|    fps                  | 93          |
|    iterations           | 74          |
|    time_elapsed         | 202         |
|    total_timesteps      | 139264      |
| train/                  |             |
|    approx_kl            | 0.005956387 |
|    clip_fraction        | 0.0363      |
|    clip_range           | 0.2         |
|    entropy_loss         | -2.71       |
|    explained_variance   | -0.000699   |
|    learning_rate        | 0.0003      |
|    loss                 | -0.0304     |
|    n_updates            | 5430        |
|    policy_gradient_loss | -0.00343    |
|    std                  | 0.94        |
|    value_loss           | 0.00575     |
-----------------------------------------
----------------------------------------
| rollout/                |            |
|    ep_len_mean          | 114        |
|    ep_rew_mean          | 0.125      |
| time/                   |            |
|    fps                  | 93         |
|    iterations           | 75         |
|    time_elapsed         | 205        |
|    total_timesteps      | 139520     |
| train/                  |            |
|    approx_kl            | 0.00388863 |
|    clip_fraction        | 0.0223     |
|    clip_range           | 0.2        |
|    entropy_loss         | -2.72      |
|    explained_variance   | -0.000639  |
|    learning_rate        | 0.0003     |
|    loss                 | -0.0318    |
|    n_updates            | 5440       |
|    policy_gradient_loss | -0.00184   |
|    std                  | 0.941      |
|    value_loss           | 0.00474    |
----------------------------------------
------------------------------------------
| rollout/                |              |
|    ep_len_mean          | 114          |
|    ep_rew_mean          | 0.115        |
| time/                   |              |
|    fps                  | 93           |
|    iterations           | 76           |
|    time_elapsed         | 207          |
|    total_timesteps      | 139776       |
| train/                  |              |
|    approx_kl            | 0.0075647617 |
|    clip_fraction        | 0.113        |
|    clip_range           | 0.2          |
|    entropy_loss         | -2.72        |
|    explained_variance   | 0.000994     |
|    learning_rate        | 0.0003       |
|    loss                 | -0.0287      |
|    n_updates            | 5450         |
|    policy_gradient_loss | -0.0101      |
|    std                  | 0.943        |
|    value_loss           | 0.00551      |
------------------------------------------
------------------------------------------
| rollout/                |              |
|    ep_len_mean          | 114          |
|    ep_rew_mean          | 0.118        |
| time/                   |              |
|    fps                  | 93           |
|    iterations           | 77           |
|    time_elapsed         | 210          |
|    total_timesteps      | 140032       |
| train/                  |              |
|    approx_kl            | 0.0049049226 |
|    clip_fraction        | 0.0641       |
|    clip_range           | 0.2          |
|    entropy_loss         | -2.72        |
|    explained_variance   | -0.000709    |
|    learning_rate        | 0.0003       |
|    loss                 | -0.0121      |
|    n_updates            | 5460         |
|    policy_gradient_loss | -0.00503     |
|    std                  | 0.939        |
|    value_loss           | 0.00486      |
------------------------------------------
-----------------------------------------
| rollout/                |             |
|    ep_len_mean          | 114         |
|    ep_rew_mean          | 0.125       |
| time/                   |             |
|    fps                  | 93          |
|    iterations           | 78          |
|    time_elapsed         | 213         |
|    total_timesteps      | 140288      |
| train/                  |             |
|    approx_kl            | 0.003578117 |
|    clip_fraction        | 0.041       |
|    clip_range           | 0.2         |
|    entropy_loss         | -2.71       |
|    explained_variance   | -0.00873    |
|    learning_rate        | 0.0003      |
|    loss                 | -0.0438     |
|    n_updates            | 5470        |
|    policy_gradient_loss | -0.00436    |
|    std                  | 0.938       |
|    value_loss           | 0.00559     |
-----------------------------------------
-----------------------------------------
| rollout/                |             |
|    ep_len_mean          | 113         |
|    ep_rew_mean          | 0.334       |
| time/                   |             |
|    fps                  | 93          |
|    iterations           | 79          |
|    time_elapsed         | 215         |
|    total_timesteps      | 140544      |
| train/                  |             |
|    approx_kl            | 0.009092744 |
|    clip_fraction        | 0.126       |
|    clip_range           | 0.2         |
|    entropy_loss         | -2.71       |
|    explained_variance   | 0.00885     |
|    learning_rate        | 0.0003      |
|    loss                 | -0.0186     |
|    n_updates            | 5480        |
|    policy_gradient_loss | -0.0118     |
|    std                  | 0.941       |
|    value_loss           | 0.00538     |
-----------------------------------------
------------------------------------------
| rollout/                |              |
|    ep_len_mean          | 113          |
|    ep_rew_mean          | 0.328        |
| time/                   |              |
|    fps                  | 93           |
|    iterations           | 80           |
|    time_elapsed         | 218          |
|    total_timesteps      | 140800       |
| train/                  |              |
|    approx_kl            | 0.0050784764 |
|    clip_fraction        | 0.0238       |
|    clip_range           | 0.2          |
|    entropy_loss         | -2.72        |
|    explained_variance   | 1.11e-05     |
|    learning_rate        | 0.0003       |
|    loss                 | -0.0291      |
|    n_updates            | 5490         |
|    policy_gradient_loss | -0.000249    |
|    std                  | 0.939        |
|    value_loss           | 1.72         |
------------------------------------------
------------------------------------------
| rollout/                |              |
|    ep_len_mean          | 113          |
|    ep_rew_mean          | 0.341        |
| time/                   |              |
|    fps                  | 93           |
|    iterations           | 81           |
|    time_elapsed         | 221          |
|    total_timesteps      | 141056       |
| train/                  |              |
|    approx_kl            | 0.0032506592 |
|    clip_fraction        | 0.0187       |
|    clip_range           | 0.2          |
|    entropy_loss         | -2.71        |
|    explained_variance   | -0.000343    |
|    learning_rate        | 0.0003       |
|    loss                 | -0.0229      |
|    n_updates            | 5500         |
|    policy_gradient_loss | -0.00269     |
|    std                  | 0.936        |
|    value_loss           | 0.00477      |
------------------------------------------
------------------------------------------
| rollout/                |              |
|    ep_len_mean          | 113          |
|    ep_rew_mean          | 0.337        |
| time/                   |              |
|    fps                  | 93           |
|    iterations           | 82           |
|    time_elapsed         | 224          |
|    total_timesteps      | 141312       |
| train/                  |              |
|    approx_kl            | 0.0018514318 |
|    clip_fraction        | 0.000781     |
|    clip_range           | 0.2          |
|    entropy_loss         | -2.7         |
|    explained_variance   | -0.00686     |
|    learning_rate        | 0.0003       |
|    loss                 | -0.0283      |
|    n_updates            | 5510         |
|    policy_gradient_loss | -0.000359    |
|    std                  | 0.931        |
|    value_loss           | 0.00397      |
------------------------------------------
-----------------------------------------
| rollout/                |             |
|    ep_len_mean          | 113         |
|    ep_rew_mean          | 0.336       |
| time/                   |             |
|    fps                  | 93          |
|    iterations           | 83          |
|    time_elapsed         | 226         |
|    total_timesteps      | 141568      |
| train/                  |             |
|    approx_kl            | 0.006558528 |
|    clip_fraction        | 0.0312      |
|    clip_range           | 0.2         |
|    entropy_loss         | -2.69       |
|    explained_variance   | 0.00505     |
|    learning_rate        | 0.0003      |
|    loss                 | -0.0138     |
|    n_updates            | 5520        |
|    policy_gradient_loss | -0.00222    |
|    std                  | 0.931       |
|    value_loss           | 0.00435     |
-----------------------------------------
------------------------------------------
| rollout/                |              |
|    ep_len_mean          | 113          |
|    ep_rew_mean          | 0.329        |
| time/                   |              |
|    fps                  | 93           |
|    iterations           | 84           |
|    time_elapsed         | 229          |
|    total_timesteps      | 141824       |
| train/                  |              |
|    approx_kl            | 0.0021835547 |
|    clip_fraction        | 0            |
|    clip_range           | 0.2          |
|    entropy_loss         | -2.7         |
|    explained_variance   | -0.000426    |
|    learning_rate        | 0.0003       |
|    loss                 | -0.0297      |
|    n_updates            | 5530         |
|    policy_gradient_loss | -0.000222    |
|    std                  | 0.932        |
|    value_loss           | 0.00401      |
------------------------------------------
------------------------------------------
| rollout/                |              |
|    ep_len_mean          | 113          |
|    ep_rew_mean          | 0.333        |
| time/                   |              |
|    fps                  | 93           |
|    iterations           | 85           |
|    time_elapsed         | 231          |
|    total_timesteps      | 142080       |
| train/                  |              |
|    approx_kl            | 0.0057710633 |
|    clip_fraction        | 0.0488       |
|    clip_range           | 0.2          |
|    entropy_loss         | -2.69        |
|    explained_variance   | -0.000601    |
|    learning_rate        | 0.0003       |
|    loss                 | -0.0364      |
|    n_updates            | 5540         |
|    policy_gradient_loss | -0.0056      |
|    std                  | 0.93         |
|    value_loss           | 0.00376      |
------------------------------------------
------------------------------------------
| rollout/                |              |
|    ep_len_mean          | 113          |
|    ep_rew_mean          | 0.329        |
| time/                   |              |
|    fps                  | 93           |
|    iterations           | 86           |
|    time_elapsed         | 234          |
|    total_timesteps      | 142336       |
| train/                  |              |
|    approx_kl            | 0.0036102785 |
|    clip_fraction        | 0.0379       |
|    clip_range           | 0.2          |
|    entropy_loss         | -2.69        |
|    explained_variance   | 0.0117       |
|    learning_rate        | 0.0003       |
|    loss                 | -0.0313      |
|    n_updates            | 5550         |
|    policy_gradient_loss | -0.00276     |
|    std                  | 0.929        |
|    value_loss           | 0.0033       |
------------------------------------------
------------------------------------------
| rollout/                |              |
|    ep_len_mean          | 114          |
|    ep_rew_mean          | 0.105        |
| time/                   |              |
|    fps                  | 93           |
|    iterations           | 87           |
|    time_elapsed         | 236          |
|    total_timesteps      | 142592       |
| train/                  |              |
|    approx_kl            | 0.0057980577 |
|    clip_fraction        | 0.0441       |
|    clip_range           | 0.2          |
|    entropy_loss         | -2.69        |
|    explained_variance   | -0.000325    |
|    learning_rate        | 0.0003       |
|    loss                 | -0.0248      |
|    n_updates            | 5560         |
|    policy_gradient_loss | -0.00366     |
|    std                  | 0.924        |
|    value_loss           | 0.00466      |
------------------------------------------
------------------------------------------
| rollout/                |              |
|    ep_len_mean          | 114          |
|    ep_rew_mean          | 0.0912       |
| time/                   |              |
|    fps                  | 94           |
|    iterations           | 88           |
|    time_elapsed         | 239          |
|    total_timesteps      | 142848       |
| train/                  |              |
|    approx_kl            | 0.0026749133 |
|    clip_fraction        | 0.0242       |
|    clip_range           | 0.2          |
|    entropy_loss         | -2.68        |
|    explained_variance   | -0.0144      |
|    learning_rate        | 0.0003       |
|    loss                 | -0.0426      |
|    n_updates            | 5570         |
|    policy_gradient_loss | -0.00177     |
|    std                  | 0.924        |
|    value_loss           | 0.00438      |
------------------------------------------
-----------------------------------------
| rollout/                |             |
|    ep_len_mean          | 115         |
|    ep_rew_mean          | -0.112      |
| time/                   |             |
|    fps                  | 93          |
|    iterations           | 89          |
|    time_elapsed         | 242         |
|    total_timesteps      | 143104      |
| train/                  |             |
|    approx_kl            | 0.007346451 |
|    clip_fraction        | 0.0984      |
|    clip_range           | 0.2         |
|    entropy_loss         | -2.68       |
|    explained_variance   | 0.00909     |
|    learning_rate        | 0.0003      |
|    loss                 | -0.0531     |
|    n_updates            | 5580        |
|    policy_gradient_loss | -0.00594    |
|    std                  | 0.924       |
|    value_loss           | 0.00409     |
-----------------------------------------
-----------------------------------------
| rollout/                |             |
|    ep_len_mean          | 114         |
|    ep_rew_mean          | 0.0823      |
| time/                   |             |
|    fps                  | 94          |
|    iterations           | 90          |
|    time_elapsed         | 245         |
|    total_timesteps      | 143360      |
| train/                  |             |
|    approx_kl            | 0.005249575 |
|    clip_fraction        | 0.00664     |
|    clip_range           | 0.2         |
|    entropy_loss         | -2.67       |
|    explained_variance   | -5.28e-05   |
|    learning_rate        | 0.0003      |
|    loss                 | -0.00745    |
|    n_updates            | 5590        |
|    policy_gradient_loss | -0.00063    |
|    std                  | 0.918       |
|    value_loss           | 0.00421     |
-----------------------------------------
-----------------------------------------
| rollout/                |             |
|    ep_len_mean          | 114         |
|    ep_rew_mean          | 0.0865      |
| time/                   |             |
|    fps                  | 94          |
|    iterations           | 91          |
|    time_elapsed         | 247         |
|    total_timesteps      | 143616      |
| train/                  |             |
|    approx_kl            | 0.011179777 |
|    clip_fraction        | 0.0383      |
|    clip_range           | 0.2         |
|    entropy_loss         | -2.66       |
|    explained_variance   | -6e-05      |
|    learning_rate        | 0.0003      |
|    loss                 | 3.46        |
|    n_updates            | 5600        |
|    policy_gradient_loss | -0.0052     |
|    std                  | 0.916       |
|    value_loss           | 13.8        |
-----------------------------------------
-----------------------------------------
| rollout/                |             |
|    ep_len_mean          | 114         |
|    ep_rew_mean          | 0.0783      |
| time/                   |             |
|    fps                  | 94          |
|    iterations           | 92          |
|    time_elapsed         | 250         |
|    total_timesteps      | 143872      |
| train/                  |             |
|    approx_kl            | 0.003824912 |
|    clip_fraction        | 0.016       |
|    clip_range           | 0.2         |
|    entropy_loss         | -2.66       |
|    explained_variance   | -0.00296    |
|    learning_rate        | 0.0003      |
|    loss                 | -0.0468     |
|    n_updates            | 5610        |
|    policy_gradient_loss | -0.00211    |
|    std                  | 0.918       |
|    value_loss           | 0.0144      |
-----------------------------------------
-----------------------------------------
| rollout/                |             |
|    ep_len_mean          | 114         |
|    ep_rew_mean          | 0.0834      |
| time/                   |             |
|    fps                  | 94          |
|    iterations           | 93          |
|    time_elapsed         | 253         |
|    total_timesteps      | 144128      |
| train/                  |             |
|    approx_kl            | 0.004547137 |
|    clip_fraction        | 0.0363      |
|    clip_range           | 0.2         |
|    entropy_loss         | -2.67       |
|    explained_variance   | 0.000193    |
|    learning_rate        | 0.0003      |
|    loss                 | -0.0287     |
|    n_updates            | 5620        |
|    policy_gradient_loss | -0.00515    |
|    std                  | 0.922       |
|    value_loss           | 0.0112      |
-----------------------------------------
-----------------------------------------
| rollout/                |             |
|    ep_len_mean          | 115         |
|    ep_rew_mean          | -0.136      |
| time/                   |             |
|    fps                  | 94          |
|    iterations           | 94          |
|    time_elapsed         | 255         |
|    total_timesteps      | 144384      |
| train/                  |             |
|    approx_kl            | 0.004740685 |
|    clip_fraction        | 0.0387      |
|    clip_range           | 0.2         |
|    entropy_loss         | -2.68       |
|    explained_variance   | -0.000475   |
|    learning_rate        | 0.0003      |
|    loss                 | -0.0218     |
|    n_updates            | 5630        |
|    policy_gradient_loss | -0.00342    |
|    std                  | 0.923       |
|    value_loss           | 0.00983     |
-----------------------------------------
------------------------------------------
| rollout/                |              |
|    ep_len_mean          | 115          |
|    ep_rew_mean          | -0.133       |
| time/                   |              |
|    fps                  | 94           |
|    iterations           | 95           |
|    time_elapsed         | 258          |
|    total_timesteps      | 144640       |
| train/                  |              |
|    approx_kl            | 0.0050736433 |
|    clip_fraction        | 0.0234       |
|    clip_range           | 0.2          |
|    entropy_loss         | -2.68        |
|    explained_variance   | 0.000144     |
|    learning_rate        | 0.0003       |
|    loss                 | -0.0372      |
|    n_updates            | 5640         |
|    policy_gradient_loss | -0.000939    |
|    std                  | 0.927        |
|    value_loss           | 0.00864      |
------------------------------------------
------------------------------------------
| rollout/                |              |
|    ep_len_mean          | 116          |
|    ep_rew_mean          | -0.338       |
| time/                   |              |
|    fps                  | 93           |
|    iterations           | 96           |
|    time_elapsed         | 262          |
|    total_timesteps      | 144896       |
| train/                  |              |
|    approx_kl            | 0.0044250544 |
|    clip_fraction        | 0.043        |
|    clip_range           | 0.2          |
|    entropy_loss         | -2.69        |
|    explained_variance   | 0.000555     |
|    learning_rate        | 0.0003       |
|    loss                 | -0.0132      |
|    n_updates            | 5650         |
|    policy_gradient_loss | -0.00491     |
|    std                  | 0.926        |
|    value_loss           | 0.00602      |
------------------------------------------
----------------------------------------
| rollout/                |            |
|    ep_len_mean          | 116        |
|    ep_rew_mean          | -0.337     |
| time/                   |            |
|    fps                  | 93         |
|    iterations           | 97         |
|    time_elapsed         | 265        |
|    total_timesteps      | 145152     |
| train/                  |            |
|    approx_kl            | 0.00622138 |
|    clip_fraction        | 0.123      |
|    clip_range           | 0.2        |
|    entropy_loss         | -2.68      |
|    explained_variance   | -0.00209   |
|    learning_rate        | 0.0003     |
|    loss                 | -0.0328    |
|    n_updates            | 5660       |
|    policy_gradient_loss | -0.00888   |
|    std                  | 0.923      |
|    value_loss           | 0.00646    |
----------------------------------------
-----------------------------------------
| rollout/                |             |
|    ep_len_mean          | 116         |
|    ep_rew_mean          | -0.342      |
| time/                   |             |
|    fps                  | 93          |
|    iterations           | 98          |
|    time_elapsed         | 268         |
|    total_timesteps      | 145408      |
| train/                  |             |
|    approx_kl            | 0.006660388 |
|    clip_fraction        | 0.0707      |
|    clip_range           | 0.2         |
|    entropy_loss         | -2.68       |
|    explained_variance   | 0.00238     |
|    learning_rate        | 0.0003      |
|    loss                 | -0.0215     |
|    n_updates            | 5670        |
|    policy_gradient_loss | -0.00704    |
|    std                  | 0.925       |
|    value_loss           | 0.00609     |
-----------------------------------------
------------------------------------------
| rollout/                |              |
|    ep_len_mean          | 116          |
|    ep_rew_mean          | -0.347       |
| time/                   |              |
|    fps                  | 93           |
|    iterations           | 99           |
|    time_elapsed         | 270          |
|    total_timesteps      | 145664       |
| train/                  |              |
|    approx_kl            | 0.0064660106 |
|    clip_fraction        | 0.0539       |
|    clip_range           | 0.2          |
|    entropy_loss         | -2.68        |
|    explained_variance   | -0.00159     |
|    learning_rate        | 0.0003       |
|    loss                 | -0.0191      |
|    n_updates            | 5680         |
|    policy_gradient_loss | -0.0046      |
|    std                  | 0.924        |
|    value_loss           | 0.00521      |
------------------------------------------
------------------------------------------
| rollout/                |              |
|    ep_len_mean          | 116          |
|    ep_rew_mean          | -0.354       |
| time/                   |              |
|    fps                  | 93           |
|    iterations           | 100          |
|    time_elapsed         | 273          |
|    total_timesteps      | 145920       |
| train/                  |              |
|    approx_kl            | 0.0033259953 |
|    clip_fraction        | 0.0563       |
|    clip_range           | 0.2          |
|    entropy_loss         | -2.68        |
|    explained_variance   | -0.00382     |
|    learning_rate        | 0.0003       |
|    loss                 | -0.0347      |
|    n_updates            | 5690         |
|    policy_gradient_loss | -0.00501     |
|    std                  | 0.927        |
|    value_loss           | 0.00509      |
------------------------------------------
------------------------------------------
| rollout/                |              |
|    ep_len_mean          | 116          |
|    ep_rew_mean          | -0.359       |
| time/                   |              |
|    fps                  | 93           |
|    iterations           | 101          |
|    time_elapsed         | 276          |
|    total_timesteps      | 146176       |
| train/                  |              |
|    approx_kl            | 0.0036425984 |
|    clip_fraction        | 0.0285       |
|    clip_range           | 0.2          |
|    entropy_loss         | -2.69        |
|    explained_variance   | 0.00048      |
|    learning_rate        | 0.0003       |
|    loss                 | -0.0192      |
|    n_updates            | 5700         |
|    policy_gradient_loss | -0.00259     |
|    std                  | 0.931        |
|    value_loss           | 0.00577      |
------------------------------------------
------------------------------------------
| rollout/                |              |
|    ep_len_mean          | 116          |
|    ep_rew_mean          | -0.356       |
| time/                   |              |
|    fps                  | 93           |
|    iterations           | 102          |
|    time_elapsed         | 278          |
|    total_timesteps      | 146432       |
| train/                  |              |
|    approx_kl            | 0.0050573917 |
|    clip_fraction        | 0.0633       |
|    clip_range           | 0.2          |
|    entropy_loss         | -2.7         |
|    explained_variance   | 0.000136     |
|    learning_rate        | 0.0003       |
|    loss                 | -0.0349      |
|    n_updates            | 5710         |
|    policy_gradient_loss | -0.00485     |
|    std                  | 0.931        |
|    value_loss           | 0.00522      |
------------------------------------------
-----------------------------------------
| rollout/                |             |
|    ep_len_mean          | 116         |
|    ep_rew_mean          | -0.349      |
| time/                   |             |
|    fps                  | 93          |
|    iterations           | 103         |
|    time_elapsed         | 283         |
|    total_timesteps      | 146688      |
| train/                  |             |
|    approx_kl            | 0.006162825 |
|    clip_fraction        | 0.0648      |
|    clip_range           | 0.2         |
|    entropy_loss         | -2.69       |
|    explained_variance   | -0.00107    |
|    learning_rate        | 0.0003      |
|    loss                 | -0.067      |
|    n_updates            | 5720        |
|    policy_gradient_loss | -0.00798    |
|    std                  | 0.93        |
|    value_loss           | 0.00539     |
-----------------------------------------
-----------------------------------------
| rollout/                |             |
|    ep_len_mean          | 116         |
|    ep_rew_mean          | -0.336      |
| time/                   |             |
|    fps                  | 93          |
|    iterations           | 104         |
|    time_elapsed         | 286         |
|    total_timesteps      | 146944      |
| train/                  |             |
|    approx_kl            | 0.005821774 |
|    clip_fraction        | 0.0559      |
|    clip_range           | 0.2         |
|    entropy_loss         | -2.7        |
|    explained_variance   | 3.7e-05     |
|    learning_rate        | 0.0003      |
|    loss                 | -0.0255     |
|    n_updates            | 5730        |
|    policy_gradient_loss | -0.0042     |
|    std                  | 0.934       |
|    value_loss           | 0.00426     |
-----------------------------------------
-----------------------------------------
| rollout/                |             |
|    ep_len_mean          | 116         |
|    ep_rew_mean          | -0.339      |
| time/                   |             |
|    fps                  | 93          |
|    iterations           | 105         |
|    time_elapsed         | 288         |
|    total_timesteps      | 147200      |
| train/                  |             |
|    approx_kl            | 0.008298708 |
|    clip_fraction        | 0.0871      |
|    clip_range           | 0.2         |
|    entropy_loss         | -2.7        |
|    explained_variance   | 0.00099     |
|    learning_rate        | 0.0003      |
|    loss                 | -0.0267     |
|    n_updates            | 5740        |
|    policy_gradient_loss | -0.00791    |
|    std                  | 0.934       |
|    value_loss           | 0.00576     |
-----------------------------------------
------------------------------------------
| rollout/                |              |
|    ep_len_mean          | 116          |
|    ep_rew_mean          | -0.353       |
| time/                   |              |
|    fps                  | 93           |
|    iterations           | 106          |
|    time_elapsed         | 291          |
|    total_timesteps      | 147456       |
| train/                  |              |
|    approx_kl            | 0.0071631316 |
|    clip_fraction        | 0.111        |
|    clip_range           | 0.2          |
|    entropy_loss         | -2.7         |
|    explained_variance   | -0.00114     |
|    learning_rate        | 0.0003       |
|    loss                 | -0.0316      |
|    n_updates            | 5750         |
|    policy_gradient_loss | -0.0113      |
|    std                  | 0.934        |
|    value_loss           | 0.00765      |
------------------------------------------
-----------------------------------------
| rollout/                |             |
|    ep_len_mean          | 116         |
|    ep_rew_mean          | -0.353      |
| time/                   |             |
|    fps                  | 93          |
|    iterations           | 107         |
|    time_elapsed         | 293         |
|    total_timesteps      | 147712      |
| train/                  |             |
|    approx_kl            | 0.005107731 |
|    clip_fraction        | 0.0531      |
|    clip_range           | 0.2         |
|    entropy_loss         | -2.7        |
|    explained_variance   | -0.000665   |
|    learning_rate        | 0.0003      |
|    loss                 | -0.0412     |
|    n_updates            | 5760        |
|    policy_gradient_loss | -0.00392    |
|    std                  | 0.935       |
|    value_loss           | 0.0063      |
-----------------------------------------
------------------------------------------
| rollout/                |              |
|    ep_len_mean          | 116          |
|    ep_rew_mean          | -0.359       |
| time/                   |              |
|    fps                  | 93           |
|    iterations           | 108          |
|    time_elapsed         | 296          |
|    total_timesteps      | 147968       |
| train/                  |              |
|    approx_kl            | 0.0036509072 |
|    clip_fraction        | 0.0453       |
|    clip_range           | 0.2          |
|    entropy_loss         | -2.71        |
|    explained_variance   | 0.000385     |
|    learning_rate        | 0.0003       |
|    loss                 | -0.0346      |
|    n_updates            | 5770         |
|    policy_gradient_loss | -0.00458     |
|    std                  | 0.936        |
|    value_loss           | 0.00367      |
------------------------------------------
------------------------------------------
| rollout/                |              |
|    ep_len_mean          | 116          |
|    ep_rew_mean          | -0.369       |
| time/                   |              |
|    fps                  | 93           |
|    iterations           | 109          |
|    time_elapsed         | 299          |
|    total_timesteps      | 148224       |
| train/                  |              |
|    approx_kl            | 0.0054020956 |
|    clip_fraction        | 0.05         |
|    clip_range           | 0.2          |
|    entropy_loss         | -2.7         |
|    explained_variance   | -0.00196     |
|    learning_rate        | 0.0003       |
|    loss                 | -0.015       |
|    n_updates            | 5780         |
|    policy_gradient_loss | -0.00365     |
|    std                  | 0.934        |
|    value_loss           | 0.00647      |
------------------------------------------
------------------------------------------
| rollout/                |              |
|    ep_len_mean          | 116          |
|    ep_rew_mean          | -0.362       |
| time/                   |              |
|    fps                  | 93           |
|    iterations           | 110          |
|    time_elapsed         | 301          |
|    total_timesteps      | 148480       |
| train/                  |              |
|    approx_kl            | 0.0027343398 |
|    clip_fraction        | 0.0414       |
|    clip_range           | 0.2          |
|    entropy_loss         | -2.7         |
|    explained_variance   | -0.000172    |
|    learning_rate        | 0.0003       |
|    loss                 | -0.0206      |
|    n_updates            | 5790         |
|    policy_gradient_loss | -0.00231     |
|    std                  | 0.937        |
|    value_loss           | 0.00618      |
------------------------------------------
-----------------------------------------
| rollout/                |             |
|    ep_len_mean          | 116         |
|    ep_rew_mean          | -0.374      |
| time/                   |             |
|    fps                  | 93          |
|    iterations           | 111         |
|    time_elapsed         | 304         |
|    total_timesteps      | 148736      |
| train/                  |             |
|    approx_kl            | 0.008485471 |
|    clip_fraction        | 0.104       |
|    clip_range           | 0.2         |
|    entropy_loss         | -2.71       |
|    explained_variance   | -7.4e-05    |
|    learning_rate        | 0.0003      |
|    loss                 | -0.0193     |
|    n_updates            | 5800        |
|    policy_gradient_loss | -0.00632    |
|    std                  | 0.937       |
|    value_loss           | 0.00291     |
-----------------------------------------
------------------------------------------
| rollout/                |              |
|    ep_len_mean          | 116          |
|    ep_rew_mean          | -0.364       |
| time/                   |              |
|    fps                  | 93           |
|    iterations           | 112          |
|    time_elapsed         | 307          |
|    total_timesteps      | 148992       |
| train/                  |              |
|    approx_kl            | 0.0044970955 |
|    clip_fraction        | 0.0359       |
|    clip_range           | 0.2          |
|    entropy_loss         | -2.71        |
|    explained_variance   | 0.000706     |
|    learning_rate        | 0.0003       |
|    loss                 | -0.0273      |
|    n_updates            | 5810         |
|    policy_gradient_loss | -0.0027      |
|    std                  | 0.938        |
|    value_loss           | 0.00705      |
------------------------------------------
------------------------------------------
| rollout/                |              |
|    ep_len_mean          | 117          |
|    ep_rew_mean          | -0.593       |
| time/                   |              |
|    fps                  | 93           |
|    iterations           | 113          |
|    time_elapsed         | 309          |
|    total_timesteps      | 149248       |
| train/                  |              |
|    approx_kl            | 0.0022916202 |
|    clip_fraction        | 0.0172       |
|    clip_range           | 0.2          |
|    entropy_loss         | -2.71        |
|    explained_variance   | 0.0015       |
|    learning_rate        | 0.0003       |
|    loss                 | -0.0239      |
|    n_updates            | 5820         |
|    policy_gradient_loss | -0.00149     |
|    std                  | 0.942        |
|    value_loss           | 0.00549      |
------------------------------------------
-----------------------------------------
| rollout/                |             |
|    ep_len_mean          | 117         |
|    ep_rew_mean          | -0.585      |
| time/                   |             |
|    fps                  | 93          |
|    iterations           | 114         |
|    time_elapsed         | 312         |
|    total_timesteps      | 149504      |
| train/                  |             |
|    approx_kl            | 0.005279269 |
|    clip_fraction        | 0.0363      |
|    clip_range           | 0.2         |
|    entropy_loss         | -2.72       |
|    explained_variance   | 0.000295    |
|    learning_rate        | 0.0003      |
|    loss                 | -0.0212     |
|    n_updates            | 5830        |
|    policy_gradient_loss | -0.00318    |
|    std                  | 0.948       |
|    value_loss           | 0.00371     |
-----------------------------------------
------------------------------------------
| rollout/                |              |
|    ep_len_mean          | 117          |
|    ep_rew_mean          | -0.596       |
| time/                   |              |
|    fps                  | 93           |
|    iterations           | 115          |
|    time_elapsed         | 314          |
|    total_timesteps      | 149760       |
| train/                  |              |
|    approx_kl            | 0.0030308831 |
|    clip_fraction        | 0.0418       |
|    clip_range           | 0.2          |
|    entropy_loss         | -2.73        |
|    explained_variance   | -0.00393     |
|    learning_rate        | 0.0003       |
|    loss                 | -0.0299      |
|    n_updates            | 5840         |
|    policy_gradient_loss | -0.00264     |
|    std                  | 0.951        |
|    value_loss           | 0.00862      |
------------------------------------------
------------------------------------------
| rollout/                |              |
|    ep_len_mean          | 117          |
|    ep_rew_mean          | -0.583       |
| time/                   |              |
|    fps                  | 93           |
|    iterations           | 116          |
|    time_elapsed         | 317          |
|    total_timesteps      | 150016       |
| train/                  |              |
|    approx_kl            | 0.0041178735 |
|    clip_fraction        | 0.0684       |
|    clip_range           | 0.2          |
|    entropy_loss         | -2.74        |
|    explained_variance   | -0.000866    |
|    learning_rate        | 0.0003       |
|    loss                 | -0.0298      |
|    n_updates            | 5850         |
|    policy_gradient_loss | -0.00815     |
|    std                  | 0.948        |
|    value_loss           | 0.00843      |
------------------------------------------
-----------------------------------------
| rollout/                |             |
|    ep_len_mean          | 118         |
|    ep_rew_mean          | -0.804      |
| time/                   |             |
|    fps                  | 93          |
|    iterations           | 117         |
|    time_elapsed         | 320         |
|    total_timesteps      | 150272      |
| train/                  |             |
|    approx_kl            | 0.003937244 |
|    clip_fraction        | 0.0328      |
|    clip_range           | 0.2         |
|    entropy_loss         | -2.73       |
|    explained_variance   | 0.000361    |
|    learning_rate        | 0.0003      |
|    loss                 | -0.0278     |
|    n_updates            | 5860        |
|    policy_gradient_loss | -0.00411    |
|    std                  | 0.943       |
|    value_loss           | 0.00512     |
-----------------------------------------
-----------------------------------------
| rollout/                |             |
|    ep_len_mean          | 118         |
|    ep_rew_mean          | -0.816      |
| time/                   |             |
|    fps                  | 93          |
|    iterations           | 118         |
|    time_elapsed         | 322         |
|    total_timesteps      | 150528      |
| train/                  |             |
|    approx_kl            | 0.005382966 |
|    clip_fraction        | 0.0461      |
|    clip_range           | 0.2         |
|    entropy_loss         | -2.72       |
|    explained_variance   | 0.00127     |
|    learning_rate        | 0.0003      |
|    loss                 | -0.0499     |
|    n_updates            | 5870        |
|    policy_gradient_loss | -0.00468    |
|    std                  | 0.945       |
|    value_loss           | 0.00697     |
-----------------------------------------
------------------------------------------
| rollout/                |              |
|    ep_len_mean          | 118          |
|    ep_rew_mean          | -0.813       |
| time/                   |              |
|    fps                  | 93           |
|    iterations           | 119          |
|    time_elapsed         | 325          |
|    total_timesteps      | 150784       |
| train/                  |              |
|    approx_kl            | 0.0075745103 |
|    clip_fraction        | 0.109        |
|    clip_range           | 0.2          |
|    entropy_loss         | -2.73        |
|    explained_variance   | 0.00158      |
|    learning_rate        | 0.0003       |
|    loss                 | -0.0585      |
|    n_updates            | 5880         |
|    policy_gradient_loss | -0.0107      |
|    std                  | 0.946        |
|    value_loss           | 0.00267      |
------------------------------------------
-----------------------------------------
| rollout/                |             |
|    ep_len_mean          | 118         |
|    ep_rew_mean          | -0.807      |
| time/                   |             |
|    fps                  | 93          |
|    iterations           | 120         |
|    time_elapsed         | 328         |
|    total_timesteps      | 151040      |
| train/                  |             |
|    approx_kl            | 0.007264414 |
|    clip_fraction        | 0.108       |
|    clip_range           | 0.2         |
|    entropy_loss         | -2.72       |
|    explained_variance   | 0.00256     |
|    learning_rate        | 0.0003      |
|    loss                 | -0.00389    |
|    n_updates            | 5890        |
|    policy_gradient_loss | -0.00836    |
|    std                  | 0.944       |
|    value_loss           | 0.00416     |
-----------------------------------------
-----------------------------------------
| rollout/                |             |
|    ep_len_mean          | 118         |
|    ep_rew_mean          | -0.799      |
| time/                   |             |
|    fps                  | 93          |
|    iterations           | 121         |
|    time_elapsed         | 330         |
|    total_timesteps      | 151296      |
| train/                  |             |
|    approx_kl            | 0.008968983 |
|    clip_fraction        | 0.11        |
|    clip_range           | 0.2         |
|    entropy_loss         | -2.72       |
|    explained_variance   | 0.000376    |
|    learning_rate        | 0.0003      |
|    loss                 | -0.0581     |
|    n_updates            | 5900        |
|    policy_gradient_loss | -0.00582    |
|    std                  | 0.941       |
|    value_loss           | 0.00578     |
-----------------------------------------
------------------------------------------
| rollout/                |              |
|    ep_len_mean          | 118          |
|    ep_rew_mean          | -0.795       |
| time/                   |              |
|    fps                  | 93           |
|    iterations           | 122          |
|    time_elapsed         | 335          |
|    total_timesteps      | 151552       |
| train/                  |              |
|    approx_kl            | 0.0077500935 |
|    clip_fraction        | 0.113        |
|    clip_range           | 0.2          |
|    entropy_loss         | -2.71        |
|    explained_variance   | 0.00919      |
|    learning_rate        | 0.0003       |
|    loss                 | -0.0343      |
|    n_updates            | 5910         |
|    policy_gradient_loss | -0.0106      |
|    std                  | 0.941        |
|    value_loss           | 0.0044       |
------------------------------------------
------------------------------------------
| rollout/                |              |
|    ep_len_mean          | 118          |
|    ep_rew_mean          | -0.803       |
| time/                   |              |
|    fps                  | 93           |
|    iterations           | 123          |
|    time_elapsed         | 338          |
|    total_timesteps      | 151808       |
| train/                  |              |
|    approx_kl            | 0.0035515642 |
|    clip_fraction        | 0.0375       |
|    clip_range           | 0.2          |
|    entropy_loss         | -2.72        |
|    explained_variance   | -0.00585     |
|    learning_rate        | 0.0003       |
|    loss                 | -0.0346      |
|    n_updates            | 5920         |
|    policy_gradient_loss | -0.00236     |
|    std                  | 0.942        |
|    value_loss           | 0.00585      |
------------------------------------------
------------------------------------------
| rollout/                |              |
|    ep_len_mean          | 118          |
|    ep_rew_mean          | -0.804       |
| time/                   |              |
|    fps                  | 93           |
|    iterations           | 124          |
|    time_elapsed         | 340          |
|    total_timesteps      | 152064       |
| train/                  |              |
|    approx_kl            | 0.0043221125 |
|    clip_fraction        | 0.0324       |
|    clip_range           | 0.2          |
|    entropy_loss         | -2.72        |
|    explained_variance   | 0.00303      |
|    learning_rate        | 0.0003       |
|    loss                 | -0.0417      |
|    n_updates            | 5930         |
|    policy_gradient_loss | -0.00322     |
|    std                  | 0.94         |
|    value_loss           | 0.00523      |
------------------------------------------
------------------------------------------
| rollout/                |              |
|    ep_len_mean          | 119          |
|    ep_rew_mean          | -1.02        |
| time/                   |              |
|    fps                  | 92           |
|    iterations           | 125          |
|    time_elapsed         | 344          |
|    total_timesteps      | 152320       |
| train/                  |              |
|    approx_kl            | 0.0039061413 |
|    clip_fraction        | 0.0371       |
|    clip_range           | 0.2          |
|    entropy_loss         | -2.71        |
|    explained_variance   | 0.00111      |
|    learning_rate        | 0.0003       |
|    loss                 | -0.0221      |
|    n_updates            | 5940         |
|    policy_gradient_loss | -0.00443     |
|    std                  | 0.936        |
|    value_loss           | 0.00487      |
------------------------------------------
------------------------------------------
| rollout/                |              |
|    ep_len_mean          | 119          |
|    ep_rew_mean          | -1.02        |
| time/                   |              |
|    fps                  | 92           |
|    iterations           | 126          |
|    time_elapsed         | 349          |
|    total_timesteps      | 152576       |
| train/                  |              |
|    approx_kl            | 0.0074764807 |
|    clip_fraction        | 0.084        |
|    clip_range           | 0.2          |
|    entropy_loss         | -2.7         |
|    explained_variance   | -0.00168     |
|    learning_rate        | 0.0003       |
|    loss                 | -0.0441      |
|    n_updates            | 5950         |
|    policy_gradient_loss | -0.00702     |
|    std                  | 0.933        |
|    value_loss           | 0.00564      |
------------------------------------------
-----------------------------------------
| rollout/                |             |
|    ep_len_mean          | 119         |
|    ep_rew_mean          | -1.02       |
| time/                   |             |
|    fps                  | 92          |
|    iterations           | 127         |
|    time_elapsed         | 351         |
|    total_timesteps      | 152832      |
| train/                  |             |
|    approx_kl            | 0.005094206 |
|    clip_fraction        | 0.0781      |
|    clip_range           | 0.2         |
|    entropy_loss         | -2.7        |
|    explained_variance   | 9.14e-05    |
|    learning_rate        | 0.0003      |
|    loss                 | -0.0287     |
|    n_updates            | 5960        |
|    policy_gradient_loss | -0.0076     |
|    std                  | 0.931       |
|    value_loss           | 0.00544     |
-----------------------------------------
-----------------------------------------
| rollout/                |             |
|    ep_len_mean          | 119         |
|    ep_rew_mean          | -1.01       |
| time/                   |             |
|    fps                  | 91          |
|    iterations           | 128         |
|    time_elapsed         | 356         |
|    total_timesteps      | 153088      |
| train/                  |             |
|    approx_kl            | 0.005441974 |
|    clip_fraction        | 0.0574      |
|    clip_range           | 0.2         |
|    entropy_loss         | -2.69       |
|    explained_variance   | -0.00212    |
|    learning_rate        | 0.0003      |
|    loss                 | -0.0419     |
|    n_updates            | 5970        |
|    policy_gradient_loss | -0.00378    |
|    std                  | 0.931       |
|    value_loss           | 0.00632     |
-----------------------------------------
------------------------------------------
| rollout/                |              |
|    ep_len_mean          | 119          |
|    ep_rew_mean          | -1.01        |
| time/                   |              |
|    fps                  | 91           |
|    iterations           | 129          |
|    time_elapsed         | 358          |
|    total_timesteps      | 153344       |
| train/                  |              |
|    approx_kl            | 0.0046786116 |
|    clip_fraction        | 0.0156       |
|    clip_range           | 0.2          |
|    entropy_loss         | -2.69        |
|    explained_variance   | -0.000402    |
|    learning_rate        | 0.0003       |
|    loss                 | -0.0118      |
|    n_updates            | 5980         |
|    policy_gradient_loss | -0.00104     |
|    std                  | 0.929        |
|    value_loss           | 0.00484      |
------------------------------------------
------------------------------------------
| rollout/                |              |
|    ep_len_mean          | 119          |
|    ep_rew_mean          | -1.01        |
| time/                   |              |
|    fps                  | 92           |
|    iterations           | 130          |
|    time_elapsed         | 361          |
|    total_timesteps      | 153600       |
| train/                  |              |
|    approx_kl            | 0.0070016626 |
|    clip_fraction        | 0.128        |
|    clip_range           | 0.2          |
|    entropy_loss         | -2.69        |
|    explained_variance   | 0.002        |
|    learning_rate        | 0.0003       |
|    loss                 | -0.062       |
|    n_updates            | 5990         |
|    policy_gradient_loss | -0.0147      |
|    std                  | 0.928        |
|    value_loss           | 0.00605      |
------------------------------------------
-----------------------------------------
| rollout/                |             |
|    ep_len_mean          | 119         |
|    ep_rew_mean          | -1.01       |
| time/                   |             |
|    fps                  | 92          |
|    iterations           | 131         |
|    time_elapsed         | 364         |
|    total_timesteps      | 153856      |
| train/                  |             |
|    approx_kl            | 0.004561036 |
|    clip_fraction        | 0.0359      |
|    clip_range           | 0.2         |
|    entropy_loss         | -2.69       |
|    explained_variance   | -0.00308    |
|    learning_rate        | 0.0003      |
|    loss                 | -0.0403     |
|    n_updates            | 6000        |
|    policy_gradient_loss | -0.00205    |
|    std                  | 0.929       |
|    value_loss           | 0.00514     |
-----------------------------------------
------------------------------------------
| rollout/                |              |
|    ep_len_mean          | 119          |
|    ep_rew_mean          | -1.01        |
| time/                   |              |
|    fps                  | 92           |
|    iterations           | 132          |
|    time_elapsed         | 367          |
|    total_timesteps      | 154112       |
| train/                  |              |
|    approx_kl            | 0.0039768675 |
|    clip_fraction        | 0.0629       |
|    clip_range           | 0.2          |
|    entropy_loss         | -2.69        |
|    explained_variance   | -0.00226     |
|    learning_rate        | 0.0003       |
|    loss                 | -0.0308      |
|    n_updates            | 6010         |
|    policy_gradient_loss | -0.00582     |
|    std                  | 0.931        |
|    value_loss           | 0.00452      |
------------------------------------------
-----------------------------------------
| rollout/                |             |
|    ep_len_mean          | 118         |
|    ep_rew_mean          | -0.796      |
| time/                   |             |
|    fps                  | 92          |
|    iterations           | 133         |
|    time_elapsed         | 369         |
|    total_timesteps      | 154368      |
| train/                  |             |
|    approx_kl            | 0.005171901 |
|    clip_fraction        | 0.0242      |
|    clip_range           | 0.2         |
|    entropy_loss         | -2.7        |
|    explained_variance   | -0.000602   |
|    learning_rate        | 0.0003      |
|    loss                 | -0.018      |
|    n_updates            | 6020        |
|    policy_gradient_loss | -0.00187    |
|    std                  | 0.938       |
|    value_loss           | 0.00359     |
-----------------------------------------
-----------------------------------------
| rollout/                |             |
|    ep_len_mean          | 118         |
|    ep_rew_mean          | -0.797      |
| time/                   |             |
|    fps                  | 92          |
|    iterations           | 134         |
|    time_elapsed         | 372         |
|    total_timesteps      | 154624      |
| train/                  |             |
|    approx_kl            | 0.011895111 |
|    clip_fraction        | 0.0402      |
|    clip_range           | 0.2         |
|    entropy_loss         | -2.71       |
|    explained_variance   | -3.19e-05   |
|    learning_rate        | 0.0003      |
|    loss                 | 10.8        |
|    n_updates            | 6030        |
|    policy_gradient_loss | -0.0038     |
|    std                  | 0.939       |
|    value_loss           | 13.7        |
-----------------------------------------
-----------------------------------------
| rollout/                |             |
|    ep_len_mean          | 118         |
|    ep_rew_mean          | -0.797      |
| time/                   |             |
|    fps                  | 92          |
|    iterations           | 135         |
|    time_elapsed         | 375         |
|    total_timesteps      | 154880      |
| train/                  |             |
|    approx_kl            | 0.004420931 |
|    clip_fraction        | 0.0316      |
|    clip_range           | 0.2         |
|    entropy_loss         | -2.71       |
|    explained_variance   | -0.000224   |
|    learning_rate        | 0.0003      |
|    loss                 | -0.0134     |
|    n_updates            | 6040        |
|    policy_gradient_loss | -0.00257    |
|    std                  | 0.939       |
|    value_loss           | 0.0109      |
-----------------------------------------
------------------------------------------
| rollout/                |              |
|    ep_len_mean          | 118          |
|    ep_rew_mean          | -0.799       |
| time/                   |              |
|    fps                  | 92           |
|    iterations           | 136          |
|    time_elapsed         | 377          |
|    total_timesteps      | 155136       |
| train/                  |              |
|    approx_kl            | 0.0060886303 |
|    clip_fraction        | 0.105        |
|    clip_range           | 0.2          |
|    entropy_loss         | -2.71        |
|    explained_variance   | 1.56e-05     |
|    learning_rate        | 0.0003       |
|    loss                 | -0.0285      |
|    n_updates            | 6050         |
|    policy_gradient_loss | -0.00931     |
|    std                  | 0.94         |
|    value_loss           | 0.0121       |
------------------------------------------
-----------------------------------------
| rollout/                |             |
|    ep_len_mean          | 119         |
|    ep_rew_mean          | -1.01       |
| time/                   |             |
|    fps                  | 92          |
|    iterations           | 137         |
|    time_elapsed         | 380         |
|    total_timesteps      | 155392      |
| train/                  |             |
|    approx_kl            | 0.005390748 |
|    clip_fraction        | 0.0527      |
|    clip_range           | 0.2         |
|    entropy_loss         | -2.71       |
|    explained_variance   | 0.00137     |
|    learning_rate        | 0.0003      |
|    loss                 | -0.0169     |
|    n_updates            | 6060        |
|    policy_gradient_loss | -0.00368    |
|    std                  | 0.937       |
|    value_loss           | 0.00979     |
-----------------------------------------
------------------------------------------
| rollout/                |              |
|    ep_len_mean          | 119          |
|    ep_rew_mean          | -1           |
| time/                   |              |
|    fps                  | 92           |
|    iterations           | 138          |
|    time_elapsed         | 382          |
|    total_timesteps      | 155648       |
| train/                  |              |
|    approx_kl            | 0.0060705487 |
|    clip_fraction        | 0.0156       |
|    clip_range           | 0.2          |
|    entropy_loss         | -2.71        |
|    explained_variance   | -0.00294     |
|    learning_rate        | 0.0003       |
|    loss                 | -0.0174      |
|    n_updates            | 6070         |
|    policy_gradient_loss | -0.00104     |
|    std                  | 0.935        |
|    value_loss           | 0.00664      |
------------------------------------------
-----------------------------------------
| rollout/                |             |
|    ep_len_mean          | 118         |
|    ep_rew_mean          | -0.793      |
| time/                   |             |
|    fps                  | 92          |
|    iterations           | 139         |
|    time_elapsed         | 385         |
|    total_timesteps      | 155904      |
| train/                  |             |
|    approx_kl            | 0.004064046 |
|    clip_fraction        | 0.00625     |
|    clip_range           | 0.2         |
|    entropy_loss         | -2.7        |
|    explained_variance   | -0.000697   |
|    learning_rate        | 0.0003      |
|    loss                 | -0.0217     |
|    n_updates            | 6080        |
|    policy_gradient_loss | -0.000244   |
|    std                  | 0.935       |
|    value_loss           | 0.00572     |
-----------------------------------------
------------------------------------------
| rollout/                |              |
|    ep_len_mean          | 118          |
|    ep_rew_mean          | -0.792       |
| time/                   |              |
|    fps                  | 92           |
|    iterations           | 140          |
|    time_elapsed         | 388          |
|    total_timesteps      | 156160       |
| train/                  |              |
|    approx_kl            | 0.0061776177 |
|    clip_fraction        | 0.0668       |
|    clip_range           | 0.2          |
|    entropy_loss         | -2.7         |
|    explained_variance   | -1.76e-05    |
|    learning_rate        | 0.0003       |
|    loss                 | -0.0193      |
|    n_updates            | 6090         |
|    policy_gradient_loss | -0.0076      |
|    std                  | 0.935        |
|    value_loss           | 1.64         |
------------------------------------------
------------------------------------------
| rollout/                |              |
|    ep_len_mean          | 118          |
|    ep_rew_mean          | -0.787       |
| time/                   |              |
|    fps                  | 91           |
|    iterations           | 141          |
|    time_elapsed         | 392          |
|    total_timesteps      | 156416       |
| train/                  |              |
|    approx_kl            | 0.0038204715 |
|    clip_fraction        | 0.0348       |
|    clip_range           | 0.2          |
|    entropy_loss         | -2.7         |
|    explained_variance   | -0.00111     |
|    learning_rate        | 0.0003       |
|    loss                 | -0.0209      |
|    n_updates            | 6100         |
|    policy_gradient_loss | -0.00105     |
|    std                  | 0.935        |
|    value_loss           | 0.00493      |
------------------------------------------
-----------------------------------------
| rollout/                |             |
|    ep_len_mean          | 117         |
|    ep_rew_mean          | -0.57       |
| time/                   |             |
|    fps                  | 91          |
|    iterations           | 142         |
|    time_elapsed         | 395         |
|    total_timesteps      | 156672      |
| train/                  |             |
|    approx_kl            | 0.008267566 |
|    clip_fraction        | 0.123       |
|    clip_range           | 0.2         |
|    entropy_loss         | -2.7        |
|    explained_variance   | -0.002      |
|    learning_rate        | 0.0003      |
|    loss                 | -0.053      |
|    n_updates            | 6110        |
|    policy_gradient_loss | -0.00857    |
|    std                  | 0.932       |
|    value_loss           | 0.0052      |
-----------------------------------------
-----------------------------------------
| rollout/                |             |
|    ep_len_mean          | 117         |
|    ep_rew_mean          | -0.57       |
| time/                   |             |
|    fps                  | 91          |
|    iterations           | 143         |
|    time_elapsed         | 398         |
|    total_timesteps      | 156928      |
| train/                  |             |
|    approx_kl            | 0.006673416 |
|    clip_fraction        | 0.0305      |
|    clip_range           | 0.2         |
|    entropy_loss         | -2.7        |
|    explained_variance   | -7.99e-06   |
|    learning_rate        | 0.0003      |
|    loss                 | 3.3         |
|    n_updates            | 6120        |
|    policy_gradient_loss | -0.00199    |
|    std                  | 0.932       |
|    value_loss           | 1.66        |
-----------------------------------------
------------------------------------------
| rollout/                |              |
|    ep_len_mean          | 117          |
|    ep_rew_mean          | -0.569       |
| time/                   |              |
|    fps                  | 91           |
|    iterations           | 144          |
|    time_elapsed         | 401          |
|    total_timesteps      | 157184       |
| train/                  |              |
|    approx_kl            | 0.0048334952 |
|    clip_fraction        | 0.0328       |
|    clip_range           | 0.2          |
|    entropy_loss         | -2.69        |
|    explained_variance   | 1.11e-05     |
|    learning_rate        | 0.0003       |
|    loss                 | -0.0297      |
|    n_updates            | 6130         |
|    policy_gradient_loss | -0.00389     |
|    std                  | 0.929        |
|    value_loss           | 0.00471      |
------------------------------------------
-----------------------------------------
| rollout/                |             |
|    ep_len_mean          | 117         |
|    ep_rew_mean          | -0.573      |
| time/                   |             |
|    fps                  | 91          |
|    iterations           | 145         |
|    time_elapsed         | 403         |
|    total_timesteps      | 157440      |
| train/                  |             |
|    approx_kl            | 0.004933648 |
|    clip_fraction        | 0.0164      |
|    clip_range           | 0.2         |
|    entropy_loss         | -2.69       |
|    explained_variance   | 0.000134    |
|    learning_rate        | 0.0003      |
|    loss                 | -0.0151     |
|    n_updates            | 6140        |
|    policy_gradient_loss | -0.00102    |
|    std                  | 0.932       |
|    value_loss           | 0.00443     |
-----------------------------------------
------------------------------------------
| rollout/                |              |
|    ep_len_mean          | 117          |
|    ep_rew_mean          | -0.574       |
| time/                   |              |
|    fps                  | 92           |
|    iterations           | 146          |
|    time_elapsed         | 406          |
|    total_timesteps      | 157696       |
| train/                  |              |
|    approx_kl            | 0.0051360326 |
|    clip_fraction        | 0.0281       |
|    clip_range           | 0.2          |
|    entropy_loss         | -2.7         |
|    explained_variance   | -0.000216    |
|    learning_rate        | 0.0003       |
|    loss                 | -0.0272      |
|    n_updates            | 6150         |
|    policy_gradient_loss | -0.00117     |
|    std                  | 0.934        |
|    value_loss           | 0.00396      |
------------------------------------------
-----------------------------------------
| rollout/                |             |
|    ep_len_mean          | 117         |
|    ep_rew_mean          | -0.575      |
| time/                   |             |
|    fps                  | 92          |
|    iterations           | 147         |
|    time_elapsed         | 408         |
|    total_timesteps      | 157952      |
| train/                  |             |
|    approx_kl            | 0.002078886 |
|    clip_fraction        | 0           |
|    clip_range           | 0.2         |
|    entropy_loss         | -2.7        |
|    explained_variance   | -0.000923   |
|    learning_rate        | 0.0003      |
|    loss                 | -0.0324     |
|    n_updates            | 6160        |
|    policy_gradient_loss | -6.24e-05   |
|    std                  | 0.932       |
|    value_loss           | 0.00464     |
-----------------------------------------
------------------------------------------
| rollout/                |              |
|    ep_len_mean          | 117          |
|    ep_rew_mean          | -0.58        |
| time/                   |              |
|    fps                  | 92           |
|    iterations           | 148          |
|    time_elapsed         | 411          |
|    total_timesteps      | 158208       |
| train/                  |              |
|    approx_kl            | 0.0046480475 |
|    clip_fraction        | 0.0816       |
|    clip_range           | 0.2          |
|    entropy_loss         | -2.69        |
|    explained_variance   | -0.000211    |
|    learning_rate        | 0.0003       |
|    loss                 | -0.0394      |
|    n_updates            | 6170         |
|    policy_gradient_loss | -0.00718     |
|    std                  | 0.927        |
|    value_loss           | 0.00419      |
------------------------------------------
------------------------------------------
| rollout/                |              |
|    ep_len_mean          | 117          |
|    ep_rew_mean          | -0.582       |
| time/                   |              |
|    fps                  | 92           |
|    iterations           | 149          |
|    time_elapsed         | 414          |
|    total_timesteps      | 158464       |
| train/                  |              |
|    approx_kl            | 0.0101654325 |
|    clip_fraction        | 0.0797       |
|    clip_range           | 0.2          |
|    entropy_loss         | -2.68        |
|    explained_variance   | 0.000215     |
|    learning_rate        | 0.0003       |
|    loss                 | -0.00875     |
|    n_updates            | 6180         |
|    policy_gradient_loss | -0.00244     |
|    std                  | 0.925        |
|    value_loss           | 0.00366      |
------------------------------------------
------------------------------------------
| rollout/                |              |
|    ep_len_mean          | 117          |
|    ep_rew_mean          | -0.589       |
| time/                   |              |
|    fps                  | 92           |
|    iterations           | 150          |
|    time_elapsed         | 416          |
|    total_timesteps      | 158720       |
| train/                  |              |
|    approx_kl            | 0.0048984312 |
|    clip_fraction        | 0.0637       |
|    clip_range           | 0.2          |
|    entropy_loss         | -2.68        |
|    explained_variance   | 0.000466     |
|    learning_rate        | 0.0003       |
|    loss                 | -0.0358      |
|    n_updates            | 6190         |
|    policy_gradient_loss | -0.00588     |
|    std                  | 0.925        |
|    value_loss           | 0.00342      |
------------------------------------------
-----------------------------------------
| rollout/                |             |
|    ep_len_mean          | 117         |
|    ep_rew_mean          | -0.583      |
| time/                   |             |
|    fps                  | 92          |
|    iterations           | 151         |
|    time_elapsed         | 419         |
|    total_timesteps      | 158976      |
| train/                  |             |
|    approx_kl            | 0.004182104 |
|    clip_fraction        | 0.05        |
|    clip_range           | 0.2         |
|    entropy_loss         | -2.68       |
|    explained_variance   | 9.07e-05    |
|    learning_rate        | 0.0003      |
|    loss                 | -0.0328     |
|    n_updates            | 6200        |
|    policy_gradient_loss | -0.005      |
|    std                  | 0.921       |
|    value_loss           | 0.00403     |
-----------------------------------------
----------------------------------------
| rollout/                |            |
|    ep_len_mean          | 117        |
|    ep_rew_mean          | -0.586     |
| time/                   |            |
|    fps                  | 92         |
|    iterations           | 152        |
|    time_elapsed         | 422        |
|    total_timesteps      | 159232     |
| train/                  |            |
|    approx_kl            | 0.00535655 |
|    clip_fraction        | 0.0523     |
|    clip_range           | 0.2        |
|    entropy_loss         | -2.67      |
|    explained_variance   | 0.00163    |
|    learning_rate        | 0.0003     |
|    loss                 | -0.0459    |
|    n_updates            | 6210       |
|    policy_gradient_loss | -0.00295   |
|    std                  | 0.918      |
|    value_loss           | 0.00403    |
----------------------------------------
-----------------------------------------
| rollout/                |             |
|    ep_len_mean          | 117         |
|    ep_rew_mean          | -0.584      |
| time/                   |             |
|    fps                  | 92          |
|    iterations           | 153         |
|    time_elapsed         | 424         |
|    total_timesteps      | 159488      |
| train/                  |             |
|    approx_kl            | 0.004042103 |
|    clip_fraction        | 0.00781     |
|    clip_range           | 0.2         |
|    entropy_loss         | -2.67       |
|    explained_variance   | -0.000945   |
|    learning_rate        | 0.0003      |
|    loss                 | -0.0305     |
|    n_updates            | 6220        |
|    policy_gradient_loss | -7.11e-05   |
|    std                  | 0.92        |
|    value_loss           | 0.00443     |
-----------------------------------------
-----------------------------------------
| rollout/                |             |
|    ep_len_mean          | 117         |
|    ep_rew_mean          | -0.585      |
| time/                   |             |
|    fps                  | 91          |
|    iterations           | 154         |
|    time_elapsed         | 429         |
|    total_timesteps      | 159744      |
| train/                  |             |
|    approx_kl            | 0.003674214 |
|    clip_fraction        | 0.0258      |
|    clip_range           | 0.2         |
|    entropy_loss         | -2.67       |
|    explained_variance   | 6.6e-05     |
|    learning_rate        | 0.0003      |
|    loss                 | -0.0245     |
|    n_updates            | 6230        |
|    policy_gradient_loss | -0.00328    |
|    std                  | 0.917       |
|    value_loss           | 0.00386     |
-----------------------------------------
-----------------------------------------
| rollout/                |             |
|    ep_len_mean          | 117         |
|    ep_rew_mean          | -0.586      |
| time/                   |             |
|    fps                  | 91          |
|    iterations           | 155         |
|    time_elapsed         | 433         |
|    total_timesteps      | 160000      |
| train/                  |             |
|    approx_kl            | 0.004479998 |
|    clip_fraction        | 0.0551      |
|    clip_range           | 0.2         |
|    entropy_loss         | -2.66       |
|    explained_variance   | -0.000225   |
|    learning_rate        | 0.0003      |
|    loss                 | -0.04       |
|    n_updates            | 6240        |
|    policy_gradient_loss | -0.00514    |
|    std                  | 0.917       |
|    value_loss           | 0.00418     |
-----------------------------------------
-----------------------------------------
| rollout/                |             |
|    ep_len_mean          | 117         |
|    ep_rew_mean          | -0.577      |
| time/                   |             |
|    fps                  | 91          |
|    iterations           | 156         |
|    time_elapsed         | 436         |
|    total_timesteps      | 160256      |
| train/                  |             |
|    approx_kl            | 0.007119678 |
|    clip_fraction        | 0.0773      |
|    clip_range           | 0.2         |
|    entropy_loss         | -2.66       |
|    explained_variance   | -0.000174   |
|    learning_rate        | 0.0003      |
|    loss                 | -0.0292     |
|    n_updates            | 6250        |
|    policy_gradient_loss | -0.00601    |
|    std                  | 0.916       |
|    value_loss           | 0.00461     |
-----------------------------------------
-----------------------------------------
| rollout/                |             |
|    ep_len_mean          | 117         |
|    ep_rew_mean          | -0.581      |
| time/                   |             |
|    fps                  | 91          |
|    iterations           | 157         |
|    time_elapsed         | 440         |
|    total_timesteps      | 160512      |
| train/                  |             |
|    approx_kl            | 0.007068092 |
|    clip_fraction        | 0.0668      |
|    clip_range           | 0.2         |
|    entropy_loss         | -2.66       |
|    explained_variance   | -0.000343   |
|    learning_rate        | 0.0003      |
|    loss                 | -0.0548     |
|    n_updates            | 6260        |
|    policy_gradient_loss | -0.00496    |
|    std                  | 0.918       |
|    value_loss           | 0.00397     |
-----------------------------------------
-----------------------------------------
| rollout/                |             |
|    ep_len_mean          | 117         |
|    ep_rew_mean          | -0.571      |
| time/                   |             |
|    fps                  | 91          |
|    iterations           | 158         |
|    time_elapsed         | 443         |
|    total_timesteps      | 160768      |
| train/                  |             |
|    approx_kl            | 0.007299766 |
|    clip_fraction        | 0.0531      |
|    clip_range           | 0.2         |
|    entropy_loss         | -2.67       |
|    explained_variance   | -0.000105   |
|    learning_rate        | 0.0003      |
|    loss                 | -0.0608     |
|    n_updates            | 6270        |
|    policy_gradient_loss | -0.00587    |
|    std                  | 0.917       |
|    value_loss           | 0.00462     |
-----------------------------------------
----------------------------------------
| rollout/                |            |
|    ep_len_mean          | 117        |
|    ep_rew_mean          | -0.565     |
| time/                   |            |
|    fps                  | 91         |
|    iterations           | 159        |
|    time_elapsed         | 445        |
|    total_timesteps      | 161024     |
| train/                  |            |
|    approx_kl            | 0.00817636 |
|    clip_fraction        | 0.0848     |
|    clip_range           | 0.2        |
|    entropy_loss         | -2.67      |
|    explained_variance   | -0.000766  |
|    learning_rate        | 0.0003     |
|    loss                 | -0.0368    |
|    n_updates            | 6280       |
|    policy_gradient_loss | -0.00613   |
|    std                  | 0.92       |
|    value_loss           | 0.00429    |
----------------------------------------
------------------------------------------
| rollout/                |              |
|    ep_len_mean          | 117          |
|    ep_rew_mean          | -0.565       |
| time/                   |              |
|    fps                  | 91           |
|    iterations           | 160          |
|    time_elapsed         | 448          |
|    total_timesteps      | 161280       |
| train/                  |              |
|    approx_kl            | 0.0044146674 |
|    clip_fraction        | 0.0445       |
|    clip_range           | 0.2          |
|    entropy_loss         | -2.67        |
|    explained_variance   | -0.000348    |
|    learning_rate        | 0.0003       |
|    loss                 | -0.0191      |
|    n_updates            | 6290         |
|    policy_gradient_loss | -0.00262     |
|    std                  | 0.921        |
|    value_loss           | 0.00365      |
------------------------------------------
------------------------------------------
| rollout/                |              |
|    ep_len_mean          | 117          |
|    ep_rew_mean          | -0.563       |
| time/                   |              |
|    fps                  | 91           |
|    iterations           | 161          |
|    time_elapsed         | 451          |
|    total_timesteps      | 161536       |
| train/                  |              |
|    approx_kl            | 0.0029630936 |
|    clip_fraction        | 0.00547      |
|    clip_range           | 0.2          |
|    entropy_loss         | -2.68        |
|    explained_variance   | -0.000516    |
|    learning_rate        | 0.0003       |
|    loss                 | -0.0416      |
|    n_updates            | 6300         |
|    policy_gradient_loss | -0.0015      |
|    std                  | 0.927        |
|    value_loss           | 0.00348      |
------------------------------------------
-----------------------------------------
| rollout/                |             |
|    ep_len_mean          | 117         |
|    ep_rew_mean          | -0.57       |
| time/                   |             |
|    fps                  | 91          |
|    iterations           | 162         |
|    time_elapsed         | 453         |
|    total_timesteps      | 161792      |
| train/                  |             |
|    approx_kl            | 0.004148248 |
|    clip_fraction        | 0.00898     |
|    clip_range           | 0.2         |
|    entropy_loss         | -2.69       |
|    explained_variance   | 0.000175    |
|    learning_rate        | 0.0003      |
|    loss                 | -0.0363     |
|    n_updates            | 6310        |
|    policy_gradient_loss | -0.00161    |
|    std                  | 0.935       |
|    value_loss           | 0.00341     |
-----------------------------------------
-----------------------------------------
| rollout/                |             |
|    ep_len_mean          | 117         |
|    ep_rew_mean          | -0.558      |
| time/                   |             |
|    fps                  | 91          |
|    iterations           | 163         |
|    time_elapsed         | 456         |
|    total_timesteps      | 162048      |
| train/                  |             |
|    approx_kl            | 0.004726736 |
|    clip_fraction        | 0.0305      |
|    clip_range           | 0.2         |
|    entropy_loss         | -2.71       |
|    explained_variance   | -5.29e-05   |
|    learning_rate        | 0.0003      |
|    loss                 | -0.0315     |
|    n_updates            | 6320        |
|    policy_gradient_loss | -0.0015     |
|    std                  | 0.937       |
|    value_loss           | 0.00294     |
-----------------------------------------
------------------------------------------
| rollout/                |              |
|    ep_len_mean          | 117          |
|    ep_rew_mean          | -0.554       |
| time/                   |              |
|    fps                  | 91           |
|    iterations           | 164          |
|    time_elapsed         | 459          |
|    total_timesteps      | 162304       |
| train/                  |              |
|    approx_kl            | 0.0064497213 |
|    clip_fraction        | 0.0504       |
|    clip_range           | 0.2          |
|    entropy_loss         | -2.71        |
|    explained_variance   | -0.000174    |
|    learning_rate        | 0.0003       |
|    loss                 | -0.0306      |
|    n_updates            | 6330         |
|    policy_gradient_loss | -0.00415     |
|    std                  | 0.937        |
|    value_loss           | 0.00327      |
------------------------------------------
------------------------------------------
| rollout/                |              |
|    ep_len_mean          | 117          |
|    ep_rew_mean          | -0.565       |
| time/                   |              |
|    fps                  | 91           |
|    iterations           | 165          |
|    time_elapsed         | 462          |
|    total_timesteps      | 162560       |
| train/                  |              |
|    approx_kl            | 0.0055259624 |
|    clip_fraction        | 0.0852       |
|    clip_range           | 0.2          |
|    entropy_loss         | -2.71        |
|    explained_variance   | -0.000461    |
|    learning_rate        | 0.0003       |
|    loss                 | -0.038       |
|    n_updates            | 6340         |
|    policy_gradient_loss | -0.00653     |
|    std                  | 0.937        |
|    value_loss           | 0.00334      |
------------------------------------------
-----------------------------------------
| rollout/                |             |
|    ep_len_mean          | 116         |
|    ep_rew_mean          | -0.356      |
| time/                   |             |
|    fps                  | 91          |
|    iterations           | 166         |
|    time_elapsed         | 464         |
|    total_timesteps      | 162816      |
| train/                  |             |
|    approx_kl            | 0.005352224 |
|    clip_fraction        | 0.0363      |
|    clip_range           | 0.2         |
|    entropy_loss         | -2.71       |
|    explained_variance   | -0.000984   |
|    learning_rate        | 0.0003      |
|    loss                 | -0.0294     |
|    n_updates            | 6350        |
|    policy_gradient_loss | -0.00317    |
|    std                  | 0.938       |
|    value_loss           | 0.00338     |
-----------------------------------------
------------------------------------------
| rollout/                |              |
|    ep_len_mean          | 116          |
|    ep_rew_mean          | -0.36        |
| time/                   |              |
|    fps                  | 91           |
|    iterations           | 167          |
|    time_elapsed         | 467          |
|    total_timesteps      | 163072       |
| train/                  |              |
|    approx_kl            | 0.0012833646 |
|    clip_fraction        | 0.00508      |
|    clip_range           | 0.2          |
|    entropy_loss         | -2.71        |
|    explained_variance   | -7.15e-06    |
|    learning_rate        | 0.0003       |
|    loss                 | -0.033       |
|    n_updates            | 6360         |
|    policy_gradient_loss | -0.000655    |
|    std                  | 0.934        |
|    value_loss           | 1.71         |
------------------------------------------
------------------------------------------
| rollout/                |              |
|    ep_len_mean          | 116          |
|    ep_rew_mean          | -0.354       |
| time/                   |              |
|    fps                  | 91           |
|    iterations           | 168          |
|    time_elapsed         | 470          |
|    total_timesteps      | 163328       |
| train/                  |              |
|    approx_kl            | 0.0073688505 |
|    clip_fraction        | 0.0699       |
|    clip_range           | 0.2          |
|    entropy_loss         | -2.7         |
|    explained_variance   | -0.00118     |
|    learning_rate        | 0.0003       |
|    loss                 | -0.0365      |
|    n_updates            | 6370         |
|    policy_gradient_loss | -0.00825     |
|    std                  | 0.931        |
|    value_loss           | 0.00309      |
------------------------------------------
------------------------------------------
| rollout/                |              |
|    ep_len_mean          | 116          |
|    ep_rew_mean          | -0.352       |
| time/                   |              |
|    fps                  | 91           |
|    iterations           | 169          |
|    time_elapsed         | 472          |
|    total_timesteps      | 163584       |
| train/                  |              |
|    approx_kl            | 0.0048142355 |
|    clip_fraction        | 0.0738       |
|    clip_range           | 0.2          |
|    entropy_loss         | -2.69        |
|    explained_variance   | 0.000341     |
|    learning_rate        | 0.0003       |
|    loss                 | -0.0398      |
|    n_updates            | 6380         |
|    policy_gradient_loss | -0.00604     |
|    std                  | 0.926        |
|    value_loss           | 0.00317      |
------------------------------------------
------------------------------------------
| rollout/                |              |
|    ep_len_mean          | 116          |
|    ep_rew_mean          | -0.354       |
| time/                   |              |
|    fps                  | 91           |
|    iterations           | 170          |
|    time_elapsed         | 475          |
|    total_timesteps      | 163840       |
| train/                  |              |
|    approx_kl            | 0.0037225988 |
|    clip_fraction        | 0.0207       |
|    clip_range           | 0.2          |
|    entropy_loss         | -2.68        |
|    explained_variance   | -0.000282    |
|    learning_rate        | 0.0003       |
|    loss                 | -0.0239      |
|    n_updates            | 6390         |
|    policy_gradient_loss | -0.00204     |
|    std                  | 0.922        |
|    value_loss           | 0.00292      |
------------------------------------------
------------------------------------------
| rollout/                |              |
|    ep_len_mean          | 116          |
|    ep_rew_mean          | -0.351       |
| time/                   |              |
|    fps                  | 91           |
|    iterations           | 171          |
|    time_elapsed         | 478          |
|    total_timesteps      | 164096       |
| train/                  |              |
|    approx_kl            | 0.0055695013 |
|    clip_fraction        | 0.0441       |
|    clip_range           | 0.2          |
|    entropy_loss         | -2.67        |
|    explained_variance   | -0.000568    |
|    learning_rate        | 0.0003       |
|    loss                 | -0.0315      |
|    n_updates            | 6400         |
|    policy_gradient_loss | -0.00388     |
|    std                  | 0.919        |
|    value_loss           | 0.00311      |
------------------------------------------
------------------------------------------
| rollout/                |              |
|    ep_len_mean          | 116          |
|    ep_rew_mean          | -0.355       |
| time/                   |              |
|    fps                  | 91           |
|    iterations           | 172          |
|    time_elapsed         | 480          |
|    total_timesteps      | 164352       |
| train/                  |              |
|    approx_kl            | 0.0074812546 |
|    clip_fraction        | 0.0641       |
|    clip_range           | 0.2          |
|    entropy_loss         | -2.66        |
|    explained_variance   | 8.1e-05      |
|    learning_rate        | 0.0003       |
|    loss                 | -0.0141      |
|    n_updates            | 6410         |
|    policy_gradient_loss | -0.00812     |
|    std                  | 0.916        |
|    value_loss           | 0.00264      |
------------------------------------------
------------------------------------------
| rollout/                |              |
|    ep_len_mean          | 116          |
|    ep_rew_mean          | -0.355       |
| time/                   |              |
|    fps                  | 91           |
|    iterations           | 173          |
|    time_elapsed         | 483          |
|    total_timesteps      | 164608       |
| train/                  |              |
|    approx_kl            | 0.0055631604 |
|    clip_fraction        | 0.0996       |
|    clip_range           | 0.2          |
|    entropy_loss         | -2.66        |
|    explained_variance   | 0.000559     |
|    learning_rate        | 0.0003       |
|    loss                 | -0.0368      |
|    n_updates            | 6420         |
|    policy_gradient_loss | -0.00742     |
|    std                  | 0.917        |
|    value_loss           | 0.00271      |
------------------------------------------
-----------------------------------------
| rollout/                |             |
|    ep_len_mean          | 116         |
|    ep_rew_mean          | -0.356      |
| time/                   |             |
|    fps                  | 91          |
|    iterations           | 174         |
|    time_elapsed         | 485         |
|    total_timesteps      | 164864      |
| train/                  |             |
|    approx_kl            | 0.006907466 |
|    clip_fraction        | 0.093       |
|    clip_range           | 0.2         |
|    entropy_loss         | -2.66       |
|    explained_variance   | 0.00137     |
|    learning_rate        | 0.0003      |
|    loss                 | -0.0491     |
|    n_updates            | 6430        |
|    policy_gradient_loss | -0.00949    |
|    std                  | 0.915       |
|    value_loss           | 0.00282     |
-----------------------------------------
----------------------------------------
| rollout/                |            |
|    ep_len_mean          | 116        |
|    ep_rew_mean          | -0.354     |
| time/                   |            |
|    fps                  | 91         |
|    iterations           | 175        |
|    time_elapsed         | 488        |
|    total_timesteps      | 165120     |
| train/                  |            |
|    approx_kl            | 0.00631755 |
|    clip_fraction        | 0.0914     |
|    clip_range           | 0.2        |
|    entropy_loss         | -2.66      |
|    explained_variance   | 0.000716   |
|    learning_rate        | 0.0003     |
|    loss                 | -0.0445    |
|    n_updates            | 6440       |
|    policy_gradient_loss | -0.0121    |
|    std                  | 0.915      |
|    value_loss           | 0.00307    |
----------------------------------------
-----------------------------------------
| rollout/                |             |
|    ep_len_mean          | 116         |
|    ep_rew_mean          | -0.355      |
| time/                   |             |
|    fps                  | 91          |
|    iterations           | 176         |
|    time_elapsed         | 491         |
|    total_timesteps      | 165376      |
| train/                  |             |
|    approx_kl            | 0.004369954 |
|    clip_fraction        | 0.0156      |
|    clip_range           | 0.2         |
|    entropy_loss         | -2.66       |
|    explained_variance   | 0.00123     |
|    learning_rate        | 0.0003      |
|    loss                 | -0.0244     |
|    n_updates            | 6450        |
|    policy_gradient_loss | -0.000442   |
|    std                  | 0.915       |
|    value_loss           | 0.00277     |
-----------------------------------------
------------------------------------------
| rollout/                |              |
|    ep_len_mean          | 114          |
|    ep_rew_mean          | -0.144       |
| time/                   |              |
|    fps                  | 91           |
|    iterations           | 177          |
|    time_elapsed         | 495          |
|    total_timesteps      | 165632       |
| train/                  |              |
|    approx_kl            | 0.0059843087 |
|    clip_fraction        | 0.0891       |
|    clip_range           | 0.2          |
|    entropy_loss         | -2.66        |
|    explained_variance   | -0.000214    |
|    learning_rate        | 0.0003       |
|    loss                 | -0.0432      |
|    n_updates            | 6460         |
|    policy_gradient_loss | -0.00822     |
|    std                  | 0.912        |
|    value_loss           | 0.0027       |
------------------------------------------
------------------------------------------
| rollout/                |              |
|    ep_len_mean          | 115          |
|    ep_rew_mean          | -0.354       |
| time/                   |              |
|    fps                  | 91           |
|    iterations           | 178          |
|    time_elapsed         | 500          |
|    total_timesteps      | 165888       |
| train/                  |              |
|    approx_kl            | 0.0092462655 |
|    clip_fraction        | 0.114        |
|    clip_range           | 0.2          |
|    entropy_loss         | -2.65        |
|    explained_variance   | 5.84e-06     |
|    learning_rate        | 0.0003       |
|    loss                 | -0.0356      |
|    n_updates            | 6470         |
|    policy_gradient_loss | -0.00699     |
|    std                  | 0.912        |
|    value_loss           | 1.72         |
------------------------------------------
-----------------------------------------
| rollout/                |             |
|    ep_len_mean          | 115         |
|    ep_rew_mean          | -0.353      |
| time/                   |             |
|    fps                  | 91          |
|    iterations           | 179         |
|    time_elapsed         | 502         |
|    total_timesteps      | 166144      |
| train/                  |             |
|    approx_kl            | 0.006875915 |
|    clip_fraction        | 0.0312      |
|    clip_range           | 0.2         |
|    entropy_loss         | -2.66       |
|    explained_variance   | -0.00223    |
|    learning_rate        | 0.0003      |
|    loss                 | -0.031      |
|    n_updates            | 6480        |
|    policy_gradient_loss | -0.00194    |
|    std                  | 0.916       |
|    value_loss           | 0.00324     |
-----------------------------------------
------------------------------------------
| rollout/                |              |
|    ep_len_mean          | 115          |
|    ep_rew_mean          | -0.353       |
| time/                   |              |
|    fps                  | 91           |
|    iterations           | 180          |
|    time_elapsed         | 505          |
|    total_timesteps      | 166400       |
| train/                  |              |
|    approx_kl            | 0.0065982966 |
|    clip_fraction        | 0.106        |
|    clip_range           | 0.2          |
|    entropy_loss         | -2.67        |
|    explained_variance   | -0.000206    |
|    learning_rate        | 0.0003       |
|    loss                 | -0.0224      |
|    n_updates            | 6490         |
|    policy_gradient_loss | -0.0103      |
|    std                  | 0.922        |
|    value_loss           | 0.00277      |
------------------------------------------
------------------------------------------
| rollout/                |              |
|    ep_len_mean          | 115          |
|    ep_rew_mean          | -0.352       |
| time/                   |              |
|    fps                  | 90           |
|    iterations           | 181          |
|    time_elapsed         | 509          |
|    total_timesteps      | 166656       |
| train/                  |              |
|    approx_kl            | 0.0028173923 |
|    clip_fraction        | 0.0133       |
|    clip_range           | 0.2          |
|    entropy_loss         | -2.68        |
|    explained_variance   | -0.000112    |
|    learning_rate        | 0.0003       |
|    loss                 | -0.0157      |
|    n_updates            | 6500         |
|    policy_gradient_loss | -0.00043     |
|    std                  | 0.923        |
|    value_loss           | 0.0029       |
------------------------------------------
------------------------------------------
| rollout/                |              |
|    ep_len_mean          | 115          |
|    ep_rew_mean          | -0.353       |
| time/                   |              |
|    fps                  | 90           |
|    iterations           | 182          |
|    time_elapsed         | 512          |
|    total_timesteps      | 166912       |
| train/                  |              |
|    approx_kl            | 0.0073769838 |
|    clip_fraction        | 0.082        |
|    clip_range           | 0.2          |
|    entropy_loss         | -2.68        |
|    explained_variance   | 0.00032      |
|    learning_rate        | 0.0003       |
|    loss                 | -0.0272      |
|    n_updates            | 6510         |
|    policy_gradient_loss | -0.00554     |
|    std                  | 0.925        |
|    value_loss           | 0.00299      |
------------------------------------------
------------------------------------------
| rollout/                |              |
|    ep_len_mean          | 115          |
|    ep_rew_mean          | -0.353       |
| time/                   |              |
|    fps                  | 90           |
|    iterations           | 183          |
|    time_elapsed         | 515          |
|    total_timesteps      | 167168       |
| train/                  |              |
|    approx_kl            | 0.0040692147 |
|    clip_fraction        | 0.0043       |
|    clip_range           | 0.2          |
|    entropy_loss         | -2.68        |
|    explained_variance   | -0.000166    |
|    learning_rate        | 0.0003       |
|    loss                 | -0.0273      |
|    n_updates            | 6520         |
|    policy_gradient_loss | -0.000465    |
|    std                  | 0.928        |
|    value_loss           | 0.00276      |
------------------------------------------
----------------------------------------
| rollout/                |            |
|    ep_len_mean          | 115        |
|    ep_rew_mean          | -0.353     |
| time/                   |            |
|    fps                  | 90         |
|    iterations           | 184        |
|    time_elapsed         | 519        |
|    total_timesteps      | 167424     |
| train/                  |            |
|    approx_kl            | 0.00728549 |
|    clip_fraction        | 0.0844     |
|    clip_range           | 0.2        |
|    entropy_loss         | -2.69      |
|    explained_variance   | -0.00116   |
|    learning_rate        | 0.0003     |
|    loss                 | -0.0569    |
|    n_updates            | 6530       |
|    policy_gradient_loss | -0.00773   |
|    std                  | 0.927      |
|    value_loss           | 0.00324    |
----------------------------------------
------------------------------------------
| rollout/                |              |
|    ep_len_mean          | 116          |
|    ep_rew_mean          | -0.563       |
| time/                   |              |
|    fps                  | 90           |
|    iterations           | 185          |
|    time_elapsed         | 522          |
|    total_timesteps      | 167680       |
| train/                  |              |
|    approx_kl            | 0.0027259146 |
|    clip_fraction        | 0.0277       |
|    clip_range           | 0.2          |
|    entropy_loss         | -2.68        |
|    explained_variance   | 0.000584     |
|    learning_rate        | 0.0003       |
|    loss                 | -0.0156      |
|    n_updates            | 6540         |
|    policy_gradient_loss | -0.00222     |
|    std                  | 0.925        |
|    value_loss           | 0.00294      |
------------------------------------------
-----------------------------------------
| rollout/                |             |
|    ep_len_mean          | 116         |
|    ep_rew_mean          | -0.564      |
| time/                   |             |
|    fps                  | 90          |
|    iterations           | 186         |
|    time_elapsed         | 525         |
|    total_timesteps      | 167936      |
| train/                  |             |
|    approx_kl            | 0.006751803 |
|    clip_fraction        | 0.0777      |
|    clip_range           | 0.2         |
|    entropy_loss         | -2.68       |
|    explained_variance   | 0.000321    |
|    learning_rate        | 0.0003      |
|    loss                 | -0.0303     |
|    n_updates            | 6550        |
|    policy_gradient_loss | -0.00619    |
|    std                  | 0.927       |
|    value_loss           | 0.00235     |
-----------------------------------------
------------------------------------------
| rollout/                |              |
|    ep_len_mean          | 116          |
|    ep_rew_mean          | -0.567       |
| time/                   |              |
|    fps                  | 90           |
|    iterations           | 187          |
|    time_elapsed         | 527          |
|    total_timesteps      | 168192       |
| train/                  |              |
|    approx_kl            | 0.0076459707 |
|    clip_fraction        | 0.0887       |
|    clip_range           | 0.2          |
|    entropy_loss         | -2.69        |
|    explained_variance   | 0.000601     |
|    learning_rate        | 0.0003       |
|    loss                 | -0.0448      |
|    n_updates            | 6560         |
|    policy_gradient_loss | -0.00688     |
|    std                  | 0.93         |
|    value_loss           | 0.00268      |
------------------------------------------
-----------------------------------------
| rollout/                |             |
|    ep_len_mean          | 118         |
|    ep_rew_mean          | -0.781      |
| time/                   |             |
|    fps                  | 90          |
|    iterations           | 188         |
|    time_elapsed         | 530         |
|    total_timesteps      | 168448      |
| train/                  |             |
|    approx_kl            | 0.009374282 |
|    clip_fraction        | 0.168       |
|    clip_range           | 0.2         |
|    entropy_loss         | -2.69       |
|    explained_variance   | 0.000487    |
|    learning_rate        | 0.0003      |
|    loss                 | -0.0437     |
|    n_updates            | 6570        |
|    policy_gradient_loss | -0.0111     |
|    std                  | 0.928       |
|    value_loss           | 0.00259     |
-----------------------------------------
------------------------------------------
| rollout/                |              |
|    ep_len_mean          | 118          |
|    ep_rew_mean          | -0.782       |
| time/                   |              |
|    fps                  | 90           |
|    iterations           | 189          |
|    time_elapsed         | 532          |
|    total_timesteps      | 168704       |
| train/                  |              |
|    approx_kl            | 0.0046099946 |
|    clip_fraction        | 0.0187       |
|    clip_range           | 0.2          |
|    entropy_loss         | -2.69        |
|    explained_variance   | -0.0023      |
|    learning_rate        | 0.0003       |
|    loss                 | -0.0379      |
|    n_updates            | 6580         |
|    policy_gradient_loss | -0.0012      |
|    std                  | 0.925        |
|    value_loss           | 0.00298      |
------------------------------------------
-----------------------------------------
| rollout/                |             |
|    ep_len_mean          | 118         |
|    ep_rew_mean          | -0.782      |
| time/                   |             |
|    fps                  | 90          |
|    iterations           | 190         |
|    time_elapsed         | 535         |
|    total_timesteps      | 168960      |
| train/                  |             |
|    approx_kl            | 0.008897991 |
|    clip_fraction        | 0.0902      |
|    clip_range           | 0.2         |
|    entropy_loss         | -2.68       |
|    explained_variance   | -0.00044    |
|    learning_rate        | 0.0003      |
|    loss                 | -0.0528     |
|    n_updates            | 6590        |
|    policy_gradient_loss | -0.00994    |
|    std                  | 0.922       |
|    value_loss           | 0.00259     |
-----------------------------------------
------------------------------------------
| rollout/                |              |
|    ep_len_mean          | 118          |
|    ep_rew_mean          | -0.779       |
| time/                   |              |
|    fps                  | 90           |
|    iterations           | 191          |
|    time_elapsed         | 539          |
|    total_timesteps      | 169216       |
| train/                  |              |
|    approx_kl            | 0.0033433854 |
|    clip_fraction        | 0.0371       |
|    clip_range           | 0.2          |
|    entropy_loss         | -2.67        |
|    explained_variance   | -0.00128     |
|    learning_rate        | 0.0003       |
|    loss                 | -0.0279      |
|    n_updates            | 6600         |
|    policy_gradient_loss | -0.00404     |
|    std                  | 0.92         |
|    value_loss           | 0.00279      |
------------------------------------------
-----------------------------------------
| rollout/                |             |
|    ep_len_mean          | 118         |
|    ep_rew_mean          | -0.78       |
| time/                   |             |
|    fps                  | 90          |
|    iterations           | 192         |
|    time_elapsed         | 542         |
|    total_timesteps      | 169472      |
| train/                  |             |
|    approx_kl            | 0.004677796 |
|    clip_fraction        | 0.0375      |
|    clip_range           | 0.2         |
|    entropy_loss         | -2.67       |
|    explained_variance   | 0.00013     |
|    learning_rate        | 0.0003      |
|    loss                 | -0.0345     |
|    n_updates            | 6610        |
|    policy_gradient_loss | -0.00415    |
|    std                  | 0.924       |
|    value_loss           | 0.00249     |
-----------------------------------------
-----------------------------------------
| rollout/                |             |
|    ep_len_mean          | 118         |
|    ep_rew_mean          | -0.777      |
| time/                   |             |
|    fps                  | 90          |
|    iterations           | 193         |
|    time_elapsed         | 545         |
|    total_timesteps      | 169728      |
| train/                  |             |
|    approx_kl            | 0.004082055 |
|    clip_fraction        | 0.0422      |
|    clip_range           | 0.2         |
|    entropy_loss         | -2.68       |
|    explained_variance   | 0.00162     |
|    learning_rate        | 0.0003      |
|    loss                 | -0.0361     |
|    n_updates            | 6620        |
|    policy_gradient_loss | -0.00256    |
|    std                  | 0.928       |
|    value_loss           | 0.0023      |
-----------------------------------------
------------------------------------------
| rollout/                |              |
|    ep_len_mean          | 118          |
|    ep_rew_mean          | -0.776       |
| time/                   |              |
|    fps                  | 90           |
|    iterations           | 194          |
|    time_elapsed         | 547          |
|    total_timesteps      | 169984       |
| train/                  |              |
|    approx_kl            | 0.0062893406 |
|    clip_fraction        | 0.0813       |
|    clip_range           | 0.2          |
|    entropy_loss         | -2.69        |
|    explained_variance   | -0.000226    |
|    learning_rate        | 0.0003       |
|    loss                 | -0.0356      |
|    n_updates            | 6630         |
|    policy_gradient_loss | -0.00528     |
|    std                  | 0.929        |
|    value_loss           | 0.00252      |
------------------------------------------
------------------------------------------
| rollout/                |              |
|    ep_len_mean          | 118          |
|    ep_rew_mean          | -0.778       |
| time/                   |              |
|    fps                  | 90           |
|    iterations           | 195          |
|    time_elapsed         | 550          |
|    total_timesteps      | 170240       |
| train/                  |              |
|    approx_kl            | 0.0026372566 |
|    clip_fraction        | 0.0512       |
|    clip_range           | 0.2          |
|    entropy_loss         | -2.69        |
|    explained_variance   | 0.00112      |
|    learning_rate        | 0.0003       |
|    loss                 | -0.0351      |
|    n_updates            | 6640         |
|    policy_gradient_loss | -0.00384     |
|    std                  | 0.934        |
|    value_loss           | 0.00272      |
------------------------------------------
-----------------------------------------
| rollout/                |             |
|    ep_len_mean          | 118         |
|    ep_rew_mean          | -0.776      |
| time/                   |             |
|    fps                  | 90          |
|    iterations           | 196         |
|    time_elapsed         | 553         |
|    total_timesteps      | 170496      |
| train/                  |             |
|    approx_kl            | 0.004828601 |
|    clip_fraction        | 0.0992      |
|    clip_range           | 0.2         |
|    entropy_loss         | -2.7        |
|    explained_variance   | -0.00257    |
|    learning_rate        | 0.0003      |
|    loss                 | -0.0406     |
|    n_updates            | 6650        |
|    policy_gradient_loss | -0.0103     |
|    std                  | 0.935       |
|    value_loss           | 0.00263     |
-----------------------------------------
-----------------------------------------
| rollout/                |             |
|    ep_len_mean          | 118         |
|    ep_rew_mean          | -0.775      |
| time/                   |             |
|    fps                  | 90          |
|    iterations           | 197         |
|    time_elapsed         | 555         |
|    total_timesteps      | 170752      |
| train/                  |             |
|    approx_kl            | 0.007812543 |
|    clip_fraction        | 0.103       |
|    clip_range           | 0.2         |
|    entropy_loss         | -2.7        |
|    explained_variance   | -0.000625   |
|    learning_rate        | 0.0003      |
|    loss                 | -0.0452     |
|    n_updates            | 6660        |
|    policy_gradient_loss | -0.0112     |
|    std                  | 0.936       |
|    value_loss           | 0.0028      |
-----------------------------------------
-----------------------------------------
| rollout/                |             |
|    ep_len_mean          | 118         |
|    ep_rew_mean          | -0.773      |
| time/                   |             |
|    fps                  | 90          |
|    iterations           | 198         |
|    time_elapsed         | 558         |
|    total_timesteps      | 171008      |
| train/                  |             |
|    approx_kl            | 0.005072623 |
|    clip_fraction        | 0.0586      |
|    clip_range           | 0.2         |
|    entropy_loss         | -2.7        |
|    explained_variance   | -0.00276    |
|    learning_rate        | 0.0003      |
|    loss                 | -0.0362     |
|    n_updates            | 6670        |
|    policy_gradient_loss | -0.00698    |
|    std                  | 0.933       |
|    value_loss           | 0.00298     |
-----------------------------------------
------------------------------------------
| rollout/                |              |
|    ep_len_mean          | 118          |
|    ep_rew_mean          | -0.77        |
| time/                   |              |
|    fps                  | 90           |
|    iterations           | 199          |
|    time_elapsed         | 560          |
|    total_timesteps      | 171264       |
| train/                  |              |
|    approx_kl            | 0.0045111226 |
|    clip_fraction        | 0.0367       |
|    clip_range           | 0.2          |
|    entropy_loss         | -2.69        |
|    explained_variance   | 0.000262     |
|    learning_rate        | 0.0003       |
|    loss                 | -0.0409      |
|    n_updates            | 6680         |
|    policy_gradient_loss | -0.0029      |
|    std                  | 0.928        |
|    value_loss           | 0.00271      |
------------------------------------------
------------------------------------------
| rollout/                |              |
|    ep_len_mean          | 118          |
|    ep_rew_mean          | -0.768       |
| time/                   |              |
|    fps                  | 90           |
|    iterations           | 200          |
|    time_elapsed         | 563          |
|    total_timesteps      | 171520       |
| train/                  |              |
|    approx_kl            | 0.0044928268 |
|    clip_fraction        | 0.0441       |
|    clip_range           | 0.2          |
|    entropy_loss         | -2.69        |
|    explained_variance   | 0.000337     |
|    learning_rate        | 0.0003       |
|    loss                 | -0.0251      |
|    n_updates            | 6690         |
|    policy_gradient_loss | -0.00468     |
|    std                  | 0.933        |
|    value_loss           | 0.00278      |
------------------------------------------
-----------------------------------------
| rollout/                |             |
|    ep_len_mean          | 118         |
|    ep_rew_mean          | -0.767      |
| time/                   |             |
|    fps                  | 90          |
|    iterations           | 201         |
|    time_elapsed         | 566         |
|    total_timesteps      | 171776      |
| train/                  |             |
|    approx_kl            | 0.003977881 |
|    clip_fraction        | 0.0262      |
|    clip_range           | 0.2         |
|    entropy_loss         | -2.7        |
|    explained_variance   | 0.000456    |
|    learning_rate        | 0.0003      |
|    loss                 | -0.031      |
|    n_updates            | 6700        |
|    policy_gradient_loss | -0.00341    |
|    std                  | 0.936       |
|    value_loss           | 0.00275     |
-----------------------------------------
------------------------------------------
| rollout/                |              |
|    ep_len_mean          | 118          |
|    ep_rew_mean          | -0.766       |
| time/                   |              |
|    fps                  | 90           |
|    iterations           | 202          |
|    time_elapsed         | 568          |
|    total_timesteps      | 172032       |
| train/                  |              |
|    approx_kl            | 0.0047875755 |
|    clip_fraction        | 0.0727       |
|    clip_range           | 0.2          |
|    entropy_loss         | -2.71        |
|    explained_variance   | -0.000453    |
|    learning_rate        | 0.0003       |
|    loss                 | -0.0348      |
|    n_updates            | 6710         |
|    policy_gradient_loss | -0.0062      |
|    std                  | 0.936        |
|    value_loss           | 0.00295      |
------------------------------------------
------------------------------------------
| rollout/                |              |
|    ep_len_mean          | 116          |
|    ep_rew_mean          | -0.558       |
| time/                   |              |
|    fps                  | 90           |
|    iterations           | 203          |
|    time_elapsed         | 573          |
|    total_timesteps      | 172288       |
| train/                  |              |
|    approx_kl            | 0.0036638172 |
|    clip_fraction        | 0.023        |
|    clip_range           | 0.2          |
|    entropy_loss         | -2.71        |
|    explained_variance   | -7.39e-06    |
|    learning_rate        | 0.0003       |
|    loss                 | -0.0228      |
|    n_updates            | 6720         |
|    policy_gradient_loss | -0.0013      |
|    std                  | 0.94         |
|    value_loss           | 0.00249      |
------------------------------------------
-----------------------------------------
| rollout/                |             |
|    ep_len_mean          | 116         |
|    ep_rew_mean          | -0.557      |
| time/                   |             |
|    fps                  | 90          |
|    iterations           | 204         |
|    time_elapsed         | 576         |
|    total_timesteps      | 172544      |
| train/                  |             |
|    approx_kl            | 0.007468418 |
|    clip_fraction        | 0.0605      |
|    clip_range           | 0.2         |
|    entropy_loss         | -2.71       |
|    explained_variance   | 5.13e-06    |
|    learning_rate        | 0.0003      |
|    loss                 | -0.039      |
|    n_updates            | 6730        |
|    policy_gradient_loss | -0.00513    |
|    std                  | 0.94        |
|    value_loss           | 1.72        |
-----------------------------------------
----------------------------------------
| rollout/                |            |
|    ep_len_mean          | 116        |
|    ep_rew_mean          | -0.558     |
| time/                   |            |
|    fps                  | 90         |
|    iterations           | 205        |
|    time_elapsed         | 578        |
|    total_timesteps      | 172800     |
| train/                  |            |
|    approx_kl            | 0.00508284 |
|    clip_fraction        | 0.0602     |
|    clip_range           | 0.2        |
|    entropy_loss         | -2.71      |
|    explained_variance   | 0.000244   |
|    learning_rate        | 0.0003     |
|    loss                 | -0.0341    |
|    n_updates            | 6740       |
|    policy_gradient_loss | -0.00563   |
|    std                  | 0.939      |
|    value_loss           | 0.00313    |
----------------------------------------
------------------------------------------
| rollout/                |              |
|    ep_len_mean          | 116          |
|    ep_rew_mean          | -0.56        |
| time/                   |              |
|    fps                  | 90           |
|    iterations           | 206          |
|    time_elapsed         | 581          |
|    total_timesteps      | 173056       |
| train/                  |              |
|    approx_kl            | 0.0041129217 |
|    clip_fraction        | 0.027        |
|    clip_range           | 0.2          |
|    entropy_loss         | -2.71        |
|    explained_variance   | -0.000313    |
|    learning_rate        | 0.0003       |
|    loss                 | -0.0215      |
|    n_updates            | 6750         |
|    policy_gradient_loss | -0.00446     |
|    std                  | 0.939        |
|    value_loss           | 0.00278      |
------------------------------------------
-----------------------------------------
| rollout/                |             |
|    ep_len_mean          | 116         |
|    ep_rew_mean          | -0.56       |
| time/                   |             |
|    fps                  | 90          |
|    iterations           | 207         |
|    time_elapsed         | 583         |
|    total_timesteps      | 173312      |
| train/                  |             |
|    approx_kl            | 0.005056341 |
|    clip_fraction        | 0.0828      |
|    clip_range           | 0.2         |
|    entropy_loss         | -2.71       |
|    explained_variance   | 0.00164     |
|    learning_rate        | 0.0003      |
|    loss                 | -0.0347     |
|    n_updates            | 6760        |
|    policy_gradient_loss | -0.00672    |
|    std                  | 0.937       |
|    value_loss           | 0.00275     |
-----------------------------------------
-----------------------------------------
| rollout/                |             |
|    ep_len_mean          | 116         |
|    ep_rew_mean          | -0.56       |
| time/                   |             |
|    fps                  | 90          |
|    iterations           | 208         |
|    time_elapsed         | 586         |
|    total_timesteps      | 173568      |
| train/                  |             |
|    approx_kl            | 0.004410878 |
|    clip_fraction        | 0.0332      |
|    clip_range           | 0.2         |
|    entropy_loss         | -2.71       |
|    explained_variance   | -0.000489   |
|    learning_rate        | 0.0003      |
|    loss                 | -0.0238     |
|    n_updates            | 6770        |
|    policy_gradient_loss | -0.00361    |
|    std                  | 0.94        |
|    value_loss           | 0.00264     |
-----------------------------------------
-----------------------------------------
| rollout/                |             |
|    ep_len_mean          | 116         |
|    ep_rew_mean          | -0.562      |
| time/                   |             |
|    fps                  | 90          |
|    iterations           | 209         |
|    time_elapsed         | 589         |
|    total_timesteps      | 173824      |
| train/                  |             |
|    approx_kl            | 0.003816763 |
|    clip_fraction        | 0.0895      |
|    clip_range           | 0.2         |
|    entropy_loss         | -2.72       |
|    explained_variance   | -0.000235   |
|    learning_rate        | 0.0003      |
|    loss                 | -0.0385     |
|    n_updates            | 6780        |
|    policy_gradient_loss | -0.00718    |
|    std                  | 0.942       |
|    value_loss           | 0.00253     |
-----------------------------------------
------------------------------------------
| rollout/                |              |
|    ep_len_mean          | 116          |
|    ep_rew_mean          | -0.563       |
| time/                   |              |
|    fps                  | 90           |
|    iterations           | 210          |
|    time_elapsed         | 591          |
|    total_timesteps      | 174080       |
| train/                  |              |
|    approx_kl            | 0.0035125841 |
|    clip_fraction        | 0.0129       |
|    clip_range           | 0.2          |
|    entropy_loss         | -2.72        |
|    explained_variance   | -0.000299    |
|    learning_rate        | 0.0003       |
|    loss                 | -0.016       |
|    n_updates            | 6790         |
|    policy_gradient_loss | -0.0012      |
|    std                  | 0.943        |
|    value_loss           | 0.00239      |
------------------------------------------
------------------------------------------
| rollout/                |              |
|    ep_len_mean          | 116          |
|    ep_rew_mean          | -0.562       |
| time/                   |              |
|    fps                  | 90           |
|    iterations           | 211          |
|    time_elapsed         | 594          |
|    total_timesteps      | 174336       |
| train/                  |              |
|    approx_kl            | 0.0042729722 |
|    clip_fraction        | 0.0367       |
|    clip_range           | 0.2          |
|    entropy_loss         | -2.72        |
|    explained_variance   | -0.00164     |
|    learning_rate        | 0.0003       |
|    loss                 | -0.0214      |
|    n_updates            | 6800         |
|    policy_gradient_loss | -0.00535     |
|    std                  | 0.943        |
|    value_loss           | 0.00249      |
------------------------------------------
-----------------------------------------
| rollout/                |             |
|    ep_len_mean          | 116         |
|    ep_rew_mean          | -0.561      |
| time/                   |             |
|    fps                  | 90          |
|    iterations           | 212         |
|    time_elapsed         | 597         |
|    total_timesteps      | 174592      |
| train/                  |             |
|    approx_kl            | 0.006380574 |
|    clip_fraction        | 0.0176      |
|    clip_range           | 0.2         |
|    entropy_loss         | -2.72       |
|    explained_variance   | 0.000295    |
|    learning_rate        | 0.0003      |
|    loss                 | -0.0266     |
|    n_updates            | 6810        |
|    policy_gradient_loss | -0.000858   |
|    std                  | 0.943       |
|    value_loss           | 0.00255     |
-----------------------------------------
-----------------------------------------
| rollout/                |             |
|    ep_len_mean          | 115         |
|    ep_rew_mean          | -0.349      |
| time/                   |             |
|    fps                  | 90          |
|    iterations           | 213         |
|    time_elapsed         | 600         |
|    total_timesteps      | 174848      |
| train/                  |             |
|    approx_kl            | 0.002899855 |
|    clip_fraction        | 0.0242      |
|    clip_range           | 0.2         |
|    entropy_loss         | -2.72       |
|    explained_variance   | -9.54e-07   |
|    learning_rate        | 0.0003      |
|    loss                 | 3.39        |
|    n_updates            | 6820        |
|    policy_gradient_loss | -0.000399   |
|    std                  | 0.945       |
|    value_loss           | 1.72        |
-----------------------------------------
------------------------------------------
| rollout/                |              |
|    ep_len_mean          | 115          |
|    ep_rew_mean          | -0.349       |
| time/                   |              |
|    fps                  | 90           |
|    iterations           | 214          |
|    time_elapsed         | 604          |
|    total_timesteps      | 175104       |
| train/                  |              |
|    approx_kl            | 0.0028111537 |
|    clip_fraction        | 0.0422       |
|    clip_range           | 0.2          |
|    entropy_loss         | -2.73        |
|    explained_variance   | 2.32e-06     |
|    learning_rate        | 0.0003       |
|    loss                 | -0.0357      |
|    n_updates            | 6830         |
|    policy_gradient_loss | -0.00385     |
|    std                  | 0.95         |
|    value_loss           | 1.71         |
------------------------------------------
------------------------------------------
| rollout/                |              |
|    ep_len_mean          | 115          |
|    ep_rew_mean          | -0.349       |
| time/                   |              |
|    fps                  | 90           |
|    iterations           | 215          |
|    time_elapsed         | 607          |
|    total_timesteps      | 175360       |
| train/                  |              |
|    approx_kl            | 0.0076405527 |
|    clip_fraction        | 0.113        |
|    clip_range           | 0.2          |
|    entropy_loss         | -2.74        |
|    explained_variance   | 0.00119      |
|    learning_rate        | 0.0003       |
|    loss                 | -0.0441      |
|    n_updates            | 6840         |
|    policy_gradient_loss | -0.0125      |
|    std                  | 0.953        |
|    value_loss           | 0.00295      |
------------------------------------------
------------------------------------------
| rollout/                |              |
|    ep_len_mean          | 115          |
|    ep_rew_mean          | -0.35        |
| time/                   |              |
|    fps                  | 90           |
|    iterations           | 216          |
|    time_elapsed         | 612          |
|    total_timesteps      | 175616       |
| train/                  |              |
|    approx_kl            | 0.0060447343 |
|    clip_fraction        | 0.0684       |
|    clip_range           | 0.2          |
|    entropy_loss         | -2.74        |
|    explained_variance   | -0.00181     |
|    learning_rate        | 0.0003       |
|    loss                 | -0.0148      |
|    n_updates            | 6850         |
|    policy_gradient_loss | -0.00599     |
|    std                  | 0.951        |
|    value_loss           | 0.00288      |
------------------------------------------
----------------------------------------
| rollout/                |            |
|    ep_len_mean          | 115        |
|    ep_rew_mean          | -0.349     |
| time/                   |            |
|    fps                  | 90         |
|    iterations           | 217        |
|    time_elapsed         | 614        |
|    total_timesteps      | 175872     |
| train/                  |            |
|    approx_kl            | 0.00824698 |
|    clip_fraction        | 0.14       |
|    clip_range           | 0.2        |
|    entropy_loss         | -2.74      |
|    explained_variance   | -0.00154   |
|    learning_rate        | 0.0003     |
|    loss                 | -0.0331    |
|    n_updates            | 6860       |
|    policy_gradient_loss | -0.0133    |
|    std                  | 0.951      |
|    value_loss           | 0.00289    |
----------------------------------------
------------------------------------------
| rollout/                |              |
|    ep_len_mean          | 115          |
|    ep_rew_mean          | -0.351       |
| time/                   |              |
|    fps                  | 90           |
|    iterations           | 218          |
|    time_elapsed         | 617          |
|    total_timesteps      | 176128       |
| train/                  |              |
|    approx_kl            | 0.0052309516 |
|    clip_fraction        | 0.059        |
|    clip_range           | 0.2          |
|    entropy_loss         | -2.74        |
|    explained_variance   | 0.000529     |
|    learning_rate        | 0.0003       |
|    loss                 | -0.0399      |
|    n_updates            | 6870         |
|    policy_gradient_loss | -0.00495     |
|    std                  | 0.953        |
|    value_loss           | 0.00291      |
------------------------------------------
------------------------------------------
| rollout/                |              |
|    ep_len_mean          | 115          |
|    ep_rew_mean          | -0.35        |
| time/                   |              |
|    fps                  | 90           |
|    iterations           | 219          |
|    time_elapsed         | 619          |
|    total_timesteps      | 176384       |
| train/                  |              |
|    approx_kl            | 0.0042212466 |
|    clip_fraction        | 0.0422       |
|    clip_range           | 0.2          |
|    entropy_loss         | -2.74        |
|    explained_variance   | -0.000728    |
|    learning_rate        | 0.0003       |
|    loss                 | -0.0233      |
|    n_updates            | 6880         |
|    policy_gradient_loss | -0.0021      |
|    std                  | 0.951        |
|    value_loss           | 0.00289      |
------------------------------------------
------------------------------------------
| rollout/                |              |
|    ep_len_mean          | 115          |
|    ep_rew_mean          | -0.35        |
| time/                   |              |
|    fps                  | 90           |
|    iterations           | 220          |
|    time_elapsed         | 622          |
|    total_timesteps      | 176640       |
| train/                  |              |
|    approx_kl            | 0.0058396016 |
|    clip_fraction        | 0.0223       |
|    clip_range           | 0.2          |
|    entropy_loss         | -2.74        |
|    explained_variance   | 0.000959     |
|    learning_rate        | 0.0003       |
|    loss                 | -0.0535      |
|    n_updates            | 6890         |
|    policy_gradient_loss | -0.00162     |
|    std                  | 0.953        |
|    value_loss           | 0.00298      |
------------------------------------------
------------------------------------------
| rollout/                |              |
|    ep_len_mean          | 115          |
|    ep_rew_mean          | -0.35        |
| time/                   |              |
|    fps                  | 90           |
|    iterations           | 221          |
|    time_elapsed         | 626          |
|    total_timesteps      | 176896       |
| train/                  |              |
|    approx_kl            | 0.0056407447 |
|    clip_fraction        | 0.0641       |
|    clip_range           | 0.2          |
|    entropy_loss         | -2.74        |
|    explained_variance   | 0.000516     |
|    learning_rate        | 0.0003       |
|    loss                 | -0.0438      |
|    n_updates            | 6900         |
|    policy_gradient_loss | -0.00527     |
|    std                  | 0.95         |
|    value_loss           | 0.00264      |
------------------------------------------
------------------------------------------
| rollout/                |              |
|    ep_len_mean          | 116          |
|    ep_rew_mean          | -0.563       |
| time/                   |              |
|    fps                  | 90           |
|    iterations           | 222          |
|    time_elapsed         | 629          |
|    total_timesteps      | 177152       |
| train/                  |              |
|    approx_kl            | 0.0046550743 |
|    clip_fraction        | 0.0496       |
|    clip_range           | 0.2          |
|    entropy_loss         | -2.73        |
|    explained_variance   | -6.2e-06     |
|    learning_rate        | 0.0003       |
|    loss                 | -0.0447      |
|    n_updates            | 6910         |
|    policy_gradient_loss | -0.00309     |
|    std                  | 0.946        |
|    value_loss           | 0.00277      |
------------------------------------------
-----------------------------------------
| rollout/                |             |
|    ep_len_mean          | 116         |
|    ep_rew_mean          | -0.565      |
| time/                   |             |
|    fps                  | 90          |
|    iterations           | 223         |
|    time_elapsed         | 632         |
|    total_timesteps      | 177408      |
| train/                  |             |
|    approx_kl            | 0.006737166 |
|    clip_fraction        | 0.0973      |
|    clip_range           | 0.2         |
|    entropy_loss         | -2.72       |
|    explained_variance   | 3.64e-06    |
|    learning_rate        | 0.0003      |
|    loss                 | -0.0463     |
|    n_updates            | 6920        |
|    policy_gradient_loss | -0.00749    |
|    std                  | 0.941       |
|    value_loss           | 0.00269     |
-----------------------------------------
-----------------------------------------
| rollout/                |             |
|    ep_len_mean          | 116         |
|    ep_rew_mean          | -0.565      |
| time/                   |             |
|    fps                  | 90          |
|    iterations           | 224         |
|    time_elapsed         | 635         |
|    total_timesteps      | 177664      |
| train/                  |             |
|    approx_kl            | 0.005720328 |
|    clip_fraction        | 0.0488      |
|    clip_range           | 0.2         |
|    entropy_loss         | -2.71       |
|    explained_variance   | 0.000321    |
|    learning_rate        | 0.0003      |
|    loss                 | -0.0302     |
|    n_updates            | 6930        |
|    policy_gradient_loss | -0.00663    |
|    std                  | 0.938       |
|    value_loss           | 0.00265     |
-----------------------------------------
-----------------------------------------
| rollout/                |             |
|    ep_len_mean          | 116         |
|    ep_rew_mean          | -0.564      |
| time/                   |             |
|    fps                  | 90          |
|    iterations           | 225         |
|    time_elapsed         | 637         |
|    total_timesteps      | 177920      |
| train/                  |             |
|    approx_kl            | 0.003658678 |
|    clip_fraction        | 0.0477      |
|    clip_range           | 0.2         |
|    entropy_loss         | -2.71       |
|    explained_variance   | 0.000365    |
|    learning_rate        | 0.0003      |
|    loss                 | -0.0344     |
|    n_updates            | 6940        |
|    policy_gradient_loss | -0.00421    |
|    std                  | 0.937       |
|    value_loss           | 0.00228     |
-----------------------------------------
-----------------------------------------
| rollout/                |             |
|    ep_len_mean          | 116         |
|    ep_rew_mean          | -0.564      |
| time/                   |             |
|    fps                  | 90          |
|    iterations           | 226         |
|    time_elapsed         | 640         |
|    total_timesteps      | 178176      |
| train/                  |             |
|    approx_kl            | 0.009596096 |
|    clip_fraction        | 0.137       |
|    clip_range           | 0.2         |
|    entropy_loss         | -2.71       |
|    explained_variance   | -0.000319   |
|    learning_rate        | 0.0003      |
|    loss                 | -0.0522     |
|    n_updates            | 6950        |
|    policy_gradient_loss | -0.0137     |
|    std                  | 0.937       |
|    value_loss           | 0.00256     |
-----------------------------------------
-----------------------------------------
| rollout/                |             |
|    ep_len_mean          | 116         |
|    ep_rew_mean          | -0.565      |
| time/                   |             |
|    fps                  | 90          |
|    iterations           | 227         |
|    time_elapsed         | 642         |
|    total_timesteps      | 178432      |
| train/                  |             |
|    approx_kl            | 0.005635149 |
|    clip_fraction        | 0.0617      |
|    clip_range           | 0.2         |
|    entropy_loss         | -2.71       |
|    explained_variance   | 0.000511    |
|    learning_rate        | 0.0003      |
|    loss                 | -0.0529     |
|    n_updates            | 6960        |
|    policy_gradient_loss | -0.0064     |
|    std                  | 0.938       |
|    value_loss           | 0.00268     |
-----------------------------------------
-----------------------------------------
| rollout/                |             |
|    ep_len_mean          | 116         |
|    ep_rew_mean          | -0.565      |
| time/                   |             |
|    fps                  | 90          |
|    iterations           | 228         |
|    time_elapsed         | 645         |
|    total_timesteps      | 178688      |
| train/                  |             |
|    approx_kl            | 0.005206529 |
|    clip_fraction        | 0.0293      |
|    clip_range           | 0.2         |
|    entropy_loss         | -2.71       |
|    explained_variance   | 0.00158     |
|    learning_rate        | 0.0003      |
|    loss                 | -0.0253     |
|    n_updates            | 6970        |
|    policy_gradient_loss | -0.00331    |
|    std                  | 0.934       |
|    value_loss           | 0.00284     |
-----------------------------------------
-----------------------------------------
| rollout/                |             |
|    ep_len_mean          | 116         |
|    ep_rew_mean          | -0.565      |
| time/                   |             |
|    fps                  | 90          |
|    iterations           | 229         |
|    time_elapsed         | 647         |
|    total_timesteps      | 178944      |
| train/                  |             |
|    approx_kl            | 0.005684052 |
|    clip_fraction        | 0.0477      |
|    clip_range           | 0.2         |
|    entropy_loss         | -2.7        |
|    explained_variance   | -0.00164    |
|    learning_rate        | 0.0003      |
|    loss                 | -0.0421     |
|    n_updates            | 6980        |
|    policy_gradient_loss | -0.00315    |
|    std                  | 0.931       |
|    value_loss           | 0.0027      |
-----------------------------------------
------------------------------------------
| rollout/                |              |
|    ep_len_mean          | 116          |
|    ep_rew_mean          | -0.565       |
| time/                   |              |
|    fps                  | 90           |
|    iterations           | 230          |
|    time_elapsed         | 652          |
|    total_timesteps      | 179200       |
| train/                  |              |
|    approx_kl            | 0.0066019557 |
|    clip_fraction        | 0.0648       |
|    clip_range           | 0.2          |
|    entropy_loss         | -2.7         |
|    explained_variance   | 0.00146      |
|    learning_rate        | 0.0003       |
|    loss                 | -0.0392      |
|    n_updates            | 6990         |
|    policy_gradient_loss | -0.00566     |
|    std                  | 0.933        |
|    value_loss           | 0.00254      |
------------------------------------------
------------------------------------------
| rollout/                |              |
|    ep_len_mean          | 116          |
|    ep_rew_mean          | -0.564       |
| time/                   |              |
|    fps                  | 90           |
|    iterations           | 231          |
|    time_elapsed         | 655          |
|    total_timesteps      | 179456       |
| train/                  |              |
|    approx_kl            | 0.0048275096 |
|    clip_fraction        | 0.0105       |
|    clip_range           | 0.2          |
|    entropy_loss         | -2.7         |
|    explained_variance   | 0.000792     |
|    learning_rate        | 0.0003       |
|    loss                 | -0.0223      |
|    n_updates            | 7000         |
|    policy_gradient_loss | -0.000642    |
|    std                  | 0.931        |
|    value_loss           | 0.00274      |
------------------------------------------
-----------------------------------------
| rollout/                |             |
|    ep_len_mean          | 116         |
|    ep_rew_mean          | -0.564      |
| time/                   |             |
|    fps                  | 90          |
|    iterations           | 232         |
|    time_elapsed         | 657         |
|    total_timesteps      | 179712      |
| train/                  |             |
|    approx_kl            | 0.005912655 |
|    clip_fraction        | 0.0602      |
|    clip_range           | 0.2         |
|    entropy_loss         | -2.69       |
|    explained_variance   | 0.000892    |
|    learning_rate        | 0.0003      |
|    loss                 | -0.0469     |
|    n_updates            | 7010        |
|    policy_gradient_loss | -0.00451    |
|    std                  | 0.932       |
|    value_loss           | 0.00287     |
-----------------------------------------
------------------------------------------
| rollout/                |              |
|    ep_len_mean          | 116          |
|    ep_rew_mean          | -0.565       |
| time/                   |              |
|    fps                  | 90           |
|    iterations           | 233          |
|    time_elapsed         | 660          |
|    total_timesteps      | 179968       |
| train/                  |              |
|    approx_kl            | 0.0073799426 |
|    clip_fraction        | 0.0684       |
|    clip_range           | 0.2          |
|    entropy_loss         | -2.69        |
|    explained_variance   | -0.00354     |
|    learning_rate        | 0.0003       |
|    loss                 | -0.0241      |
|    n_updates            | 7020         |
|    policy_gradient_loss | -0.00563     |
|    std                  | 0.93         |
|    value_loss           | 0.00272      |
------------------------------------------
------------------------------------------
| rollout/                |              |
|    ep_len_mean          | 116          |
|    ep_rew_mean          | -0.564       |
| time/                   |              |
|    fps                  | 90           |
|    iterations           | 234          |
|    time_elapsed         | 662          |
|    total_timesteps      | 180224       |
| train/                  |              |
|    approx_kl            | 0.0066666957 |
|    clip_fraction        | 0.066        |
|    clip_range           | 0.2          |
|    entropy_loss         | -2.69        |
|    explained_variance   | 0.00257      |
|    learning_rate        | 0.0003       |
|    loss                 | -0.0175      |
|    n_updates            | 7030         |
|    policy_gradient_loss | -0.00475     |
|    std                  | 0.927        |
|    value_loss           | 0.0027       |
------------------------------------------
------------------------------------------
| rollout/                |              |
|    ep_len_mean          | 116          |
|    ep_rew_mean          | -0.564       |
| time/                   |              |
|    fps                  | 90           |
|    iterations           | 235          |
|    time_elapsed         | 667          |
|    total_timesteps      | 180480       |
| train/                  |              |
|    approx_kl            | 0.0041102115 |
|    clip_fraction        | 0.0246       |
|    clip_range           | 0.2          |
|    entropy_loss         | -2.69        |
|    explained_variance   | 0.000129     |
|    learning_rate        | 0.0003       |
|    loss                 | -0.0343      |
|    n_updates            | 7040         |
|    policy_gradient_loss | -0.00223     |
|    std                  | 0.928        |
|    value_loss           | 0.00277      |
------------------------------------------
------------------------------------------
| rollout/                |              |
|    ep_len_mean          | 116          |
|    ep_rew_mean          | -0.565       |
| time/                   |              |
|    fps                  | 90           |
|    iterations           | 236          |
|    time_elapsed         | 670          |
|    total_timesteps      | 180736       |
| train/                  |              |
|    approx_kl            | 0.0055478364 |
|    clip_fraction        | 0.0773       |
|    clip_range           | 0.2          |
|    entropy_loss         | -2.69        |
|    explained_variance   | 0.000872     |
|    learning_rate        | 0.0003       |
|    loss                 | -0.0149      |
|    n_updates            | 7050         |
|    policy_gradient_loss | -0.00558     |
|    std                  | 0.928        |
|    value_loss           | 0.00271      |
------------------------------------------
------------------------------------------
| rollout/                |              |
|    ep_len_mean          | 116          |
|    ep_rew_mean          | -0.565       |
| time/                   |              |
|    fps                  | 90           |
|    iterations           | 237          |
|    time_elapsed         | 672          |
|    total_timesteps      | 180992       |
| train/                  |              |
|    approx_kl            | 0.0057983664 |
|    clip_fraction        | 0.109        |
|    clip_range           | 0.2          |
|    entropy_loss         | -2.69        |
|    explained_variance   | 0.000712     |
|    learning_rate        | 0.0003       |
|    loss                 | -0.0534      |
|    n_updates            | 7060         |
|    policy_gradient_loss | -0.011       |
|    std                  | 0.925        |
|    value_loss           | 0.0026       |
------------------------------------------
------------------------------------------
| rollout/                |              |
|    ep_len_mean          | 116          |
|    ep_rew_mean          | -0.564       |
| time/                   |              |
|    fps                  | 90           |
|    iterations           | 238          |
|    time_elapsed         | 675          |
|    total_timesteps      | 181248       |
| train/                  |              |
|    approx_kl            | 0.0066816416 |
|    clip_fraction        | 0.0719       |
|    clip_range           | 0.2          |
|    entropy_loss         | -2.67        |
|    explained_variance   | 0.0012       |
|    learning_rate        | 0.0003       |
|    loss                 | -0.0217      |
|    n_updates            | 7070         |
|    policy_gradient_loss | -0.00991     |
|    std                  | 0.92         |
|    value_loss           | 0.00262      |
------------------------------------------
------------------------------------------
| rollout/                |              |
|    ep_len_mean          | 116          |
|    ep_rew_mean          | -0.566       |
| time/                   |              |
|    fps                  | 90           |
|    iterations           | 239          |
|    time_elapsed         | 678          |
|    total_timesteps      | 181504       |
| train/                  |              |
|    approx_kl            | 0.0037309735 |
|    clip_fraction        | 0.0473       |
|    clip_range           | 0.2          |
|    entropy_loss         | -2.67        |
|    explained_variance   | 0.000597     |
|    learning_rate        | 0.0003       |
|    loss                 | -0.0323      |
|    n_updates            | 7080         |
|    policy_gradient_loss | -0.00441     |
|    std                  | 0.917        |
|    value_loss           | 0.00277      |
------------------------------------------
------------------------------------------
| rollout/                |              |
|    ep_len_mean          | 116          |
|    ep_rew_mean          | -0.565       |
| time/                   |              |
|    fps                  | 90           |
|    iterations           | 240          |
|    time_elapsed         | 680          |
|    total_timesteps      | 181760       |
| train/                  |              |
|    approx_kl            | 0.0071284007 |
|    clip_fraction        | 0.131        |
|    clip_range           | 0.2          |
|    entropy_loss         | -2.67        |
|    explained_variance   | -0.000366    |
|    learning_rate        | 0.0003       |
|    loss                 | -0.0406      |
|    n_updates            | 7090         |
|    policy_gradient_loss | -0.0109      |
|    std                  | 0.921        |
|    value_loss           | 0.00282      |
------------------------------------------
-----------------------------------------
| rollout/                |             |
|    ep_len_mean          | 116         |
|    ep_rew_mean          | -0.566      |
| time/                   |             |
|    fps                  | 90          |
|    iterations           | 241         |
|    time_elapsed         | 683         |
|    total_timesteps      | 182016      |
| train/                  |             |
|    approx_kl            | 0.009853154 |
|    clip_fraction        | 0.122       |
|    clip_range           | 0.2         |
|    entropy_loss         | -2.68       |
|    explained_variance   | 0.00214     |
|    learning_rate        | 0.0003      |
|    loss                 | -0.0515     |
|    n_updates            | 7100        |
|    policy_gradient_loss | -0.0132     |
|    std                  | 0.923       |
|    value_loss           | 0.00272     |
-----------------------------------------
------------------------------------------
| rollout/                |              |
|    ep_len_mean          | 116          |
|    ep_rew_mean          | -0.568       |
| time/                   |              |
|    fps                  | 90           |
|    iterations           | 242          |
|    time_elapsed         | 686          |
|    total_timesteps      | 182272       |
| train/                  |              |
|    approx_kl            | 0.0027777096 |
|    clip_fraction        | 0.0422       |
|    clip_range           | 0.2          |
|    entropy_loss         | -2.67        |
|    explained_variance   | 0.00247      |
|    learning_rate        | 0.0003       |
|    loss                 | -0.0201      |
|    n_updates            | 7110         |
|    policy_gradient_loss | -0.00411     |
|    std                  | 0.918        |
|    value_loss           | 0.00304      |
------------------------------------------
------------------------------------------
| rollout/                |              |
|    ep_len_mean          | 116          |
|    ep_rew_mean          | -0.567       |
| time/                   |              |
|    fps                  | 90           |
|    iterations           | 243          |
|    time_elapsed         | 688          |
|    total_timesteps      | 182528       |
| train/                  |              |
|    approx_kl            | 0.0053877523 |
|    clip_fraction        | 0.0496       |
|    clip_range           | 0.2          |
|    entropy_loss         | -2.67        |
|    explained_variance   | 9.7e-05      |
|    learning_rate        | 0.0003       |
|    loss                 | -0.0269      |
|    n_updates            | 7120         |
|    policy_gradient_loss | -0.0052      |
|    std                  | 0.92         |
|    value_loss           | 0.00289      |
------------------------------------------
------------------------------------------
| rollout/                |              |
|    ep_len_mean          | 116          |
|    ep_rew_mean          | -0.566       |
| time/                   |              |
|    fps                  | 90           |
|    iterations           | 244          |
|    time_elapsed         | 691          |
|    total_timesteps      | 182784       |
| train/                  |              |
|    approx_kl            | 0.0051999274 |
|    clip_fraction        | 0.0477       |
|    clip_range           | 0.2          |
|    entropy_loss         | -2.67        |
|    explained_variance   | 0.00489      |
|    learning_rate        | 0.0003       |
|    loss                 | -0.0469      |
|    n_updates            | 7130         |
|    policy_gradient_loss | -0.00272     |
|    std                  | 0.921        |
|    value_loss           | 0.0029       |
------------------------------------------
------------------------------------------
| rollout/                |              |
|    ep_len_mean          | 116          |
|    ep_rew_mean          | -0.566       |
| time/                   |              |
|    fps                  | 90           |
|    iterations           | 245          |
|    time_elapsed         | 694          |
|    total_timesteps      | 183040       |
| train/                  |              |
|    approx_kl            | 0.0026224062 |
|    clip_fraction        | 0.0316       |
|    clip_range           | 0.2          |
|    entropy_loss         | -2.67        |
|    explained_variance   | -0.0095      |
|    learning_rate        | 0.0003       |
|    loss                 | -0.0201      |
|    n_updates            | 7140         |
|    policy_gradient_loss | -0.00294     |
|    std                  | 0.915        |
|    value_loss           | 0.00308      |
------------------------------------------
-----------------------------------------
| rollout/                |             |
|    ep_len_mean          | 116         |
|    ep_rew_mean          | -0.566      |
| time/                   |             |
|    fps                  | 90          |
|    iterations           | 246         |
|    time_elapsed         | 698         |
|    total_timesteps      | 183296      |
| train/                  |             |
|    approx_kl            | 0.005125722 |
|    clip_fraction        | 0.0668      |
|    clip_range           | 0.2         |
|    entropy_loss         | -2.66       |
|    explained_variance   | -3.66e-05   |
|    learning_rate        | 0.0003      |
|    loss                 | -0.0317     |
|    n_updates            | 7150        |
|    policy_gradient_loss | -0.00705    |
|    std                  | 0.913       |
|    value_loss           | 0.00281     |
-----------------------------------------
------------------------------------------
| rollout/                |              |
|    ep_len_mean          | 116          |
|    ep_rew_mean          | -0.565       |
| time/                   |              |
|    fps                  | 90           |
|    iterations           | 247          |
|    time_elapsed         | 701          |
|    total_timesteps      | 183552       |
| train/                  |              |
|    approx_kl            | 0.0058126664 |
|    clip_fraction        | 0.0828       |
|    clip_range           | 0.2          |
|    entropy_loss         | -2.66        |
|    explained_variance   | 0.00168      |
|    learning_rate        | 0.0003       |
|    loss                 | -0.0372      |
|    n_updates            | 7160         |
|    policy_gradient_loss | -0.00678     |
|    std                  | 0.915        |
|    value_loss           | 0.00268      |
------------------------------------------
-----------------------------------------
| rollout/                |             |
|    ep_len_mean          | 116         |
|    ep_rew_mean          | -0.566      |
| time/                   |             |
|    fps                  | 90          |
|    iterations           | 248         |
|    time_elapsed         | 703         |
|    total_timesteps      | 183808      |
| train/                  |             |
|    approx_kl            | 0.006492148 |
|    clip_fraction        | 0.111       |
|    clip_range           | 0.2         |
|    entropy_loss         | -2.66       |
|    explained_variance   | 0.000909    |
|    learning_rate        | 0.0003      |
|    loss                 | -0.0274     |
|    n_updates            | 7170        |
|    policy_gradient_loss | -0.00859    |
|    std                  | 0.913       |
|    value_loss           | 0.00263     |
-----------------------------------------
-----------------------------------------
| rollout/                |             |
|    ep_len_mean          | 118         |
|    ep_rew_mean          | -0.779      |
| time/                   |             |
|    fps                  | 90          |
|    iterations           | 249         |
|    time_elapsed         | 706         |
|    total_timesteps      | 184064      |
| train/                  |             |
|    approx_kl            | 0.004638551 |
|    clip_fraction        | 0.00664     |
|    clip_range           | 0.2         |
|    entropy_loss         | -2.65       |
|    explained_variance   | -0.00363    |
|    learning_rate        | 0.0003      |
|    loss                 | -0.0363     |
|    n_updates            | 7180        |
|    policy_gradient_loss | -0.000524   |
|    std                  | 0.913       |
|    value_loss           | 0.00261     |
-----------------------------------------
-----------------------------------------
| rollout/                |             |
|    ep_len_mean          | 116         |
|    ep_rew_mean          | -0.568      |
| time/                   |             |
|    fps                  | 90          |
|    iterations           | 250         |
|    time_elapsed         | 709         |
|    total_timesteps      | 184320      |
| train/                  |             |
|    approx_kl            | 0.004817941 |
|    clip_fraction        | 0.0664      |
|    clip_range           | 0.2         |
|    entropy_loss         | -2.65       |
|    explained_variance   | 0.00229     |
|    learning_rate        | 0.0003      |
|    loss                 | -0.0298     |
|    n_updates            | 7190        |
|    policy_gradient_loss | -0.00543    |
|    std                  | 0.91        |
|    value_loss           | 0.00264     |
-----------------------------------------
-----------------------------------------
| rollout/                |             |
|    ep_len_mean          | 116         |
|    ep_rew_mean          | -0.568      |
| time/                   |             |
|    fps                  | 90          |
|    iterations           | 251         |
|    time_elapsed         | 711         |
|    total_timesteps      | 184576      |
| train/                  |             |
|    approx_kl            | 0.006694583 |
|    clip_fraction        | 0.0422      |
|    clip_range           | 0.2         |
|    entropy_loss         | -2.65       |
|    explained_variance   | -1.45e-05   |
|    learning_rate        | 0.0003      |
|    loss                 | -0.0334     |
|    n_updates            | 7200        |
|    policy_gradient_loss | -0.00128    |
|    std                  | 0.909       |
|    value_loss           | 1.72        |
-----------------------------------------
-----------------------------------------
| rollout/                |             |
|    ep_len_mean          | 116         |
|    ep_rew_mean          | -0.571      |
| time/                   |             |
|    fps                  | 90          |
|    iterations           | 252         |
|    time_elapsed         | 714         |
|    total_timesteps      | 184832      |
| train/                  |             |
|    approx_kl            | 0.005137151 |
|    clip_fraction        | 0.0344      |
|    clip_range           | 0.2         |
|    entropy_loss         | -2.64       |
|    explained_variance   | -0.00124    |
|    learning_rate        | 0.0003      |
|    loss                 | -0.0366     |
|    n_updates            | 7210        |
|    policy_gradient_loss | -0.00185    |
|    std                  | 0.904       |
|    value_loss           | 0.00279     |
-----------------------------------------
------------------------------------------
| rollout/                |              |
|    ep_len_mean          | 116          |
|    ep_rew_mean          | -0.57        |
| time/                   |              |
|    fps                  | 90           |
|    iterations           | 253          |
|    time_elapsed         | 717          |
|    total_timesteps      | 185088       |
| train/                  |              |
|    approx_kl            | 0.0047853864 |
|    clip_fraction        | 0.0309       |
|    clip_range           | 0.2          |
|    entropy_loss         | -2.63        |
|    explained_variance   | -0.000469    |
|    learning_rate        | 0.0003       |
|    loss                 | -0.028       |
|    n_updates            | 7220         |
|    policy_gradient_loss | -0.00253     |
|    std                  | 0.899        |
|    value_loss           | 0.00292      |
------------------------------------------
-----------------------------------------
| rollout/                |             |
|    ep_len_mean          | 116         |
|    ep_rew_mean          | -0.571      |
| time/                   |             |
|    fps                  | 90          |
|    iterations           | 254         |
|    time_elapsed         | 719         |
|    total_timesteps      | 185344      |
| train/                  |             |
|    approx_kl            | 0.004977245 |
|    clip_fraction        | 0.048       |
|    clip_range           | 0.2         |
|    entropy_loss         | -2.62       |
|    explained_variance   | 6.78e-05    |
|    learning_rate        | 0.0003      |
|    loss                 | -0.027      |
|    n_updates            | 7230        |
|    policy_gradient_loss | -0.00428    |
|    std                  | 0.897       |
|    value_loss           | 0.00264     |
-----------------------------------------
-----------------------------------------
| rollout/                |             |
|    ep_len_mean          | 116         |
|    ep_rew_mean          | -0.571      |
| time/                   |             |
|    fps                  | 90          |
|    iterations           | 255         |
|    time_elapsed         | 722         |
|    total_timesteps      | 185600      |
| train/                  |             |
|    approx_kl            | 0.005532169 |
|    clip_fraction        | 0.0711      |
|    clip_range           | 0.2         |
|    entropy_loss         | -2.61       |
|    explained_variance   | 0.000693    |
|    learning_rate        | 0.0003      |
|    loss                 | -0.0336     |
|    n_updates            | 7240        |
|    policy_gradient_loss | -0.00526    |
|    std                  | 0.893       |
|    value_loss           | 0.00321     |
-----------------------------------------
------------------------------------------
| rollout/                |              |
|    ep_len_mean          | 116          |
|    ep_rew_mean          | -0.57        |
| time/                   |              |
|    fps                  | 90           |
|    iterations           | 256          |
|    time_elapsed         | 725          |
|    total_timesteps      | 185856       |
| train/                  |              |
|    approx_kl            | 0.0048799273 |
|    clip_fraction        | 0.0609       |
|    clip_range           | 0.2          |
|    entropy_loss         | -2.61        |
|    explained_variance   | 0.00815      |
|    learning_rate        | 0.0003       |
|    loss                 | -0.0359      |
|    n_updates            | 7250         |
|    policy_gradient_loss | -0.00424     |
|    std                  | 0.891        |
|    value_loss           | 0.00301      |
------------------------------------------
------------------------------------------
| rollout/                |              |
|    ep_len_mean          | 116          |
|    ep_rew_mean          | -0.568       |
| time/                   |              |
|    fps                  | 90           |
|    iterations           | 257          |
|    time_elapsed         | 727          |
|    total_timesteps      | 186112       |
| train/                  |              |
|    approx_kl            | 0.0067380136 |
|    clip_fraction        | 0.0254       |
|    clip_range           | 0.2          |
|    entropy_loss         | -2.61        |
|    explained_variance   | 0.00124      |
|    learning_rate        | 0.0003       |
|    loss                 | -0.0397      |
|    n_updates            | 7260         |
|    policy_gradient_loss | 0.000128     |
|    std                  | 0.892        |
|    value_loss           | 0.00281      |
------------------------------------------
------------------------------------------
| rollout/                |              |
|    ep_len_mean          | 116          |
|    ep_rew_mean          | -0.568       |
| time/                   |              |
|    fps                  | 90           |
|    iterations           | 258          |
|    time_elapsed         | 732          |
|    total_timesteps      | 186368       |
| train/                  |              |
|    approx_kl            | 0.0034296035 |
|    clip_fraction        | 0.0352       |
|    clip_range           | 0.2          |
|    entropy_loss         | -2.6         |
|    explained_variance   | 0.000458     |
|    learning_rate        | 0.0003       |
|    loss                 | -0.0218      |
|    n_updates            | 7270         |
|    policy_gradient_loss | -0.00591     |
|    std                  | 0.887        |
|    value_loss           | 0.00271      |
------------------------------------------
------------------------------------------
| rollout/                |              |
|    ep_len_mean          | 118          |
|    ep_rew_mean          | -0.781       |
| time/                   |              |
|    fps                  | 90           |
|    iterations           | 259          |
|    time_elapsed         | 734          |
|    total_timesteps      | 186624       |
| train/                  |              |
|    approx_kl            | 0.0055749733 |
|    clip_fraction        | 0.0824       |
|    clip_range           | 0.2          |
|    entropy_loss         | -2.59        |
|    explained_variance   | 2.32e-06     |
|    learning_rate        | 0.0003       |
|    loss                 | -0.014       |
|    n_updates            | 7280         |
|    policy_gradient_loss | -0.00585     |
|    std                  | 0.886        |
|    value_loss           | 1.71         |
------------------------------------------
-----------------------------------------
| rollout/                |             |
|    ep_len_mean          | 118         |
|    ep_rew_mean          | -0.78       |
| time/                   |             |
|    fps                  | 90          |
|    iterations           | 260         |
|    time_elapsed         | 737         |
|    total_timesteps      | 186880      |
| train/                  |             |
|    approx_kl            | 0.006932069 |
|    clip_fraction        | 0.0973      |
|    clip_range           | 0.2         |
|    entropy_loss         | -2.59       |
|    explained_variance   | 0.00135     |
|    learning_rate        | 0.0003      |
|    loss                 | -0.0233     |
|    n_updates            | 7290        |
|    policy_gradient_loss | -0.00869    |
|    std                  | 0.88        |
|    value_loss           | 0.00335     |
-----------------------------------------
------------------------------------------
| rollout/                |              |
|    ep_len_mean          | 118          |
|    ep_rew_mean          | -0.78        |
| time/                   |              |
|    fps                  | 90           |
|    iterations           | 261          |
|    time_elapsed         | 742          |
|    total_timesteps      | 187136       |
| train/                  |              |
|    approx_kl            | 0.0073554427 |
|    clip_fraction        | 0.0961       |
|    clip_range           | 0.2          |
|    entropy_loss         | -2.58        |
|    explained_variance   | 0.00259      |
|    learning_rate        | 0.0003       |
|    loss                 | -0.0418      |
|    n_updates            | 7300         |
|    policy_gradient_loss | -0.0116      |
|    std                  | 0.88         |
|    value_loss           | 0.00269      |
------------------------------------------
------------------------------------------
| rollout/                |              |
|    ep_len_mean          | 118          |
|    ep_rew_mean          | -0.78        |
| time/                   |              |
|    fps                  | 89           |
|    iterations           | 262          |
|    time_elapsed         | 746          |
|    total_timesteps      | 187392       |
| train/                  |              |
|    approx_kl            | 0.0045329155 |
|    clip_fraction        | 0.00664      |
|    clip_range           | 0.2          |
|    entropy_loss         | -2.58        |
|    explained_variance   | 0.00235      |
|    learning_rate        | 0.0003       |
|    loss                 | -0.0243      |
|    n_updates            | 7310         |
|    policy_gradient_loss | -0.000711    |
|    std                  | 0.879        |
|    value_loss           | 0.00298      |
------------------------------------------
-----------------------------------------
| rollout/                |             |
|    ep_len_mean          | 118         |
|    ep_rew_mean          | -0.779      |
| time/                   |             |
|    fps                  | 89          |
|    iterations           | 263         |
|    time_elapsed         | 749         |
|    total_timesteps      | 187648      |
| train/                  |             |
|    approx_kl            | 0.005208444 |
|    clip_fraction        | 0.098       |
|    clip_range           | 0.2         |
|    entropy_loss         | -2.58       |
|    explained_variance   | -0.000466   |
|    learning_rate        | 0.0003      |
|    loss                 | -0.0249     |
|    n_updates            | 7320        |
|    policy_gradient_loss | -0.00609    |
|    std                  | 0.88        |
|    value_loss           | 0.00259     |
-----------------------------------------
------------------------------------------
| rollout/                |              |
|    ep_len_mean          | 118          |
|    ep_rew_mean          | -0.78        |
| time/                   |              |
|    fps                  | 89           |
|    iterations           | 264          |
|    time_elapsed         | 751          |
|    total_timesteps      | 187904       |
| train/                  |              |
|    approx_kl            | 0.0030871416 |
|    clip_fraction        | 0.018        |
|    clip_range           | 0.2          |
|    entropy_loss         | -2.58        |
|    explained_variance   | -0.00379     |
|    learning_rate        | 0.0003       |
|    loss                 | -0.0173      |
|    n_updates            | 7330         |
|    policy_gradient_loss | -0.00204     |
|    std                  | 0.882        |
|    value_loss           | 0.00248      |
------------------------------------------
------------------------------------------
| rollout/                |              |
|    ep_len_mean          | 118          |
|    ep_rew_mean          | -0.781       |
| time/                   |              |
|    fps                  | 89           |
|    iterations           | 265          |
|    time_elapsed         | 754          |
|    total_timesteps      | 188160       |
| train/                  |              |
|    approx_kl            | 0.0039020805 |
|    clip_fraction        | 0.0871       |
|    clip_range           | 0.2          |
|    entropy_loss         | -2.58        |
|    explained_variance   | 2.63e-05     |
|    learning_rate        | 0.0003       |
|    loss                 | -0.0161      |
|    n_updates            | 7340         |
|    policy_gradient_loss | -0.00453     |
|    std                  | 0.882        |
|    value_loss           | 0.00276      |
------------------------------------------
-----------------------------------------
| rollout/                |             |
|    ep_len_mean          | 116         |
|    ep_rew_mean          | -0.569      |
| time/                   |             |
|    fps                  | 89          |
|    iterations           | 266         |
|    time_elapsed         | 758         |
|    total_timesteps      | 188416      |
| train/                  |             |
|    approx_kl            | 0.007799672 |
|    clip_fraction        | 0.043       |
|    clip_range           | 0.2         |
|    entropy_loss         | -2.58       |
|    explained_variance   | -0.00184    |
|    learning_rate        | 0.0003      |
|    loss                 | -0.0202     |
|    n_updates            | 7350        |
|    policy_gradient_loss | -0.00422    |
|    std                  | 0.881       |
|    value_loss           | 0.00297     |
-----------------------------------------
-----------------------------------------
| rollout/                |             |
|    ep_len_mean          | 116         |
|    ep_rew_mean          | -0.569      |
| time/                   |             |
|    fps                  | 89          |
|    iterations           | 267         |
|    time_elapsed         | 761         |
|    total_timesteps      | 188672      |
| train/                  |             |
|    approx_kl            | 0.009055626 |
|    clip_fraction        | 0.124       |
|    clip_range           | 0.2         |
|    entropy_loss         | -2.58       |
|    explained_variance   | 2.75e-05    |
|    learning_rate        | 0.0003      |
|    loss                 | -0.0315     |
|    n_updates            | 7360        |
|    policy_gradient_loss | -0.0076     |
|    std                  | 0.88        |
|    value_loss           | 1.72        |
-----------------------------------------
-----------------------------------------
| rollout/                |             |
|    ep_len_mean          | 116         |
|    ep_rew_mean          | -0.568      |
| time/                   |             |
|    fps                  | 89          |
|    iterations           | 268         |
|    time_elapsed         | 766         |
|    total_timesteps      | 188928      |
| train/                  |             |
|    approx_kl            | 0.005217769 |
|    clip_fraction        | 0.0445      |
|    clip_range           | 0.2         |
|    entropy_loss         | -2.58       |
|    explained_variance   | -0.000243   |
|    learning_rate        | 0.0003      |
|    loss                 | -0.0296     |
|    n_updates            | 7370        |
|    policy_gradient_loss | -0.0055     |
|    std                  | 0.879       |
|    value_loss           | 0.00259     |
-----------------------------------------
------------------------------------------
| rollout/                |              |
|    ep_len_mean          | 116          |
|    ep_rew_mean          | -0.568       |
| time/                   |              |
|    fps                  | 89           |
|    iterations           | 269          |
|    time_elapsed         | 768          |
|    total_timesteps      | 189184       |
| train/                  |              |
|    approx_kl            | 0.0026855264 |
|    clip_fraction        | 0.0187       |
|    clip_range           | 0.2          |
|    entropy_loss         | -2.58        |
|    explained_variance   | 0.000632     |
|    learning_rate        | 0.0003       |
|    loss                 | -0.0218      |
|    n_updates            | 7380         |
|    policy_gradient_loss | -0.00222     |
|    std                  | 0.881        |
|    value_loss           | 0.00277      |
------------------------------------------
------------------------------------------
| rollout/                |              |
|    ep_len_mean          | 116          |
|    ep_rew_mean          | -0.567       |
| time/                   |              |
|    fps                  | 89           |
|    iterations           | 270          |
|    time_elapsed         | 771          |
|    total_timesteps      | 189440       |
| train/                  |              |
|    approx_kl            | 0.0071965256 |
|    clip_fraction        | 0.124        |
|    clip_range           | 0.2          |
|    entropy_loss         | -2.59        |
|    explained_variance   | 0.000556     |
|    learning_rate        | 0.0003       |
|    loss                 | -0.0424      |
|    n_updates            | 7390         |
|    policy_gradient_loss | -0.0151      |
|    std                  | 0.886        |
|    value_loss           | 0.00287      |
------------------------------------------
-----------------------------------------
| rollout/                |             |
|    ep_len_mean          | 116         |
|    ep_rew_mean          | -0.567      |
| time/                   |             |
|    fps                  | 89          |
|    iterations           | 271         |
|    time_elapsed         | 773         |
|    total_timesteps      | 189696      |
| train/                  |             |
|    approx_kl            | 0.005264649 |
|    clip_fraction        | 0.0719      |
|    clip_range           | 0.2         |
|    entropy_loss         | -2.6        |
|    explained_variance   | -0.00114    |
|    learning_rate        | 0.0003      |
|    loss                 | -0.0301     |
|    n_updates            | 7400        |
|    policy_gradient_loss | -0.0106     |
|    std                  | 0.888       |
|    value_loss           | 0.00282     |
-----------------------------------------
------------------------------------------
| rollout/                |              |
|    ep_len_mean          | 116          |
|    ep_rew_mean          | -0.567       |
| time/                   |              |
|    fps                  | 89           |
|    iterations           | 272          |
|    time_elapsed         | 778          |
|    total_timesteps      | 189952       |
| train/                  |              |
|    approx_kl            | 0.0042147525 |
|    clip_fraction        | 0.0355       |
|    clip_range           | 0.2          |
|    entropy_loss         | -2.6         |
|    explained_variance   | 0.000986     |
|    learning_rate        | 0.0003       |
|    loss                 | -0.0193      |
|    n_updates            | 7410         |
|    policy_gradient_loss | -0.00242     |
|    std                  | 0.89         |
|    value_loss           | 0.00279      |
------------------------------------------
------------------------------------------
| rollout/                |              |
|    ep_len_mean          | 116          |
|    ep_rew_mean          | -0.567       |
| time/                   |              |
|    fps                  | 89           |
|    iterations           | 273          |
|    time_elapsed         | 780          |
|    total_timesteps      | 190208       |
| train/                  |              |
|    approx_kl            | 0.0059571657 |
|    clip_fraction        | 0.0258       |
|    clip_range           | 0.2          |
|    entropy_loss         | -2.6         |
|    explained_variance   | -0.00139     |
|    learning_rate        | 0.0003       |
|    loss                 | -0.0264      |
|    n_updates            | 7420         |
|    policy_gradient_loss | -0.00234     |
|    std                  | 0.889        |
|    value_loss           | 0.00286      |
------------------------------------------
---------------------------------------
| rollout/                |           |
|    ep_len_mean          | 116       |
|    ep_rew_mean          | -0.567    |
| time/                   |           |
|    fps                  | 89        |
|    iterations           | 274       |
|    time_elapsed         | 783       |
|    total_timesteps      | 190464    |
| train/                  |           |
|    approx_kl            | 0.0042908 |
|    clip_fraction        | 0.0164    |
|    clip_range           | 0.2       |
|    entropy_loss         | -2.6      |
|    explained_variance   | -0.00421  |
|    learning_rate        | 0.0003    |
|    loss                 | -0.0111   |
|    n_updates            | 7430      |
|    policy_gradient_loss | -0.00197  |
|    std                  | 0.889     |
|    value_loss           | 0.00278   |
---------------------------------------
------------------------------------------
| rollout/                |              |
|    ep_len_mean          | 116          |
|    ep_rew_mean          | -0.567       |
| time/                   |              |
|    fps                  | 89           |
|    iterations           | 275          |
|    time_elapsed         | 786          |
|    total_timesteps      | 190720       |
| train/                  |              |
|    approx_kl            | 0.0044147465 |
|    clip_fraction        | 0.0102       |
|    clip_range           | 0.2          |
|    entropy_loss         | -2.6         |
|    explained_variance   | 0.00237      |
|    learning_rate        | 0.0003       |
|    loss                 | -0.0288      |
|    n_updates            | 7440         |
|    policy_gradient_loss | -0.000463    |
|    std                  | 0.888        |
|    value_loss           | 0.00266      |
------------------------------------------
------------------------------------------
| rollout/                |              |
|    ep_len_mean          | 116          |
|    ep_rew_mean          | -0.568       |
| time/                   |              |
|    fps                  | 89           |
|    iterations           | 276          |
|    time_elapsed         | 788          |
|    total_timesteps      | 190976       |
| train/                  |              |
|    approx_kl            | 0.0054548923 |
|    clip_fraction        | 0.0109       |
|    clip_range           | 0.2          |
|    entropy_loss         | -2.6         |
|    explained_variance   | -0.00212     |
|    learning_rate        | 0.0003       |
|    loss                 | -0.0393      |
|    n_updates            | 7450         |
|    policy_gradient_loss | -0.00152     |
|    std                  | 0.887        |
|    value_loss           | 0.00264      |
------------------------------------------
-----------------------------------------
| rollout/                |             |
|    ep_len_mean          | 116         |
|    ep_rew_mean          | -0.568      |
| time/                   |             |
|    fps                  | 89          |
|    iterations           | 277         |
|    time_elapsed         | 791         |
|    total_timesteps      | 191232      |
| train/                  |             |
|    approx_kl            | 0.008540842 |
|    clip_fraction        | 0.098       |
|    clip_range           | 0.2         |
|    entropy_loss         | -2.6        |
|    explained_variance   | 0.00167     |
|    learning_rate        | 0.0003      |
|    loss                 | -0.0631     |
|    n_updates            | 7460        |
|    policy_gradient_loss | -0.00959    |
|    std                  | 0.887       |
|    value_loss           | 0.00272     |
-----------------------------------------
------------------------------------------
| rollout/                |              |
|    ep_len_mean          | 116          |
|    ep_rew_mean          | -0.567       |
| time/                   |              |
|    fps                  | 89           |
|    iterations           | 278          |
|    time_elapsed         | 794          |
|    total_timesteps      | 191488       |
| train/                  |              |
|    approx_kl            | 0.0070050936 |
|    clip_fraction        | 0.0777       |
|    clip_range           | 0.2          |
|    entropy_loss         | -2.59        |
|    explained_variance   | 0.000153     |
|    learning_rate        | 0.0003       |
|    loss                 | -0.0259      |
|    n_updates            | 7470         |
|    policy_gradient_loss | -0.00991     |
|    std                  | 0.883        |
|    value_loss           | 0.00244      |
------------------------------------------
-----------------------------------------
| rollout/                |             |
|    ep_len_mean          | 116         |
|    ep_rew_mean          | -0.567      |
| time/                   |             |
|    fps                  | 89          |
|    iterations           | 279         |
|    time_elapsed         | 796         |
|    total_timesteps      | 191744      |
| train/                  |             |
|    approx_kl            | 0.002396722 |
|    clip_fraction        | 0.0355      |
|    clip_range           | 0.2         |
|    entropy_loss         | -2.59       |
|    explained_variance   | -0.000675   |
|    learning_rate        | 0.0003      |
|    loss                 | -0.0104     |
|    n_updates            | 7480        |
|    policy_gradient_loss | -0.00134    |
|    std                  | 0.885       |
|    value_loss           | 0.00246     |
-----------------------------------------
------------------------------------------
| rollout/                |              |
|    ep_len_mean          | 116          |
|    ep_rew_mean          | -0.567       |
| time/                   |              |
|    fps                  | 89           |
|    iterations           | 280          |
|    time_elapsed         | 801          |
|    total_timesteps      | 192000       |
| train/                  |              |
|    approx_kl            | 0.0020348493 |
|    clip_fraction        | 0.0082       |
|    clip_range           | 0.2          |
|    entropy_loss         | -2.59        |
|    explained_variance   | -0.000534    |
|    learning_rate        | 0.0003       |
|    loss                 | -0.0296      |
|    n_updates            | 7490         |
|    policy_gradient_loss | -8.94e-05    |
|    std                  | 0.887        |
|    value_loss           | 0.00275      |
------------------------------------------
------------------------------------------
| rollout/                |              |
|    ep_len_mean          | 116          |
|    ep_rew_mean          | -0.567       |
| time/                   |              |
|    fps                  | 89           |
|    iterations           | 281          |
|    time_elapsed         | 803          |
|    total_timesteps      | 192256       |
| train/                  |              |
|    approx_kl            | 0.0034032373 |
|    clip_fraction        | 0.043        |
|    clip_range           | 0.2          |
|    entropy_loss         | -2.6         |
|    explained_variance   | -0.00168     |
|    learning_rate        | 0.0003       |
|    loss                 | -0.0341      |
|    n_updates            | 7500         |
|    policy_gradient_loss | -0.00551     |
|    std                  | 0.89         |
|    value_loss           | 0.00285      |
------------------------------------------
------------------------------------------
| rollout/                |              |
|    ep_len_mean          | 116          |
|    ep_rew_mean          | -0.568       |
| time/                   |              |
|    fps                  | 89           |
|    iterations           | 282          |
|    time_elapsed         | 806          |
|    total_timesteps      | 192512       |
| train/                  |              |
|    approx_kl            | 0.0010834744 |
|    clip_fraction        | 0.000781     |
|    clip_range           | 0.2          |
|    entropy_loss         | -2.61        |
|    explained_variance   | 0.00312      |
|    learning_rate        | 0.0003       |
|    loss                 | -0.0233      |
|    n_updates            | 7510         |
|    policy_gradient_loss | 0.000112     |
|    std                  | 0.891        |
|    value_loss           | 0.00246      |
------------------------------------------
-----------------------------------------
| rollout/                |             |
|    ep_len_mean          | 116         |
|    ep_rew_mean          | -0.569      |
| time/                   |             |
|    fps                  | 89          |
|    iterations           | 283         |
|    time_elapsed         | 809         |
|    total_timesteps      | 192768      |
| train/                  |             |
|    approx_kl            | 0.006002712 |
|    clip_fraction        | 0.0766      |
|    clip_range           | 0.2         |
|    entropy_loss         | -2.61       |
|    explained_variance   | -0.00115    |
|    learning_rate        | 0.0003      |
|    loss                 | -0.0403     |
|    n_updates            | 7520        |
|    policy_gradient_loss | -0.00824    |
|    std                  | 0.893       |
|    value_loss           | 0.00254     |
-----------------------------------------
------------------------------------------
| rollout/                |              |
|    ep_len_mean          | 116          |
|    ep_rew_mean          | -0.568       |
| time/                   |              |
|    fps                  | 89           |
|    iterations           | 284          |
|    time_elapsed         | 811          |
|    total_timesteps      | 193024       |
| train/                  |              |
|    approx_kl            | 0.0022486409 |
|    clip_fraction        | 0.000781     |
|    clip_range           | 0.2          |
|    entropy_loss         | -2.61        |
|    explained_variance   | -0.00184     |
|    learning_rate        | 0.0003       |
|    loss                 | -0.0267      |
|    n_updates            | 7530         |
|    policy_gradient_loss | 0.000368     |
|    std                  | 0.892        |
|    value_loss           | 0.00256      |
------------------------------------------
------------------------------------------
| rollout/                |              |
|    ep_len_mean          | 115          |
|    ep_rew_mean          | -0.358       |
| time/                   |              |
|    fps                  | 89           |
|    iterations           | 285          |
|    time_elapsed         | 814          |
|    total_timesteps      | 193280       |
| train/                  |              |
|    approx_kl            | 0.0037365514 |
|    clip_fraction        | 0.0641       |
|    clip_range           | 0.2          |
|    entropy_loss         | -2.61        |
|    explained_variance   | 0.000104     |
|    learning_rate        | 0.0003       |
|    loss                 | -0.0488      |
|    n_updates            | 7540         |
|    policy_gradient_loss | -0.00545     |
|    std                  | 0.891        |
|    value_loss           | 0.00263      |
------------------------------------------
------------------------------------------
| rollout/                |              |
|    ep_len_mean          | 115          |
|    ep_rew_mean          | -0.358       |
| time/                   |              |
|    fps                  | 89           |
|    iterations           | 286          |
|    time_elapsed         | 817          |
|    total_timesteps      | 193536       |
| train/                  |              |
|    approx_kl            | 0.0047253184 |
|    clip_fraction        | 0.0695       |
|    clip_range           | 0.2          |
|    entropy_loss         | -2.61        |
|    explained_variance   | -2.5e-05     |
|    learning_rate        | 0.0003       |
|    loss                 | -0.0138      |
|    n_updates            | 7550         |
|    policy_gradient_loss | -0.00155     |
|    std                  | 0.893        |
|    value_loss           | 1.72         |
------------------------------------------
------------------------------------------
| rollout/                |              |
|    ep_len_mean          | 115          |
|    ep_rew_mean          | -0.358       |
| time/                   |              |
|    fps                  | 89           |
|    iterations           | 287          |
|    time_elapsed         | 819          |
|    total_timesteps      | 193792       |
| train/                  |              |
|    approx_kl            | 0.0026611313 |
|    clip_fraction        | 0.0371       |
|    clip_range           | 0.2          |
|    entropy_loss         | -2.61        |
|    explained_variance   | -0.000611    |
|    learning_rate        | 0.0003       |
|    loss                 | -0.0479      |
|    n_updates            | 7560         |
|    policy_gradient_loss | -0.00486     |
|    std                  | 0.889        |
|    value_loss           | 0.00246      |
------------------------------------------
-----------------------------------------
| rollout/                |             |
|    ep_len_mean          | 115         |
|    ep_rew_mean          | -0.358      |
| time/                   |             |
|    fps                  | 89          |
|    iterations           | 288         |
|    time_elapsed         | 822         |
|    total_timesteps      | 194048      |
| train/                  |             |
|    approx_kl            | 0.010685749 |
|    clip_fraction        | 0.136       |
|    clip_range           | 0.2         |
|    entropy_loss         | -2.6        |
|    explained_variance   | 0.000561    |
|    learning_rate        | 0.0003      |
|    loss                 | -0.065      |
|    n_updates            | 7570        |
|    policy_gradient_loss | -0.0177     |
|    std                  | 0.882       |
|    value_loss           | 0.00261     |
-----------------------------------------
-----------------------------------------
| rollout/                |             |
|    ep_len_mean          | 115         |
|    ep_rew_mean          | -0.359      |
| time/                   |             |
|    fps                  | 89          |
|    iterations           | 289         |
|    time_elapsed         | 824         |
|    total_timesteps      | 194304      |
| train/                  |             |
|    approx_kl            | 0.002248998 |
|    clip_fraction        | 0.000391    |
|    clip_range           | 0.2         |
|    entropy_loss         | -2.58       |
|    explained_variance   | 0.00189     |
|    learning_rate        | 0.0003      |
|    loss                 | -0.0319     |
|    n_updates            | 7580        |
|    policy_gradient_loss | -0.000234   |
|    std                  | 0.88        |
|    value_loss           | 0.00249     |
-----------------------------------------
------------------------------------------
| rollout/                |              |
|    ep_len_mean          | 115          |
|    ep_rew_mean          | -0.36        |
| time/                   |              |
|    fps                  | 89           |
|    iterations           | 290          |
|    time_elapsed         | 827          |
|    total_timesteps      | 194560       |
| train/                  |              |
|    approx_kl            | 0.0056566745 |
|    clip_fraction        | 0.025        |
|    clip_range           | 0.2          |
|    entropy_loss         | -2.58        |
|    explained_variance   | 0.000292     |
|    learning_rate        | 0.0003       |
|    loss                 | -0.0572      |
|    n_updates            | 7590         |
|    policy_gradient_loss | -0.00312     |
|    std                  | 0.881        |
|    value_loss           | 0.00232      |
------------------------------------------
-----------------------------------------
| rollout/                |             |
|    ep_len_mean          | 115         |
|    ep_rew_mean          | -0.36       |
| time/                   |             |
|    fps                  | 89          |
|    iterations           | 291         |
|    time_elapsed         | 830         |
|    total_timesteps      | 194816      |
| train/                  |             |
|    approx_kl            | 0.004065384 |
|    clip_fraction        | 0.0566      |
|    clip_range           | 0.2         |
|    entropy_loss         | -2.58       |
|    explained_variance   | -0.00278    |
|    learning_rate        | 0.0003      |
|    loss                 | -0.0254     |
|    n_updates            | 7600        |
|    policy_gradient_loss | -0.0026     |
|    std                  | 0.879       |
|    value_loss           | 0.00235     |
-----------------------------------------
------------------------------------------
| rollout/                |              |
|    ep_len_mean          | 115          |
|    ep_rew_mean          | -0.36        |
| time/                   |              |
|    fps                  | 89           |
|    iterations           | 292          |
|    time_elapsed         | 832          |
|    total_timesteps      | 195072       |
| train/                  |              |
|    approx_kl            | 0.0072249398 |
|    clip_fraction        | 0.113        |
|    clip_range           | 0.2          |
|    entropy_loss         | -2.58        |
|    explained_variance   | -0.00017     |
|    learning_rate        | 0.0003       |
|    loss                 | -0.0425      |
|    n_updates            | 7610         |
|    policy_gradient_loss | -0.00936     |
|    std                  | 0.878        |
|    value_loss           | 0.00271      |
------------------------------------------
------------------------------------------
| rollout/                |              |
|    ep_len_mean          | 115          |
|    ep_rew_mean          | -0.359       |
| time/                   |              |
|    fps                  | 89           |
|    iterations           | 293          |
|    time_elapsed         | 835          |
|    total_timesteps      | 195328       |
| train/                  |              |
|    approx_kl            | 0.0048996015 |
|    clip_fraction        | 0.0453       |
|    clip_range           | 0.2          |
|    entropy_loss         | -2.57        |
|    explained_variance   | 2.84e-05     |
|    learning_rate        | 0.0003       |
|    loss                 | -0.0253      |
|    n_updates            | 7620         |
|    policy_gradient_loss | -0.00415     |
|    std                  | 0.875        |
|    value_loss           | 0.0025       |
------------------------------------------
-----------------------------------------
| rollout/                |             |
|    ep_len_mean          | 115         |
|    ep_rew_mean          | -0.358      |
| time/                   |             |
|    fps                  | 89          |
|    iterations           | 294         |
|    time_elapsed         | 838         |
|    total_timesteps      | 195584      |
| train/                  |             |
|    approx_kl            | 0.004379619 |
|    clip_fraction        | 0.0469      |
|    clip_range           | 0.2         |
|    entropy_loss         | -2.57       |
|    explained_variance   | 0.00215     |
|    learning_rate        | 0.0003      |
|    loss                 | -0.0379     |
|    n_updates            | 7630        |
|    policy_gradient_loss | -0.0043     |
|    std                  | 0.879       |
|    value_loss           | 0.00289     |
-----------------------------------------
----------------------------------------
| rollout/                |            |
|    ep_len_mean          | 116        |
|    ep_rew_mean          | -0.57      |
| time/                   |            |
|    fps                  | 89         |
|    iterations           | 295        |
|    time_elapsed         | 840        |
|    total_timesteps      | 195840     |
| train/                  |            |
|    approx_kl            | 0.00475208 |
|    clip_fraction        | 0.0563     |
|    clip_range           | 0.2        |
|    entropy_loss         | -2.58      |
|    explained_variance   | -0.000323  |
|    learning_rate        | 0.0003     |
|    loss                 | -0.0309    |
|    n_updates            | 7640       |
|    policy_gradient_loss | -0.00536   |
|    std                  | 0.881      |
|    value_loss           | 0.00289    |
----------------------------------------
-----------------------------------------
| rollout/                |             |
|    ep_len_mean          | 116         |
|    ep_rew_mean          | -0.569      |
| time/                   |             |
|    fps                  | 89          |
|    iterations           | 296         |
|    time_elapsed         | 843         |
|    total_timesteps      | 196096      |
| train/                  |             |
|    approx_kl            | 0.007835982 |
|    clip_fraction        | 0.0281      |
|    clip_range           | 0.2         |
|    entropy_loss         | -2.58       |
|    explained_variance   | -0.000601   |
|    learning_rate        | 0.0003      |
|    loss                 | -0.0345     |
|    n_updates            | 7650        |
|    policy_gradient_loss | -0.00212    |
|    std                  | 0.878       |
|    value_loss           | 0.00282     |
-----------------------------------------
------------------------------------------
| rollout/                |              |
|    ep_len_mean          | 116          |
|    ep_rew_mean          | -0.568       |
| time/                   |              |
|    fps                  | 89           |
|    iterations           | 297          |
|    time_elapsed         | 845          |
|    total_timesteps      | 196352       |
| train/                  |              |
|    approx_kl            | 0.0054551708 |
|    clip_fraction        | 0.0559       |
|    clip_range           | 0.2          |
|    entropy_loss         | -2.58        |
|    explained_variance   | 0.00108      |
|    learning_rate        | 0.0003       |
|    loss                 | -0.0277      |
|    n_updates            | 7660         |
|    policy_gradient_loss | -0.00621     |
|    std                  | 0.879        |
|    value_loss           | 0.00239      |
------------------------------------------
-----------------------------------------
| rollout/                |             |
|    ep_len_mean          | 116         |
|    ep_rew_mean          | -0.567      |
| time/                   |             |
|    fps                  | 89          |
|    iterations           | 298         |
|    time_elapsed         | 848         |
|    total_timesteps      | 196608      |
| train/                  |             |
|    approx_kl            | 0.003633893 |
|    clip_fraction        | 0.0437      |
|    clip_range           | 0.2         |
|    entropy_loss         | -2.58       |
|    explained_variance   | 0.000253    |
|    learning_rate        | 0.0003      |
|    loss                 | -0.0208     |
|    n_updates            | 7670        |
|    policy_gradient_loss | -0.00466    |
|    std                  | 0.883       |
|    value_loss           | 0.00219     |
-----------------------------------------
----------------------------------------
| rollout/                |            |
|    ep_len_mean          | 116        |
|    ep_rew_mean          | -0.566     |
| time/                   |            |
|    fps                  | 89         |
|    iterations           | 299        |
|    time_elapsed         | 851        |
|    total_timesteps      | 196864     |
| train/                  |            |
|    approx_kl            | 0.00528793 |
|    clip_fraction        | 0.0168     |
|    clip_range           | 0.2        |
|    entropy_loss         | -2.59      |
|    explained_variance   | -0.000179  |
|    learning_rate        | 0.0003     |
|    loss                 | -0.0232    |
|    n_updates            | 7680       |
|    policy_gradient_loss | -0.000985  |
|    std                  | 0.88       |
|    value_loss           | 0.00262    |
----------------------------------------
-----------------------------------------
| rollout/                |             |
|    ep_len_mean          | 116         |
|    ep_rew_mean          | -0.566      |
| time/                   |             |
|    fps                  | 89          |
|    iterations           | 300         |
|    time_elapsed         | 853         |
|    total_timesteps      | 197120      |
| train/                  |             |
|    approx_kl            | 0.003500631 |
|    clip_fraction        | 0.0391      |
|    clip_range           | 0.2         |
|    entropy_loss         | -2.58       |
|    explained_variance   | -0.00083    |
|    learning_rate        | 0.0003      |
|    loss                 | -0.0367     |
|    n_updates            | 7690        |
|    policy_gradient_loss | -0.00332    |
|    std                  | 0.879       |
|    value_loss           | 0.0025      |
-----------------------------------------
-----------------------------------------
| rollout/                |             |
|    ep_len_mean          | 116         |
|    ep_rew_mean          | -0.565      |
| time/                   |             |
|    fps                  | 89          |
|    iterations           | 301         |
|    time_elapsed         | 858         |
|    total_timesteps      | 197376      |
| train/                  |             |
|    approx_kl            | 0.005840851 |
|    clip_fraction        | 0.0449      |
|    clip_range           | 0.2         |
|    entropy_loss         | -2.58       |
|    explained_variance   | -0.000411   |
|    learning_rate        | 0.0003      |
|    loss                 | -0.027      |
|    n_updates            | 7700        |
|    policy_gradient_loss | -0.00386    |
|    std                  | 0.878       |
|    value_loss           | 0.00239     |
-----------------------------------------
------------------------------------------
| rollout/                |              |
|    ep_len_mean          | 116          |
|    ep_rew_mean          | -0.567       |
| time/                   |              |
|    fps                  | 89           |
|    iterations           | 302          |
|    time_elapsed         | 860          |
|    total_timesteps      | 197632       |
| train/                  |              |
|    approx_kl            | 0.0049525397 |
|    clip_fraction        | 0.0535       |
|    clip_range           | 0.2          |
|    entropy_loss         | -2.58        |
|    explained_variance   | 0.000636     |
|    learning_rate        | 0.0003       |
|    loss                 | -0.0152      |
|    n_updates            | 7710         |
|    policy_gradient_loss | -0.005       |
|    std                  | 0.877        |
|    value_loss           | 0.00259      |
------------------------------------------
-----------------------------------------
| rollout/                |             |
|    ep_len_mean          | 116         |
|    ep_rew_mean          | -0.569      |
| time/                   |             |
|    fps                  | 89          |
|    iterations           | 303         |
|    time_elapsed         | 863         |
|    total_timesteps      | 197888      |
| train/                  |             |
|    approx_kl            | 0.009441538 |
|    clip_fraction        | 0.105       |
|    clip_range           | 0.2         |
|    entropy_loss         | -2.57       |
|    explained_variance   | 0.000257    |
|    learning_rate        | 0.0003      |
|    loss                 | -0.0233     |
|    n_updates            | 7720        |
|    policy_gradient_loss | -0.00848    |
|    std                  | 0.873       |
|    value_loss           | 0.00268     |
-----------------------------------------
------------------------------------------
| rollout/                |              |
|    ep_len_mean          | 118          |
|    ep_rew_mean          | -0.78        |
| time/                   |              |
|    fps                  | 89           |
|    iterations           | 304          |
|    time_elapsed         | 866          |
|    total_timesteps      | 198144       |
| train/                  |              |
|    approx_kl            | 0.0048536956 |
|    clip_fraction        | 0.0699       |
|    clip_range           | 0.2          |
|    entropy_loss         | -2.56        |
|    explained_variance   | 0.00159      |
|    learning_rate        | 0.0003       |
|    loss                 | -0.0481      |
|    n_updates            | 7730         |
|    policy_gradient_loss | -0.00702     |
|    std                  | 0.874        |
|    value_loss           | 0.00261      |
------------------------------------------
------------------------------------------
| rollout/                |              |
|    ep_len_mean          | 118          |
|    ep_rew_mean          | -0.779       |
| time/                   |              |
|    fps                  | 89           |
|    iterations           | 305          |
|    time_elapsed         | 868          |
|    total_timesteps      | 198400       |
| train/                  |              |
|    approx_kl            | 0.0036206073 |
|    clip_fraction        | 0.0578       |
|    clip_range           | 0.2          |
|    entropy_loss         | -2.57        |
|    explained_variance   | 0.00077      |
|    learning_rate        | 0.0003       |
|    loss                 | -0.0233      |
|    n_updates            | 7740         |
|    policy_gradient_loss | -0.0042      |
|    std                  | 0.877        |
|    value_loss           | 0.00266      |
------------------------------------------
------------------------------------------
| rollout/                |              |
|    ep_len_mean          | 118          |
|    ep_rew_mean          | -0.779       |
| time/                   |              |
|    fps                  | 89           |
|    iterations           | 306          |
|    time_elapsed         | 871          |
|    total_timesteps      | 198656       |
| train/                  |              |
|    approx_kl            | 0.0056219446 |
|    clip_fraction        | 0.0406       |
|    clip_range           | 0.2          |
|    entropy_loss         | -2.58        |
|    explained_variance   | -0.00215     |
|    learning_rate        | 0.0003       |
|    loss                 | -0.0236      |
|    n_updates            | 7750         |
|    policy_gradient_loss | -0.0044      |
|    std                  | 0.882        |
|    value_loss           | 0.00251      |
------------------------------------------
------------------------------------------
| rollout/                |              |
|    ep_len_mean          | 118          |
|    ep_rew_mean          | -0.779       |
| time/                   |              |
|    fps                  | 89           |
|    iterations           | 307          |
|    time_elapsed         | 874          |
|    total_timesteps      | 198912       |
| train/                  |              |
|    approx_kl            | 0.0057243146 |
|    clip_fraction        | 0.0422       |
|    clip_range           | 0.2          |
|    entropy_loss         | -2.59        |
|    explained_variance   | -0.00178     |
|    learning_rate        | 0.0003       |
|    loss                 | -0.00972     |
|    n_updates            | 7760         |
|    policy_gradient_loss | -0.00273     |
|    std                  | 0.88         |
|    value_loss           | 0.00277      |
------------------------------------------
------------------------------------------
| rollout/                |              |
|    ep_len_mean          | 118          |
|    ep_rew_mean          | -0.78        |
| time/                   |              |
|    fps                  | 89           |
|    iterations           | 308          |
|    time_elapsed         | 878          |
|    total_timesteps      | 199168       |
| train/                  |              |
|    approx_kl            | 0.0065054307 |
|    clip_fraction        | 0.0656       |
|    clip_range           | 0.2          |
|    entropy_loss         | -2.58        |
|    explained_variance   | -0.000159    |
|    learning_rate        | 0.0003       |
|    loss                 | -0.0129      |
|    n_updates            | 7770         |
|    policy_gradient_loss | -0.00349     |
|    std                  | 0.876        |
|    value_loss           | 0.00235      |
------------------------------------------
-----------------------------------------
| rollout/                |             |
|    ep_len_mean          | 118         |
|    ep_rew_mean          | -0.781      |
| time/                   |             |
|    fps                  | 89          |
|    iterations           | 309         |
|    time_elapsed         | 881         |
|    total_timesteps      | 199424      |
| train/                  |             |
|    approx_kl            | 0.005496881 |
|    clip_fraction        | 0.0336      |
|    clip_range           | 0.2         |
|    entropy_loss         | -2.57       |
|    explained_variance   | -0.00129    |
|    learning_rate        | 0.0003      |
|    loss                 | -0.0323     |
|    n_updates            | 7780        |
|    policy_gradient_loss | -0.00338    |
|    std                  | 0.875       |
|    value_loss           | 0.0027      |
-----------------------------------------
------------------------------------------
| rollout/                |              |
|    ep_len_mean          | 118          |
|    ep_rew_mean          | -0.78        |
| time/                   |              |
|    fps                  | 89           |
|    iterations           | 310          |
|    time_elapsed         | 885          |
|    total_timesteps      | 199680       |
| train/                  |              |
|    approx_kl            | 0.0069585713 |
|    clip_fraction        | 0.0688       |
|    clip_range           | 0.2          |
|    entropy_loss         | -2.57        |
|    explained_variance   | 0.00027      |
|    learning_rate        | 0.0003       |
|    loss                 | -0.0162      |
|    n_updates            | 7790         |
|    policy_gradient_loss | -0.00291     |
|    std                  | 0.878        |
|    value_loss           | 0.00256      |
------------------------------------------
------------------------------------------
| rollout/                |              |
|    ep_len_mean          | 118          |
|    ep_rew_mean          | -0.779       |
| time/                   |              |
|    fps                  | 89           |
|    iterations           | 311          |
|    time_elapsed         | 890          |
|    total_timesteps      | 199936       |
| train/                  |              |
|    approx_kl            | 0.0028418498 |
|    clip_fraction        | 0.0605       |
|    clip_range           | 0.2          |
|    entropy_loss         | -2.58        |
|    explained_variance   | 0.000461     |
|    learning_rate        | 0.0003       |
|    loss                 | -0.0275      |
|    n_updates            | 7800         |
|    policy_gradient_loss | -0.00411     |
|    std                  | 0.878        |
|    value_loss           | 0.00267      |
------------------------------------------
----------------------------------------
| rollout/                |            |
|    ep_len_mean          | 118        |
|    ep_rew_mean          | -0.778     |
| time/                   |            |
|    fps                  | 89         |
|    iterations           | 312        |
|    time_elapsed         | 894        |
|    total_timesteps      | 200192     |
| train/                  |            |
|    approx_kl            | 0.00455883 |
|    clip_fraction        | 0.016      |
|    clip_range           | 0.2        |
|    entropy_loss         | -2.57      |
|    explained_variance   | 0.00174    |
|    learning_rate        | 0.0003     |
|    loss                 | -0.0349    |
|    n_updates            | 7810       |
|    policy_gradient_loss | -0.00247   |
|    std                  | 0.873      |
|    value_loss           | 0.00281    |
----------------------------------------
-----------------------------------------
| rollout/                |             |
|    ep_len_mean          | 118         |
|    ep_rew_mean          | -0.779      |
| time/                   |             |
|    fps                  | 89          |
|    iterations           | 313         |
|    time_elapsed         | 897         |
|    total_timesteps      | 200448      |
| train/                  |             |
|    approx_kl            | 0.008894982 |
|    clip_fraction        | 0.123       |
|    clip_range           | 0.2         |
|    entropy_loss         | -2.56       |
|    explained_variance   | -4.94e-05   |
|    learning_rate        | 0.0003      |
|    loss                 | -0.0537     |
|    n_updates            | 7820        |
|    policy_gradient_loss | -0.00993    |
|    std                  | 0.871       |
|    value_loss           | 1.72        |
-----------------------------------------
-----------------------------------------
| rollout/                |             |
|    ep_len_mean          | 118         |
|    ep_rew_mean          | -0.779      |
| time/                   |             |
|    fps                  | 89          |
|    iterations           | 314         |
|    time_elapsed         | 900         |
|    total_timesteps      | 200704      |
| train/                  |             |
|    approx_kl            | 0.005321053 |
|    clip_fraction        | 0.068       |
|    clip_range           | 0.2         |
|    entropy_loss         | -2.56       |
|    explained_variance   | 0.000303    |
|    learning_rate        | 0.0003      |
|    loss                 | -0.0417     |
|    n_updates            | 7830        |
|    policy_gradient_loss | -0.00662    |
|    std                  | 0.871       |
|    value_loss           | 0.00272     |
-----------------------------------------
-----------------------------------------
| rollout/                |             |
|    ep_len_mean          | 118         |
|    ep_rew_mean          | -0.779      |
| time/                   |             |
|    fps                  | 89          |
|    iterations           | 315         |
|    time_elapsed         | 904         |
|    total_timesteps      | 200960      |
| train/                  |             |
|    approx_kl            | 0.006208509 |
|    clip_fraction        | 0.108       |
|    clip_range           | 0.2         |
|    entropy_loss         | -2.56       |
|    explained_variance   | -0.000988   |
|    learning_rate        | 0.0003      |
|    loss                 | -0.0496     |
|    n_updates            | 7840        |
|    policy_gradient_loss | -0.0115     |
|    std                  | 0.869       |
|    value_loss           | 0.00258     |
-----------------------------------------
------------------------------------------
| rollout/                |              |
|    ep_len_mean          | 118          |
|    ep_rew_mean          | -0.78        |
| time/                   |              |
|    fps                  | 89           |
|    iterations           | 316          |
|    time_elapsed         | 907          |
|    total_timesteps      | 201216       |
| train/                  |              |
|    approx_kl            | 0.0060102413 |
|    clip_fraction        | 0.0801       |
|    clip_range           | 0.2          |
|    entropy_loss         | -2.55        |
|    explained_variance   | 0.00317      |
|    learning_rate        | 0.0003       |
|    loss                 | -0.0255      |
|    n_updates            | 7850         |
|    policy_gradient_loss | -0.00877     |
|    std                  | 0.867        |
|    value_loss           | 0.00251      |
------------------------------------------
-----------------------------------------
| rollout/                |             |
|    ep_len_mean          | 118         |
|    ep_rew_mean          | -0.78       |
| time/                   |             |
|    fps                  | 89          |
|    iterations           | 317         |
|    time_elapsed         | 911         |
|    total_timesteps      | 201472      |
| train/                  |             |
|    approx_kl            | 0.005881474 |
|    clip_fraction        | 0.0582      |
|    clip_range           | 0.2         |
|    entropy_loss         | -2.55       |
|    explained_variance   | 0.000467    |
|    learning_rate        | 0.0003      |
|    loss                 | -0.031      |
|    n_updates            | 7860        |
|    policy_gradient_loss | -0.00505    |
|    std                  | 0.865       |
|    value_loss           | 0.00273     |
-----------------------------------------
------------------------------------------
| rollout/                |              |
|    ep_len_mean          | 118          |
|    ep_rew_mean          | -0.781       |
| time/                   |              |
|    fps                  | 89           |
|    iterations           | 318          |
|    time_elapsed         | 914          |
|    total_timesteps      | 201728       |
| train/                  |              |
|    approx_kl            | 0.0036981902 |
|    clip_fraction        | 0.0445       |
|    clip_range           | 0.2          |
|    entropy_loss         | -2.55        |
|    explained_variance   | 0.00164      |
|    learning_rate        | 0.0003       |
|    loss                 | -0.04        |
|    n_updates            | 7870         |
|    policy_gradient_loss | -0.00556     |
|    std                  | 0.867        |
|    value_loss           | 0.00264      |
------------------------------------------
------------------------------------------
| rollout/                |              |
|    ep_len_mean          | 118          |
|    ep_rew_mean          | -0.781       |
| time/                   |              |
|    fps                  | 89           |
|    iterations           | 319          |
|    time_elapsed         | 916          |
|    total_timesteps      | 201984       |
| train/                  |              |
|    approx_kl            | 0.0077056997 |
|    clip_fraction        | 0.123        |
|    clip_range           | 0.2          |
|    entropy_loss         | -2.56        |
|    explained_variance   | 0.00113      |
|    learning_rate        | 0.0003       |
|    loss                 | -0.0199      |
|    n_updates            | 7880         |
|    policy_gradient_loss | -0.0113      |
|    std                  | 0.872        |
|    value_loss           | 0.00271      |
------------------------------------------
-----------------------------------------
| rollout/                |             |
|    ep_len_mean          | 118         |
|    ep_rew_mean          | -0.781      |
| time/                   |             |
|    fps                  | 88          |
|    iterations           | 320         |
|    time_elapsed         | 921         |
|    total_timesteps      | 202240      |
| train/                  |             |
|    approx_kl            | 0.005070705 |
|    clip_fraction        | 0.0301      |
|    clip_range           | 0.2         |
|    entropy_loss         | -2.57       |
|    explained_variance   | -0.000792   |
|    learning_rate        | 0.0003      |
|    loss                 | -0.0231     |
|    n_updates            | 7890        |
|    policy_gradient_loss | -0.00223    |
|    std                  | 0.874       |
|    value_loss           | 0.00267     |
-----------------------------------------
------------------------------------------
| rollout/                |              |
|    ep_len_mean          | 118          |
|    ep_rew_mean          | -0.781       |
| time/                   |              |
|    fps                  | 88           |
|    iterations           | 321          |
|    time_elapsed         | 924          |
|    total_timesteps      | 202496       |
| train/                  |              |
|    approx_kl            | 0.0011301651 |
|    clip_fraction        | 0            |
|    clip_range           | 0.2          |
|    entropy_loss         | -2.57        |
|    explained_variance   | -0.000422    |
|    learning_rate        | 0.0003       |
|    loss                 | -0.0259      |
|    n_updates            | 7900         |
|    policy_gradient_loss | 0.000104     |
|    std                  | 0.875        |
|    value_loss           | 0.00289      |
------------------------------------------
------------------------------------------
| rollout/                |              |
|    ep_len_mean          | 116          |
|    ep_rew_mean          | -0.568       |
| time/                   |              |
|    fps                  | 88           |
|    iterations           | 322          |
|    time_elapsed         | 927          |
|    total_timesteps      | 202752       |
| train/                  |              |
|    approx_kl            | 0.0038730572 |
|    clip_fraction        | 0.0613       |
|    clip_range           | 0.2          |
|    entropy_loss         | -2.57        |
|    explained_variance   | 0.0016       |
|    learning_rate        | 0.0003       |
|    loss                 | -0.0337      |
|    n_updates            | 7910         |
|    policy_gradient_loss | -0.00497     |
|    std                  | 0.879        |
|    value_loss           | 0.00224      |
------------------------------------------
------------------------------------------
| rollout/                |              |
|    ep_len_mean          | 116          |
|    ep_rew_mean          | -0.568       |
| time/                   |              |
|    fps                  | 88           |
|    iterations           | 323          |
|    time_elapsed         | 929          |
|    total_timesteps      | 203008       |
| train/                  |              |
|    approx_kl            | 0.0039723767 |
|    clip_fraction        | 0.0367       |
|    clip_range           | 0.2          |
|    entropy_loss         | -2.58        |
|    explained_variance   | -6.08e-06    |
|    learning_rate        | 0.0003       |
|    loss                 | -0.0352      |
|    n_updates            | 7920         |
|    policy_gradient_loss | -0.00407     |
|    std                  | 0.881        |
|    value_loss           | 1.72         |
------------------------------------------
-----------------------------------------
| rollout/                |             |
|    ep_len_mean          | 116         |
|    ep_rew_mean          | -0.568      |
| time/                   |             |
|    fps                  | 88          |
|    iterations           | 324         |
|    time_elapsed         | 932         |
|    total_timesteps      | 203264      |
| train/                  |             |
|    approx_kl            | 0.004211488 |
|    clip_fraction        | 0.0199      |
|    clip_range           | 0.2         |
|    entropy_loss         | -2.58       |
|    explained_variance   | 0.00106     |
|    learning_rate        | 0.0003      |
|    loss                 | -0.0103     |
|    n_updates            | 7930        |
|    policy_gradient_loss | -0.0022     |
|    std                  | 0.881       |
|    value_loss           | 0.00285     |
-----------------------------------------
-----------------------------------------
| rollout/                |             |
|    ep_len_mean          | 116         |
|    ep_rew_mean          | -0.568      |
| time/                   |             |
|    fps                  | 89          |
|    iterations           | 325         |
|    time_elapsed         | 934         |
|    total_timesteps      | 203520      |
| train/                  |             |
|    approx_kl            | 0.004318395 |
|    clip_fraction        | 0.0422      |
|    clip_range           | 0.2         |
|    entropy_loss         | -2.59       |
|    explained_variance   | 0.000135    |
|    learning_rate        | 0.0003      |
|    loss                 | -0.0432     |
|    n_updates            | 7940        |
|    policy_gradient_loss | -0.00321    |
|    std                  | 0.884       |
|    value_loss           | 0.00277     |
-----------------------------------------
-----------------------------------------
| rollout/                |             |
|    ep_len_mean          | 116         |
|    ep_rew_mean          | -0.568      |
| time/                   |             |
|    fps                  | 88          |
|    iterations           | 326         |
|    time_elapsed         | 939         |
|    total_timesteps      | 203776      |
| train/                  |             |
|    approx_kl            | 0.007845666 |
|    clip_fraction        | 0.101       |
|    clip_range           | 0.2         |
|    entropy_loss         | -2.59       |
|    explained_variance   | 5.73e-05    |
|    learning_rate        | 0.0003      |
|    loss                 | -0.0612     |
|    n_updates            | 7950        |
|    policy_gradient_loss | -0.0114     |
|    std                  | 0.883       |
|    value_loss           | 0.00249     |
-----------------------------------------
-----------------------------------------
| rollout/                |             |
|    ep_len_mean          | 116         |
|    ep_rew_mean          | -0.566      |
| time/                   |             |
|    fps                  | 88          |
|    iterations           | 327         |
|    time_elapsed         | 941         |
|    total_timesteps      | 204032      |
| train/                  |             |
|    approx_kl            | 0.004158226 |
|    clip_fraction        | 0.0437      |
|    clip_range           | 0.2         |
|    entropy_loss         | -2.59       |
|    explained_variance   | -0.000235   |
|    learning_rate        | 0.0003      |
|    loss                 | -0.0349     |
|    n_updates            | 7960        |
|    policy_gradient_loss | -0.00393    |
|    std                  | 0.88        |
|    value_loss           | 0.0028      |
-----------------------------------------
------------------------------------------
| rollout/                |              |
|    ep_len_mean          | 116          |
|    ep_rew_mean          | -0.564       |
| time/                   |              |
|    fps                  | 88           |
|    iterations           | 328          |
|    time_elapsed         | 944          |
|    total_timesteps      | 204288       |
| train/                  |              |
|    approx_kl            | 0.0039089536 |
|    clip_fraction        | 0.0867       |
|    clip_range           | 0.2          |
|    entropy_loss         | -2.58        |
|    explained_variance   | -0.000307    |
|    learning_rate        | 0.0003       |
|    loss                 | -0.0284      |
|    n_updates            | 7970         |
|    policy_gradient_loss | -0.00621     |
|    std                  | 0.884        |
|    value_loss           | 0.00248      |
------------------------------------------
------------------------------------------
| rollout/                |              |
|    ep_len_mean          | 116          |
|    ep_rew_mean          | -0.565       |
| time/                   |              |
|    fps                  | 88           |
|    iterations           | 329          |
|    time_elapsed         | 947          |
|    total_timesteps      | 204544       |
| train/                  |              |
|    approx_kl            | 0.0051738257 |
|    clip_fraction        | 0.0676       |
|    clip_range           | 0.2          |
|    entropy_loss         | -2.59        |
|    explained_variance   | -1.7e-05     |
|    learning_rate        | 0.0003       |
|    loss                 | -0.033       |
|    n_updates            | 7980         |
|    policy_gradient_loss | -0.00614     |
|    std                  | 0.883        |
|    value_loss           | 0.00255      |
------------------------------------------
------------------------------------------
| rollout/                |              |
|    ep_len_mean          | 116          |
|    ep_rew_mean          | -0.566       |
| time/                   |              |
|    fps                  | 88           |
|    iterations           | 330          |
|    time_elapsed         | 951          |
|    total_timesteps      | 204800       |
| train/                  |              |
|    approx_kl            | 0.0023743478 |
|    clip_fraction        | 0.0402       |
|    clip_range           | 0.2          |
|    entropy_loss         | -2.58        |
|    explained_variance   | 0.000351     |
|    learning_rate        | 0.0003       |
|    loss                 | -0.0345      |
|    n_updates            | 7990         |
|    policy_gradient_loss | -0.00238     |
|    std                  | 0.879        |
|    value_loss           | 0.00312      |
------------------------------------------
-----------------------------------------
| rollout/                |             |
|    ep_len_mean          | 118         |
|    ep_rew_mean          | -0.778      |
| time/                   |             |
|    fps                  | 88          |
|    iterations           | 331         |
|    time_elapsed         | 954         |
|    total_timesteps      | 205056      |
| train/                  |             |
|    approx_kl            | 0.005360406 |
|    clip_fraction        | 0.0707      |
|    clip_range           | 0.2         |
|    entropy_loss         | -2.58       |
|    explained_variance   | -0.000522   |
|    learning_rate        | 0.0003      |
|    loss                 | -0.0405     |
|    n_updates            | 8000        |
|    policy_gradient_loss | -0.00475    |
|    std                  | 0.877       |
|    value_loss           | 0.0032      |
-----------------------------------------
------------------------------------------
| rollout/                |              |
|    ep_len_mean          | 118          |
|    ep_rew_mean          | -0.776       |
| time/                   |              |
|    fps                  | 88           |
|    iterations           | 332          |
|    time_elapsed         | 957          |
|    total_timesteps      | 205312       |
| train/                  |              |
|    approx_kl            | 0.0031728223 |
|    clip_fraction        | 0.0352       |
|    clip_range           | 0.2          |
|    entropy_loss         | -2.57        |
|    explained_variance   | 0.000941     |
|    learning_rate        | 0.0003       |
|    loss                 | -0.0356      |
|    n_updates            | 8010         |
|    policy_gradient_loss | -0.00316     |
|    std                  | 0.875        |
|    value_loss           | 0.00272      |
------------------------------------------
------------------------------------------
| rollout/                |              |
|    ep_len_mean          | 118          |
|    ep_rew_mean          | -0.775       |
| time/                   |              |
|    fps                  | 88           |
|    iterations           | 333          |
|    time_elapsed         | 961          |
|    total_timesteps      | 205568       |
| train/                  |              |
|    approx_kl            | 0.0040184027 |
|    clip_fraction        | 0.0223       |
|    clip_range           | 0.2          |
|    entropy_loss         | -2.57        |
|    explained_variance   | 0.000667     |
|    learning_rate        | 0.0003       |
|    loss                 | -0.0154      |
|    n_updates            | 8020         |
|    policy_gradient_loss | -0.00219     |
|    std                  | 0.873        |
|    value_loss           | 0.00286      |
------------------------------------------
------------------------------------------
| rollout/                |              |
|    ep_len_mean          | 118          |
|    ep_rew_mean          | -0.774       |
| time/                   |              |
|    fps                  | 88           |
|    iterations           | 334          |
|    time_elapsed         | 965          |
|    total_timesteps      | 205824       |
| train/                  |              |
|    approx_kl            | 0.0033475677 |
|    clip_fraction        | 0.0152       |
|    clip_range           | 0.2          |
|    entropy_loss         | -2.57        |
|    explained_variance   | 0.000186     |
|    learning_rate        | 0.0003       |
|    loss                 | -0.0193      |
|    n_updates            | 8030         |
|    policy_gradient_loss | -0.00231     |
|    std                  | 0.874        |
|    value_loss           | 0.0027       |
------------------------------------------
-----------------------------------------
| rollout/                |             |
|    ep_len_mean          | 118         |
|    ep_rew_mean          | -0.773      |
| time/                   |             |
|    fps                  | 88          |
|    iterations           | 335         |
|    time_elapsed         | 968         |
|    total_timesteps      | 206080      |
| train/                  |             |
|    approx_kl            | 0.004721932 |
|    clip_fraction        | 0.0102      |
|    clip_range           | 0.2         |
|    entropy_loss         | -2.57       |
|    explained_variance   | 0.00048     |
|    learning_rate        | 0.0003      |
|    loss                 | -0.0493     |
|    n_updates            | 8040        |
|    policy_gradient_loss | -0.00191    |
|    std                  | 0.872       |
|    value_loss           | 0.00275     |
-----------------------------------------
------------------------------------------
| rollout/                |              |
|    ep_len_mean          | 116          |
|    ep_rew_mean          | -0.563       |
| time/                   |              |
|    fps                  | 88           |
|    iterations           | 336          |
|    time_elapsed         | 971          |
|    total_timesteps      | 206336       |
| train/                  |              |
|    approx_kl            | 0.0049174344 |
|    clip_fraction        | 0.0539       |
|    clip_range           | 0.2          |
|    entropy_loss         | -2.57        |
|    explained_variance   | -0.000578    |
|    learning_rate        | 0.0003       |
|    loss                 | -0.0521      |
|    n_updates            | 8050         |
|    policy_gradient_loss | -0.006       |
|    std                  | 0.874        |
|    value_loss           | 0.00276      |
------------------------------------------
-----------------------------------------
| rollout/                |             |
|    ep_len_mean          | 116         |
|    ep_rew_mean          | -0.564      |
| time/                   |             |
|    fps                  | 88          |
|    iterations           | 337         |
|    time_elapsed         | 974         |
|    total_timesteps      | 206592      |
| train/                  |             |
|    approx_kl            | 0.006825664 |
|    clip_fraction        | 0.111       |
|    clip_range           | 0.2         |
|    entropy_loss         | -2.57       |
|    explained_variance   | 8.34e-07    |
|    learning_rate        | 0.0003      |
|    loss                 | 3.42        |
|    n_updates            | 8060        |
|    policy_gradient_loss | -0.0116     |
|    std                  | 0.873       |
|    value_loss           | 1.72        |
-----------------------------------------
-----------------------------------------
| rollout/                |             |
|    ep_len_mean          | 116         |
|    ep_rew_mean          | -0.565      |
| time/                   |             |
|    fps                  | 88          |
|    iterations           | 338         |
|    time_elapsed         | 976         |
|    total_timesteps      | 206848      |
| train/                  |             |
|    approx_kl            | 0.007899705 |
|    clip_fraction        | 0.0945      |
|    clip_range           | 0.2         |
|    entropy_loss         | -2.57       |
|    explained_variance   | 0.000893    |
|    learning_rate        | 0.0003      |
|    loss                 | -0.0307     |
|    n_updates            | 8070        |
|    policy_gradient_loss | -0.0124     |
|    std                  | 0.871       |
|    value_loss           | 0.00289     |
-----------------------------------------
-----------------------------------------
| rollout/                |             |
|    ep_len_mean          | 116         |
|    ep_rew_mean          | -0.566      |
| time/                   |             |
|    fps                  | 88          |
|    iterations           | 339         |
|    time_elapsed         | 979         |
|    total_timesteps      | 207104      |
| train/                  |             |
|    approx_kl            | 0.005624803 |
|    clip_fraction        | 0.0656      |
|    clip_range           | 0.2         |
|    entropy_loss         | -2.56       |
|    explained_variance   | -0.000975   |
|    learning_rate        | 0.0003      |
|    loss                 | -0.0288     |
|    n_updates            | 8080        |
|    policy_gradient_loss | -0.00498    |
|    std                  | 0.873       |
|    value_loss           | 0.0029      |
-----------------------------------------
-----------------------------------------
| rollout/                |             |
|    ep_len_mean          | 116         |
|    ep_rew_mean          | -0.566      |
| time/                   |             |
|    fps                  | 88          |
|    iterations           | 340         |
|    time_elapsed         | 981         |
|    total_timesteps      | 207360      |
| train/                  |             |
|    approx_kl            | 0.005315991 |
|    clip_fraction        | 0.0461      |
|    clip_range           | 0.2         |
|    entropy_loss         | -2.57       |
|    explained_variance   | 0.000398    |
|    learning_rate        | 0.0003      |
|    loss                 | -0.0345     |
|    n_updates            | 8090        |
|    policy_gradient_loss | -0.00488    |
|    std                  | 0.874       |
|    value_loss           | 0.00257     |
-----------------------------------------
-----------------------------------------
| rollout/                |             |
|    ep_len_mean          | 116         |
|    ep_rew_mean          | -0.565      |
| time/                   |             |
|    fps                  | 88          |
|    iterations           | 341         |
|    time_elapsed         | 986         |
|    total_timesteps      | 207616      |
| train/                  |             |
|    approx_kl            | 0.005004455 |
|    clip_fraction        | 0.0316      |
|    clip_range           | 0.2         |
|    entropy_loss         | -2.57       |
|    explained_variance   | -0.000112   |
|    learning_rate        | 0.0003      |
|    loss                 | -0.0147     |
|    n_updates            | 8100        |
|    policy_gradient_loss | -0.00299    |
|    std                  | 0.877       |
|    value_loss           | 0.00263     |
-----------------------------------------
------------------------------------------
| rollout/                |              |
|    ep_len_mean          | 116          |
|    ep_rew_mean          | -0.565       |
| time/                   |              |
|    fps                  | 88           |
|    iterations           | 342          |
|    time_elapsed         | 990          |
|    total_timesteps      | 207872       |
| train/                  |              |
|    approx_kl            | 0.0056002177 |
|    clip_fraction        | 0.0629       |
|    clip_range           | 0.2          |
|    entropy_loss         | -2.58        |
|    explained_variance   | -0.00124     |
|    learning_rate        | 0.0003       |
|    loss                 | -0.0121      |
|    n_updates            | 8110         |
|    policy_gradient_loss | -0.00579     |
|    std                  | 0.879        |
|    value_loss           | 0.00263      |
------------------------------------------
------------------------------------------
| rollout/                |              |
|    ep_len_mean          | 115          |
|    ep_rew_mean          | -0.353       |
| time/                   |              |
|    fps                  | 88           |
|    iterations           | 343          |
|    time_elapsed         | 994          |
|    total_timesteps      | 208128       |
| train/                  |              |
|    approx_kl            | 0.0038920972 |
|    clip_fraction        | 0.0414       |
|    clip_range           | 0.2          |
|    entropy_loss         | -2.58        |
|    explained_variance   | 9.02e-05     |
|    learning_rate        | 0.0003       |
|    loss                 | -0.027       |
|    n_updates            | 8120         |
|    policy_gradient_loss | -0.00359     |
|    std                  | 0.878        |
|    value_loss           | 0.00225      |
------------------------------------------
-------------------------------------------
| rollout/                |               |
|    ep_len_mean          | 115           |
|    ep_rew_mean          | -0.351        |
| time/                   |               |
|    fps                  | 88            |
|    iterations           | 344           |
|    time_elapsed         | 996           |
|    total_timesteps      | 208384        |
| train/                  |               |
|    approx_kl            | 0.00091340183 |
|    clip_fraction        | 0.00117       |
|    clip_range           | 0.2           |
|    entropy_loss         | -2.58         |
|    explained_variance   | -5.96e-07     |
|    learning_rate        | 0.0003        |
|    loss                 | -0.0265       |
|    n_updates            | 8130          |
|    policy_gradient_loss | 0.000986      |
|    std                  | 0.879         |
|    value_loss           | 1.72          |
-------------------------------------------
------------------------------------------
| rollout/                |              |
|    ep_len_mean          | 115          |
|    ep_rew_mean          | -0.351       |
| time/                   |              |
|    fps                  | 88           |
|    iterations           | 345          |
|    time_elapsed         | 999          |
|    total_timesteps      | 208640       |
| train/                  |              |
|    approx_kl            | 0.0013951845 |
|    clip_fraction        | 0.0133       |
|    clip_range           | 0.2          |
|    entropy_loss         | -2.58        |
|    explained_variance   | 0.00115      |
|    learning_rate        | 0.0003       |
|    loss                 | -0.0251      |
|    n_updates            | 8140         |
|    policy_gradient_loss | -0.000295    |
|    std                  | 0.879        |
|    value_loss           | 0.00287      |
------------------------------------------
-----------------------------------------
| rollout/                |             |
|    ep_len_mean          | 115         |
|    ep_rew_mean          | -0.351      |
| time/                   |             |
|    fps                  | 88          |
|    iterations           | 346         |
|    time_elapsed         | 1001        |
|    total_timesteps      | 208896      |
| train/                  |             |
|    approx_kl            | 0.002563389 |
|    clip_fraction        | 0.0723      |
|    clip_range           | 0.2         |
|    entropy_loss         | -2.58       |
|    explained_variance   | -0.000795   |
|    learning_rate        | 0.0003      |
|    loss                 | -0.0443     |
|    n_updates            | 8150        |
|    policy_gradient_loss | -0.00541    |
|    std                  | 0.88        |
|    value_loss           | 0.00256     |
-----------------------------------------
----------------------------------------
| rollout/                |            |
|    ep_len_mean          | 115        |
|    ep_rew_mean          | -0.351     |
| time/                   |            |
|    fps                  | 88         |
|    iterations           | 347        |
|    time_elapsed         | 1004       |
|    total_timesteps      | 209152     |
| train/                  |            |
|    approx_kl            | 0.00412775 |
|    clip_fraction        | 0.0551     |
|    clip_range           | 0.2        |
|    entropy_loss         | -2.58      |
|    explained_variance   | -0.00107   |
|    learning_rate        | 0.0003     |
|    loss                 | -0.0216    |
|    n_updates            | 8160       |
|    policy_gradient_loss | -0.00425   |
|    std                  | 0.877      |
|    value_loss           | 0.00264    |
----------------------------------------
------------------------------------------
| rollout/                |              |
|    ep_len_mean          | 115          |
|    ep_rew_mean          | -0.35        |
| time/                   |              |
|    fps                  | 88           |
|    iterations           | 348          |
|    time_elapsed         | 1007         |
|    total_timesteps      | 209408       |
| train/                  |              |
|    approx_kl            | 0.0065142293 |
|    clip_fraction        | 0.109        |
|    clip_range           | 0.2          |
|    entropy_loss         | -2.57        |
|    explained_variance   | -0.000613    |
|    learning_rate        | 0.0003       |
|    loss                 | -0.0637      |
|    n_updates            | 8170         |
|    policy_gradient_loss | -0.0112      |
|    std                  | 0.877        |
|    value_loss           | 0.0027       |
------------------------------------------
------------------------------------------
| rollout/                |              |
|    ep_len_mean          | 115          |
|    ep_rew_mean          | -0.349       |
| time/                   |              |
|    fps                  | 88           |
|    iterations           | 349          |
|    time_elapsed         | 1009         |
|    total_timesteps      | 209664       |
| train/                  |              |
|    approx_kl            | 0.0075373696 |
|    clip_fraction        | 0.103        |
|    clip_range           | 0.2          |
|    entropy_loss         | -2.57        |
|    explained_variance   | -0.000773    |
|    learning_rate        | 0.0003       |
|    loss                 | -0.0373      |
|    n_updates            | 8180         |
|    policy_gradient_loss | -0.0123      |
|    std                  | 0.871        |
|    value_loss           | 0.00257      |
------------------------------------------
-----------------------------------------
| rollout/                |             |
|    ep_len_mean          | 115         |
|    ep_rew_mean          | -0.348      |
| time/                   |             |
|    fps                  | 88          |
|    iterations           | 350         |
|    time_elapsed         | 1012        |
|    total_timesteps      | 209920      |
| train/                  |             |
|    approx_kl            | 0.010157356 |
|    clip_fraction        | 0.166       |
|    clip_range           | 0.2         |
|    entropy_loss         | -2.56       |
|    explained_variance   | 0.00202     |
|    learning_rate        | 0.0003      |
|    loss                 | -0.0239     |
|    n_updates            | 8190        |
|    policy_gradient_loss | -0.0138     |
|    std                  | 0.869       |
|    value_loss           | 0.00252     |
-----------------------------------------
-----------------------------------------
| rollout/                |             |
|    ep_len_mean          | 115         |
|    ep_rew_mean          | -0.349      |
| time/                   |             |
|    fps                  | 88          |
|    iterations           | 351         |
|    time_elapsed         | 1015        |
|    total_timesteps      | 210176      |
| train/                  |             |
|    approx_kl            | 0.003973685 |
|    clip_fraction        | 0.077       |
|    clip_range           | 0.2         |
|    entropy_loss         | -2.56       |
|    explained_variance   | -0.00034    |
|    learning_rate        | 0.0003      |
|    loss                 | -0.0261     |
|    n_updates            | 8200        |
|    policy_gradient_loss | -0.00614    |
|    std                  | 0.87        |
|    value_loss           | 0.00252     |
-----------------------------------------
------------------------------------------
| rollout/                |              |
|    ep_len_mean          | 114          |
|    ep_rew_mean          | -0.136       |
| time/                   |              |
|    fps                  | 88           |
|    iterations           | 352          |
|    time_elapsed         | 1021         |
|    total_timesteps      | 210432       |
| train/                  |              |
|    approx_kl            | 0.0040864837 |
|    clip_fraction        | 0.0242       |
|    clip_range           | 0.2          |
|    entropy_loss         | -2.56        |
|    explained_variance   | 0.000585     |
|    learning_rate        | 0.0003       |
|    loss                 | -0.0303      |
|    n_updates            | 8210         |
|    policy_gradient_loss | 0.000407     |
|    std                  | 0.876        |
|    value_loss           | 0.00228      |
------------------------------------------
------------------------------------------
| rollout/                |              |
|    ep_len_mean          | 114          |
|    ep_rew_mean          | -0.135       |
| time/                   |              |
|    fps                  | 88           |
|    iterations           | 353          |
|    time_elapsed         | 1026         |
|    total_timesteps      | 210688       |
| train/                  |              |
|    approx_kl            | 0.0026243117 |
|    clip_fraction        | 0.0715       |
|    clip_range           | 0.2          |
|    entropy_loss         | -2.58        |
|    explained_variance   | -2.38e-06    |
|    learning_rate        | 0.0003       |
|    loss                 | 3.39         |
|    n_updates            | 8220         |
|    policy_gradient_loss | -0.00656     |
|    std                  | 0.881        |
|    value_loss           | 1.71         |
------------------------------------------
-----------------------------------------
| rollout/                |             |
|    ep_len_mean          | 114         |
|    ep_rew_mean          | -0.135      |
| time/                   |             |
|    fps                  | 88          |
|    iterations           | 354         |
|    time_elapsed         | 1028        |
|    total_timesteps      | 210944      |
| train/                  |             |
|    approx_kl            | 0.008729172 |
|    clip_fraction        | 0.122       |
|    clip_range           | 0.2         |
|    entropy_loss         | -2.59       |
|    explained_variance   | 0.000624    |
|    learning_rate        | 0.0003      |
|    loss                 | -0.0439     |
|    n_updates            | 8230        |
|    policy_gradient_loss | -0.0125     |
|    std                  | 0.881       |
|    value_loss           | 0.00242     |
-----------------------------------------
------------------------------------------
| rollout/                |              |
|    ep_len_mean          | 114          |
|    ep_rew_mean          | -0.135       |
| time/                   |              |
|    fps                  | 87           |
|    iterations           | 355          |
|    time_elapsed         | 1033         |
|    total_timesteps      | 211200       |
| train/                  |              |
|    approx_kl            | 0.0041810265 |
|    clip_fraction        | 0.0309       |
|    clip_range           | 0.2          |
|    entropy_loss         | -2.58        |
|    explained_variance   | 0.000471     |
|    learning_rate        | 0.0003       |
|    loss                 | -0.0152      |
|    n_updates            | 8240         |
|    policy_gradient_loss | -0.00254     |
|    std                  | 0.88         |
|    value_loss           | 0.00236      |
------------------------------------------
------------------------------------------
| rollout/                |              |
|    ep_len_mean          | 114          |
|    ep_rew_mean          | -0.135       |
| time/                   |              |
|    fps                  | 87           |
|    iterations           | 356          |
|    time_elapsed         | 1035         |
|    total_timesteps      | 211456       |
| train/                  |              |
|    approx_kl            | 0.0026337102 |
|    clip_fraction        | 0.0359       |
|    clip_range           | 0.2          |
|    entropy_loss         | -2.59        |
|    explained_variance   | -1.69e-05    |
|    learning_rate        | 0.0003       |
|    loss                 | -0.0348      |
|    n_updates            | 8250         |
|    policy_gradient_loss | -0.00236     |
|    std                  | 0.884        |
|    value_loss           | 0.00241      |
------------------------------------------
-----------------------------------------
| rollout/                |             |
|    ep_len_mean          | 115         |
|    ep_rew_mean          | -0.347      |
| time/                   |             |
|    fps                  | 88          |
|    iterations           | 357         |
|    time_elapsed         | 1038        |
|    total_timesteps      | 211712      |
| train/                  |             |
|    approx_kl            | 0.005021564 |
|    clip_fraction        | 0.0727      |
|    clip_range           | 0.2         |
|    entropy_loss         | -2.59       |
|    explained_variance   | -0.00283    |
|    learning_rate        | 0.0003      |
|    loss                 | -0.0246     |
|    n_updates            | 8260        |
|    policy_gradient_loss | -0.00587    |
|    std                  | 0.878       |
|    value_loss           | 0.00262     |
-----------------------------------------
-----------------------------------------
| rollout/                |             |
|    ep_len_mean          | 115         |
|    ep_rew_mean          | -0.347      |
| time/                   |             |
|    fps                  | 88          |
|    iterations           | 358         |
|    time_elapsed         | 1041        |
|    total_timesteps      | 211968      |
| train/                  |             |
|    approx_kl            | 0.006219728 |
|    clip_fraction        | 0.125       |
|    clip_range           | 0.2         |
|    entropy_loss         | -2.57       |
|    explained_variance   | 0.000635    |
|    learning_rate        | 0.0003      |
|    loss                 | -0.0362     |
|    n_updates            | 8270        |
|    policy_gradient_loss | -0.00889    |
|    std                  | 0.875       |
|    value_loss           | 0.00253     |
-----------------------------------------
------------------------------------------
| rollout/                |              |
|    ep_len_mean          | 115          |
|    ep_rew_mean          | -0.346       |
| time/                   |              |
|    fps                  | 88           |
|    iterations           | 359          |
|    time_elapsed         | 1043         |
|    total_timesteps      | 212224       |
| train/                  |              |
|    approx_kl            | 0.0018876996 |
|    clip_fraction        | 0            |
|    clip_range           | 0.2          |
|    entropy_loss         | -2.57        |
|    explained_variance   | -0.000955    |
|    learning_rate        | 0.0003       |
|    loss                 | -0.0183      |
|    n_updates            | 8280         |
|    policy_gradient_loss | 0.000382     |
|    std                  | 0.874        |
|    value_loss           | 0.00263      |
------------------------------------------
-----------------------------------------
| rollout/                |             |
|    ep_len_mean          | 115         |
|    ep_rew_mean          | -0.347      |
| time/                   |             |
|    fps                  | 88          |
|    iterations           | 360         |
|    time_elapsed         | 1046        |
|    total_timesteps      | 212480      |
| train/                  |             |
|    approx_kl            | 0.005963169 |
|    clip_fraction        | 0.0637      |
|    clip_range           | 0.2         |
|    entropy_loss         | -2.57       |
|    explained_variance   | -0.000278   |
|    learning_rate        | 0.0003      |
|    loss                 | -0.0334     |
|    n_updates            | 8290        |
|    policy_gradient_loss | -0.00427    |
|    std                  | 0.878       |
|    value_loss           | 0.00256     |
-----------------------------------------
-----------------------------------------
| rollout/                |             |
|    ep_len_mean          | 115         |
|    ep_rew_mean          | -0.347      |
| time/                   |             |
|    fps                  | 88          |
|    iterations           | 361         |
|    time_elapsed         | 1049        |
|    total_timesteps      | 212736      |
| train/                  |             |
|    approx_kl            | 0.005718681 |
|    clip_fraction        | 0.0633      |
|    clip_range           | 0.2         |
|    entropy_loss         | -2.57       |
|    explained_variance   | 0.000365    |
|    learning_rate        | 0.0003      |
|    loss                 | -0.0337     |
|    n_updates            | 8300        |
|    policy_gradient_loss | -0.00507    |
|    std                  | 0.875       |
|    value_loss           | 0.00256     |
-----------------------------------------
-----------------------------------------
| rollout/                |             |
|    ep_len_mean          | 115         |
|    ep_rew_mean          | -0.347      |
| time/                   |             |
|    fps                  | 88          |
|    iterations           | 362         |
|    time_elapsed         | 1051        |
|    total_timesteps      | 212992      |
| train/                  |             |
|    approx_kl            | 0.005213783 |
|    clip_fraction        | 0.0617      |
|    clip_range           | 0.2         |
|    entropy_loss         | -2.57       |
|    explained_variance   | -0.000212   |
|    learning_rate        | 0.0003      |
|    loss                 | -0.0201     |
|    n_updates            | 8310        |
|    policy_gradient_loss | -0.00495    |
|    std                  | 0.871       |
|    value_loss           | 0.00243     |
-----------------------------------------
------------------------------------------
| rollout/                |              |
|    ep_len_mean          | 115          |
|    ep_rew_mean          | -0.346       |
| time/                   |              |
|    fps                  | 87           |
|    iterations           | 363          |
|    time_elapsed         | 1056         |
|    total_timesteps      | 213248       |
| train/                  |              |
|    approx_kl            | 0.0074563804 |
|    clip_fraction        | 0.075        |
|    clip_range           | 0.2          |
|    entropy_loss         | -2.56        |
|    explained_variance   | -0.000121    |
|    learning_rate        | 0.0003       |
|    loss                 | -0.0469      |
|    n_updates            | 8320         |
|    policy_gradient_loss | -0.00355     |
|    std                  | 0.87         |
|    value_loss           | 0.00256      |
------------------------------------------
------------------------------------------
| rollout/                |              |
|    ep_len_mean          | 115          |
|    ep_rew_mean          | -0.347       |
| time/                   |              |
|    fps                  | 88           |
|    iterations           | 364          |
|    time_elapsed         | 1058         |
|    total_timesteps      | 213504       |
| train/                  |              |
|    approx_kl            | 0.0041364683 |
|    clip_fraction        | 0.00547      |
|    clip_range           | 0.2          |
|    entropy_loss         | -2.56        |
|    explained_variance   | 0.000157     |
|    learning_rate        | 0.0003       |
|    loss                 | -0.0111      |
|    n_updates            | 8330         |
|    policy_gradient_loss | -0.000374    |
|    std                  | 0.867        |
|    value_loss           | 0.00254      |
------------------------------------------
------------------------------------------
| rollout/                |              |
|    ep_len_mean          | 115          |
|    ep_rew_mean          | -0.346       |
| time/                   |              |
|    fps                  | 88           |
|    iterations           | 365          |
|    time_elapsed         | 1061         |
|    total_timesteps      | 213760       |
| train/                  |              |
|    approx_kl            | 0.0034363698 |
|    clip_fraction        | 0.0465       |
|    clip_range           | 0.2          |
|    entropy_loss         | -2.55        |
|    explained_variance   | 2.33e-05     |
|    learning_rate        | 0.0003       |
|    loss                 | -0.0267      |
|    n_updates            | 8340         |
|    policy_gradient_loss | -0.00566     |
|    std                  | 0.865        |
|    value_loss           | 0.00261      |
------------------------------------------
------------------------------------------
| rollout/                |              |
|    ep_len_mean          | 115          |
|    ep_rew_mean          | -0.346       |
| time/                   |              |
|    fps                  | 87           |
|    iterations           | 366          |
|    time_elapsed         | 1065         |
|    total_timesteps      | 214016       |
| train/                  |              |
|    approx_kl            | 0.0059217555 |
|    clip_fraction        | 0.084        |
|    clip_range           | 0.2          |
|    entropy_loss         | -2.55        |
|    explained_variance   | -0.000153    |
|    learning_rate        | 0.0003       |
|    loss                 | -0.0359      |
|    n_updates            | 8350         |
|    policy_gradient_loss | -0.00729     |
|    std                  | 0.866        |
|    value_loss           | 0.00256      |
------------------------------------------
------------------------------------------
| rollout/                |              |
|    ep_len_mean          | 115          |
|    ep_rew_mean          | -0.346       |
| time/                   |              |
|    fps                  | 87           |
|    iterations           | 367          |
|    time_elapsed         | 1068         |
|    total_timesteps      | 214272       |
| train/                  |              |
|    approx_kl            | 0.0073618474 |
|    clip_fraction        | 0.0879       |
|    clip_range           | 0.2          |
|    entropy_loss         | -2.55        |
|    explained_variance   | -0.000259    |
|    learning_rate        | 0.0003       |
|    loss                 | -0.0459      |
|    n_updates            | 8360         |
|    policy_gradient_loss | -0.0114      |
|    std                  | 0.865        |
|    value_loss           | 0.00278      |
------------------------------------------
-----------------------------------------
| rollout/                |             |
|    ep_len_mean          | 116         |
|    ep_rew_mean          | -0.558      |
| time/                   |             |
|    fps                  | 87          |
|    iterations           | 368         |
|    time_elapsed         | 1071        |
|    total_timesteps      | 214528      |
| train/                  |             |
|    approx_kl            | 0.006790323 |
|    clip_fraction        | 0.101       |
|    clip_range           | 0.2         |
|    entropy_loss         | -2.55       |
|    explained_variance   | 0.000108    |
|    learning_rate        | 0.0003      |
|    loss                 | -0.0412     |
|    n_updates            | 8370        |
|    policy_gradient_loss | -0.00658    |
|    std                  | 0.865       |
|    value_loss           | 0.00273     |
-----------------------------------------
------------------------------------------
| rollout/                |              |
|    ep_len_mean          | 116          |
|    ep_rew_mean          | -0.558       |
| time/                   |              |
|    fps                  | 87           |
|    iterations           | 369          |
|    time_elapsed         | 1073         |
|    total_timesteps      | 214784       |
| train/                  |              |
|    approx_kl            | 0.0060457177 |
|    clip_fraction        | 0.0477       |
|    clip_range           | 0.2          |
|    entropy_loss         | -2.55        |
|    explained_variance   | -0.000522    |
|    learning_rate        | 0.0003       |
|    loss                 | -0.0238      |
|    n_updates            | 8380         |
|    policy_gradient_loss | -0.00372     |
|    std                  | 0.868        |
|    value_loss           | 0.0028       |
------------------------------------------
-----------------------------------------
| rollout/                |             |
|    ep_len_mean          | 116         |
|    ep_rew_mean          | -0.559      |
| time/                   |             |
|    fps                  | 87          |
|    iterations           | 370         |
|    time_elapsed         | 1076        |
|    total_timesteps      | 215040      |
| train/                  |             |
|    approx_kl            | 0.009246365 |
|    clip_fraction        | 0.0895      |
|    clip_range           | 0.2         |
|    entropy_loss         | -2.56       |
|    explained_variance   | -0.000122   |
|    learning_rate        | 0.0003      |
|    loss                 | -0.028      |
|    n_updates            | 8390        |
|    policy_gradient_loss | -0.00794    |
|    std                  | 0.869       |
|    value_loss           | 0.00278     |
-----------------------------------------
-----------------------------------------
| rollout/                |             |
|    ep_len_mean          | 116         |
|    ep_rew_mean          | -0.558      |
| time/                   |             |
|    fps                  | 88          |
|    iterations           | 371         |
|    time_elapsed         | 1078        |
|    total_timesteps      | 215296      |
| train/                  |             |
|    approx_kl            | 0.008956613 |
|    clip_fraction        | 0.0688      |
|    clip_range           | 0.2         |
|    entropy_loss         | -2.56       |
|    explained_variance   | 0.000987    |
|    learning_rate        | 0.0003      |
|    loss                 | -0.0267     |
|    n_updates            | 8400        |
|    policy_gradient_loss | -0.00572    |
|    std                  | 0.872       |
|    value_loss           | 0.00256     |
-----------------------------------------
-----------------------------------------
| rollout/                |             |
|    ep_len_mean          | 116         |
|    ep_rew_mean          | -0.559      |
| time/                   |             |
|    fps                  | 88          |
|    iterations           | 372         |
|    time_elapsed         | 1081        |
|    total_timesteps      | 215552      |
| train/                  |             |
|    approx_kl            | 0.007210185 |
|    clip_fraction        | 0.0371      |
|    clip_range           | 0.2         |
|    entropy_loss         | -2.57       |
|    explained_variance   | -0.0011     |
|    learning_rate        | 0.0003      |
|    loss                 | -0.00258    |
|    n_updates            | 8410        |
|    policy_gradient_loss | -0.00215    |
|    std                  | 0.879       |
|    value_loss           | 0.00287     |
-----------------------------------------
------------------------------------------
| rollout/                |              |
|    ep_len_mean          | 116          |
|    ep_rew_mean          | -0.56        |
| time/                   |              |
|    fps                  | 88           |
|    iterations           | 373          |
|    time_elapsed         | 1084         |
|    total_timesteps      | 215808       |
| train/                  |              |
|    approx_kl            | 0.0051626936 |
|    clip_fraction        | 0.0621       |
|    clip_range           | 0.2          |
|    entropy_loss         | -2.58        |
|    explained_variance   | 0.00162      |
|    learning_rate        | 0.0003       |
|    loss                 | -0.0442      |
|    n_updates            | 8420         |
|    policy_gradient_loss | -0.00662     |
|    std                  | 0.876        |
|    value_loss           | 0.00273      |
------------------------------------------
------------------------------------------
| rollout/                |              |
|    ep_len_mean          | 116          |
|    ep_rew_mean          | -0.559       |
| time/                   |              |
|    fps                  | 88           |
|    iterations           | 374          |
|    time_elapsed         | 1086         |
|    total_timesteps      | 216064       |
| train/                  |              |
|    approx_kl            | 0.0038617004 |
|    clip_fraction        | 0.0453       |
|    clip_range           | 0.2          |
|    entropy_loss         | -2.57        |
|    explained_variance   | 0.000147     |
|    learning_rate        | 0.0003       |
|    loss                 | -0.043       |
|    n_updates            | 8430         |
|    policy_gradient_loss | -0.0058      |
|    std                  | 0.878        |
|    value_loss           | 0.00247      |
------------------------------------------
------------------------------------------
| rollout/                |              |
|    ep_len_mean          | 116          |
|    ep_rew_mean          | -0.559       |
| time/                   |              |
|    fps                  | 88           |
|    iterations           | 375          |
|    time_elapsed         | 1089         |
|    total_timesteps      | 216320       |
| train/                  |              |
|    approx_kl            | 0.0013979259 |
|    clip_fraction        | 0            |
|    clip_range           | 0.2          |
|    entropy_loss         | -2.58        |
|    explained_variance   | 0.00114      |
|    learning_rate        | 0.0003       |
|    loss                 | -0.0201      |
|    n_updates            | 8440         |
|    policy_gradient_loss | 0.000111     |
|    std                  | 0.88         |
|    value_loss           | 0.00258      |
------------------------------------------
-----------------------------------------
| rollout/                |             |
|    ep_len_mean          | 116         |
|    ep_rew_mean          | -0.557      |
| time/                   |             |
|    fps                  | 87          |
|    iterations           | 376         |
|    time_elapsed         | 1093        |
|    total_timesteps      | 216576      |
| train/                  |             |
|    approx_kl            | 0.003373762 |
|    clip_fraction        | 0.0262      |
|    clip_range           | 0.2         |
|    entropy_loss         | -2.59       |
|    explained_variance   | -0.000668   |
|    learning_rate        | 0.0003      |
|    loss                 | -0.00706    |
|    n_updates            | 8450        |
|    policy_gradient_loss | -0.00302    |
|    std                  | 0.885       |
|    value_loss           | 0.00254     |
-----------------------------------------
------------------------------------------
| rollout/                |              |
|    ep_len_mean          | 115          |
|    ep_rew_mean          | -0.348       |
| time/                   |              |
|    fps                  | 87           |
|    iterations           | 377          |
|    time_elapsed         | 1096         |
|    total_timesteps      | 216832       |
| train/                  |              |
|    approx_kl            | 0.0025196907 |
|    clip_fraction        | 0.0125       |
|    clip_range           | 0.2          |
|    entropy_loss         | -2.59        |
|    explained_variance   | 0.00453      |
|    learning_rate        | 0.0003       |
|    loss                 | -0.0192      |
|    n_updates            | 8460         |
|    policy_gradient_loss | -0.00152     |
|    std                  | 0.885        |
|    value_loss           | 0.00275      |
------------------------------------------
------------------------------------------
| rollout/                |              |
|    ep_len_mean          | 115          |
|    ep_rew_mean          | -0.349       |
| time/                   |              |
|    fps                  | 88           |
|    iterations           | 378          |
|    time_elapsed         | 1099         |
|    total_timesteps      | 217088       |
| train/                  |              |
|    approx_kl            | 0.0038355947 |
|    clip_fraction        | 0.00195      |
|    clip_range           | 0.2          |
|    entropy_loss         | -2.59        |
|    explained_variance   | 0.000101     |
|    learning_rate        | 0.0003       |
|    loss                 | -0.025       |
|    n_updates            | 8470         |
|    policy_gradient_loss | -0.000242    |
|    std                  | 0.88         |
|    value_loss           | 1.72         |
------------------------------------------
------------------------------------------
| rollout/                |              |
|    ep_len_mean          | 115          |
|    ep_rew_mean          | -0.349       |
| time/                   |              |
|    fps                  | 88           |
|    iterations           | 379          |
|    time_elapsed         | 1101         |
|    total_timesteps      | 217344       |
| train/                  |              |
|    approx_kl            | 0.0020342423 |
|    clip_fraction        | 0.0164       |
|    clip_range           | 0.2          |
|    entropy_loss         | -2.58        |
|    explained_variance   | -0.00294     |
|    learning_rate        | 0.0003       |
|    loss                 | -0.0303      |
|    n_updates            | 8480         |
|    policy_gradient_loss | -0.00293     |
|    std                  | 0.877        |
|    value_loss           | 0.00291      |
------------------------------------------
------------------------------------------
| rollout/                |              |
|    ep_len_mean          | 115          |
|    ep_rew_mean          | -0.35        |
| time/                   |              |
|    fps                  | 88           |
|    iterations           | 380          |
|    time_elapsed         | 1104         |
|    total_timesteps      | 217600       |
| train/                  |              |
|    approx_kl            | 0.0038661035 |
|    clip_fraction        | 0.0668       |
|    clip_range           | 0.2          |
|    entropy_loss         | -2.58        |
|    explained_variance   | 0.00292      |
|    learning_rate        | 0.0003       |
|    loss                 | -0.0423      |
|    n_updates            | 8490         |
|    policy_gradient_loss | -0.00693     |
|    std                  | 0.879        |
|    value_loss           | 0.00281      |
------------------------------------------
------------------------------------------
| rollout/                |              |
|    ep_len_mean          | 115          |
|    ep_rew_mean          | -0.348       |
| time/                   |              |
|    fps                  | 88           |
|    iterations           | 381          |
|    time_elapsed         | 1107         |
|    total_timesteps      | 217856       |
| train/                  |              |
|    approx_kl            | 0.0086700935 |
|    clip_fraction        | 0.098        |
|    clip_range           | 0.2          |
|    entropy_loss         | -2.58        |
|    explained_variance   | 0.000388     |
|    learning_rate        | 0.0003       |
|    loss                 | -0.0256      |
|    n_updates            | 8500         |
|    policy_gradient_loss | -0.013       |
|    std                  | 0.875        |
|    value_loss           | 0.00254      |
------------------------------------------
------------------------------------------
| rollout/                |              |
|    ep_len_mean          | 116          |
|    ep_rew_mean          | -0.56        |
| time/                   |              |
|    fps                  | 88           |
|    iterations           | 382          |
|    time_elapsed         | 1110         |
|    total_timesteps      | 218112       |
| train/                  |              |
|    approx_kl            | 0.0064895665 |
|    clip_fraction        | 0.077        |
|    clip_range           | 0.2          |
|    entropy_loss         | -2.57        |
|    explained_variance   | 0.00131      |
|    learning_rate        | 0.0003       |
|    loss                 | -0.00488     |
|    n_updates            | 8510         |
|    policy_gradient_loss | -0.00613     |
|    std                  | 0.877        |
|    value_loss           | 0.00252      |
------------------------------------------
-----------------------------------------
| rollout/                |             |
|    ep_len_mean          | 115         |
|    ep_rew_mean          | -0.346      |
| time/                   |             |
|    fps                  | 88          |
|    iterations           | 383         |
|    time_elapsed         | 1112        |
|    total_timesteps      | 218368      |
| train/                  |             |
|    approx_kl            | 0.003829633 |
|    clip_fraction        | 0.0187      |
|    clip_range           | 0.2         |
|    entropy_loss         | -2.58       |
|    explained_variance   | -0.00551    |
|    learning_rate        | 0.0003      |
|    loss                 | -0.0348     |
|    n_updates            | 8520        |
|    policy_gradient_loss | -0.00141    |
|    std                  | 0.878       |
|    value_loss           | 0.00268     |
-----------------------------------------
-----------------------------------------
| rollout/                |             |
|    ep_len_mean          | 114         |
|    ep_rew_mean          | -0.134      |
| time/                   |             |
|    fps                  | 88          |
|    iterations           | 384         |
|    time_elapsed         | 1115        |
|    total_timesteps      | 218624      |
| train/                  |             |
|    approx_kl            | 0.012272625 |
|    clip_fraction        | 0.15        |
|    clip_range           | 0.2         |
|    entropy_loss         | -2.58       |
|    explained_variance   | -4.34e-05   |
|    learning_rate        | 0.0003      |
|    loss                 | -0.0215     |
|    n_updates            | 8530        |
|    policy_gradient_loss | -0.0114     |
|    std                  | 0.881       |
|    value_loss           | 1.72        |
-----------------------------------------
-----------------------------------------
| rollout/                |             |
|    ep_len_mean          | 114         |
|    ep_rew_mean          | -0.133      |
| time/                   |             |
|    fps                  | 88          |
|    iterations           | 385         |
|    time_elapsed         | 1118        |
|    total_timesteps      | 218880      |
| train/                  |             |
|    approx_kl            | 0.003211889 |
|    clip_fraction        | 0.0234      |
|    clip_range           | 0.2         |
|    entropy_loss         | -2.59       |
|    explained_variance   | 1.37e-06    |
|    learning_rate        | 0.0003      |
|    loss                 | -0.0256     |
|    n_updates            | 8540        |
|    policy_gradient_loss | -0.00194    |
|    std                  | 0.882       |
|    value_loss           | 1.71        |
-----------------------------------------
------------------------------------------
| rollout/                |              |
|    ep_len_mean          | 114          |
|    ep_rew_mean          | -0.134       |
| time/                   |              |
|    fps                  | 88           |
|    iterations           | 386          |
|    time_elapsed         | 1122         |
|    total_timesteps      | 219136       |
| train/                  |              |
|    approx_kl            | 0.0034356713 |
|    clip_fraction        | 0.0301       |
|    clip_range           | 0.2          |
|    entropy_loss         | -2.58        |
|    explained_variance   | 0.00207      |
|    learning_rate        | 0.0003       |
|    loss                 | -0.033       |
|    n_updates            | 8550         |
|    policy_gradient_loss | -0.0027      |
|    std                  | 0.879        |
|    value_loss           | 0.003        |
------------------------------------------
------------------------------------------
| rollout/                |              |
|    ep_len_mean          | 114          |
|    ep_rew_mean          | -0.134       |
| time/                   |              |
|    fps                  | 88           |
|    iterations           | 387          |
|    time_elapsed         | 1125         |
|    total_timesteps      | 219392       |
| train/                  |              |
|    approx_kl            | 0.0075056218 |
|    clip_fraction        | 0.11         |
|    clip_range           | 0.2          |
|    entropy_loss         | -2.57        |
|    explained_variance   | 0.00146      |
|    learning_rate        | 0.0003       |
|    loss                 | -0.0331      |
|    n_updates            | 8560         |
|    policy_gradient_loss | -0.00948     |
|    std                  | 0.874        |
|    value_loss           | 0.00272      |
------------------------------------------
-----------------------------------------
| rollout/                |             |
|    ep_len_mean          | 115         |
|    ep_rew_mean          | -0.345      |
| time/                   |             |
|    fps                  | 87          |
|    iterations           | 388         |
|    time_elapsed         | 1129        |
|    total_timesteps      | 219648      |
| train/                  |             |
|    approx_kl            | 0.004112417 |
|    clip_fraction        | 0.043       |
|    clip_range           | 0.2         |
|    entropy_loss         | -2.56       |
|    explained_variance   | 0.000775    |
|    learning_rate        | 0.0003      |
|    loss                 | -0.0256     |
|    n_updates            | 8570        |
|    policy_gradient_loss | -0.00203    |
|    std                  | 0.871       |
|    value_loss           | 0.00249     |
-----------------------------------------
------------------------------------------
| rollout/                |              |
|    ep_len_mean          | 115          |
|    ep_rew_mean          | -0.347       |
| time/                   |              |
|    fps                  | 87           |
|    iterations           | 389          |
|    time_elapsed         | 1132         |
|    total_timesteps      | 219904       |
| train/                  |              |
|    approx_kl            | 0.0052944976 |
|    clip_fraction        | 0.041        |
|    clip_range           | 0.2          |
|    entropy_loss         | -2.56        |
|    explained_variance   | -0.000119    |
|    learning_rate        | 0.0003       |
|    loss                 | -0.0259      |
|    n_updates            | 8580         |
|    policy_gradient_loss | -0.00316     |
|    std                  | 0.868        |
|    value_loss           | 0.00263      |
------------------------------------------
------------------------------------------
| rollout/                |              |
|    ep_len_mean          | 115          |
|    ep_rew_mean          | -0.347       |
| time/                   |              |
|    fps                  | 87           |
|    iterations           | 390          |
|    time_elapsed         | 1135         |
|    total_timesteps      | 220160       |
| train/                  |              |
|    approx_kl            | 0.0037406369 |
|    clip_fraction        | 0.043        |
|    clip_range           | 0.2          |
|    entropy_loss         | -2.55        |
|    explained_variance   | 0.000482     |
|    learning_rate        | 0.0003       |
|    loss                 | -0.0235      |
|    n_updates            | 8590         |
|    policy_gradient_loss | -0.00458     |
|    std                  | 0.864        |
|    value_loss           | 0.00265      |
------------------------------------------
----------------------------------------
| rollout/                |            |
|    ep_len_mean          | 115        |
|    ep_rew_mean          | -0.347     |
| time/                   |            |
|    fps                  | 87         |
|    iterations           | 391        |
|    time_elapsed         | 1138       |
|    total_timesteps      | 220416     |
| train/                  |            |
|    approx_kl            | 0.00937316 |
|    clip_fraction        | 0.121      |
|    clip_range           | 0.2        |
|    entropy_loss         | -2.54      |
|    explained_variance   | -0.0023    |
|    learning_rate        | 0.0003     |
|    loss                 | -0.0407    |
|    n_updates            | 8600       |
|    policy_gradient_loss | -0.0117    |
|    std                  | 0.862      |
|    value_loss           | 0.00249    |
----------------------------------------
-----------------------------------------
| rollout/                |             |
|    ep_len_mean          | 115         |
|    ep_rew_mean          | -0.347      |
| time/                   |             |
|    fps                  | 87          |
|    iterations           | 392         |
|    time_elapsed         | 1140        |
|    total_timesteps      | 220672      |
| train/                  |             |
|    approx_kl            | 0.004739918 |
|    clip_fraction        | 0.032       |
|    clip_range           | 0.2         |
|    entropy_loss         | -2.54       |
|    explained_variance   | -0.00142    |
|    learning_rate        | 0.0003      |
|    loss                 | -0.0399     |
|    n_updates            | 8610        |
|    policy_gradient_loss | -0.00325    |
|    std                  | 0.862       |
|    value_loss           | 0.00264     |
-----------------------------------------
------------------------------------------
| rollout/                |              |
|    ep_len_mean          | 115          |
|    ep_rew_mean          | -0.347       |
| time/                   |              |
|    fps                  | 87           |
|    iterations           | 393          |
|    time_elapsed         | 1145         |
|    total_timesteps      | 220928       |
| train/                  |              |
|    approx_kl            | 0.0042587314 |
|    clip_fraction        | 0.0918       |
|    clip_range           | 0.2          |
|    entropy_loss         | -2.54        |
|    explained_variance   | 0.000159     |
|    learning_rate        | 0.0003       |
|    loss                 | -0.0453      |
|    n_updates            | 8620         |
|    policy_gradient_loss | -0.00992     |
|    std                  | 0.866        |
|    value_loss           | 0.00266      |
------------------------------------------
------------------------------------------
| rollout/                |              |
|    ep_len_mean          | 115          |
|    ep_rew_mean          | -0.348       |
| time/                   |              |
|    fps                  | 87           |
|    iterations           | 394          |
|    time_elapsed         | 1147         |
|    total_timesteps      | 221184       |
| train/                  |              |
|    approx_kl            | 0.0009615829 |
|    clip_fraction        | 0            |
|    clip_range           | 0.2          |
|    entropy_loss         | -2.55        |
|    explained_variance   | 0.000546     |
|    learning_rate        | 0.0003       |
|    loss                 | -0.0259      |
|    n_updates            | 8630         |
|    policy_gradient_loss | 0.000767     |
|    std                  | 0.866        |
|    value_loss           | 0.00255      |
------------------------------------------
-----------------------------------------
| rollout/                |             |
|    ep_len_mean          | 115         |
|    ep_rew_mean          | -0.348      |
| time/                   |             |
|    fps                  | 87          |
|    iterations           | 395         |
|    time_elapsed         | 1150        |
|    total_timesteps      | 221440      |
| train/                  |             |
|    approx_kl            | 0.003695083 |
|    clip_fraction        | 0.0395      |
|    clip_range           | 0.2         |
|    entropy_loss         | -2.55       |
|    explained_variance   | -0.000344   |
|    learning_rate        | 0.0003      |
|    loss                 | -0.0362     |
|    n_updates            | 8640        |
|    policy_gradient_loss | -0.00406    |
|    std                  | 0.87        |
|    value_loss           | 0.00309     |
-----------------------------------------
-----------------------------------------
| rollout/                |             |
|    ep_len_mean          | 115         |
|    ep_rew_mean          | -0.347      |
| time/                   |             |
|    fps                  | 87          |
|    iterations           | 396         |
|    time_elapsed         | 1153        |
|    total_timesteps      | 221696      |
| train/                  |             |
|    approx_kl            | 0.005647011 |
|    clip_fraction        | 0.0492      |
|    clip_range           | 0.2         |
|    entropy_loss         | -2.56       |
|    explained_variance   | -0.000314   |
|    learning_rate        | 0.0003      |
|    loss                 | -0.0365     |
|    n_updates            | 8650        |
|    policy_gradient_loss | -0.00411    |
|    std                  | 0.868       |
|    value_loss           | 0.00306     |
-----------------------------------------
-----------------------------------------
| rollout/                |             |
|    ep_len_mean          | 116         |
|    ep_rew_mean          | -0.561      |
| time/                   |             |
|    fps                  | 87          |
|    iterations           | 397         |
|    time_elapsed         | 1155        |
|    total_timesteps      | 221952      |
| train/                  |             |
|    approx_kl            | 0.008330474 |
|    clip_fraction        | 0.0613      |
|    clip_range           | 0.2         |
|    entropy_loss         | -2.55       |
|    explained_variance   | -0.000355   |
|    learning_rate        | 0.0003      |
|    loss                 | 0.00407     |
|    n_updates            | 8660        |
|    policy_gradient_loss | -0.00434    |
|    std                  | 0.866       |
|    value_loss           | 0.00263     |
-----------------------------------------
-----------------------------------------
| rollout/                |             |
|    ep_len_mean          | 116         |
|    ep_rew_mean          | -0.562      |
| time/                   |             |
|    fps                  | 87          |
|    iterations           | 398         |
|    time_elapsed         | 1160        |
|    total_timesteps      | 222208      |
| train/                  |             |
|    approx_kl            | 0.004598135 |
|    clip_fraction        | 0.0312      |
|    clip_range           | 0.2         |
|    entropy_loss         | -2.55       |
|    explained_variance   | 0.000218    |
|    learning_rate        | 0.0003      |
|    loss                 | -0.0349     |
|    n_updates            | 8670        |
|    policy_gradient_loss | -0.00227    |
|    std                  | 0.865       |
|    value_loss           | 0.00271     |
-----------------------------------------
-----------------------------------------
| rollout/                |             |
|    ep_len_mean          | 116         |
|    ep_rew_mean          | -0.561      |
| time/                   |             |
|    fps                  | 87          |
|    iterations           | 399         |
|    time_elapsed         | 1162        |
|    total_timesteps      | 222464      |
| train/                  |             |
|    approx_kl            | 0.006682008 |
|    clip_fraction        | 0.0844      |
|    clip_range           | 0.2         |
|    entropy_loss         | -2.55       |
|    explained_variance   | 0.000511    |
|    learning_rate        | 0.0003      |
|    loss                 | -0.0301     |
|    n_updates            | 8680        |
|    policy_gradient_loss | -0.0077     |
|    std                  | 0.867       |
|    value_loss           | 0.00292     |
-----------------------------------------
-----------------------------------------
| rollout/                |             |
|    ep_len_mean          | 116         |
|    ep_rew_mean          | -0.56       |
| time/                   |             |
|    fps                  | 87          |
|    iterations           | 400         |
|    time_elapsed         | 1165        |
|    total_timesteps      | 222720      |
| train/                  |             |
|    approx_kl            | 0.009247658 |
|    clip_fraction        | 0.105       |
|    clip_range           | 0.2         |
|    entropy_loss         | -2.55       |
|    explained_variance   | -0.00085    |
|    learning_rate        | 0.0003      |
|    loss                 | -0.0604     |
|    n_updates            | 8690        |
|    policy_gradient_loss | -0.0131     |
|    std                  | 0.864       |
|    value_loss           | 0.00285     |
-----------------------------------------
------------------------------------------
| rollout/                |              |
|    ep_len_mean          | 116          |
|    ep_rew_mean          | -0.56        |
| time/                   |              |
|    fps                  | 87           |
|    iterations           | 401          |
|    time_elapsed         | 1167         |
|    total_timesteps      | 222976       |
| train/                  |              |
|    approx_kl            | 0.0037951649 |
|    clip_fraction        | 0.0461       |
|    clip_range           | 0.2          |
|    entropy_loss         | -2.55        |
|    explained_variance   | -0.00137     |
|    learning_rate        | 0.0003       |
|    loss                 | -0.0516      |
|    n_updates            | 8700         |
|    policy_gradient_loss | -0.00381     |
|    std                  | 0.866        |
|    value_loss           | 0.00264      |
------------------------------------------
-----------------------------------------
| rollout/                |             |
|    ep_len_mean          | 116         |
|    ep_rew_mean          | -0.562      |
| time/                   |             |
|    fps                  | 87          |
|    iterations           | 402         |
|    time_elapsed         | 1170        |
|    total_timesteps      | 223232      |
| train/                  |             |
|    approx_kl            | 0.007009095 |
|    clip_fraction        | 0.0805      |
|    clip_range           | 0.2         |
|    entropy_loss         | -2.55       |
|    explained_variance   | -0.0018     |
|    learning_rate        | 0.0003      |
|    loss                 | -0.028      |
|    n_updates            | 8710        |
|    policy_gradient_loss | -0.00502    |
|    std                  | 0.862       |
|    value_loss           | 0.00266     |
-----------------------------------------
------------------------------------------
| rollout/                |              |
|    ep_len_mean          | 116          |
|    ep_rew_mean          | -0.561       |
| time/                   |              |
|    fps                  | 87           |
|    iterations           | 403          |
|    time_elapsed         | 1173         |
|    total_timesteps      | 223488       |
| train/                  |              |
|    approx_kl            | 0.0075182244 |
|    clip_fraction        | 0.059        |
|    clip_range           | 0.2          |
|    entropy_loss         | -2.54        |
|    explained_variance   | -0.000797    |
|    learning_rate        | 0.0003       |
|    loss                 | -0.0309      |
|    n_updates            | 8720         |
|    policy_gradient_loss | -0.00473     |
|    std                  | 0.865        |
|    value_loss           | 0.00283      |
------------------------------------------
------------------------------------------
| rollout/                |              |
|    ep_len_mean          | 116          |
|    ep_rew_mean          | -0.562       |
| time/                   |              |
|    fps                  | 87           |
|    iterations           | 404          |
|    time_elapsed         | 1177         |
|    total_timesteps      | 223744       |
| train/                  |              |
|    approx_kl            | 0.0035506391 |
|    clip_fraction        | 0.0523       |
|    clip_range           | 0.2          |
|    entropy_loss         | -2.55        |
|    explained_variance   | 1.13e-06     |
|    learning_rate        | 0.0003       |
|    loss                 | -0.0231      |
|    n_updates            | 8730         |
|    policy_gradient_loss | -0.00381     |
|    std                  | 0.87         |
|    value_loss           | 0.00286      |
------------------------------------------
-----------------------------------------
| rollout/                |             |
|    ep_len_mean          | 116         |
|    ep_rew_mean          | -0.561      |
| time/                   |             |
|    fps                  | 87          |
|    iterations           | 405         |
|    time_elapsed         | 1182        |
|    total_timesteps      | 224000      |
| train/                  |             |
|    approx_kl            | 0.008562027 |
|    clip_fraction        | 0.12        |
|    clip_range           | 0.2         |
|    entropy_loss         | -2.56       |
|    explained_variance   | -0.00065    |
|    learning_rate        | 0.0003      |
|    loss                 | -0.0585     |
|    n_updates            | 8740        |
|    policy_gradient_loss | -0.0175     |
|    std                  | 0.869       |
|    value_loss           | 0.00236     |
-----------------------------------------
-----------------------------------------
| rollout/                |             |
|    ep_len_mean          | 116         |
|    ep_rew_mean          | -0.561      |
| time/                   |             |
|    fps                  | 87          |
|    iterations           | 406         |
|    time_elapsed         | 1184        |
|    total_timesteps      | 224256      |
| train/                  |             |
|    approx_kl            | 0.005209528 |
|    clip_fraction        | 0.0535      |
|    clip_range           | 0.2         |
|    entropy_loss         | -2.56       |
|    explained_variance   | -0.000308   |
|    learning_rate        | 0.0003      |
|    loss                 | -0.0374     |
|    n_updates            | 8750        |
|    policy_gradient_loss | -0.00511    |
|    std                  | 0.871       |
|    value_loss           | 0.00256     |
-----------------------------------------
------------------------------------------
| rollout/                |              |
|    ep_len_mean          | 116          |
|    ep_rew_mean          | -0.562       |
| time/                   |              |
|    fps                  | 87           |
|    iterations           | 407          |
|    time_elapsed         | 1187         |
|    total_timesteps      | 224512       |
| train/                  |              |
|    approx_kl            | 0.0032918993 |
|    clip_fraction        | 0.0402       |
|    clip_range           | 0.2          |
|    entropy_loss         | -2.57        |
|    explained_variance   | -0.000316    |
|    learning_rate        | 0.0003       |
|    loss                 | -0.0293      |
|    n_updates            | 8760         |
|    policy_gradient_loss | -0.00159     |
|    std                  | 0.874        |
|    value_loss           | 0.00279      |
------------------------------------------
-----------------------------------------
| rollout/                |             |
|    ep_len_mean          | 116         |
|    ep_rew_mean          | -0.561      |
| time/                   |             |
|    fps                  | 87          |
|    iterations           | 408         |
|    time_elapsed         | 1189        |
|    total_timesteps      | 224768      |
| train/                  |             |
|    approx_kl            | 0.003807888 |
|    clip_fraction        | 0.0246      |
|    clip_range           | 0.2         |
|    entropy_loss         | -2.57       |
|    explained_variance   | -5.9e-05    |
|    learning_rate        | 0.0003      |
|    loss                 | -0.0338     |
|    n_updates            | 8770        |
|    policy_gradient_loss | -0.00453    |
|    std                  | 0.872       |
|    value_loss           | 0.00256     |
-----------------------------------------
------------------------------------------
| rollout/                |              |
|    ep_len_mean          | 116          |
|    ep_rew_mean          | -0.561       |
| time/                   |              |
|    fps                  | 87           |
|    iterations           | 409          |
|    time_elapsed         | 1192         |
|    total_timesteps      | 225024       |
| train/                  |              |
|    approx_kl            | 0.0077507393 |
|    clip_fraction        | 0.0836       |
|    clip_range           | 0.2          |
|    entropy_loss         | -2.56        |
|    explained_variance   | -0.000625    |
|    learning_rate        | 0.0003       |
|    loss                 | -0.0368      |
|    n_updates            | 8780         |
|    policy_gradient_loss | -0.00625     |
|    std                  | 0.869        |
|    value_loss           | 0.00262      |
------------------------------------------
------------------------------------------
| rollout/                |              |
|    ep_len_mean          | 116          |
|    ep_rew_mean          | -0.562       |
| time/                   |              |
|    fps                  | 87           |
|    iterations           | 410          |
|    time_elapsed         | 1195         |
|    total_timesteps      | 225280       |
| train/                  |              |
|    approx_kl            | 0.0050435048 |
|    clip_fraction        | 0.0777       |
|    clip_range           | 0.2          |
|    entropy_loss         | -2.55        |
|    explained_variance   | -8.15e-05    |
|    learning_rate        | 0.0003       |
|    loss                 | -0.0437      |
|    n_updates            | 8790         |
|    policy_gradient_loss | -0.00574     |
|    std                  | 0.866        |
|    value_loss           | 0.00278      |
------------------------------------------
------------------------------------------
| rollout/                |              |
|    ep_len_mean          | 116          |
|    ep_rew_mean          | -0.562       |
| time/                   |              |
|    fps                  | 87           |
|    iterations           | 411          |
|    time_elapsed         | 1198         |
|    total_timesteps      | 225536       |
| train/                  |              |
|    approx_kl            | 0.0046520443 |
|    clip_fraction        | 0.0254       |
|    clip_range           | 0.2          |
|    entropy_loss         | -2.55        |
|    explained_variance   | 0.000187     |
|    learning_rate        | 0.0003       |
|    loss                 | -0.0386      |
|    n_updates            | 8800         |
|    policy_gradient_loss | -0.00217     |
|    std                  | 0.866        |
|    value_loss           | 0.00283      |
------------------------------------------
------------------------------------------
| rollout/                |              |
|    ep_len_mean          | 116          |
|    ep_rew_mean          | -0.562       |
| time/                   |              |
|    fps                  | 87           |
|    iterations           | 412          |
|    time_elapsed         | 1202         |
|    total_timesteps      | 225792       |
| train/                  |              |
|    approx_kl            | 0.0077835573 |
|    clip_fraction        | 0.0398       |
|    clip_range           | 0.2          |
|    entropy_loss         | -2.55        |
|    explained_variance   | -0.000247    |
|    learning_rate        | 0.0003       |
|    loss                 | -0.0304      |
|    n_updates            | 8810         |
|    policy_gradient_loss | -0.00157     |
|    std                  | 0.864        |
|    value_loss           | 0.00262      |
------------------------------------------
------------------------------------------
| rollout/                |              |
|    ep_len_mean          | 116          |
|    ep_rew_mean          | -0.563       |
| time/                   |              |
|    fps                  | 87           |
|    iterations           | 413          |
|    time_elapsed         | 1206         |
|    total_timesteps      | 226048       |
| train/                  |              |
|    approx_kl            | 0.0053894483 |
|    clip_fraction        | 0.0953       |
|    clip_range           | 0.2          |
|    entropy_loss         | -2.54        |
|    explained_variance   | -0.000392    |
|    learning_rate        | 0.0003       |
|    loss                 | -0.0349      |
|    n_updates            | 8820         |
|    policy_gradient_loss | -0.00744     |
|    std                  | 0.864        |
|    value_loss           | 0.00269      |
------------------------------------------
------------------------------------------
| rollout/                |              |
|    ep_len_mean          | 116          |
|    ep_rew_mean          | -0.564       |
| time/                   |              |
|    fps                  | 87           |
|    iterations           | 414          |
|    time_elapsed         | 1209         |
|    total_timesteps      | 226304       |
| train/                  |              |
|    approx_kl            | 0.0046190633 |
|    clip_fraction        | 0.0566       |
|    clip_range           | 0.2          |
|    entropy_loss         | -2.55        |
|    explained_variance   | 0.000162     |
|    learning_rate        | 0.0003       |
|    loss                 | -0.0333      |
|    n_updates            | 8830         |
|    policy_gradient_loss | -0.00449     |
|    std                  | 0.865        |
|    value_loss           | 0.00276      |
------------------------------------------
------------------------------------------
| rollout/                |              |
|    ep_len_mean          | 116          |
|    ep_rew_mean          | -0.563       |
| time/                   |              |
|    fps                  | 87           |
|    iterations           | 415          |
|    time_elapsed         | 1213         |
|    total_timesteps      | 226560       |
| train/                  |              |
|    approx_kl            | 0.0059118103 |
|    clip_fraction        | 0.0883       |
|    clip_range           | 0.2          |
|    entropy_loss         | -2.55        |
|    explained_variance   | 0.000429     |
|    learning_rate        | 0.0003       |
|    loss                 | -0.0525      |
|    n_updates            | 8840         |
|    policy_gradient_loss | -0.00788     |
|    std                  | 0.864        |
|    value_loss           | 0.00302      |
------------------------------------------
------------------------------------------
| rollout/                |              |
|    ep_len_mean          | 116          |
|    ep_rew_mean          | -0.564       |
| time/                   |              |
|    fps                  | 87           |
|    iterations           | 416          |
|    time_elapsed         | 1216         |
|    total_timesteps      | 226816       |
| train/                  |              |
|    approx_kl            | 0.0045467373 |
|    clip_fraction        | 0.0969       |
|    clip_range           | 0.2          |
|    entropy_loss         | -2.54        |
|    explained_variance   | 0.00112      |
|    learning_rate        | 0.0003       |
|    loss                 | -0.0296      |
|    n_updates            | 8850         |
|    policy_gradient_loss | -0.00338     |
|    std                  | 0.862        |
|    value_loss           | 0.00245      |
------------------------------------------
-----------------------------------------
| rollout/                |             |
|    ep_len_mean          | 116         |
|    ep_rew_mean          | -0.564      |
| time/                   |             |
|    fps                  | 87          |
|    iterations           | 417         |
|    time_elapsed         | 1218        |
|    total_timesteps      | 227072      |
| train/                  |             |
|    approx_kl            | 0.011854716 |
|    clip_fraction        | 0.133       |
|    clip_range           | 0.2         |
|    entropy_loss         | -2.54       |
|    explained_variance   | 0.000272    |
|    learning_rate        | 0.0003      |
|    loss                 | -0.0791     |
|    n_updates            | 8860        |
|    policy_gradient_loss | -0.0114     |
|    std                  | 0.863       |
|    value_loss           | 0.00269     |
-----------------------------------------
-----------------------------------------
| rollout/                |             |
|    ep_len_mean          | 116         |
|    ep_rew_mean          | -0.563      |
| time/                   |             |
|    fps                  | 87          |
|    iterations           | 418         |
|    time_elapsed         | 1223        |
|    total_timesteps      | 227328      |
| train/                  |             |
|    approx_kl            | 0.006165355 |
|    clip_fraction        | 0.059       |
|    clip_range           | 0.2         |
|    entropy_loss         | -2.54       |
|    explained_variance   | 0.000229    |
|    learning_rate        | 0.0003      |
|    loss                 | -0.0304     |
|    n_updates            | 8870        |
|    policy_gradient_loss | -0.00474    |
|    std                  | 0.864       |
|    value_loss           | 0.00309     |
-----------------------------------------
------------------------------------------
| rollout/                |              |
|    ep_len_mean          | 116          |
|    ep_rew_mean          | -0.564       |
| time/                   |              |
|    fps                  | 87           |
|    iterations           | 419          |
|    time_elapsed         | 1226         |
|    total_timesteps      | 227584       |
| train/                  |              |
|    approx_kl            | 0.0033059036 |
|    clip_fraction        | 0.05         |
|    clip_range           | 0.2          |
|    entropy_loss         | -2.54        |
|    explained_variance   | 0.000954     |
|    learning_rate        | 0.0003       |
|    loss                 | -0.0252      |
|    n_updates            | 8880         |
|    policy_gradient_loss | -0.00506     |
|    std                  | 0.863        |
|    value_loss           | 0.00258      |
------------------------------------------
-----------------------------------------
| rollout/                |             |
|    ep_len_mean          | 116         |
|    ep_rew_mean          | -0.565      |
| time/                   |             |
|    fps                  | 87          |
|    iterations           | 420         |
|    time_elapsed         | 1228        |
|    total_timesteps      | 227840      |
| train/                  |             |
|    approx_kl            | 0.005104293 |
|    clip_fraction        | 0.0473      |
|    clip_range           | 0.2         |
|    entropy_loss         | -2.54       |
|    explained_variance   | 0.000844    |
|    learning_rate        | 0.0003      |
|    loss                 | -0.0277     |
|    n_updates            | 8890        |
|    policy_gradient_loss | -0.00477    |
|    std                  | 0.863       |
|    value_loss           | 0.00285     |
-----------------------------------------
-----------------------------------------
| rollout/                |             |
|    ep_len_mean          | 116         |
|    ep_rew_mean          | -0.567      |
| time/                   |             |
|    fps                  | 87          |
|    iterations           | 421         |
|    time_elapsed         | 1231        |
|    total_timesteps      | 228096      |
| train/                  |             |
|    approx_kl            | 0.007206249 |
|    clip_fraction        | 0.0707      |
|    clip_range           | 0.2         |
|    entropy_loss         | -2.54       |
|    explained_variance   | -0.000702   |
|    learning_rate        | 0.0003      |
|    loss                 | -0.0326     |
|    n_updates            | 8900        |
|    policy_gradient_loss | -0.00711    |
|    std                  | 0.863       |
|    value_loss           | 0.00252     |
-----------------------------------------
------------------------------------------
| rollout/                |              |
|    ep_len_mean          | 116          |
|    ep_rew_mean          | -0.567       |
| time/                   |              |
|    fps                  | 87           |
|    iterations           | 422          |
|    time_elapsed         | 1233         |
|    total_timesteps      | 228352       |
| train/                  |              |
|    approx_kl            | 0.0072637247 |
|    clip_fraction        | 0.0164       |
|    clip_range           | 0.2          |
|    entropy_loss         | -2.54        |
|    explained_variance   | 0.00181      |
|    learning_rate        | 0.0003       |
|    loss                 | -0.0185      |
|    n_updates            | 8910         |
|    policy_gradient_loss | -0.00333     |
|    std                  | 0.857        |
|    value_loss           | 0.00309      |
------------------------------------------
------------------------------------------
| rollout/                |              |
|    ep_len_mean          | 118          |
|    ep_rew_mean          | -0.78        |
| time/                   |              |
|    fps                  | 87           |
|    iterations           | 423          |
|    time_elapsed         | 1236         |
|    total_timesteps      | 228608       |
| train/                  |              |
|    approx_kl            | 0.0060421256 |
|    clip_fraction        | 0.0785       |
|    clip_range           | 0.2          |
|    entropy_loss         | -2.52        |
|    explained_variance   | 1.11e-05     |
|    learning_rate        | 0.0003       |
|    loss                 | -0.0361      |
|    n_updates            | 8920         |
|    policy_gradient_loss | -0.00894     |
|    std                  | 0.852        |
|    value_loss           | 0.00256      |
------------------------------------------
------------------------------------------
| rollout/                |              |
|    ep_len_mean          | 118          |
|    ep_rew_mean          | -0.782       |
| time/                   |              |
|    fps                  | 87           |
|    iterations           | 424          |
|    time_elapsed         | 1239         |
|    total_timesteps      | 228864       |
| train/                  |              |
|    approx_kl            | 0.0030756763 |
|    clip_fraction        | 0.00508      |
|    clip_range           | 0.2          |
|    entropy_loss         | -2.52        |
|    explained_variance   | 0.000941     |
|    learning_rate        | 0.0003       |
|    loss                 | -0.0248      |
|    n_updates            | 8930         |
|    policy_gradient_loss | -0.00114     |
|    std                  | 0.85         |
|    value_loss           | 0.00282      |
------------------------------------------
------------------------------------------
| rollout/                |              |
|    ep_len_mean          | 118          |
|    ep_rew_mean          | -0.781       |
| time/                   |              |
|    fps                  | 87           |
|    iterations           | 425          |
|    time_elapsed         | 1241         |
|    total_timesteps      | 229120       |
| train/                  |              |
|    approx_kl            | 0.0031833271 |
|    clip_fraction        | 0.057        |
|    clip_range           | 0.2          |
|    entropy_loss         | -2.52        |
|    explained_variance   | -0.00662     |
|    learning_rate        | 0.0003       |
|    loss                 | -0.0329      |
|    n_updates            | 8940         |
|    policy_gradient_loss | -0.00575     |
|    std                  | 0.853        |
|    value_loss           | 0.00277      |
------------------------------------------
-----------------------------------------
| rollout/                |             |
|    ep_len_mean          | 118         |
|    ep_rew_mean          | -0.78       |
| time/                   |             |
|    fps                  | 87          |
|    iterations           | 426         |
|    time_elapsed         | 1246        |
|    total_timesteps      | 229376      |
| train/                  |             |
|    approx_kl            | 0.005022928 |
|    clip_fraction        | 0.0477      |
|    clip_range           | 0.2         |
|    entropy_loss         | -2.52       |
|    explained_variance   | -5.83e-05   |
|    learning_rate        | 0.0003      |
|    loss                 | -0.017      |
|    n_updates            | 8950        |
|    policy_gradient_loss | -0.00362    |
|    std                  | 0.855       |
|    value_loss           | 0.00264     |
-----------------------------------------
-----------------------------------------
| rollout/                |             |
|    ep_len_mean          | 118         |
|    ep_rew_mean          | -0.781      |
| time/                   |             |
|    fps                  | 87          |
|    iterations           | 427         |
|    time_elapsed         | 1249        |
|    total_timesteps      | 229632      |
| train/                  |             |
|    approx_kl            | 0.005761285 |
|    clip_fraction        | 0.0703      |
|    clip_range           | 0.2         |
|    entropy_loss         | -2.52       |
|    explained_variance   | 0.000663    |
|    learning_rate        | 0.0003      |
|    loss                 | -0.0497     |
|    n_updates            | 8960        |
|    policy_gradient_loss | -0.00449    |
|    std                  | 0.852       |
|    value_loss           | 0.00259     |
-----------------------------------------
------------------------------------------
| rollout/                |              |
|    ep_len_mean          | 118          |
|    ep_rew_mean          | -0.781       |
| time/                   |              |
|    fps                  | 87           |
|    iterations           | 428          |
|    time_elapsed         | 1251         |
|    total_timesteps      | 229888       |
| train/                  |              |
|    approx_kl            | 0.0025794616 |
|    clip_fraction        | 0.0129       |
|    clip_range           | 0.2          |
|    entropy_loss         | -2.51        |
|    explained_variance   | 0.000354     |
|    learning_rate        | 0.0003       |
|    loss                 | -0.0399      |
|    n_updates            | 8970         |
|    policy_gradient_loss | -0.00167     |
|    std                  | 0.849        |
|    value_loss           | 0.00283      |
------------------------------------------
------------------------------------------
| rollout/                |              |
|    ep_len_mean          | 119          |
|    ep_rew_mean          | -0.993       |
| time/                   |              |
|    fps                  | 87           |
|    iterations           | 429          |
|    time_elapsed         | 1254         |
|    total_timesteps      | 230144       |
| train/                  |              |
|    approx_kl            | 0.0044346424 |
|    clip_fraction        | 0.0688       |
|    clip_range           | 0.2          |
|    entropy_loss         | -2.51        |
|    explained_variance   | 0.00028      |
|    learning_rate        | 0.0003       |
|    loss                 | -0.0286      |
|    n_updates            | 8980         |
|    policy_gradient_loss | -0.00757     |
|    std                  | 0.851        |
|    value_loss           | 0.00255      |
------------------------------------------
------------------------------------------
| rollout/                |              |
|    ep_len_mean          | 119          |
|    ep_rew_mean          | -0.993       |
| time/                   |              |
|    fps                  | 87           |
|    iterations           | 430          |
|    time_elapsed         | 1256         |
|    total_timesteps      | 230400       |
| train/                  |              |
|    approx_kl            | 0.0032004523 |
|    clip_fraction        | 0.00273      |
|    clip_range           | 0.2          |
|    entropy_loss         | -2.52        |
|    explained_variance   | -0.000265    |
|    learning_rate        | 0.0003       |
|    loss                 | -0.0264      |
|    n_updates            | 8990         |
|    policy_gradient_loss | -0.000582    |
|    std                  | 0.855        |
|    value_loss           | 0.00267      |
------------------------------------------
-----------------------------------------
| rollout/                |             |
|    ep_len_mean          | 120         |
|    ep_rew_mean          | -1.2        |
| time/                   |             |
|    fps                  | 87          |
|    iterations           | 431         |
|    time_elapsed         | 1261        |
|    total_timesteps      | 230656      |
| train/                  |             |
|    approx_kl            | 0.009450898 |
|    clip_fraction        | 0.143       |
|    clip_range           | 0.2         |
|    entropy_loss         | -2.53       |
|    explained_variance   | 0.000493    |
|    learning_rate        | 0.0003      |
|    loss                 | -0.0444     |
|    n_updates            | 9000        |
|    policy_gradient_loss | -0.0155     |
|    std                  | 0.857       |
|    value_loss           | 0.0026      |
-----------------------------------------
-----------------------------------------
| rollout/                |             |
|    ep_len_mean          | 120         |
|    ep_rew_mean          | -1.2        |
| time/                   |             |
|    fps                  | 87          |
|    iterations           | 432         |
|    time_elapsed         | 1264        |
|    total_timesteps      | 230912      |
| train/                  |             |
|    approx_kl            | 0.010511459 |
|    clip_fraction        | 0.103       |
|    clip_range           | 0.2         |
|    entropy_loss         | -2.53       |
|    explained_variance   | 9.89e-05    |
|    learning_rate        | 0.0003      |
|    loss                 | -0.0325     |
|    n_updates            | 9010        |
|    policy_gradient_loss | -0.00506    |
|    std                  | 0.857       |
|    value_loss           | 0.00278     |
-----------------------------------------
-----------------------------------------
| rollout/                |             |
|    ep_len_mean          | 120         |
|    ep_rew_mean          | -1.2        |
| time/                   |             |
|    fps                  | 87          |
|    iterations           | 433         |
|    time_elapsed         | 1266        |
|    total_timesteps      | 231168      |
| train/                  |             |
|    approx_kl            | 0.005967377 |
|    clip_fraction        | 0.0789      |
|    clip_range           | 0.2         |
|    entropy_loss         | -2.53       |
|    explained_variance   | 0.00165     |
|    learning_rate        | 0.0003      |
|    loss                 | -0.00968    |
|    n_updates            | 9020        |
|    policy_gradient_loss | -0.00771    |
|    std                  | 0.858       |
|    value_loss           | 0.00278     |
-----------------------------------------
-----------------------------------------
| rollout/                |             |
|    ep_len_mean          | 120         |
|    ep_rew_mean          | -1.21       |
| time/                   |             |
|    fps                  | 87          |
|    iterations           | 434         |
|    time_elapsed         | 1271        |
|    total_timesteps      | 231424      |
| train/                  |             |
|    approx_kl            | 0.006368513 |
|    clip_fraction        | 0.066       |
|    clip_range           | 0.2         |
|    entropy_loss         | -2.53       |
|    explained_variance   | -0.000852   |
|    learning_rate        | 0.0003      |
|    loss                 | -0.0251     |
|    n_updates            | 9030        |
|    policy_gradient_loss | -0.00563    |
|    std                  | 0.854       |
|    value_loss           | 0.00251     |
-----------------------------------------
-----------------------------------------
| rollout/                |             |
|    ep_len_mean          | 120         |
|    ep_rew_mean          | -1.21       |
| time/                   |             |
|    fps                  | 87          |
|    iterations           | 435         |
|    time_elapsed         | 1274        |
|    total_timesteps      | 231680      |
| train/                  |             |
|    approx_kl            | 0.004297004 |
|    clip_fraction        | 0.0504      |
|    clip_range           | 0.2         |
|    entropy_loss         | -2.52       |
|    explained_variance   | 0.000188    |
|    learning_rate        | 0.0003      |
|    loss                 | -0.0153     |
|    n_updates            | 9040        |
|    policy_gradient_loss | -0.00349    |
|    std                  | 0.856       |
|    value_loss           | 0.00253     |
-----------------------------------------
------------------------------------------
| rollout/                |              |
|    ep_len_mean          | 120          |
|    ep_rew_mean          | -1.21        |
| time/                   |              |
|    fps                  | 87           |
|    iterations           | 436          |
|    time_elapsed         | 1278         |
|    total_timesteps      | 231936       |
| train/                  |              |
|    approx_kl            | 0.0040221303 |
|    clip_fraction        | 0.0371       |
|    clip_range           | 0.2          |
|    entropy_loss         | -2.53        |
|    explained_variance   | -0.000501    |
|    learning_rate        | 0.0003       |
|    loss                 | -0.025       |
|    n_updates            | 9050         |
|    policy_gradient_loss | -0.00271     |
|    std                  | 0.858        |
|    value_loss           | 0.0024       |
------------------------------------------
-----------------------------------------
| rollout/                |             |
|    ep_len_mean          | 120         |
|    ep_rew_mean          | -1.21       |
| time/                   |             |
|    fps                  | 87          |
|    iterations           | 437         |
|    time_elapsed         | 1281        |
|    total_timesteps      | 232192      |
| train/                  |             |
|    approx_kl            | 0.003720609 |
|    clip_fraction        | 0.0332      |
|    clip_range           | 0.2         |
|    entropy_loss         | -2.53       |
|    explained_variance   | 0.000567    |
|    learning_rate        | 0.0003      |
|    loss                 | -0.044      |
|    n_updates            | 9060        |
|    policy_gradient_loss | -0.00265    |
|    std                  | 0.858       |
|    value_loss           | 0.00287     |
-----------------------------------------
-----------------------------------------
| rollout/                |             |
|    ep_len_mean          | 120         |
|    ep_rew_mean          | -1.21       |
| time/                   |             |
|    fps                  | 87          |
|    iterations           | 438         |
|    time_elapsed         | 1283        |
|    total_timesteps      | 232448      |
| train/                  |             |
|    approx_kl            | 0.006846865 |
|    clip_fraction        | 0.0637      |
|    clip_range           | 0.2         |
|    entropy_loss         | -2.53       |
|    explained_variance   | -0.000409   |
|    learning_rate        | 0.0003      |
|    loss                 | -0.033      |
|    n_updates            | 9070        |
|    policy_gradient_loss | -0.00678    |
|    std                  | 0.855       |
|    value_loss           | 0.00288     |
-----------------------------------------
-----------------------------------------
| rollout/                |             |
|    ep_len_mean          | 120         |
|    ep_rew_mean          | -1.21       |
| time/                   |             |
|    fps                  | 87          |
|    iterations           | 439         |
|    time_elapsed         | 1288        |
|    total_timesteps      | 232704      |
| train/                  |             |
|    approx_kl            | 0.006250394 |
|    clip_fraction        | 0.0141      |
|    clip_range           | 0.2         |
|    entropy_loss         | -2.53       |
|    explained_variance   | 0.000683    |
|    learning_rate        | 0.0003      |
|    loss                 | -0.0366     |
|    n_updates            | 9080        |
|    policy_gradient_loss | -0.00221    |
|    std                  | 0.86        |
|    value_loss           | 0.00268     |
-----------------------------------------
----------------------------------------
| rollout/                |            |
|    ep_len_mean          | 119        |
|    ep_rew_mean          | -0.996     |
| time/                   |            |
|    fps                  | 87         |
|    iterations           | 440        |
|    time_elapsed         | 1290       |
|    total_timesteps      | 232960     |
| train/                  |            |
|    approx_kl            | 0.00820432 |
|    clip_fraction        | 0.166      |
|    clip_range           | 0.2        |
|    entropy_loss         | -2.54      |
|    explained_variance   | 0.00204    |
|    learning_rate        | 0.0003     |
|    loss                 | -0.035     |
|    n_updates            | 9090       |
|    policy_gradient_loss | -0.0125    |
|    std                  | 0.864      |
|    value_loss           | 0.00258    |
----------------------------------------
-----------------------------------------
| rollout/                |             |
|    ep_len_mean          | 119         |
|    ep_rew_mean          | -0.996      |
| time/                   |             |
|    fps                  | 87          |
|    iterations           | 441         |
|    time_elapsed         | 1293        |
|    total_timesteps      | 233216      |
| train/                  |             |
|    approx_kl            | 0.005978662 |
|    clip_fraction        | 0.0629      |
|    clip_range           | 0.2         |
|    entropy_loss         | -2.55       |
|    explained_variance   | -2.57e-05   |
|    learning_rate        | 0.0003      |
|    loss                 | 3.4         |
|    n_updates            | 9100        |
|    policy_gradient_loss | -0.00546    |
|    std                  | 0.866       |
|    value_loss           | 1.72        |
-----------------------------------------
------------------------------------------
| rollout/                |              |
|    ep_len_mean          | 119          |
|    ep_rew_mean          | -0.996       |
| time/                   |              |
|    fps                  | 87           |
|    iterations           | 442          |
|    time_elapsed         | 1296         |
|    total_timesteps      | 233472       |
| train/                  |              |
|    approx_kl            | 0.0065032747 |
|    clip_fraction        | 0.0574       |
|    clip_range           | 0.2          |
|    entropy_loss         | -2.55        |
|    explained_variance   | 0.000396     |
|    learning_rate        | 0.0003       |
|    loss                 | -0.0262      |
|    n_updates            | 9110         |
|    policy_gradient_loss | -0.00718     |
|    std                  | 0.863        |
|    value_loss           | 0.00275      |
------------------------------------------
-----------------------------------------
| rollout/                |             |
|    ep_len_mean          | 119         |
|    ep_rew_mean          | -0.996      |
| time/                   |             |
|    fps                  | 87          |
|    iterations           | 443         |
|    time_elapsed         | 1299        |
|    total_timesteps      | 233728      |
| train/                  |             |
|    approx_kl            | 0.006752233 |
|    clip_fraction        | 0.0727      |
|    clip_range           | 0.2         |
|    entropy_loss         | -2.54       |
|    explained_variance   | -0.000445   |
|    learning_rate        | 0.0003      |
|    loss                 | -0.0226     |
|    n_updates            | 9120        |
|    policy_gradient_loss | -0.00669    |
|    std                  | 0.859       |
|    value_loss           | 0.00279     |
-----------------------------------------
-----------------------------------------
| rollout/                |             |
|    ep_len_mean          | 119         |
|    ep_rew_mean          | -0.995      |
| time/                   |             |
|    fps                  | 87          |
|    iterations           | 444         |
|    time_elapsed         | 1301        |
|    total_timesteps      | 233984      |
| train/                  |             |
|    approx_kl            | 0.004219348 |
|    clip_fraction        | 0.0563      |
|    clip_range           | 0.2         |
|    entropy_loss         | -2.53       |
|    explained_variance   | 0.000165    |
|    learning_rate        | 0.0003      |
|    loss                 | -0.048      |
|    n_updates            | 9130        |
|    policy_gradient_loss | -0.0045     |
|    std                  | 0.857       |
|    value_loss           | 0.00305     |
-----------------------------------------
-----------------------------------------
| rollout/                |             |
|    ep_len_mean          | 119         |
|    ep_rew_mean          | -0.996      |
| time/                   |             |
|    fps                  | 87          |
|    iterations           | 445         |
|    time_elapsed         | 1304        |
|    total_timesteps      | 234240      |
| train/                  |             |
|    approx_kl            | 0.005238154 |
|    clip_fraction        | 0.0645      |
|    clip_range           | 0.2         |
|    entropy_loss         | -2.53       |
|    explained_variance   | -0.0003     |
|    learning_rate        | 0.0003      |
|    loss                 | -0.0249     |
|    n_updates            | 9140        |
|    policy_gradient_loss | -0.00455    |
|    std                  | 0.857       |
|    value_loss           | 0.00293     |
-----------------------------------------
-----------------------------------------
| rollout/                |             |
|    ep_len_mean          | 119         |
|    ep_rew_mean          | -0.996      |
| time/                   |             |
|    fps                  | 87          |
|    iterations           | 446         |
|    time_elapsed         | 1306        |
|    total_timesteps      | 234496      |
| train/                  |             |
|    approx_kl            | 0.006321322 |
|    clip_fraction        | 0.116       |
|    clip_range           | 0.2         |
|    entropy_loss         | -2.53       |
|    explained_variance   | -0.000183   |
|    learning_rate        | 0.0003      |
|    loss                 | -0.0346     |
|    n_updates            | 9150        |
|    policy_gradient_loss | -0.0104     |
|    std                  | 0.857       |
|    value_loss           | 0.00288     |
-----------------------------------------
-----------------------------------------
| rollout/                |             |
|    ep_len_mean          | 119         |
|    ep_rew_mean          | -0.996      |
| time/                   |             |
|    fps                  | 87          |
|    iterations           | 447         |
|    time_elapsed         | 1309        |
|    total_timesteps      | 234752      |
| train/                  |             |
|    approx_kl            | 0.005069681 |
|    clip_fraction        | 0.0176      |
|    clip_range           | 0.2         |
|    entropy_loss         | -2.53       |
|    explained_variance   | -0.000684   |
|    learning_rate        | 0.0003      |
|    loss                 | 0.00133     |
|    n_updates            | 9160        |
|    policy_gradient_loss | -0.0011     |
|    std                  | 0.855       |
|    value_loss           | 0.00271     |
-----------------------------------------
-----------------------------------------
| rollout/                |             |
|    ep_len_mean          | 119         |
|    ep_rew_mean          | -0.995      |
| time/                   |             |
|    fps                  | 87          |
|    iterations           | 448         |
|    time_elapsed         | 1311        |
|    total_timesteps      | 235008      |
| train/                  |             |
|    approx_kl            | 0.004133161 |
|    clip_fraction        | 0.0277      |
|    clip_range           | 0.2         |
|    entropy_loss         | -2.53       |
|    explained_variance   | -0.000654   |
|    learning_rate        | 0.0003      |
|    loss                 | -0.0238     |
|    n_updates            | 9170        |
|    policy_gradient_loss | -0.0022     |
|    std                  | 0.86        |
|    value_loss           | 0.0031      |
-----------------------------------------
-----------------------------------------
| rollout/                |             |
|    ep_len_mean          | 119         |
|    ep_rew_mean          | -0.997      |
| time/                   |             |
|    fps                  | 87          |
|    iterations           | 449         |
|    time_elapsed         | 1314        |
|    total_timesteps      | 235264      |
| train/                  |             |
|    approx_kl            | 0.011101553 |
|    clip_fraction        | 0.162       |
|    clip_range           | 0.2         |
|    entropy_loss         | -2.54       |
|    explained_variance   | 0.000644    |
|    learning_rate        | 0.0003      |
|    loss                 | -0.0351     |
|    n_updates            | 9180        |
|    policy_gradient_loss | -0.0154     |
|    std                  | 0.86        |
|    value_loss           | 0.00264     |
-----------------------------------------
------------------------------------------
| rollout/                |              |
|    ep_len_mean          | 119          |
|    ep_rew_mean          | -0.997       |
| time/                   |              |
|    fps                  | 87           |
|    iterations           | 450          |
|    time_elapsed         | 1317         |
|    total_timesteps      | 235520       |
| train/                  |              |
|    approx_kl            | 0.0026440367 |
|    clip_fraction        | 0.0574       |
|    clip_range           | 0.2          |
|    entropy_loss         | -2.53        |
|    explained_variance   | 0.000277     |
|    learning_rate        | 0.0003       |
|    loss                 | -0.0427      |
|    n_updates            | 9190         |
|    policy_gradient_loss | -0.00621     |
|    std                  | 0.854        |
|    value_loss           | 0.00256      |
------------------------------------------
-----------------------------------------
| rollout/                |             |
|    ep_len_mean          | 119         |
|    ep_rew_mean          | -0.997      |
| time/                   |             |
|    fps                  | 87          |
|    iterations           | 451         |
|    time_elapsed         | 1320        |
|    total_timesteps      | 235776      |
| train/                  |             |
|    approx_kl            | 0.008288488 |
|    clip_fraction        | 0.113       |
|    clip_range           | 0.2         |
|    entropy_loss         | -2.52       |
|    explained_variance   | -0.0037     |
|    learning_rate        | 0.0003      |
|    loss                 | -0.0346     |
|    n_updates            | 9200        |
|    policy_gradient_loss | -0.00878    |
|    std                  | 0.852       |
|    value_loss           | 0.00301     |
-----------------------------------------
------------------------------------------
| rollout/                |              |
|    ep_len_mean          | 119          |
|    ep_rew_mean          | -0.996       |
| time/                   |              |
|    fps                  | 87           |
|    iterations           | 452          |
|    time_elapsed         | 1324         |
|    total_timesteps      | 236032       |
| train/                  |              |
|    approx_kl            | 0.0040044887 |
|    clip_fraction        | 0.0258       |
|    clip_range           | 0.2          |
|    entropy_loss         | -2.52        |
|    explained_variance   | 0.000507     |
|    learning_rate        | 0.0003       |
|    loss                 | -0.0372      |
|    n_updates            | 9210         |
|    policy_gradient_loss | -0.00254     |
|    std                  | 0.851        |
|    value_loss           | 0.00307      |
------------------------------------------
----------------------------------------
| rollout/                |            |
|    ep_len_mean          | 119        |
|    ep_rew_mean          | -0.995     |
| time/                   |            |
|    fps                  | 87         |
|    iterations           | 453        |
|    time_elapsed         | 1328       |
|    total_timesteps      | 236288     |
| train/                  |            |
|    approx_kl            | 0.00488861 |
|    clip_fraction        | 0.0723     |
|    clip_range           | 0.2        |
|    entropy_loss         | -2.51      |
|    explained_variance   | -0.00033   |
|    learning_rate        | 0.0003     |
|    loss                 | -0.0143    |
|    n_updates            | 9220       |
|    policy_gradient_loss | -0.00836   |
|    std                  | 0.846      |
|    value_loss           | 0.00277    |
----------------------------------------
-----------------------------------------
| rollout/                |             |
|    ep_len_mean          | 119         |
|    ep_rew_mean          | -0.996      |
| time/                   |             |
|    fps                  | 87          |
|    iterations           | 454         |
|    time_elapsed         | 1331        |
|    total_timesteps      | 236544      |
| train/                  |             |
|    approx_kl            | 0.005813271 |
|    clip_fraction        | 0.0645      |
|    clip_range           | 0.2         |
|    entropy_loss         | -2.5        |
|    explained_variance   | -0.000696   |
|    learning_rate        | 0.0003      |
|    loss                 | -0.0316     |
|    n_updates            | 9230        |
|    policy_gradient_loss | -0.0086     |
|    std                  | 0.848       |
|    value_loss           | 0.00268     |
-----------------------------------------
------------------------------------------
| rollout/                |              |
|    ep_len_mean          | 119          |
|    ep_rew_mean          | -0.994       |
| time/                   |              |
|    fps                  | 87           |
|    iterations           | 455          |
|    time_elapsed         | 1334         |
|    total_timesteps      | 236800       |
| train/                  |              |
|    approx_kl            | 0.0070433384 |
|    clip_fraction        | 0.114        |
|    clip_range           | 0.2          |
|    entropy_loss         | -2.51        |
|    explained_variance   | -0.000147    |
|    learning_rate        | 0.0003       |
|    loss                 | -0.0305      |
|    n_updates            | 9240         |
|    policy_gradient_loss | -0.0106      |
|    std                  | 0.852        |
|    value_loss           | 0.00266      |
------------------------------------------
------------------------------------------
| rollout/                |              |
|    ep_len_mean          | 119          |
|    ep_rew_mean          | -0.995       |
| time/                   |              |
|    fps                  | 87           |
|    iterations           | 456          |
|    time_elapsed         | 1336         |
|    total_timesteps      | 237056       |
| train/                  |              |
|    approx_kl            | 0.0044865897 |
|    clip_fraction        | 0.082        |
|    clip_range           | 0.2          |
|    entropy_loss         | -2.52        |
|    explained_variance   | -0.000877    |
|    learning_rate        | 0.0003       |
|    loss                 | -0.0275      |
|    n_updates            | 9250         |
|    policy_gradient_loss | -0.00797     |
|    std                  | 0.852        |
|    value_loss           | 0.00292      |
------------------------------------------
------------------------------------------
| rollout/                |              |
|    ep_len_mean          | 119          |
|    ep_rew_mean          | -0.995       |
| time/                   |              |
|    fps                  | 87           |
|    iterations           | 457          |
|    time_elapsed         | 1339         |
|    total_timesteps      | 237312       |
| train/                  |              |
|    approx_kl            | 0.0072694668 |
|    clip_fraction        | 0.0621       |
|    clip_range           | 0.2          |
|    entropy_loss         | -2.52        |
|    explained_variance   | -0.00158     |
|    learning_rate        | 0.0003       |
|    loss                 | -0.0166      |
|    n_updates            | 9260         |
|    policy_gradient_loss | -0.00628     |
|    std                  | 0.853        |
|    value_loss           | 0.00318      |
------------------------------------------
----------------------------------------
| rollout/                |            |
|    ep_len_mean          | 119        |
|    ep_rew_mean          | -0.996     |
| time/                   |            |
|    fps                  | 87         |
|    iterations           | 458        |
|    time_elapsed         | 1342       |
|    total_timesteps      | 237568     |
| train/                  |            |
|    approx_kl            | 0.00531695 |
|    clip_fraction        | 0.0355     |
|    clip_range           | 0.2        |
|    entropy_loss         | -2.52      |
|    explained_variance   | 8.11e-05   |
|    learning_rate        | 0.0003     |
|    loss                 | -0.0301    |
|    n_updates            | 9270       |
|    policy_gradient_loss | -0.00412   |
|    std                  | 0.853      |
|    value_loss           | 0.00316    |
----------------------------------------
------------------------------------------
| rollout/                |              |
|    ep_len_mean          | 119          |
|    ep_rew_mean          | -0.994       |
| time/                   |              |
|    fps                  | 87           |
|    iterations           | 459          |
|    time_elapsed         | 1344         |
|    total_timesteps      | 237824       |
| train/                  |              |
|    approx_kl            | 0.0062331245 |
|    clip_fraction        | 0.108        |
|    clip_range           | 0.2          |
|    entropy_loss         | -2.52        |
|    explained_variance   | 7.99e-05     |
|    learning_rate        | 0.0003       |
|    loss                 | -0.0501      |
|    n_updates            | 9280         |
|    policy_gradient_loss | -0.0105      |
|    std                  | 0.852        |
|    value_loss           | 0.0032       |
------------------------------------------
------------------------------------------
| rollout/                |              |
|    ep_len_mean          | 118          |
|    ep_rew_mean          | -0.784       |
| time/                   |              |
|    fps                  | 87           |
|    iterations           | 460          |
|    time_elapsed         | 1347         |
|    total_timesteps      | 238080       |
| train/                  |              |
|    approx_kl            | 0.0027941198 |
|    clip_fraction        | 0.0426       |
|    clip_range           | 0.2          |
|    entropy_loss         | -2.52        |
|    explained_variance   | -0.000368    |
|    learning_rate        | 0.0003       |
|    loss                 | -0.0269      |
|    n_updates            | 9290         |
|    policy_gradient_loss | -0.00472     |
|    std                  | 0.85         |
|    value_loss           | 0.00323      |
------------------------------------------
-----------------------------------------
| rollout/                |             |
|    ep_len_mean          | 118         |
|    ep_rew_mean          | -0.786      |
| time/                   |             |
|    fps                  | 87          |
|    iterations           | 461         |
|    time_elapsed         | 1350        |
|    total_timesteps      | 238336      |
| train/                  |             |
|    approx_kl            | 0.010053718 |
|    clip_fraction        | 0.105       |
|    clip_range           | 0.2         |
|    entropy_loss         | -2.51       |
|    explained_variance   | 5.96e-07    |
|    learning_rate        | 0.0003      |
|    loss                 | 3.41        |
|    n_updates            | 9300        |
|    policy_gradient_loss | -0.00857    |
|    std                  | 0.848       |
|    value_loss           | 1.72        |
-----------------------------------------
------------------------------------------
| rollout/                |              |
|    ep_len_mean          | 118          |
|    ep_rew_mean          | -0.785       |
| time/                   |              |
|    fps                  | 87           |
|    iterations           | 462          |
|    time_elapsed         | 1352         |
|    total_timesteps      | 238592       |
| train/                  |              |
|    approx_kl            | 0.0056251744 |
|    clip_fraction        | 0.0949       |
|    clip_range           | 0.2          |
|    entropy_loss         | -2.5         |
|    explained_variance   | -0.00236     |
|    learning_rate        | 0.0003       |
|    loss                 | -0.046       |
|    n_updates            | 9310         |
|    policy_gradient_loss | -0.009       |
|    std                  | 0.845        |
|    value_loss           | 0.00331      |
------------------------------------------
-----------------------------------------
| rollout/                |             |
|    ep_len_mean          | 118         |
|    ep_rew_mean          | -0.787      |
| time/                   |             |
|    fps                  | 87          |
|    iterations           | 463         |
|    time_elapsed         | 1357        |
|    total_timesteps      | 238848      |
| train/                  |             |
|    approx_kl            | 0.004510248 |
|    clip_fraction        | 0.0504      |
|    clip_range           | 0.2         |
|    entropy_loss         | -2.5        |
|    explained_variance   | 0.000843    |
|    learning_rate        | 0.0003      |
|    loss                 | -0.0256     |
|    n_updates            | 9320        |
|    policy_gradient_loss | -0.00125    |
|    std                  | 0.843       |
|    value_loss           | 0.00311     |
-----------------------------------------
----------------------------------------
| rollout/                |            |
|    ep_len_mean          | 116        |
|    ep_rew_mean          | -0.575     |
| time/                   |            |
|    fps                  | 87         |
|    iterations           | 464        |
|    time_elapsed         | 1360       |
|    total_timesteps      | 239104     |
| train/                  |            |
|    approx_kl            | 0.00454144 |
|    clip_fraction        | 0.0668     |
|    clip_range           | 0.2        |
|    entropy_loss         | -2.5       |
|    explained_variance   | -0.000412  |
|    learning_rate        | 0.0003     |
|    loss                 | -0.043     |
|    n_updates            | 9330       |
|    policy_gradient_loss | -0.00868   |
|    std                  | 0.846      |
|    value_loss           | 0.00279    |
----------------------------------------
-----------------------------------------
| rollout/                |             |
|    ep_len_mean          | 116         |
|    ep_rew_mean          | -0.574      |
| time/                   |             |
|    fps                  | 87          |
|    iterations           | 465         |
|    time_elapsed         | 1362        |
|    total_timesteps      | 239360      |
| train/                  |             |
|    approx_kl            | 0.004669085 |
|    clip_fraction        | 0.059       |
|    clip_range           | 0.2         |
|    entropy_loss         | -2.51       |
|    explained_variance   | -6.08e-06   |
|    learning_rate        | 0.0003      |
|    loss                 | -0.0296     |
|    n_updates            | 9340        |
|    policy_gradient_loss | -0.00252    |
|    std                  | 0.848       |
|    value_loss           | 1.72        |
-----------------------------------------
-----------------------------------------
| rollout/                |             |
|    ep_len_mean          | 116         |
|    ep_rew_mean          | -0.572      |
| time/                   |             |
|    fps                  | 87          |
|    iterations           | 466         |
|    time_elapsed         | 1365        |
|    total_timesteps      | 239616      |
| train/                  |             |
|    approx_kl            | 0.004295895 |
|    clip_fraction        | 0.0129      |
|    clip_range           | 0.2         |
|    entropy_loss         | -2.51       |
|    explained_variance   | 0.00407     |
|    learning_rate        | 0.0003      |
|    loss                 | -0.0187     |
|    n_updates            | 9350        |
|    policy_gradient_loss | -0.000522   |
|    std                  | 0.849       |
|    value_loss           | 0.0026      |
-----------------------------------------
------------------------------------------
| rollout/                |              |
|    ep_len_mean          | 116          |
|    ep_rew_mean          | -0.571       |
| time/                   |              |
|    fps                  | 87           |
|    iterations           | 467          |
|    time_elapsed         | 1369         |
|    total_timesteps      | 239872       |
| train/                  |              |
|    approx_kl            | 0.0022990103 |
|    clip_fraction        | 0.00234      |
|    clip_range           | 0.2          |
|    entropy_loss         | -2.51        |
|    explained_variance   | -0.0017      |
|    learning_rate        | 0.0003       |
|    loss                 | -0.0218      |
|    n_updates            | 9360         |
|    policy_gradient_loss | -0.000875    |
|    std                  | 0.851        |
|    value_loss           | 0.0028       |
------------------------------------------
-----------------------------------------
| rollout/                |             |
|    ep_len_mean          | 115         |
|    ep_rew_mean          | -0.356      |
| time/                   |             |
|    fps                  | 87          |
|    iterations           | 468         |
|    time_elapsed         | 1372        |
|    total_timesteps      | 240128      |
| train/                  |             |
|    approx_kl            | 0.008152309 |
|    clip_fraction        | 0.0949      |
|    clip_range           | 0.2         |
|    entropy_loss         | -2.52       |
|    explained_variance   | -0.000269   |
|    learning_rate        | 0.0003      |
|    loss                 | -0.00826    |
|    n_updates            | 9370        |
|    policy_gradient_loss | -0.00852    |
|    std                  | 0.852       |
|    value_loss           | 0.00257     |
-----------------------------------------
-----------------------------------------
| rollout/                |             |
|    ep_len_mean          | 115         |
|    ep_rew_mean          | -0.356      |
| time/                   |             |
|    fps                  | 87          |
|    iterations           | 469         |
|    time_elapsed         | 1375        |
|    total_timesteps      | 240384      |
| train/                  |             |
|    approx_kl            | 0.004997157 |
|    clip_fraction        | 0.0547      |
|    clip_range           | 0.2         |
|    entropy_loss         | -2.52       |
|    explained_variance   | 4.95e-05    |
|    learning_rate        | 0.0003      |
|    loss                 | 3.38        |
|    n_updates            | 9380        |
|    policy_gradient_loss | -0.00398    |
|    std                  | 0.852       |
|    value_loss           | 1.72        |
-----------------------------------------
-----------------------------------------
| rollout/                |             |
|    ep_len_mean          | 115         |
|    ep_rew_mean          | -0.357      |
| time/                   |             |
|    fps                  | 87          |
|    iterations           | 470         |
|    time_elapsed         | 1381        |
|    total_timesteps      | 240640      |
| train/                  |             |
|    approx_kl            | 0.005328689 |
|    clip_fraction        | 0.066       |
|    clip_range           | 0.2         |
|    entropy_loss         | -2.52       |
|    explained_variance   | -0.00111    |
|    learning_rate        | 0.0003      |
|    loss                 | -0.041      |
|    n_updates            | 9390        |
|    policy_gradient_loss | -0.00634    |
|    std                  | 0.852       |
|    value_loss           | 0.00301     |
-----------------------------------------
-----------------------------------------
| rollout/                |             |
|    ep_len_mean          | 115         |
|    ep_rew_mean          | -0.359      |
| time/                   |             |
|    fps                  | 86          |
|    iterations           | 471         |
|    time_elapsed         | 1386        |
|    total_timesteps      | 240896      |
| train/                  |             |
|    approx_kl            | 0.007971687 |
|    clip_fraction        | 0.0695      |
|    clip_range           | 0.2         |
|    entropy_loss         | -2.51       |
|    explained_variance   | 0.000163    |
|    learning_rate        | 0.0003      |
|    loss                 | -0.00989    |
|    n_updates            | 9400        |
|    policy_gradient_loss | -0.00655    |
|    std                  | 0.85        |
|    value_loss           | 0.003       |
-----------------------------------------
------------------------------------------
| rollout/                |              |
|    ep_len_mean          | 115          |
|    ep_rew_mean          | -0.359       |
| time/                   |              |
|    fps                  | 86           |
|    iterations           | 472          |
|    time_elapsed         | 1390         |
|    total_timesteps      | 241152       |
| train/                  |              |
|    approx_kl            | 0.0044790884 |
|    clip_fraction        | 0.0121       |
|    clip_range           | 0.2          |
|    entropy_loss         | -2.51        |
|    explained_variance   | 0.000737     |
|    learning_rate        | 0.0003       |
|    loss                 | -0.015       |
|    n_updates            | 9410         |
|    policy_gradient_loss | -0.000771    |
|    std                  | 0.85         |
|    value_loss           | 0.003        |
------------------------------------------
------------------------------------------
| rollout/                |              |
|    ep_len_mean          | 115          |
|    ep_rew_mean          | -0.36        |
| time/                   |              |
|    fps                  | 86           |
|    iterations           | 473          |
|    time_elapsed         | 1393         |
|    total_timesteps      | 241408       |
| train/                  |              |
|    approx_kl            | 0.0068227686 |
|    clip_fraction        | 0.0703       |
|    clip_range           | 0.2          |
|    entropy_loss         | -2.52        |
|    explained_variance   | -6.19e-05    |
|    learning_rate        | 0.0003       |
|    loss                 | -0.00486     |
|    n_updates            | 9420         |
|    policy_gradient_loss | -0.00591     |
|    std                  | 0.855        |
|    value_loss           | 0.00247      |
------------------------------------------
-----------------------------------------
| rollout/                |             |
|    ep_len_mean          | 115         |
|    ep_rew_mean          | -0.359      |
| time/                   |             |
|    fps                  | 86          |
|    iterations           | 474         |
|    time_elapsed         | 1395        |
|    total_timesteps      | 241664      |
| train/                  |             |
|    approx_kl            | 0.006337273 |
|    clip_fraction        | 0.0816      |
|    clip_range           | 0.2         |
|    entropy_loss         | -2.52       |
|    explained_variance   | 0.000744    |
|    learning_rate        | 0.0003      |
|    loss                 | -0.00556    |
|    n_updates            | 9430        |
|    policy_gradient_loss | -0.00718    |
|    std                  | 0.854       |
|    value_loss           | 0.0027      |
-----------------------------------------
------------------------------------------
| rollout/                |              |
|    ep_len_mean          | 115          |
|    ep_rew_mean          | -0.361       |
| time/                   |              |
|    fps                  | 86           |
|    iterations           | 475          |
|    time_elapsed         | 1398         |
|    total_timesteps      | 241920       |
| train/                  |              |
|    approx_kl            | 0.0031494054 |
|    clip_fraction        | 0.0191       |
|    clip_range           | 0.2          |
|    entropy_loss         | -2.52        |
|    explained_variance   | -0.00402     |
|    learning_rate        | 0.0003       |
|    loss                 | -0.0322      |
|    n_updates            | 9440         |
|    policy_gradient_loss | -0.00156     |
|    std                  | 0.854        |
|    value_loss           | 0.00259      |
------------------------------------------
------------------------------------------
| rollout/                |              |
|    ep_len_mean          | 115          |
|    ep_rew_mean          | -0.361       |
| time/                   |              |
|    fps                  | 86           |
|    iterations           | 476          |
|    time_elapsed         | 1402         |
|    total_timesteps      | 242176       |
| train/                  |              |
|    approx_kl            | 0.0055715386 |
|    clip_fraction        | 0.0277       |
|    clip_range           | 0.2          |
|    entropy_loss         | -2.52        |
|    explained_variance   | -0.00107     |
|    learning_rate        | 0.0003       |
|    loss                 | -0.0353      |
|    n_updates            | 9450         |
|    policy_gradient_loss | -0.00148     |
|    std                  | 0.856        |
|    value_loss           | 0.00304      |
------------------------------------------
----------------------------------------
| rollout/                |            |
|    ep_len_mean          | 115        |
|    ep_rew_mean          | -0.361     |
| time/                   |            |
|    fps                  | 86         |
|    iterations           | 477        |
|    time_elapsed         | 1405       |
|    total_timesteps      | 242432     |
| train/                  |            |
|    approx_kl            | 0.00468453 |
|    clip_fraction        | 0.0887     |
|    clip_range           | 0.2        |
|    entropy_loss         | -2.53      |
|    explained_variance   | 0.000387   |
|    learning_rate        | 0.0003     |
|    loss                 | -0.0459    |
|    n_updates            | 9460       |
|    policy_gradient_loss | -0.00712   |
|    std                  | 0.859      |
|    value_loss           | 0.00291    |
----------------------------------------
------------------------------------------
| rollout/                |              |
|    ep_len_mean          | 115          |
|    ep_rew_mean          | -0.36        |
| time/                   |              |
|    fps                  | 86           |
|    iterations           | 478          |
|    time_elapsed         | 1408         |
|    total_timesteps      | 242688       |
| train/                  |              |
|    approx_kl            | 0.0065237316 |
|    clip_fraction        | 0.0734       |
|    clip_range           | 0.2          |
|    entropy_loss         | -2.53        |
|    explained_variance   | 9.2e-05      |
|    learning_rate        | 0.0003       |
|    loss                 | -0.0441      |
|    n_updates            | 9470         |
|    policy_gradient_loss | -0.00737     |
|    std                  | 0.858        |
|    value_loss           | 0.00254      |
------------------------------------------
-----------------------------------------
| rollout/                |             |
|    ep_len_mean          | 115         |
|    ep_rew_mean          | -0.359      |
| time/                   |             |
|    fps                  | 86          |
|    iterations           | 479         |
|    time_elapsed         | 1410        |
|    total_timesteps      | 242944      |
| train/                  |             |
|    approx_kl            | 0.003994217 |
|    clip_fraction        | 0.0383      |
|    clip_range           | 0.2         |
|    entropy_loss         | -2.53       |
|    explained_variance   | 0.000335    |
|    learning_rate        | 0.0003      |
|    loss                 | -0.0219     |
|    n_updates            | 9480        |
|    policy_gradient_loss | -0.00325    |
|    std                  | 0.858       |
|    value_loss           | 0.00314     |
-----------------------------------------
-----------------------------------------
| rollout/                |             |
|    ep_len_mean          | 115         |
|    ep_rew_mean          | -0.36       |
| time/                   |             |
|    fps                  | 86          |
|    iterations           | 480         |
|    time_elapsed         | 1413        |
|    total_timesteps      | 243200      |
| train/                  |             |
|    approx_kl            | 0.004797211 |
|    clip_fraction        | 0.0168      |
|    clip_range           | 0.2         |
|    entropy_loss         | -2.53       |
|    explained_variance   | 0.00194     |
|    learning_rate        | 0.0003      |
|    loss                 | -0.031      |
|    n_updates            | 9490        |
|    policy_gradient_loss | -0.00159    |
|    std                  | 0.86        |
|    value_loss           | 0.00284     |
-----------------------------------------
-----------------------------------------
| rollout/                |             |
|    ep_len_mean          | 114         |
|    ep_rew_mean          | -0.147      |
| time/                   |             |
|    fps                  | 86          |
|    iterations           | 481         |
|    time_elapsed         | 1416        |
|    total_timesteps      | 243456      |
| train/                  |             |
|    approx_kl            | 0.005831898 |
|    clip_fraction        | 0.0711      |
|    clip_range           | 0.2         |
|    entropy_loss         | -2.54       |
|    explained_variance   | -0.000426   |
|    learning_rate        | 0.0003      |
|    loss                 | -0.0246     |
|    n_updates            | 9500        |
|    policy_gradient_loss | -0.00482    |
|    std                  | 0.859       |
|    value_loss           | 0.00277     |
-----------------------------------------
-----------------------------------------
| rollout/                |             |
|    ep_len_mean          | 114         |
|    ep_rew_mean          | -0.149      |
| time/                   |             |
|    fps                  | 86          |
|    iterations           | 482         |
|    time_elapsed         | 1422        |
|    total_timesteps      | 243712      |
| train/                  |             |
|    approx_kl            | 0.006792265 |
|    clip_fraction        | 0.0711      |
|    clip_range           | 0.2         |
|    entropy_loss         | -2.53       |
|    explained_variance   | -1.82e-05   |
|    learning_rate        | 0.0003      |
|    loss                 | 3.39        |
|    n_updates            | 9510        |
|    policy_gradient_loss | -0.00609    |
|    std                  | 0.858       |
|    value_loss           | 1.72        |
-----------------------------------------
------------------------------------------
| rollout/                |              |
|    ep_len_mean          | 114          |
|    ep_rew_mean          | -0.149       |
| time/                   |              |
|    fps                  | 86           |
|    iterations           | 483          |
|    time_elapsed         | 1427         |
|    total_timesteps      | 243968       |
| train/                  |              |
|    approx_kl            | 0.0061904704 |
|    clip_fraction        | 0.0691       |
|    clip_range           | 0.2          |
|    entropy_loss         | -2.53        |
|    explained_variance   | 0.000625     |
|    learning_rate        | 0.0003       |
|    loss                 | -0.0261      |
|    n_updates            | 9520         |
|    policy_gradient_loss | -0.00733     |
|    std                  | 0.857        |
|    value_loss           | 0.00291      |
------------------------------------------
-----------------------------------------
| rollout/                |             |
|    ep_len_mean          | 114         |
|    ep_rew_mean          | -0.15       |
| time/                   |             |
|    fps                  | 86          |
|    iterations           | 484         |
|    time_elapsed         | 1429        |
|    total_timesteps      | 244224      |
| train/                  |             |
|    approx_kl            | 0.004757256 |
|    clip_fraction        | 0.0555      |
|    clip_range           | 0.2         |
|    entropy_loss         | -2.53       |
|    explained_variance   | 0.000452    |
|    learning_rate        | 0.0003      |
|    loss                 | -0.0221     |
|    n_updates            | 9530        |
|    policy_gradient_loss | -0.0055     |
|    std                  | 0.854       |
|    value_loss           | 0.00249     |
-----------------------------------------
------------------------------------------
| rollout/                |              |
|    ep_len_mean          | 114          |
|    ep_rew_mean          | -0.151       |
| time/                   |              |
|    fps                  | 86           |
|    iterations           | 485          |
|    time_elapsed         | 1432         |
|    total_timesteps      | 244480       |
| train/                  |              |
|    approx_kl            | 0.0038202642 |
|    clip_fraction        | 0.0363       |
|    clip_range           | 0.2          |
|    entropy_loss         | -2.52        |
|    explained_variance   | -0.000133    |
|    learning_rate        | 0.0003       |
|    loss                 | -0.0411      |
|    n_updates            | 9540         |
|    policy_gradient_loss | -0.00424     |
|    std                  | 0.856        |
|    value_loss           | 0.00277      |
------------------------------------------
------------------------------------------
| rollout/                |              |
|    ep_len_mean          | 114          |
|    ep_rew_mean          | -0.152       |
| time/                   |              |
|    fps                  | 86           |
|    iterations           | 486          |
|    time_elapsed         | 1437         |
|    total_timesteps      | 244736       |
| train/                  |              |
|    approx_kl            | 0.0046069166 |
|    clip_fraction        | 0.0688       |
|    clip_range           | 0.2          |
|    entropy_loss         | -2.53        |
|    explained_variance   | -3.58e-06    |
|    learning_rate        | 0.0003       |
|    loss                 | -0.0391      |
|    n_updates            | 9550         |
|    policy_gradient_loss | -0.00429     |
|    std                  | 0.855        |
|    value_loss           | 1.72         |
------------------------------------------
------------------------------------------
| rollout/                |              |
|    ep_len_mean          | 114          |
|    ep_rew_mean          | -0.151       |
| time/                   |              |
|    fps                  | 86           |
|    iterations           | 487          |
|    time_elapsed         | 1441         |
|    total_timesteps      | 244992       |
| train/                  |              |
|    approx_kl            | 0.0040185833 |
|    clip_fraction        | 0.0242       |
|    clip_range           | 0.2          |
|    entropy_loss         | -2.52        |
|    explained_variance   | 0.000232     |
|    learning_rate        | 0.0003       |
|    loss                 | -0.04        |
|    n_updates            | 9560         |
|    policy_gradient_loss | -0.0015      |
|    std                  | 0.854        |
|    value_loss           | 0.00305      |
------------------------------------------
-----------------------------------------
| rollout/                |             |
|    ep_len_mean          | 114         |
|    ep_rew_mean          | -0.15       |
| time/                   |             |
|    fps                  | 86          |
|    iterations           | 488         |
|    time_elapsed         | 1444        |
|    total_timesteps      | 245248      |
| train/                  |             |
|    approx_kl            | 0.006891964 |
|    clip_fraction        | 0.125       |
|    clip_range           | 0.2         |
|    entropy_loss         | -2.53       |
|    explained_variance   | 0.000574    |
|    learning_rate        | 0.0003      |
|    loss                 | -0.0422     |
|    n_updates            | 9570        |
|    policy_gradient_loss | -0.0116     |
|    std                  | 0.857       |
|    value_loss           | 0.00267     |
-----------------------------------------
------------------------------------------
| rollout/                |              |
|    ep_len_mean          | 114          |
|    ep_rew_mean          | -0.148       |
| time/                   |              |
|    fps                  | 86           |
|    iterations           | 489          |
|    time_elapsed         | 1447         |
|    total_timesteps      | 245504       |
| train/                  |              |
|    approx_kl            | 0.0067654103 |
|    clip_fraction        | 0.0695       |
|    clip_range           | 0.2          |
|    entropy_loss         | -2.53        |
|    explained_variance   | -0.00248     |
|    learning_rate        | 0.0003       |
|    loss                 | -0.0261      |
|    n_updates            | 9580         |
|    policy_gradient_loss | -0.0059      |
|    std                  | 0.859        |
|    value_loss           | 0.00312      |
------------------------------------------
-----------------------------------------
| rollout/                |             |
|    ep_len_mean          | 114         |
|    ep_rew_mean          | -0.146      |
| time/                   |             |
|    fps                  | 86          |
|    iterations           | 490         |
|    time_elapsed         | 1449        |
|    total_timesteps      | 245760      |
| train/                  |             |
|    approx_kl            | 0.006118728 |
|    clip_fraction        | 0.0191      |
|    clip_range           | 0.2         |
|    entropy_loss         | -2.53       |
|    explained_variance   | -5.92e-05   |
|    learning_rate        | 0.0003      |
|    loss                 | -0.0158     |
|    n_updates            | 9590        |
|    policy_gradient_loss | -0.00211    |
|    std                  | 0.859       |
|    value_loss           | 0.00307     |
-----------------------------------------
------------------------------------------
| rollout/                |              |
|    ep_len_mean          | 113          |
|    ep_rew_mean          | 0.065        |
| time/                   |              |
|    fps                  | 86           |
|    iterations           | 491          |
|    time_elapsed         | 1452         |
|    total_timesteps      | 246016       |
| train/                  |              |
|    approx_kl            | 0.0044753416 |
|    clip_fraction        | 0.0145       |
|    clip_range           | 0.2          |
|    entropy_loss         | -2.53        |
|    explained_variance   | -8.2e-05     |
|    learning_rate        | 0.0003       |
|    loss                 | -0.0297      |
|    n_updates            | 9600         |
|    policy_gradient_loss | -0.00272     |
|    std                  | 0.859        |
|    value_loss           | 0.00273      |
------------------------------------------
----------------------------------------
| rollout/                |            |
|    ep_len_mean          | 112        |
|    ep_rew_mean          | 0.278      |
| time/                   |            |
|    fps                  | 86         |
|    iterations           | 492        |
|    time_elapsed         | 1457       |
|    total_timesteps      | 246272     |
| train/                  |            |
|    approx_kl            | 0.00630605 |
|    clip_fraction        | 0.0238     |
|    clip_range           | 0.2        |
|    entropy_loss         | -2.53      |
|    explained_variance   | 5.6e-06    |
|    learning_rate        | 0.0003     |
|    loss                 | -0.0393    |
|    n_updates            | 9610       |
|    policy_gradient_loss | -0.00106   |
|    std                  | 0.857      |
|    value_loss           | 1.71       |
----------------------------------------
-----------------------------------------
| rollout/                |             |
|    ep_len_mean          | 112         |
|    ep_rew_mean          | 0.279       |
| time/                   |             |
|    fps                  | 86          |
|    iterations           | 493         |
|    time_elapsed         | 1461        |
|    total_timesteps      | 246528      |
| train/                  |             |
|    approx_kl            | 0.007220016 |
|    clip_fraction        | 0.112       |
|    clip_range           | 0.2         |
|    entropy_loss         | -2.53       |
|    explained_variance   | -3.93e-06   |
|    learning_rate        | 0.0003      |
|    loss                 | 3.37        |
|    n_updates            | 9620        |
|    policy_gradient_loss | -0.00601    |
|    std                  | 0.856       |
|    value_loss           | 1.71        |
-----------------------------------------
------------------------------------------
| rollout/                |              |
|    ep_len_mean          | 112          |
|    ep_rew_mean          | 0.278        |
| time/                   |              |
|    fps                  | 86           |
|    iterations           | 494          |
|    time_elapsed         | 1464         |
|    total_timesteps      | 246784       |
| train/                  |              |
|    approx_kl            | 0.0034927223 |
|    clip_fraction        | 0.0285       |
|    clip_range           | 0.2          |
|    entropy_loss         | -2.53        |
|    explained_variance   | -0.000365    |
|    learning_rate        | 0.0003       |
|    loss                 | -0.0139      |
|    n_updates            | 9630         |
|    policy_gradient_loss | -0.00304     |
|    std                  | 0.857        |
|    value_loss           | 0.00275      |
------------------------------------------
------------------------------------------
| rollout/                |              |
|    ep_len_mean          | 112          |
|    ep_rew_mean          | 0.277        |
| time/                   |              |
|    fps                  | 86           |
|    iterations           | 495          |
|    time_elapsed         | 1466         |
|    total_timesteps      | 247040       |
| train/                  |              |
|    approx_kl            | 0.0034834088 |
|    clip_fraction        | 0.0293       |
|    clip_range           | 0.2          |
|    entropy_loss         | -2.53        |
|    explained_variance   | -0.000538    |
|    learning_rate        | 0.0003       |
|    loss                 | -0.0427      |
|    n_updates            | 9640         |
|    policy_gradient_loss | -0.00364     |
|    std                  | 0.856        |
|    value_loss           | 0.00289      |
------------------------------------------
------------------------------------------
| rollout/                |              |
|    ep_len_mean          | 112          |
|    ep_rew_mean          | 0.278        |
| time/                   |              |
|    fps                  | 86           |
|    iterations           | 496          |
|    time_elapsed         | 1469         |
|    total_timesteps      | 247296       |
| train/                  |              |
|    approx_kl            | 0.0077644186 |
|    clip_fraction        | 0.113        |
|    clip_range           | 0.2          |
|    entropy_loss         | -2.53        |
|    explained_variance   | 0.000294     |
|    learning_rate        | 0.0003       |
|    loss                 | -0.0393      |
|    n_updates            | 9650         |
|    policy_gradient_loss | -0.0105      |
|    std                  | 0.856        |
|    value_loss           | 0.00277      |
------------------------------------------
-----------------------------------------
| rollout/                |             |
|    ep_len_mean          | 112         |
|    ep_rew_mean          | 0.276       |
| time/                   |             |
|    fps                  | 86          |
|    iterations           | 497         |
|    time_elapsed         | 1472        |
|    total_timesteps      | 247552      |
| train/                  |             |
|    approx_kl            | 0.004014044 |
|    clip_fraction        | 0.0359      |
|    clip_range           | 0.2         |
|    entropy_loss         | -2.53       |
|    explained_variance   | -0.00119    |
|    learning_rate        | 0.0003      |
|    loss                 | -0.0392     |
|    n_updates            | 9660        |
|    policy_gradient_loss | -0.00332    |
|    std                  | 0.857       |
|    value_loss           | 0.00277     |
-----------------------------------------
------------------------------------------
| rollout/                |              |
|    ep_len_mean          | 112          |
|    ep_rew_mean          | 0.277        |
| time/                   |              |
|    fps                  | 86           |
|    iterations           | 498          |
|    time_elapsed         | 1474         |
|    total_timesteps      | 247808       |
| train/                  |              |
|    approx_kl            | 0.0056617493 |
|    clip_fraction        | 0.0469       |
|    clip_range           | 0.2          |
|    entropy_loss         | -2.53        |
|    explained_variance   | 0.000646     |
|    learning_rate        | 0.0003       |
|    loss                 | -0.0222      |
|    n_updates            | 9670         |
|    policy_gradient_loss | -0.00261     |
|    std                  | 0.857        |
|    value_loss           | 0.003        |
------------------------------------------
-----------------------------------------
| rollout/                |             |
|    ep_len_mean          | 112         |
|    ep_rew_mean          | 0.277       |
| time/                   |             |
|    fps                  | 86          |
|    iterations           | 499         |
|    time_elapsed         | 1477        |
|    total_timesteps      | 248064      |
| train/                  |             |
|    approx_kl            | 0.005291536 |
|    clip_fraction        | 0.0379      |
|    clip_range           | 0.2         |
|    entropy_loss         | -2.53       |
|    explained_variance   | -0.00144    |
|    learning_rate        | 0.0003      |
|    loss                 | -0.033      |
|    n_updates            | 9680        |
|    policy_gradient_loss | -0.00479    |
|    std                  | 0.856       |
|    value_loss           | 0.00337     |
-----------------------------------------
-----------------------------------------
| rollout/                |             |
|    ep_len_mean          | 112         |
|    ep_rew_mean          | 0.278       |
| time/                   |             |
|    fps                  | 86          |
|    iterations           | 500         |
|    time_elapsed         | 1479        |
|    total_timesteps      | 248320      |
| train/                  |             |
|    approx_kl            | 0.005326416 |
|    clip_fraction        | 0.0496      |
|    clip_range           | 0.2         |
|    entropy_loss         | -2.53       |
|    explained_variance   | 0.000519    |
|    learning_rate        | 0.0003      |
|    loss                 | -0.0314     |
|    n_updates            | 9690        |
|    policy_gradient_loss | -0.00373    |
|    std                  | 0.857       |
|    value_loss           | 0.00272     |
-----------------------------------------
------------------------------------------
| rollout/                |              |
|    ep_len_mean          | 112          |
|    ep_rew_mean          | 0.278        |
| time/                   |              |
|    fps                  | 86           |
|    iterations           | 501          |
|    time_elapsed         | 1482         |
|    total_timesteps      | 248576       |
| train/                  |              |
|    approx_kl            | 0.0048159687 |
|    clip_fraction        | 0.0551       |
|    clip_range           | 0.2          |
|    entropy_loss         | -2.53        |
|    explained_variance   | -0.000884    |
|    learning_rate        | 0.0003       |
|    loss                 | -0.0376      |
|    n_updates            | 9700         |
|    policy_gradient_loss | -0.00475     |
|    std                  | 0.854        |
|    value_loss           | 0.00281      |
------------------------------------------
------------------------------------------
| rollout/                |              |
|    ep_len_mean          | 112          |
|    ep_rew_mean          | 0.282        |
| time/                   |              |
|    fps                  | 86           |
|    iterations           | 502          |
|    time_elapsed         | 1487         |
|    total_timesteps      | 248832       |
| train/                  |              |
|    approx_kl            | 0.0029150904 |
|    clip_fraction        | 0.0465       |
|    clip_range           | 0.2          |
|    entropy_loss         | -2.52        |
|    explained_variance   | 0.000223     |
|    learning_rate        | 0.0003       |
|    loss                 | -0.0309      |
|    n_updates            | 9710         |
|    policy_gradient_loss | -0.00331     |
|    std                  | 0.855        |
|    value_loss           | 0.00281      |
------------------------------------------
-----------------------------------------
| rollout/                |             |
|    ep_len_mean          | 112         |
|    ep_rew_mean          | 0.281       |
| time/                   |             |
|    fps                  | 86          |
|    iterations           | 503         |
|    time_elapsed         | 1489        |
|    total_timesteps      | 249088      |
| train/                  |             |
|    approx_kl            | 0.006257114 |
|    clip_fraction        | 0.0527      |
|    clip_range           | 0.2         |
|    entropy_loss         | -2.53       |
|    explained_variance   | 9.36e-05    |
|    learning_rate        | 0.0003      |
|    loss                 | -0.0148     |
|    n_updates            | 9720        |
|    policy_gradient_loss | -0.00524    |
|    std                  | 0.857       |
|    value_loss           | 0.00249     |
-----------------------------------------
------------------------------------------
| rollout/                |              |
|    ep_len_mean          | 113          |
|    ep_rew_mean          | 0.0706       |
| time/                   |              |
|    fps                  | 86           |
|    iterations           | 504          |
|    time_elapsed         | 1492         |
|    total_timesteps      | 249344       |
| train/                  |              |
|    approx_kl            | 0.0037897779 |
|    clip_fraction        | 0.0273       |
|    clip_range           | 0.2          |
|    entropy_loss         | -2.53        |
|    explained_variance   | -0.00015     |
|    learning_rate        | 0.0003       |
|    loss                 | -0.0418      |
|    n_updates            | 9730         |
|    policy_gradient_loss | -0.00264     |
|    std                  | 0.859        |
|    value_loss           | 0.00253      |
------------------------------------------
------------------------------------------
| rollout/                |              |
|    ep_len_mean          | 113          |
|    ep_rew_mean          | 0.0735       |
| time/                   |              |
|    fps                  | 86           |
|    iterations           | 505          |
|    time_elapsed         | 1494         |
|    total_timesteps      | 249600       |
| train/                  |              |
|    approx_kl            | 0.0072281095 |
|    clip_fraction        | 0.107        |
|    clip_range           | 0.2          |
|    entropy_loss         | -2.53        |
|    explained_variance   | -0.000975    |
|    learning_rate        | 0.0003       |
|    loss                 | -0.0441      |
|    n_updates            | 9740         |
|    policy_gradient_loss | -0.00975     |
|    std                  | 0.857        |
|    value_loss           | 0.00304      |
------------------------------------------
-----------------------------------------
| rollout/                |             |
|    ep_len_mean          | 113         |
|    ep_rew_mean          | 0.0741      |
| time/                   |             |
|    fps                  | 86          |
|    iterations           | 506         |
|    time_elapsed         | 1497        |
|    total_timesteps      | 249856      |
| train/                  |             |
|    approx_kl            | 0.002811448 |
|    clip_fraction        | 0.0129      |
|    clip_range           | 0.2         |
|    entropy_loss         | -2.53       |
|    explained_variance   | -0.000235   |
|    learning_rate        | 0.0003      |
|    loss                 | -0.0358     |
|    n_updates            | 9750        |
|    policy_gradient_loss | 0.000289    |
|    std                  | 0.859       |
|    value_loss           | 0.00288     |
-----------------------------------------
------------------------------------------
| rollout/                |              |
|    ep_len_mean          | 113          |
|    ep_rew_mean          | 0.0749       |
| time/                   |              |
|    fps                  | 86           |
|    iterations           | 507          |
|    time_elapsed         | 1502         |
|    total_timesteps      | 250112       |
| train/                  |              |
|    approx_kl            | 0.0026209957 |
|    clip_fraction        | 0.0371       |
|    clip_range           | 0.2          |
|    entropy_loss         | -2.53        |
|    explained_variance   | 0.000432     |
|    learning_rate        | 0.0003       |
|    loss                 | -0.0239      |
|    n_updates            | 9760         |
|    policy_gradient_loss | -0.00208     |
|    std                  | 0.856        |
|    value_loss           | 0.00335      |
------------------------------------------
-----------------------------------------
| rollout/                |             |
|    ep_len_mean          | 113         |
|    ep_rew_mean          | 0.0757      |
| time/                   |             |
|    fps                  | 86          |
|    iterations           | 508         |
|    time_elapsed         | 1506        |
|    total_timesteps      | 250368      |
| train/                  |             |
|    approx_kl            | 0.005908057 |
|    clip_fraction        | 0.093       |
|    clip_range           | 0.2         |
|    entropy_loss         | -2.52       |
|    explained_variance   | -0.00116    |
|    learning_rate        | 0.0003      |
|    loss                 | -0.032      |
|    n_updates            | 9770        |
|    policy_gradient_loss | -0.00883    |
|    std                  | 0.855       |
|    value_loss           | 0.00377     |
-----------------------------------------
------------------------------------------
| rollout/                |              |
|    ep_len_mean          | 113          |
|    ep_rew_mean          | 0.0753       |
| time/                   |              |
|    fps                  | 86           |
|    iterations           | 509          |
|    time_elapsed         | 1509         |
|    total_timesteps      | 250624       |
| train/                  |              |
|    approx_kl            | 0.0047094817 |
|    clip_fraction        | 0.0426       |
|    clip_range           | 0.2          |
|    entropy_loss         | -2.52        |
|    explained_variance   | 1.55e-06     |
|    learning_rate        | 0.0003       |
|    loss                 | 3.38         |
|    n_updates            | 9780         |
|    policy_gradient_loss | -0.00692     |
|    std                  | 0.851        |
|    value_loss           | 1.72         |
------------------------------------------
-----------------------------------------
| rollout/                |             |
|    ep_len_mean          | 113         |
|    ep_rew_mean          | 0.074       |
| time/                   |             |
|    fps                  | 86          |
|    iterations           | 510         |
|    time_elapsed         | 1512        |
|    total_timesteps      | 250880      |
| train/                  |             |
|    approx_kl            | 0.005840206 |
|    clip_fraction        | 0.0801      |
|    clip_range           | 0.2         |
|    entropy_loss         | -2.51       |
|    explained_variance   | 0.00141     |
|    learning_rate        | 0.0003      |
|    loss                 | -0.0364     |
|    n_updates            | 9790        |
|    policy_gradient_loss | -0.00364    |
|    std                  | 0.849       |
|    value_loss           | 0.00315     |
-----------------------------------------
------------------------------------------
| rollout/                |              |
|    ep_len_mean          | 113          |
|    ep_rew_mean          | 0.0753       |
| time/                   |              |
|    fps                  | 86           |
|    iterations           | 511          |
|    time_elapsed         | 1516         |
|    total_timesteps      | 251136       |
| train/                  |              |
|    approx_kl            | 0.0058008935 |
|    clip_fraction        | 0.0238       |
|    clip_range           | 0.2          |
|    entropy_loss         | -2.51        |
|    explained_variance   | -0.000673    |
|    learning_rate        | 0.0003       |
|    loss                 | -0.00957     |
|    n_updates            | 9800         |
|    policy_gradient_loss | -0.00241     |
|    std                  | 0.85         |
|    value_loss           | 0.00328      |
------------------------------------------
------------------------------------------
| rollout/                |              |
|    ep_len_mean          | 114          |
|    ep_rew_mean          | -0.135       |
| time/                   |              |
|    fps                  | 86           |
|    iterations           | 512          |
|    time_elapsed         | 1519         |
|    total_timesteps      | 251392       |
| train/                  |              |
|    approx_kl            | 0.0031333186 |
|    clip_fraction        | 0.0973       |
|    clip_range           | 0.2          |
|    entropy_loss         | -2.51        |
|    explained_variance   | 0.00148      |
|    learning_rate        | 0.0003       |
|    loss                 | -0.0465      |
|    n_updates            | 9810         |
|    policy_gradient_loss | -0.00804     |
|    std                  | 0.847        |
|    value_loss           | 0.00333      |
------------------------------------------
-----------------------------------------
| rollout/                |             |
|    ep_len_mean          | 114         |
|    ep_rew_mean          | -0.134      |
| time/                   |             |
|    fps                  | 86          |
|    iterations           | 513         |
|    time_elapsed         | 1521        |
|    total_timesteps      | 251648      |
| train/                  |             |
|    approx_kl            | 0.006262471 |
|    clip_fraction        | 0.0102      |
|    clip_range           | 0.2         |
|    entropy_loss         | -2.5        |
|    explained_variance   | 0.00461     |
|    learning_rate        | 0.0003      |
|    loss                 | -0.022      |
|    n_updates            | 9820        |
|    policy_gradient_loss | -0.000778   |
|    std                  | 0.846       |
|    value_loss           | 0.00278     |
-----------------------------------------
-----------------------------------------
| rollout/                |             |
|    ep_len_mean          | 114         |
|    ep_rew_mean          | -0.133      |
| time/                   |             |
|    fps                  | 86          |
|    iterations           | 514         |
|    time_elapsed         | 1524        |
|    total_timesteps      | 251904      |
| train/                  |             |
|    approx_kl            | 0.005541089 |
|    clip_fraction        | 0.0809      |
|    clip_range           | 0.2         |
|    entropy_loss         | -2.51       |
|    explained_variance   | -0.00012    |
|    learning_rate        | 0.0003      |
|    loss                 | -0.0357     |
|    n_updates            | 9830        |
|    policy_gradient_loss | -0.00607    |
|    std                  | 0.852       |
|    value_loss           | 0.00316     |
-----------------------------------------
------------------------------------------
| rollout/                |              |
|    ep_len_mean          | 114          |
|    ep_rew_mean          | -0.131       |
| time/                   |              |
|    fps                  | 86           |
|    iterations           | 515          |
|    time_elapsed         | 1526         |
|    total_timesteps      | 252160       |
| train/                  |              |
|    approx_kl            | 0.0038046848 |
|    clip_fraction        | 0.0324       |
|    clip_range           | 0.2          |
|    entropy_loss         | -2.52        |
|    explained_variance   | -0.00199     |
|    learning_rate        | 0.0003       |
|    loss                 | -0.0355      |
|    n_updates            | 9840         |
|    policy_gradient_loss | -0.00212     |
|    std                  | 0.853        |
|    value_loss           | 0.00308      |
------------------------------------------
------------------------------------------
| rollout/                |              |
|    ep_len_mean          | 114          |
|    ep_rew_mean          | -0.13        |
| time/                   |              |
|    fps                  | 86           |
|    iterations           | 516          |
|    time_elapsed         | 1529         |
|    total_timesteps      | 252416       |
| train/                  |              |
|    approx_kl            | 0.0037159459 |
|    clip_fraction        | 0.0918       |
|    clip_range           | 0.2          |
|    entropy_loss         | -2.52        |
|    explained_variance   | -0.00165     |
|    learning_rate        | 0.0003       |
|    loss                 | -0.0461      |
|    n_updates            | 9850         |
|    policy_gradient_loss | -0.007       |
|    std                  | 0.855        |
|    value_loss           | 0.00255      |
------------------------------------------
------------------------------------------
| rollout/                |              |
|    ep_len_mean          | 114          |
|    ep_rew_mean          | -0.128       |
| time/                   |              |
|    fps                  | 86           |
|    iterations           | 517          |
|    time_elapsed         | 1534         |
|    total_timesteps      | 252672       |
| train/                  |              |
|    approx_kl            | 0.0048957914 |
|    clip_fraction        | 0.00898      |
|    clip_range           | 0.2          |
|    entropy_loss         | -2.52        |
|    explained_variance   | 0.00504      |
|    learning_rate        | 0.0003       |
|    loss                 | -0.0139      |
|    n_updates            | 9860         |
|    policy_gradient_loss | -0.000824    |
|    std                  | 0.854        |
|    value_loss           | 0.00275      |
------------------------------------------
------------------------------------------
| rollout/                |              |
|    ep_len_mean          | 114          |
|    ep_rew_mean          | -0.128       |
| time/                   |              |
|    fps                  | 86           |
|    iterations           | 518          |
|    time_elapsed         | 1536         |
|    total_timesteps      | 252928       |
| train/                  |              |
|    approx_kl            | 0.0043286528 |
|    clip_fraction        | 0.0844       |
|    clip_range           | 0.2          |
|    entropy_loss         | -2.52        |
|    explained_variance   | 0.00129      |
|    learning_rate        | 0.0003       |
|    loss                 | -0.0345      |
|    n_updates            | 9870         |
|    policy_gradient_loss | -0.00679     |
|    std                  | 0.849        |
|    value_loss           | 0.00289      |
------------------------------------------
------------------------------------------
| rollout/                |              |
|    ep_len_mean          | 114          |
|    ep_rew_mean          | -0.127       |
| time/                   |              |
|    fps                  | 86           |
|    iterations           | 519          |
|    time_elapsed         | 1539         |
|    total_timesteps      | 253184       |
| train/                  |              |
|    approx_kl            | 0.0046704975 |
|    clip_fraction        | 0.084        |
|    clip_range           | 0.2          |
|    entropy_loss         | -2.5         |
|    explained_variance   | -0.00669     |
|    learning_rate        | 0.0003       |
|    loss                 | -0.0291      |
|    n_updates            | 9880         |
|    policy_gradient_loss | -0.00591     |
|    std                  | 0.846        |
|    value_loss           | 0.00295      |
------------------------------------------
------------------------------------------
| rollout/                |              |
|    ep_len_mean          | 114          |
|    ep_rew_mean          | -0.126       |
| time/                   |              |
|    fps                  | 86           |
|    iterations           | 520          |
|    time_elapsed         | 1542         |
|    total_timesteps      | 253440       |
| train/                  |              |
|    approx_kl            | 0.0067843394 |
|    clip_fraction        | 0.114        |
|    clip_range           | 0.2          |
|    entropy_loss         | -2.5         |
|    explained_variance   | 0.00351      |
|    learning_rate        | 0.0003       |
|    loss                 | -0.0442      |
|    n_updates            | 9890         |
|    policy_gradient_loss | -0.00882     |
|    std                  | 0.846        |
|    value_loss           | 0.00289      |
------------------------------------------
----------------------------------------
| rollout/                |            |
|    ep_len_mean          | 114        |
|    ep_rew_mean          | -0.125     |
| time/                   |            |
|    fps                  | 86         |
|    iterations           | 521        |
|    time_elapsed         | 1544       |
|    total_timesteps      | 253696     |
| train/                  |            |
|    approx_kl            | 0.00882639 |
|    clip_fraction        | 0.111      |
|    clip_range           | 0.2        |
|    entropy_loss         | -2.5       |
|    explained_variance   | -7.75e-05  |
|    learning_rate        | 0.0003     |
|    loss                 | -0.0583    |
|    n_updates            | 9900       |
|    policy_gradient_loss | -0.0107    |
|    std                  | 0.847      |
|    value_loss           | 0.00311    |
----------------------------------------
-----------------------------------------
| rollout/                |             |
|    ep_len_mean          | 114         |
|    ep_rew_mean          | -0.127      |
| time/                   |             |
|    fps                  | 86          |
|    iterations           | 522         |
|    time_elapsed         | 1547        |
|    total_timesteps      | 253952      |
| train/                  |             |
|    approx_kl            | 0.007904814 |
|    clip_fraction        | 0.11        |
|    clip_range           | 0.2         |
|    entropy_loss         | -2.5        |
|    explained_variance   | 1.06e-05    |
|    learning_rate        | 0.0003      |
|    loss                 | -0.0216     |
|    n_updates            | 9910        |
|    policy_gradient_loss | -0.00857    |
|    std                  | 0.847       |
|    value_loss           | 0.00339     |
-----------------------------------------
------------------------------------------
| rollout/                |              |
|    ep_len_mean          | 114          |
|    ep_rew_mean          | -0.127       |
| time/                   |              |
|    fps                  | 86           |
|    iterations           | 523          |
|    time_elapsed         | 1549         |
|    total_timesteps      | 254208       |
| train/                  |              |
|    approx_kl            | 0.0068421047 |
|    clip_fraction        | 0.123        |
|    clip_range           | 0.2          |
|    entropy_loss         | -2.5         |
|    explained_variance   | 0.000501     |
|    learning_rate        | 0.0003       |
|    loss                 | -0.0438      |
|    n_updates            | 9920         |
|    policy_gradient_loss | -0.0131      |
|    std                  | 0.846        |
|    value_loss           | 0.00316      |
------------------------------------------
-----------------------------------------
| rollout/                |             |
|    ep_len_mean          | 114         |
|    ep_rew_mean          | -0.126      |
| time/                   |             |
|    fps                  | 86          |
|    iterations           | 524         |
|    time_elapsed         | 1554        |
|    total_timesteps      | 254464      |
| train/                  |             |
|    approx_kl            | 0.005578352 |
|    clip_fraction        | 0.141       |
|    clip_range           | 0.2         |
|    entropy_loss         | -2.5        |
|    explained_variance   | -0.00187    |
|    learning_rate        | 0.0003      |
|    loss                 | -0.037      |
|    n_updates            | 9930        |
|    policy_gradient_loss | -0.0115     |
|    std                  | 0.847       |
|    value_loss           | 0.00277     |
-----------------------------------------
------------------------------------------
| rollout/                |              |
|    ep_len_mean          | 114          |
|    ep_rew_mean          | -0.126       |
| time/                   |              |
|    fps                  | 86           |
|    iterations           | 525          |
|    time_elapsed         | 1559         |
|    total_timesteps      | 254720       |
| train/                  |              |
|    approx_kl            | 0.0073686847 |
|    clip_fraction        | 0.0402       |
|    clip_range           | 0.2          |
|    entropy_loss         | -2.51        |
|    explained_variance   | -0.000189    |
|    learning_rate        | 0.0003       |
|    loss                 | -0.0295      |
|    n_updates            | 9940         |
|    policy_gradient_loss | -0.00265     |
|    std                  | 0.849        |
|    value_loss           | 0.00259      |
------------------------------------------
------------------------------------------
| rollout/                |              |
|    ep_len_mean          | 114          |
|    ep_rew_mean          | -0.125       |
| time/                   |              |
|    fps                  | 86           |
|    iterations           | 526          |
|    time_elapsed         | 1561         |
|    total_timesteps      | 254976       |
| train/                  |              |
|    approx_kl            | 0.0019514877 |
|    clip_fraction        | 0.00273      |
|    clip_range           | 0.2          |
|    entropy_loss         | -2.51        |
|    explained_variance   | 8.17e-06     |
|    learning_rate        | 0.0003       |
|    loss                 | -0.00849     |
|    n_updates            | 9950         |
|    policy_gradient_loss | 0.0002       |
|    std                  | 0.851        |
|    value_loss           | 1.71         |
------------------------------------------
------------------------------------------
| rollout/                |              |
|    ep_len_mean          | 114          |
|    ep_rew_mean          | -0.124       |
| time/                   |              |
|    fps                  | 86           |
|    iterations           | 527          |
|    time_elapsed         | 1564         |
|    total_timesteps      | 255232       |
| train/                  |              |
|    approx_kl            | 0.0038045624 |
|    clip_fraction        | 0.00391      |
|    clip_range           | 0.2          |
|    entropy_loss         | -2.51        |
|    explained_variance   | -0.00418     |
|    learning_rate        | 0.0003       |
|    loss                 | -0.0282      |
|    n_updates            | 9960         |
|    policy_gradient_loss | -0.000169    |
|    std                  | 0.852        |
|    value_loss           | 0.00275      |
------------------------------------------
----------------------------------------
| rollout/                |            |
|    ep_len_mean          | 114        |
|    ep_rew_mean          | -0.124     |
| time/                   |            |
|    fps                  | 86         |
|    iterations           | 528        |
|    time_elapsed         | 1567       |
|    total_timesteps      | 255488     |
| train/                  |            |
|    approx_kl            | 0.00688664 |
|    clip_fraction        | 0.0684     |
|    clip_range           | 0.2        |
|    entropy_loss         | -2.52      |
|    explained_variance   | 0.000586   |
|    learning_rate        | 0.0003     |
|    loss                 | -0.00996   |
|    n_updates            | 9970       |
|    policy_gradient_loss | -0.00728   |
|    std                  | 0.853      |
|    value_loss           | 0.0029     |
----------------------------------------
-----------------------------------------
| rollout/                |             |
|    ep_len_mean          | 114         |
|    ep_rew_mean          | -0.123      |
| time/                   |             |
|    fps                  | 86          |
|    iterations           | 529         |
|    time_elapsed         | 1569        |
|    total_timesteps      | 255744      |
| train/                  |             |
|    approx_kl            | 0.008049518 |
|    clip_fraction        | 0.0996      |
|    clip_range           | 0.2         |
|    entropy_loss         | -2.52       |
|    explained_variance   | 0.00154     |
|    learning_rate        | 0.0003      |
|    loss                 | -0.018      |
|    n_updates            | 9980        |
|    policy_gradient_loss | -0.00816    |
|    std                  | 0.853       |
|    value_loss           | 0.00271     |
-----------------------------------------
------------------------------------------
| rollout/                |              |
|    ep_len_mean          | 115          |
|    ep_rew_mean          | -0.334       |
| time/                   |              |
|    fps                  | 86           |
|    iterations           | 530          |
|    time_elapsed         | 1574         |
|    total_timesteps      | 256000       |
| train/                  |              |
|    approx_kl            | 0.0040221503 |
|    clip_fraction        | 0.052        |
|    clip_range           | 0.2          |
|    entropy_loss         | -2.52        |
|    explained_variance   | 0.00273      |
|    learning_rate        | 0.0003       |
|    loss                 | -0.0242      |
|    n_updates            | 9990         |
|    policy_gradient_loss | -0.00331     |
|    std                  | 0.851        |
|    value_loss           | 0.00289      |
------------------------------------------
-----------------------------------------
| rollout/                |             |
|    ep_len_mean          | 115         |
|    ep_rew_mean          | -0.333      |
| time/                   |             |
|    fps                  | 86          |
|    iterations           | 531         |
|    time_elapsed         | 1576        |
|    total_timesteps      | 256256      |
| train/                  |             |
|    approx_kl            | 0.005917977 |
|    clip_fraction        | 0.0832      |
|    clip_range           | 0.2         |
|    entropy_loss         | -2.51       |
|    explained_variance   | -0.00106    |
|    learning_rate        | 0.0003      |
|    loss                 | -0.0239     |
|    n_updates            | 10000       |
|    policy_gradient_loss | -0.00678    |
|    std                  | 0.848       |
|    value_loss           | 0.00247     |
-----------------------------------------
-----------------------------------------
| rollout/                |             |
|    ep_len_mean          | 115         |
|    ep_rew_mean          | -0.335      |
| time/                   |             |
|    fps                  | 86          |
|    iterations           | 532         |
|    time_elapsed         | 1583        |
|    total_timesteps      | 256512      |
| train/                  |             |
|    approx_kl            | 0.012704814 |
|    clip_fraction        | 0.164       |
|    clip_range           | 0.2         |
|    entropy_loss         | -2.5        |
|    explained_variance   | 0.00583     |
|    learning_rate        | 0.0003      |
|    loss                 | -0.0702     |
|    n_updates            | 10010       |
|    policy_gradient_loss | -0.0223     |
|    std                  | 0.843       |
|    value_loss           | 0.0029      |
-----------------------------------------
-----------------------------------------
| rollout/                |             |
|    ep_len_mean          | 115         |
|    ep_rew_mean          | -0.337      |
| time/                   |             |
|    fps                  | 85          |
|    iterations           | 533         |
|    time_elapsed         | 1587        |
|    total_timesteps      | 256768      |
| train/                  |             |
|    approx_kl            | 0.008545607 |
|    clip_fraction        | 0.0977      |
|    clip_range           | 0.2         |
|    entropy_loss         | -2.49       |
|    explained_variance   | -0.000684   |
|    learning_rate        | 0.0003      |
|    loss                 | -0.0428     |
|    n_updates            | 10020       |
|    policy_gradient_loss | -0.0103     |
|    std                  | 0.84        |
|    value_loss           | 0.00289     |
-----------------------------------------
-----------------------------------------
| rollout/                |             |
|    ep_len_mean          | 115         |
|    ep_rew_mean          | -0.337      |
| time/                   |             |
|    fps                  | 85          |
|    iterations           | 534         |
|    time_elapsed         | 1591        |
|    total_timesteps      | 257024      |
| train/                  |             |
|    approx_kl            | 0.008190539 |
|    clip_fraction        | 0.0328      |
|    clip_range           | 0.2         |
|    entropy_loss         | -2.49       |
|    explained_variance   | -0.00435    |
|    learning_rate        | 0.0003      |
|    loss                 | -0.0191     |
|    n_updates            | 10030       |
|    policy_gradient_loss | -0.00131    |
|    std                  | 0.838       |
|    value_loss           | 0.00264     |
-----------------------------------------
------------------------------------------
| rollout/                |              |
|    ep_len_mean          | 115          |
|    ep_rew_mean          | -0.338       |
| time/                   |              |
|    fps                  | 85           |
|    iterations           | 535          |
|    time_elapsed         | 1596         |
|    total_timesteps      | 257280       |
| train/                  |              |
|    approx_kl            | 0.0068770163 |
|    clip_fraction        | 0.0828       |
|    clip_range           | 0.2          |
|    entropy_loss         | -2.48        |
|    explained_variance   | 0.00241      |
|    learning_rate        | 0.0003       |
|    loss                 | -0.0439      |
|    n_updates            | 10040        |
|    policy_gradient_loss | -0.00841     |
|    std                  | 0.837        |
|    value_loss           | 0.00292      |
------------------------------------------
-----------------------------------------
| rollout/                |             |
|    ep_len_mean          | 115         |
|    ep_rew_mean          | -0.339      |
| time/                   |             |
|    fps                  | 85          |
|    iterations           | 536         |
|    time_elapsed         | 1600        |
|    total_timesteps      | 257536      |
| train/                  |             |
|    approx_kl            | 0.002432844 |
|    clip_fraction        | 0.00117     |
|    clip_range           | 0.2         |
|    entropy_loss         | -2.49       |
|    explained_variance   | -0.00554    |
|    learning_rate        | 0.0003      |
|    loss                 | -0.0239     |
|    n_updates            | 10050       |
|    policy_gradient_loss | -0.000521   |
|    std                  | 0.842       |
|    value_loss           | 0.00288     |
-----------------------------------------
------------------------------------------
| rollout/                |              |
|    ep_len_mean          | 116          |
|    ep_rew_mean          | -0.552       |
| time/                   |              |
|    fps                  | 85           |
|    iterations           | 537          |
|    time_elapsed         | 1605         |
|    total_timesteps      | 257792       |
| train/                  |              |
|    approx_kl            | 0.0027911118 |
|    clip_fraction        | 0.0563       |
|    clip_range           | 0.2          |
|    entropy_loss         | -2.5         |
|    explained_variance   | -0.00063     |
|    learning_rate        | 0.0003       |
|    loss                 | -0.044       |
|    n_updates            | 10060        |
|    policy_gradient_loss | -0.00453     |
|    std                  | 0.845        |
|    value_loss           | 0.00288      |
------------------------------------------
-----------------------------------------
| rollout/                |             |
|    ep_len_mean          | 118         |
|    ep_rew_mean          | -0.766      |
| time/                   |             |
|    fps                  | 85          |
|    iterations           | 538         |
|    time_elapsed         | 1607        |
|    total_timesteps      | 258048      |
| train/                  |             |
|    approx_kl            | 0.008435568 |
|    clip_fraction        | 0.103       |
|    clip_range           | 0.2         |
|    entropy_loss         | -2.5        |
|    explained_variance   | -0.000149   |
|    learning_rate        | 0.0003      |
|    loss                 | -0.0273     |
|    n_updates            | 10070       |
|    policy_gradient_loss | -0.0101     |
|    std                  | 0.845       |
|    value_loss           | 0.00287     |
-----------------------------------------
-----------------------------------------
| rollout/                |             |
|    ep_len_mean          | 118         |
|    ep_rew_mean          | -0.765      |
| time/                   |             |
|    fps                  | 85          |
|    iterations           | 539         |
|    time_elapsed         | 1610        |
|    total_timesteps      | 258304      |
| train/                  |             |
|    approx_kl            | 0.004998001 |
|    clip_fraction        | 0.0555      |
|    clip_range           | 0.2         |
|    entropy_loss         | -2.5        |
|    explained_variance   | -0.000308   |
|    learning_rate        | 0.0003      |
|    loss                 | -0.0143     |
|    n_updates            | 10080       |
|    policy_gradient_loss | -0.00426    |
|    std                  | 0.848       |
|    value_loss           | 0.00268     |
-----------------------------------------
------------------------------------------
| rollout/                |              |
|    ep_len_mean          | 118          |
|    ep_rew_mean          | -0.764       |
| time/                   |              |
|    fps                  | 85           |
|    iterations           | 540          |
|    time_elapsed         | 1613         |
|    total_timesteps      | 258560       |
| train/                  |              |
|    approx_kl            | 0.0018580889 |
|    clip_fraction        | 0.00156      |
|    clip_range           | 0.2          |
|    entropy_loss         | -2.51        |
|    explained_variance   | -0.000806    |
|    learning_rate        | 0.0003       |
|    loss                 | -0.0223      |
|    n_updates            | 10090        |
|    policy_gradient_loss | -0.000683    |
|    std                  | 0.848        |
|    value_loss           | 0.00291      |
------------------------------------------
-----------------------------------------
| rollout/                |             |
|    ep_len_mean          | 118         |
|    ep_rew_mean          | -0.763      |
| time/                   |             |
|    fps                  | 85          |
|    iterations           | 541         |
|    time_elapsed         | 1617        |
|    total_timesteps      | 258816      |
| train/                  |             |
|    approx_kl            | 0.003531624 |
|    clip_fraction        | 0.0773      |
|    clip_range           | 0.2         |
|    entropy_loss         | -2.5        |
|    explained_variance   | -5.15e-05   |
|    learning_rate        | 0.0003      |
|    loss                 | -0.0316     |
|    n_updates            | 10100       |
|    policy_gradient_loss | -0.00508    |
|    std                  | 0.845       |
|    value_loss           | 0.00277     |
-----------------------------------------
-----------------------------------------
| rollout/                |             |
|    ep_len_mean          | 118         |
|    ep_rew_mean          | -0.763      |
| time/                   |             |
|    fps                  | 85          |
|    iterations           | 542         |
|    time_elapsed         | 1620        |
|    total_timesteps      | 259072      |
| train/                  |             |
|    approx_kl            | 0.004430278 |
|    clip_fraction        | 0.0707      |
|    clip_range           | 0.2         |
|    entropy_loss         | -2.5        |
|    explained_variance   | -0.000117   |
|    learning_rate        | 0.0003      |
|    loss                 | -0.0249     |
|    n_updates            | 10110       |
|    policy_gradient_loss | -0.00577    |
|    std                  | 0.846       |
|    value_loss           | 0.00303     |
-----------------------------------------
-----------------------------------------
| rollout/                |             |
|    ep_len_mean          | 118         |
|    ep_rew_mean          | -0.762      |
| time/                   |             |
|    fps                  | 85          |
|    iterations           | 543         |
|    time_elapsed         | 1624        |
|    total_timesteps      | 259328      |
| train/                  |             |
|    approx_kl            | 0.007143649 |
|    clip_fraction        | 0.116       |
|    clip_range           | 0.2         |
|    entropy_loss         | -2.51       |
|    explained_variance   | 0.00138     |
|    learning_rate        | 0.0003      |
|    loss                 | -0.0312     |
|    n_updates            | 10120       |
|    policy_gradient_loss | -0.00812    |
|    std                  | 0.85        |
|    value_loss           | 0.00293     |
-----------------------------------------
------------------------------------------
| rollout/                |              |
|    ep_len_mean          | 118          |
|    ep_rew_mean          | -0.764       |
| time/                   |              |
|    fps                  | 85           |
|    iterations           | 544          |
|    time_elapsed         | 1627         |
|    total_timesteps      | 259584       |
| train/                  |              |
|    approx_kl            | 0.0072124377 |
|    clip_fraction        | 0.0793       |
|    clip_range           | 0.2          |
|    entropy_loss         | -2.51        |
|    explained_variance   | 0.0025       |
|    learning_rate        | 0.0003       |
|    loss                 | -0.0252      |
|    n_updates            | 10130        |
|    policy_gradient_loss | -0.00626     |
|    std                  | 0.852        |
|    value_loss           | 0.00267      |
------------------------------------------
------------------------------------------
| rollout/                |              |
|    ep_len_mean          | 118          |
|    ep_rew_mean          | -0.765       |
| time/                   |              |
|    fps                  | 85           |
|    iterations           | 545          |
|    time_elapsed         | 1629         |
|    total_timesteps      | 259840       |
| train/                  |              |
|    approx_kl            | 0.0016237502 |
|    clip_fraction        | 0.00742      |
|    clip_range           | 0.2          |
|    entropy_loss         | -2.52        |
|    explained_variance   | 0.00296      |
|    learning_rate        | 0.0003       |
|    loss                 | -0.0213      |
|    n_updates            | 10140        |
|    policy_gradient_loss | -0.000921    |
|    std                  | 0.852        |
|    value_loss           | 0.0029       |
------------------------------------------
-----------------------------------------
| rollout/                |             |
|    ep_len_mean          | 118         |
|    ep_rew_mean          | -0.764      |
| time/                   |             |
|    fps                  | 85          |
|    iterations           | 546         |
|    time_elapsed         | 1632        |
|    total_timesteps      | 260096      |
| train/                  |             |
|    approx_kl            | 0.009923933 |
|    clip_fraction        | 0.05        |
|    clip_range           | 0.2         |
|    entropy_loss         | -2.52       |
|    explained_variance   | 0.00526     |
|    learning_rate        | 0.0003      |
|    loss                 | -0.0139     |
|    n_updates            | 10150       |
|    policy_gradient_loss | -0.00347    |
|    std                  | 0.854       |
|    value_loss           | 0.00272     |
-----------------------------------------
------------------------------------------
| rollout/                |              |
|    ep_len_mean          | 118          |
|    ep_rew_mean          | -0.766       |
| time/                   |              |
|    fps                  | 85           |
|    iterations           | 547          |
|    time_elapsed         | 1635         |
|    total_timesteps      | 260352       |
| train/                  |              |
|    approx_kl            | 0.0064527597 |
|    clip_fraction        | 0.0734       |
|    clip_range           | 0.2          |
|    entropy_loss         | -2.52        |
|    explained_variance   | -0.00409     |
|    learning_rate        | 0.0003       |
|    loss                 | -0.0315      |
|    n_updates            | 10160        |
|    policy_gradient_loss | -0.00586     |
|    std                  | 0.854        |
|    value_loss           | 0.00296      |
------------------------------------------
------------------------------------------
| rollout/                |              |
|    ep_len_mean          | 118          |
|    ep_rew_mean          | -0.766       |
| time/                   |              |
|    fps                  | 85           |
|    iterations           | 548          |
|    time_elapsed         | 1639         |
|    total_timesteps      | 260608       |
| train/                  |              |
|    approx_kl            | 0.0054760613 |
|    clip_fraction        | 0.0422       |
|    clip_range           | 0.2          |
|    entropy_loss         | -2.52        |
|    explained_variance   | 0.00135      |
|    learning_rate        | 0.0003       |
|    loss                 | -0.031       |
|    n_updates            | 10170        |
|    policy_gradient_loss | -0.00387     |
|    std                  | 0.853        |
|    value_loss           | 0.00293      |
------------------------------------------
-----------------------------------------
| rollout/                |             |
|    ep_len_mean          | 118         |
|    ep_rew_mean          | -0.763      |
| time/                   |             |
|    fps                  | 85          |
|    iterations           | 549         |
|    time_elapsed         | 1644        |
|    total_timesteps      | 260864      |
| train/                  |             |
|    approx_kl            | 0.007918177 |
|    clip_fraction        | 0.127       |
|    clip_range           | 0.2         |
|    entropy_loss         | -2.52       |
|    explained_variance   | 0.00385     |
|    learning_rate        | 0.0003      |
|    loss                 | -0.0299     |
|    n_updates            | 10180       |
|    policy_gradient_loss | -0.0126     |
|    std                  | 0.853       |
|    value_loss           | 0.00285     |
-----------------------------------------
----------------------------------------
| rollout/                |            |
|    ep_len_mean          | 118        |
|    ep_rew_mean          | -0.765     |
| time/                   |            |
|    fps                  | 85         |
|    iterations           | 550        |
|    time_elapsed         | 1646       |
|    total_timesteps      | 261120     |
| train/                  |            |
|    approx_kl            | 0.00502053 |
|    clip_fraction        | 0.0445     |
|    clip_range           | 0.2        |
|    entropy_loss         | -2.52      |
|    explained_variance   | -0.000502  |
|    learning_rate        | 0.0003     |
|    loss                 | -0.0323    |
|    n_updates            | 10190      |
|    policy_gradient_loss | -0.00405   |
|    std                  | 0.853      |
|    value_loss           | 0.00291    |
----------------------------------------
------------------------------------------
| rollout/                |              |
|    ep_len_mean          | 118          |
|    ep_rew_mean          | -0.766       |
| time/                   |              |
|    fps                  | 85           |
|    iterations           | 551          |
|    time_elapsed         | 1649         |
|    total_timesteps      | 261376       |
| train/                  |              |
|    approx_kl            | 0.0050800797 |
|    clip_fraction        | 0.0551       |
|    clip_range           | 0.2          |
|    entropy_loss         | -2.52        |
|    explained_variance   | -0.0026      |
|    learning_rate        | 0.0003       |
|    loss                 | -0.0264      |
|    n_updates            | 10200        |
|    policy_gradient_loss | -0.00573     |
|    std                  | 0.852        |
|    value_loss           | 0.00295      |
------------------------------------------
------------------------------------------
| rollout/                |              |
|    ep_len_mean          | 118          |
|    ep_rew_mean          | -0.767       |
| time/                   |              |
|    fps                  | 85           |
|    iterations           | 552          |
|    time_elapsed         | 1651         |
|    total_timesteps      | 261632       |
| train/                  |              |
|    approx_kl            | 0.0026920282 |
|    clip_fraction        | 0.0547       |
|    clip_range           | 0.2          |
|    entropy_loss         | -2.51        |
|    explained_variance   | -0.000245    |
|    learning_rate        | 0.0003       |
|    loss                 | -0.0393      |
|    n_updates            | 10210        |
|    policy_gradient_loss | -0.0031      |
|    std                  | 0.85         |
|    value_loss           | 0.00274      |
------------------------------------------
-----------------------------------------
| rollout/                |             |
|    ep_len_mean          | 118         |
|    ep_rew_mean          | -0.766      |
| time/                   |             |
|    fps                  | 85          |
|    iterations           | 553         |
|    time_elapsed         | 1656        |
|    total_timesteps      | 261888      |
| train/                  |             |
|    approx_kl            | 0.005490898 |
|    clip_fraction        | 0.073       |
|    clip_range           | 0.2         |
|    entropy_loss         | -2.51       |
|    explained_variance   | 0.00143     |
|    learning_rate        | 0.0003      |
|    loss                 | -0.0213     |
|    n_updates            | 10220       |
|    policy_gradient_loss | -0.00644    |
|    std                  | 0.851       |
|    value_loss           | 0.00318     |
-----------------------------------------
------------------------------------------
| rollout/                |              |
|    ep_len_mean          | 118          |
|    ep_rew_mean          | -0.767       |
| time/                   |              |
|    fps                  | 85           |
|    iterations           | 554          |
|    time_elapsed         | 1661         |
|    total_timesteps      | 262144       |
| train/                  |              |
|    approx_kl            | 0.0041802973 |
|    clip_fraction        | 0.0504       |
|    clip_range           | 0.2          |
|    entropy_loss         | -2.52        |
|    explained_variance   | -0.000633    |
|    learning_rate        | 0.0003       |
|    loss                 | -0.0375      |
|    n_updates            | 10230        |
|    policy_gradient_loss | -0.00388     |
|    std                  | 0.853        |
|    value_loss           | 0.00326      |
------------------------------------------
-----------------------------------------
| rollout/                |             |
|    ep_len_mean          | 118         |
|    ep_rew_mean          | -0.766      |
| time/                   |             |
|    fps                  | 85          |
|    iterations           | 555         |
|    time_elapsed         | 1663        |
|    total_timesteps      | 262400      |
| train/                  |             |
|    approx_kl            | 0.006545914 |
|    clip_fraction        | 0.0285      |
|    clip_range           | 0.2         |
|    entropy_loss         | -2.52       |
|    explained_variance   | 1.25e-05    |
|    learning_rate        | 0.0003      |
|    loss                 | 3.39        |
|    n_updates            | 10240       |
|    policy_gradient_loss | -0.00311    |
|    std                  | 0.852       |
|    value_loss           | 1.72        |
-----------------------------------------
------------------------------------------
| rollout/                |              |
|    ep_len_mean          | 118          |
|    ep_rew_mean          | -0.766       |
| time/                   |              |
|    fps                  | 85           |
|    iterations           | 556          |
|    time_elapsed         | 1668         |
|    total_timesteps      | 262656       |
| train/                  |              |
|    approx_kl            | 0.0043422375 |
|    clip_fraction        | 0.0332       |
|    clip_range           | 0.2          |
|    entropy_loss         | -2.52        |
|    explained_variance   | -0.000314    |
|    learning_rate        | 0.0003       |
|    loss                 | -0.0232      |
|    n_updates            | 10250        |
|    policy_gradient_loss | -0.00207     |
|    std                  | 0.852        |
|    value_loss           | 0.00316      |
------------------------------------------
------------------------------------------
| rollout/                |              |
|    ep_len_mean          | 118          |
|    ep_rew_mean          | -0.767       |
| time/                   |              |
|    fps                  | 85           |
|    iterations           | 557          |
|    time_elapsed         | 1670         |
|    total_timesteps      | 262912       |
| train/                  |              |
|    approx_kl            | 0.0061719595 |
|    clip_fraction        | 0.0648       |
|    clip_range           | 0.2          |
|    entropy_loss         | -2.52        |
|    explained_variance   | 0.000125     |
|    learning_rate        | 0.0003       |
|    loss                 | -0.0188      |
|    n_updates            | 10260        |
|    policy_gradient_loss | -0.0049      |
|    std                  | 0.856        |
|    value_loss           | 0.00263      |
------------------------------------------
-----------------------------------------
| rollout/                |             |
|    ep_len_mean          | 118         |
|    ep_rew_mean          | -0.769      |
| time/                   |             |
|    fps                  | 85          |
|    iterations           | 558         |
|    time_elapsed         | 1673        |
|    total_timesteps      | 263168      |
| train/                  |             |
|    approx_kl            | 0.004369856 |
|    clip_fraction        | 0.0566      |
|    clip_range           | 0.2         |
|    entropy_loss         | -2.53       |
|    explained_variance   | -0.00163    |
|    learning_rate        | 0.0003      |
|    loss                 | -0.0299     |
|    n_updates            | 10270       |
|    policy_gradient_loss | -0.00524    |
|    std                  | 0.854       |
|    value_loss           | 0.00291     |
-----------------------------------------
-----------------------------------------
| rollout/                |             |
|    ep_len_mean          | 118         |
|    ep_rew_mean          | -0.769      |
| time/                   |             |
|    fps                  | 85          |
|    iterations           | 559         |
|    time_elapsed         | 1677        |
|    total_timesteps      | 263424      |
| train/                  |             |
|    approx_kl            | 0.010288697 |
|    clip_fraction        | 0.136       |
|    clip_range           | 0.2         |
|    entropy_loss         | -2.51       |
|    explained_variance   | 0.000716    |
|    learning_rate        | 0.0003      |
|    loss                 | -0.051      |
|    n_updates            | 10280       |
|    policy_gradient_loss | -0.0131     |
|    std                  | 0.846       |
|    value_loss           | 0.00259     |
-----------------------------------------
------------------------------------------
| rollout/                |              |
|    ep_len_mean          | 118          |
|    ep_rew_mean          | -0.77        |
| time/                   |              |
|    fps                  | 85           |
|    iterations           | 560          |
|    time_elapsed         | 1682         |
|    total_timesteps      | 263680       |
| train/                  |              |
|    approx_kl            | 0.0051685255 |
|    clip_fraction        | 0.0258       |
|    clip_range           | 0.2          |
|    entropy_loss         | -2.5         |
|    explained_variance   | 0.00409      |
|    learning_rate        | 0.0003       |
|    loss                 | -0.0262      |
|    n_updates            | 10290        |
|    policy_gradient_loss | -0.0024      |
|    std                  | 0.841        |
|    value_loss           | 0.00298      |
------------------------------------------
------------------------------------------
| rollout/                |              |
|    ep_len_mean          | 118          |
|    ep_rew_mean          | -0.77        |
| time/                   |              |
|    fps                  | 85           |
|    iterations           | 561          |
|    time_elapsed         | 1686         |
|    total_timesteps      | 263936       |
| train/                  |              |
|    approx_kl            | 0.0049676606 |
|    clip_fraction        | 0.12         |
|    clip_range           | 0.2          |
|    entropy_loss         | -2.49        |
|    explained_variance   | 0.0064       |
|    learning_rate        | 0.0003       |
|    loss                 | -0.0414      |
|    n_updates            | 10300        |
|    policy_gradient_loss | -0.00967     |
|    std                  | 0.84         |
|    value_loss           | 0.00271      |
------------------------------------------
------------------------------------------
| rollout/                |              |
|    ep_len_mean          | 116          |
|    ep_rew_mean          | -0.559       |
| time/                   |              |
|    fps                  | 85           |
|    iterations           | 562          |
|    time_elapsed         | 1689         |
|    total_timesteps      | 264192       |
| train/                  |              |
|    approx_kl            | 0.0022063046 |
|    clip_fraction        | 0.0273       |
|    clip_range           | 0.2          |
|    entropy_loss         | -2.49        |
|    explained_variance   | -0.00153     |
|    learning_rate        | 0.0003       |
|    loss                 | -0.0298      |
|    n_updates            | 10310        |
|    policy_gradient_loss | -0.0029      |
|    std                  | 0.845        |
|    value_loss           | 0.003        |
------------------------------------------
------------------------------------------
| rollout/                |              |
|    ep_len_mean          | 116          |
|    ep_rew_mean          | -0.561       |
| time/                   |              |
|    fps                  | 85           |
|    iterations           | 563          |
|    time_elapsed         | 1694         |
|    total_timesteps      | 264448       |
| train/                  |              |
|    approx_kl            | 0.0041586906 |
|    clip_fraction        | 0.0793       |
|    clip_range           | 0.2          |
|    entropy_loss         | -2.5         |
|    explained_variance   | 0.000128     |
|    learning_rate        | 0.0003       |
|    loss                 | -0.0349      |
|    n_updates            | 10320        |
|    policy_gradient_loss | -0.00667     |
|    std                  | 0.846        |
|    value_loss           | 1.72         |
------------------------------------------
------------------------------------------
| rollout/                |              |
|    ep_len_mean          | 116          |
|    ep_rew_mean          | -0.559       |
| time/                   |              |
|    fps                  | 85           |
|    iterations           | 564          |
|    time_elapsed         | 1698         |
|    total_timesteps      | 264704       |
| train/                  |              |
|    approx_kl            | 0.0068515795 |
|    clip_fraction        | 0.121        |
|    clip_range           | 0.2          |
|    entropy_loss         | -2.5         |
|    explained_variance   | 0.000516     |
|    learning_rate        | 0.0003       |
|    loss                 | -0.0357      |
|    n_updates            | 10330        |
|    policy_gradient_loss | -0.0112      |
|    std                  | 0.845        |
|    value_loss           | 0.00246      |
------------------------------------------
------------------------------------------
| rollout/                |              |
|    ep_len_mean          | 116          |
|    ep_rew_mean          | -0.561       |
| time/                   |              |
|    fps                  | 85           |
|    iterations           | 565          |
|    time_elapsed         | 1701         |
|    total_timesteps      | 264960       |
| train/                  |              |
|    approx_kl            | 0.0062742024 |
|    clip_fraction        | 0.0578       |
|    clip_range           | 0.2          |
|    entropy_loss         | -2.5         |
|    explained_variance   | -0.00123     |
|    learning_rate        | 0.0003       |
|    loss                 | -0.0179      |
|    n_updates            | 10340        |
|    policy_gradient_loss | -0.00577     |
|    std                  | 0.846        |
|    value_loss           | 0.00286      |
------------------------------------------
------------------------------------------
| rollout/                |              |
|    ep_len_mean          | 116          |
|    ep_rew_mean          | -0.562       |
| time/                   |              |
|    fps                  | 85           |
|    iterations           | 566          |
|    time_elapsed         | 1703         |
|    total_timesteps      | 265216       |
| train/                  |              |
|    approx_kl            | 0.0048473733 |
|    clip_fraction        | 0.123        |
|    clip_range           | 0.2          |
|    entropy_loss         | -2.5         |
|    explained_variance   | 0.00542      |
|    learning_rate        | 0.0003       |
|    loss                 | -0.0496      |
|    n_updates            | 10350        |
|    policy_gradient_loss | -0.0135      |
|    std                  | 0.846        |
|    value_loss           | 0.00304      |
------------------------------------------
------------------------------------------
| rollout/                |              |
|    ep_len_mean          | 116          |
|    ep_rew_mean          | -0.562       |
| time/                   |              |
|    fps                  | 85           |
|    iterations           | 567          |
|    time_elapsed         | 1706         |
|    total_timesteps      | 265472       |
| train/                  |              |
|    approx_kl            | 0.0054519703 |
|    clip_fraction        | 0.0746       |
|    clip_range           | 0.2          |
|    entropy_loss         | -2.5         |
|    explained_variance   | 0.00654      |
|    learning_rate        | 0.0003       |
|    loss                 | -0.0314      |
|    n_updates            | 10360        |
|    policy_gradient_loss | -0.00505     |
|    std                  | 0.847        |
|    value_loss           | 0.00305      |
------------------------------------------
-----------------------------------------
| rollout/                |             |
|    ep_len_mean          | 116         |
|    ep_rew_mean          | -0.562      |
| time/                   |             |
|    fps                  | 84          |
|    iterations           | 568         |
|    time_elapsed         | 1710        |
|    total_timesteps      | 265728      |
| train/                  |             |
|    approx_kl            | 0.004633179 |
|    clip_fraction        | 0.0664      |
|    clip_range           | 0.2         |
|    entropy_loss         | -2.51       |
|    explained_variance   | -5.11e-05   |
|    learning_rate        | 0.0003      |
|    loss                 | -0.0338     |
|    n_updates            | 10370       |
|    policy_gradient_loss | -0.00586    |
|    std                  | 0.852       |
|    value_loss           | 0.00255     |
-----------------------------------------
------------------------------------------
| rollout/                |              |
|    ep_len_mean          | 116          |
|    ep_rew_mean          | -0.562       |
| time/                   |              |
|    fps                  | 85           |
|    iterations           | 569          |
|    time_elapsed         | 1713         |
|    total_timesteps      | 265984       |
| train/                  |              |
|    approx_kl            | 0.0044906614 |
|    clip_fraction        | 0.0914       |
|    clip_range           | 0.2          |
|    entropy_loss         | -2.52        |
|    explained_variance   | -0.00453     |
|    learning_rate        | 0.0003       |
|    loss                 | -0.0288      |
|    n_updates            | 10380        |
|    policy_gradient_loss | -0.00615     |
|    std                  | 0.852        |
|    value_loss           | 0.00255      |
------------------------------------------
------------------------------------------
| rollout/                |              |
|    ep_len_mean          | 116          |
|    ep_rew_mean          | -0.563       |
| time/                   |              |
|    fps                  | 85           |
|    iterations           | 570          |
|    time_elapsed         | 1716         |
|    total_timesteps      | 266240       |
| train/                  |              |
|    approx_kl            | 0.0056435443 |
|    clip_fraction        | 0.0824       |
|    clip_range           | 0.2          |
|    entropy_loss         | -2.52        |
|    explained_variance   | -6.45e-05    |
|    learning_rate        | 0.0003       |
|    loss                 | -0.0409      |
|    n_updates            | 10390        |
|    policy_gradient_loss | -0.00753     |
|    std                  | 0.852        |
|    value_loss           | 0.00293      |
------------------------------------------
------------------------------------------
| rollout/                |              |
|    ep_len_mean          | 118          |
|    ep_rew_mean          | -0.775       |
| time/                   |              |
|    fps                  | 85           |
|    iterations           | 571          |
|    time_elapsed         | 1718         |
|    total_timesteps      | 266496       |
| train/                  |              |
|    approx_kl            | 0.0032080463 |
|    clip_fraction        | 0.0422       |
|    clip_range           | 0.2          |
|    entropy_loss         | -2.52        |
|    explained_variance   | -0.00734     |
|    learning_rate        | 0.0003       |
|    loss                 | -0.0354      |
|    n_updates            | 10400        |
|    policy_gradient_loss | -0.00436     |
|    std                  | 0.852        |
|    value_loss           | 0.00252      |
------------------------------------------
------------------------------------------
| rollout/                |              |
|    ep_len_mean          | 118          |
|    ep_rew_mean          | -0.776       |
| time/                   |              |
|    fps                  | 84           |
|    iterations           | 572          |
|    time_elapsed         | 1723         |
|    total_timesteps      | 266752       |
| train/                  |              |
|    approx_kl            | 0.0062547876 |
|    clip_fraction        | 0.0191       |
|    clip_range           | 0.2          |
|    entropy_loss         | -2.51        |
|    explained_variance   | -0.00114     |
|    learning_rate        | 0.0003       |
|    loss                 | -0.0216      |
|    n_updates            | 10410        |
|    policy_gradient_loss | -0.00218     |
|    std                  | 0.849        |
|    value_loss           | 0.00309      |
------------------------------------------
----------------------------------------
| rollout/                |            |
|    ep_len_mean          | 118        |
|    ep_rew_mean          | -0.777     |
| time/                   |            |
|    fps                  | 84         |
|    iterations           | 573        |
|    time_elapsed         | 1725       |
|    total_timesteps      | 267008     |
| train/                  |            |
|    approx_kl            | 0.00941938 |
|    clip_fraction        | 0.118      |
|    clip_range           | 0.2        |
|    entropy_loss         | -2.51      |
|    explained_variance   | -0.00898   |
|    learning_rate        | 0.0003     |
|    loss                 | -0.0286    |
|    n_updates            | 10420      |
|    policy_gradient_loss | -0.0115    |
|    std                  | 0.85       |
|    value_loss           | 0.00273    |
----------------------------------------
------------------------------------------
| rollout/                |              |
|    ep_len_mean          | 118          |
|    ep_rew_mean          | -0.777       |
| time/                   |              |
|    fps                  | 85           |
|    iterations           | 574          |
|    time_elapsed         | 1728         |
|    total_timesteps      | 267264       |
| train/                  |              |
|    approx_kl            | 0.0030718313 |
|    clip_fraction        | 0.0492       |
|    clip_range           | 0.2          |
|    entropy_loss         | -2.51        |
|    explained_variance   | 0.000771     |
|    learning_rate        | 0.0003       |
|    loss                 | -0.0294      |
|    n_updates            | 10430        |
|    policy_gradient_loss | -0.00489     |
|    std                  | 0.848        |
|    value_loss           | 0.00271      |
------------------------------------------
------------------------------------------
| rollout/                |              |
|    ep_len_mean          | 118          |
|    ep_rew_mean          | -0.777       |
| time/                   |              |
|    fps                  | 85           |
|    iterations           | 575          |
|    time_elapsed         | 1730         |
|    total_timesteps      | 267520       |
| train/                  |              |
|    approx_kl            | 0.0068075284 |
|    clip_fraction        | 0.0719       |
|    clip_range           | 0.2          |
|    entropy_loss         | -2.51        |
|    explained_variance   | -0.00121     |
|    learning_rate        | 0.0003       |
|    loss                 | -0.0181      |
|    n_updates            | 10440        |
|    policy_gradient_loss | -0.0076      |
|    std                  | 0.849        |
|    value_loss           | 0.00252      |
------------------------------------------
------------------------------------------
| rollout/                |              |
|    ep_len_mean          | 118          |
|    ep_rew_mean          | -0.778       |
| time/                   |              |
|    fps                  | 85           |
|    iterations           | 576          |
|    time_elapsed         | 1733         |
|    total_timesteps      | 267776       |
| train/                  |              |
|    approx_kl            | 0.0037611418 |
|    clip_fraction        | 0.0262       |
|    clip_range           | 0.2          |
|    entropy_loss         | -2.51        |
|    explained_variance   | -0.0035      |
|    learning_rate        | 0.0003       |
|    loss                 | -0.0346      |
|    n_updates            | 10450        |
|    policy_gradient_loss | -0.00364     |
|    std                  | 0.847        |
|    value_loss           | 0.00275      |
------------------------------------------
------------------------------------------
| rollout/                |              |
|    ep_len_mean          | 118          |
|    ep_rew_mean          | -0.777       |
| time/                   |              |
|    fps                  | 85           |
|    iterations           | 577          |
|    time_elapsed         | 1736         |
|    total_timesteps      | 268032       |
| train/                  |              |
|    approx_kl            | 0.0046688393 |
|    clip_fraction        | 0.066        |
|    clip_range           | 0.2          |
|    entropy_loss         | -2.5         |
|    explained_variance   | 0.000197     |
|    learning_rate        | 0.0003       |
|    loss                 | -0.0385      |
|    n_updates            | 10460        |
|    policy_gradient_loss | -0.0062      |
|    std                  | 0.846        |
|    value_loss           | 0.0028       |
------------------------------------------
-----------------------------------------
| rollout/                |             |
|    ep_len_mean          | 118         |
|    ep_rew_mean          | -0.777      |
| time/                   |             |
|    fps                  | 85          |
|    iterations           | 578         |
|    time_elapsed         | 1739        |
|    total_timesteps      | 268288      |
| train/                  |             |
|    approx_kl            | 0.008014986 |
|    clip_fraction        | 0.15        |
|    clip_range           | 0.2         |
|    entropy_loss         | -2.5        |
|    explained_variance   | 8.51e-05    |
|    learning_rate        | 0.0003      |
|    loss                 | -0.0693     |
|    n_updates            | 10470       |
|    policy_gradient_loss | -0.0157     |
|    std                  | 0.844       |
|    value_loss           | 0.00264     |
-----------------------------------------
------------------------------------------
| rollout/                |              |
|    ep_len_mean          | 118          |
|    ep_rew_mean          | -0.777       |
| time/                   |              |
|    fps                  | 85           |
|    iterations           | 579          |
|    time_elapsed         | 1743         |
|    total_timesteps      | 268544       |
| train/                  |              |
|    approx_kl            | 0.0029902519 |
|    clip_fraction        | 0.0184       |
|    clip_range           | 0.2          |
|    entropy_loss         | -2.5         |
|    explained_variance   | -0.00183     |
|    learning_rate        | 0.0003       |
|    loss                 | -0.028       |
|    n_updates            | 10480        |
|    policy_gradient_loss | -0.00247     |
|    std                  | 0.842        |
|    value_loss           | 0.0027       |
------------------------------------------
-----------------------------------------
| rollout/                |             |
|    ep_len_mean          | 118         |
|    ep_rew_mean          | -0.777      |
| time/                   |             |
|    fps                  | 85          |
|    iterations           | 580         |
|    time_elapsed         | 1746        |
|    total_timesteps      | 268800      |
| train/                  |             |
|    approx_kl            | 0.008643177 |
|    clip_fraction        | 0.12        |
|    clip_range           | 0.2         |
|    entropy_loss         | -2.49       |
|    explained_variance   | -0.00249    |
|    learning_rate        | 0.0003      |
|    loss                 | -0.0133     |
|    n_updates            | 10490       |
|    policy_gradient_loss | -0.0109     |
|    std                  | 0.842       |
|    value_loss           | 0.00285     |
-----------------------------------------
------------------------------------------
| rollout/                |              |
|    ep_len_mean          | 118          |
|    ep_rew_mean          | -0.777       |
| time/                   |              |
|    fps                  | 85           |
|    iterations           | 581          |
|    time_elapsed         | 1748         |
|    total_timesteps      | 269056       |
| train/                  |              |
|    approx_kl            | 0.0011144623 |
|    clip_fraction        | 0.00273      |
|    clip_range           | 0.2          |
|    entropy_loss         | -2.49        |
|    explained_variance   | 0.00218      |
|    learning_rate        | 0.0003       |
|    loss                 | -0.0315      |
|    n_updates            | 10500        |
|    policy_gradient_loss | -0.00147     |
|    std                  | 0.837        |
|    value_loss           | 0.00252      |
------------------------------------------
-----------------------------------------
| rollout/                |             |
|    ep_len_mean          | 118         |
|    ep_rew_mean          | -0.778      |
| time/                   |             |
|    fps                  | 85          |
|    iterations           | 582         |
|    time_elapsed         | 1751        |
|    total_timesteps      | 269312      |
| train/                  |             |
|    approx_kl            | 0.008950109 |
|    clip_fraction        | 0.136       |
|    clip_range           | 0.2         |
|    entropy_loss         | -2.49       |
|    explained_variance   | 0.00153     |
|    learning_rate        | 0.0003      |
|    loss                 | -0.0436     |
|    n_updates            | 10510       |
|    policy_gradient_loss | -0.0131     |
|    std                  | 0.842       |
|    value_loss           | 0.00282     |
-----------------------------------------
-----------------------------------------
| rollout/                |             |
|    ep_len_mean          | 118         |
|    ep_rew_mean          | -0.778      |
| time/                   |             |
|    fps                  | 85          |
|    iterations           | 583         |
|    time_elapsed         | 1755        |
|    total_timesteps      | 269568      |
| train/                  |             |
|    approx_kl            | 0.006483609 |
|    clip_fraction        | 0.0406      |
|    clip_range           | 0.2         |
|    entropy_loss         | -2.5        |
|    explained_variance   | 0.00282     |
|    learning_rate        | 0.0003      |
|    loss                 | -0.0232     |
|    n_updates            | 10520       |
|    policy_gradient_loss | -0.0026     |
|    std                  | 0.842       |
|    value_loss           | 0.00249     |
-----------------------------------------
-----------------------------------------
| rollout/                |             |
|    ep_len_mean          | 116         |
|    ep_rew_mean          | -0.565      |
| time/                   |             |
|    fps                  | 85          |
|    iterations           | 584         |
|    time_elapsed         | 1758        |
|    total_timesteps      | 269824      |
| train/                  |             |
|    approx_kl            | 0.004141638 |
|    clip_fraction        | 0.0656      |
|    clip_range           | 0.2         |
|    entropy_loss         | -2.49       |
|    explained_variance   | -0.0044     |
|    learning_rate        | 0.0003      |
|    loss                 | -0.0446     |
|    n_updates            | 10530       |
|    policy_gradient_loss | -0.00579    |
|    std                  | 0.84        |
|    value_loss           | 0.00233     |
-----------------------------------------
----------------------------------------
| rollout/                |            |
|    ep_len_mean          | 116        |
|    ep_rew_mean          | -0.566     |
| time/                   |            |
|    fps                  | 84         |
|    iterations           | 585        |
|    time_elapsed         | 1764       |
|    total_timesteps      | 270080     |
| train/                  |            |
|    approx_kl            | 0.00393129 |
|    clip_fraction        | 0.0922     |
|    clip_range           | 0.2        |
|    entropy_loss         | -2.49      |
|    explained_variance   | -1.11e-05  |
|    learning_rate        | 0.0003     |
|    loss                 | -0.0218    |
|    n_updates            | 10540      |
|    policy_gradient_loss | -0.00399   |
|    std                  | 0.838      |
|    value_loss           | 1.72       |
----------------------------------------
------------------------------------------
| rollout/                |              |
|    ep_len_mean          | 116          |
|    ep_rew_mean          | -0.566       |
| time/                   |              |
|    fps                  | 84           |
|    iterations           | 586          |
|    time_elapsed         | 1767         |
|    total_timesteps      | 270336       |
| train/                  |              |
|    approx_kl            | 0.0025588796 |
|    clip_fraction        | 0.00352      |
|    clip_range           | 0.2          |
|    entropy_loss         | -2.48        |
|    explained_variance   | 0.000964     |
|    learning_rate        | 0.0003       |
|    loss                 | -0.0192      |
|    n_updates            | 10550        |
|    policy_gradient_loss | -0.000998    |
|    std                  | 0.837        |
|    value_loss           | 0.00276      |
------------------------------------------
Saved /workspace/curriculum_p4.zip
