Wrapping the env with a `Monitor` wrapper
Wrapping the env in a DummyVecEnv.
Resumed from /workspace/baseline_v5.zip
---------------------------------
| rollout/           |          |
|    ep_len_mean     | 117      |
|    ep_rew_mean     | -0.501   |
| time/              |          |
|    fps             | 125      |
|    iterations      | 1        |
|    time_elapsed    | 2        |
|    total_timesteps | 40448    |
---------------------------------
------------------------------------------
| rollout/                |              |
|    ep_len_mean          | 117          |
|    ep_rew_mean          | -0.504       |
| time/                   |              |
|    fps                  | 123          |
|    iterations           | 2            |
|    time_elapsed         | 4            |
|    total_timesteps      | 40704        |
| train/                  |              |
|    approx_kl            | 0.0032868152 |
|    clip_fraction        | 0.0523       |
|    clip_range           | 0.2          |
|    entropy_loss         | -2.92        |
|    explained_variance   | 0.101        |
|    learning_rate        | 0.0003       |
|    loss                 | -0.0448      |
|    n_updates            | 1580         |
|    policy_gradient_loss | -0.00489     |
|    std                  | 1.05         |
|    value_loss           | 0.00268      |
------------------------------------------
-----------------------------------------
| rollout/                |             |
|    ep_len_mean          | 117         |
|    ep_rew_mean          | -0.514      |
| time/                   |             |
|    fps                  | 122         |
|    iterations           | 3           |
|    time_elapsed         | 6           |
|    total_timesteps      | 40960       |
| train/                  |             |
|    approx_kl            | 0.008260001 |
|    clip_fraction        | 0.0754      |
|    clip_range           | 0.2         |
|    entropy_loss         | -2.93       |
|    explained_variance   | 0.106       |
|    learning_rate        | 0.0003      |
|    loss                 | -0.0298     |
|    n_updates            | 1590        |
|    policy_gradient_loss | -0.00648    |
|    std                  | 1.05        |
|    value_loss           | 0.00556     |
-----------------------------------------
-----------------------------------------
| rollout/                |             |
|    ep_len_mean          | 117         |
|    ep_rew_mean          | -0.516      |
| time/                   |             |
|    fps                  | 122         |
|    iterations           | 4           |
|    time_elapsed         | 8           |
|    total_timesteps      | 41216       |
| train/                  |             |
|    approx_kl            | 0.009050589 |
|    clip_fraction        | 0.0699      |
|    clip_range           | 0.2         |
|    entropy_loss         | -2.93       |
|    explained_variance   | 0.0867      |
|    learning_rate        | 0.0003      |
|    loss                 | -0.0356     |
|    n_updates            | 1600        |
|    policy_gradient_loss | -0.00525    |
|    std                  | 1.06        |
|    value_loss           | 0.00478     |
-----------------------------------------
------------------------------------------
| rollout/                |              |
|    ep_len_mean          | 117          |
|    ep_rew_mean          | -0.521       |
| time/                   |              |
|    fps                  | 121          |
|    iterations           | 5            |
|    time_elapsed         | 10           |
|    total_timesteps      | 41472        |
| train/                  |              |
|    approx_kl            | 0.0047431444 |
|    clip_fraction        | 0.0125       |
|    clip_range           | 0.2          |
|    entropy_loss         | -2.93        |
|    explained_variance   | -0.788       |
|    learning_rate        | 0.0003       |
|    loss                 | -0.0231      |
|    n_updates            | 1610         |
|    policy_gradient_loss | 0.000415     |
|    std                  | 1.06         |
|    value_loss           | 0.00381      |
------------------------------------------
------------------------------------------
| rollout/                |              |
|    ep_len_mean          | 118          |
|    ep_rew_mean          | -0.74        |
| time/                   |              |
|    fps                  | 121          |
|    iterations           | 6            |
|    time_elapsed         | 12           |
|    total_timesteps      | 41728        |
| train/                  |              |
|    approx_kl            | 0.0100006275 |
|    clip_fraction        | 0.0914       |
|    clip_range           | 0.2          |
|    entropy_loss         | -2.93        |
|    explained_variance   | 0.147        |
|    learning_rate        | 0.0003       |
|    loss                 | -0.0315      |
|    n_updates            | 1620         |
|    policy_gradient_loss | -0.00805     |
|    std                  | 1.06         |
|    value_loss           | 0.0107       |
------------------------------------------
-----------------------------------------
| rollout/                |             |
|    ep_len_mean          | 118         |
|    ep_rew_mean          | -0.728      |
| time/                   |             |
|    fps                  | 121         |
|    iterations           | 7           |
|    time_elapsed         | 14          |
|    total_timesteps      | 41984       |
| train/                  |             |
|    approx_kl            | 0.005333619 |
|    clip_fraction        | 0.0379      |
|    clip_range           | 0.2         |
|    entropy_loss         | -2.93       |
|    explained_variance   | 0.124       |
|    learning_rate        | 0.0003      |
|    loss                 | -0.0456     |
|    n_updates            | 1630        |
|    policy_gradient_loss | -0.00176    |
|    std                  | 1.05        |
|    value_loss           | 0.0021      |
-----------------------------------------
-----------------------------------------
| rollout/                |             |
|    ep_len_mean          | 118         |
|    ep_rew_mean          | -0.723      |
| time/                   |             |
|    fps                  | 121         |
|    iterations           | 8           |
|    time_elapsed         | 16          |
|    total_timesteps      | 42240       |
| train/                  |             |
|    approx_kl            | 0.009899472 |
|    clip_fraction        | 0.0398      |
|    clip_range           | 0.2         |
|    entropy_loss         | -2.93       |
|    explained_variance   | 0.464       |
|    learning_rate        | 0.0003      |
|    loss                 | -0.0363     |
|    n_updates            | 1640        |
|    policy_gradient_loss | -0.00311    |
|    std                  | 1.05        |
|    value_loss           | 0.000711    |
-----------------------------------------
-----------------------------------------
| rollout/                |             |
|    ep_len_mean          | 118         |
|    ep_rew_mean          | -0.711      |
| time/                   |             |
|    fps                  | 121         |
|    iterations           | 9           |
|    time_elapsed         | 18          |
|    total_timesteps      | 42496       |
| train/                  |             |
|    approx_kl            | 0.011738934 |
|    clip_fraction        | 0.125       |
|    clip_range           | 0.2         |
|    entropy_loss         | -2.93       |
|    explained_variance   | -0.199      |
|    learning_rate        | 0.0003      |
|    loss                 | -0.0686     |
|    n_updates            | 1650        |
|    policy_gradient_loss | -0.0135     |
|    std                  | 1.05        |
|    value_loss           | 0.00721     |
-----------------------------------------
-----------------------------------------
| rollout/                |             |
|    ep_len_mean          | 118         |
|    ep_rew_mean          | -0.712      |
| time/                   |             |
|    fps                  | 121         |
|    iterations           | 10          |
|    time_elapsed         | 21          |
|    total_timesteps      | 42752       |
| train/                  |             |
|    approx_kl            | 0.005853982 |
|    clip_fraction        | 0.0352      |
|    clip_range           | 0.2         |
|    entropy_loss         | -2.93       |
|    explained_variance   | 0.143       |
|    learning_rate        | 0.0003      |
|    loss                 | -0.0236     |
|    n_updates            | 1660        |
|    policy_gradient_loss | -0.00354    |
|    std                  | 1.06        |
|    value_loss           | 0.00323     |
-----------------------------------------
-----------------------------------------
| rollout/                |             |
|    ep_len_mean          | 118         |
|    ep_rew_mean          | -0.707      |
| time/                   |             |
|    fps                  | 121         |
|    iterations           | 11          |
|    time_elapsed         | 23          |
|    total_timesteps      | 43008       |
| train/                  |             |
|    approx_kl            | 0.003655485 |
|    clip_fraction        | 0.0488      |
|    clip_range           | 0.2         |
|    entropy_loss         | -2.93       |
|    explained_variance   | 0.12        |
|    learning_rate        | 0.0003      |
|    loss                 | -0.0394     |
|    n_updates            | 1670        |
|    policy_gradient_loss | -0.00372    |
|    std                  | 1.06        |
|    value_loss           | 0.00703     |
-----------------------------------------
-----------------------------------------
| rollout/                |             |
|    ep_len_mean          | 118         |
|    ep_rew_mean          | -0.716      |
| time/                   |             |
|    fps                  | 121         |
|    iterations           | 12          |
|    time_elapsed         | 25          |
|    total_timesteps      | 43264       |
| train/                  |             |
|    approx_kl            | 0.004242302 |
|    clip_fraction        | 0.0375      |
|    clip_range           | 0.2         |
|    entropy_loss         | -2.94       |
|    explained_variance   | -0.422      |
|    learning_rate        | 0.0003      |
|    loss                 | -0.0171     |
|    n_updates            | 1680        |
|    policy_gradient_loss | -0.00398    |
|    std                  | 1.06        |
|    value_loss           | 0.00268     |
-----------------------------------------
-----------------------------------------
| rollout/                |             |
|    ep_len_mean          | 118         |
|    ep_rew_mean          | -0.723      |
| time/                   |             |
|    fps                  | 121         |
|    iterations           | 13          |
|    time_elapsed         | 27          |
|    total_timesteps      | 43520       |
| train/                  |             |
|    approx_kl            | 0.007129329 |
|    clip_fraction        | 0.0211      |
|    clip_range           | 0.2         |
|    entropy_loss         | -2.95       |
|    explained_variance   | 0.371       |
|    learning_rate        | 0.0003      |
|    loss                 | -0.00709    |
|    n_updates            | 1690        |
|    policy_gradient_loss | -0.00135    |
|    std                  | 1.06        |
|    value_loss           | 0.00179     |
-----------------------------------------
-----------------------------------------
| rollout/                |             |
|    ep_len_mean          | 118         |
|    ep_rew_mean          | -0.728      |
| time/                   |             |
|    fps                  | 121         |
|    iterations           | 14          |
|    time_elapsed         | 29          |
|    total_timesteps      | 43776       |
| train/                  |             |
|    approx_kl            | 0.008807518 |
|    clip_fraction        | 0.107       |
|    clip_range           | 0.2         |
|    entropy_loss         | -2.95       |
|    explained_variance   | 0.0513      |
|    learning_rate        | 0.0003      |
|    loss                 | -0.0502     |
|    n_updates            | 1700        |
|    policy_gradient_loss | -0.0121     |
|    std                  | 1.06        |
|    value_loss           | 0.00411     |
-----------------------------------------
------------------------------------------
| rollout/                |              |
|    ep_len_mean          | 118          |
|    ep_rew_mean          | -0.751       |
| time/                   |              |
|    fps                  | 121          |
|    iterations           | 15           |
|    time_elapsed         | 31           |
|    total_timesteps      | 44032        |
| train/                  |              |
|    approx_kl            | 0.0063878903 |
|    clip_fraction        | 0.0254       |
|    clip_range           | 0.2          |
|    entropy_loss         | -2.95        |
|    explained_variance   | 0.0339       |
|    learning_rate        | 0.0003       |
|    loss                 | -0.0495      |
|    n_updates            | 1710         |
|    policy_gradient_loss | -0.00243     |
|    std                  | 1.06         |
|    value_loss           | 0.00231      |
------------------------------------------
------------------------------------------
| rollout/                |              |
|    ep_len_mean          | 118          |
|    ep_rew_mean          | -0.758       |
| time/                   |              |
|    fps                  | 121          |
|    iterations           | 16           |
|    time_elapsed         | 33           |
|    total_timesteps      | 44288        |
| train/                  |              |
|    approx_kl            | 0.0070945136 |
|    clip_fraction        | 0.0648       |
|    clip_range           | 0.2          |
|    entropy_loss         | -2.95        |
|    explained_variance   | -0.0836      |
|    learning_rate        | 0.0003       |
|    loss                 | -0.049       |
|    n_updates            | 1720         |
|    policy_gradient_loss | -0.00573     |
|    std                  | 1.07         |
|    value_loss           | 0.00187      |
------------------------------------------
-----------------------------------------
| rollout/                |             |
|    ep_len_mean          | 118         |
|    ep_rew_mean          | -0.758      |
| time/                   |             |
|    fps                  | 121         |
|    iterations           | 17          |
|    time_elapsed         | 35          |
|    total_timesteps      | 44544       |
| train/                  |             |
|    approx_kl            | 0.004603288 |
|    clip_fraction        | 0.025       |
|    clip_range           | 0.2         |
|    entropy_loss         | -2.95       |
|    explained_variance   | -0.412      |
|    learning_rate        | 0.0003      |
|    loss                 | -0.0218     |
|    n_updates            | 1730        |
|    policy_gradient_loss | -0.0018     |
|    std                  | 1.07        |
|    value_loss           | 0.00699     |
-----------------------------------------
------------------------------------------
| rollout/                |              |
|    ep_len_mean          | 118          |
|    ep_rew_mean          | -0.752       |
| time/                   |              |
|    fps                  | 121          |
|    iterations           | 18           |
|    time_elapsed         | 37           |
|    total_timesteps      | 44800        |
| train/                  |              |
|    approx_kl            | 0.0055840896 |
|    clip_fraction        | 0.0105       |
|    clip_range           | 0.2          |
|    entropy_loss         | -2.96        |
|    explained_variance   | 0.0617       |
|    learning_rate        | 0.0003       |
|    loss                 | -0.032       |
|    n_updates            | 1740         |
|    policy_gradient_loss | -0.00129     |
|    std                  | 1.07         |
|    value_loss           | 0.00636      |
------------------------------------------
------------------------------------------
| rollout/                |              |
|    ep_len_mean          | 118          |
|    ep_rew_mean          | -0.744       |
| time/                   |              |
|    fps                  | 121          |
|    iterations           | 19           |
|    time_elapsed         | 39           |
|    total_timesteps      | 45056        |
| train/                  |              |
|    approx_kl            | 0.0035226108 |
|    clip_fraction        | 0.0426       |
|    clip_range           | 0.2          |
|    entropy_loss         | -2.96        |
|    explained_variance   | 0.0837       |
|    learning_rate        | 0.0003       |
|    loss                 | -0.0267      |
|    n_updates            | 1750         |
|    policy_gradient_loss | -0.00208     |
|    std                  | 1.07         |
|    value_loss           | 0.00358      |
------------------------------------------
------------------------------------------
| rollout/                |              |
|    ep_len_mean          | 118          |
|    ep_rew_mean          | -0.741       |
| time/                   |              |
|    fps                  | 121          |
|    iterations           | 20           |
|    time_elapsed         | 41           |
|    total_timesteps      | 45312        |
| train/                  |              |
|    approx_kl            | 0.0045796437 |
|    clip_fraction        | 0.0191       |
|    clip_range           | 0.2          |
|    entropy_loss         | -2.96        |
|    explained_variance   | 0.154        |
|    learning_rate        | 0.0003       |
|    loss                 | -0.0296      |
|    n_updates            | 1760         |
|    policy_gradient_loss | -0.00182     |
|    std                  | 1.07         |
|    value_loss           | 0.0061       |
------------------------------------------
-----------------------------------------
| rollout/                |             |
|    ep_len_mean          | 118         |
|    ep_rew_mean          | -0.726      |
| time/                   |             |
|    fps                  | 121         |
|    iterations           | 21          |
|    time_elapsed         | 44          |
|    total_timesteps      | 45568       |
| train/                  |             |
|    approx_kl            | 0.006919425 |
|    clip_fraction        | 0.0164      |
|    clip_range           | 0.2         |
|    entropy_loss         | -2.97       |
|    explained_variance   | 0.262       |
|    learning_rate        | 0.0003      |
|    loss                 | -0.0253     |
|    n_updates            | 1770        |
|    policy_gradient_loss | -0.00138    |
|    std                  | 1.08        |
|    value_loss           | 0.00305     |
-----------------------------------------
------------------------------------------
| rollout/                |              |
|    ep_len_mean          | 118          |
|    ep_rew_mean          | -0.721       |
| time/                   |              |
|    fps                  | 121          |
|    iterations           | 22           |
|    time_elapsed         | 46           |
|    total_timesteps      | 45824        |
| train/                  |              |
|    approx_kl            | 0.0071711205 |
|    clip_fraction        | 0.082        |
|    clip_range           | 0.2          |
|    entropy_loss         | -2.97        |
|    explained_variance   | 0.149        |
|    learning_rate        | 0.0003       |
|    loss                 | -0.0217      |
|    n_updates            | 1780         |
|    policy_gradient_loss | -0.00936     |
|    std                  | 1.07         |
|    value_loss           | 0.00504      |
------------------------------------------
-----------------------------------------
| rollout/                |             |
|    ep_len_mean          | 118         |
|    ep_rew_mean          | -0.722      |
| time/                   |             |
|    fps                  | 121         |
|    iterations           | 23          |
|    time_elapsed         | 48          |
|    total_timesteps      | 46080       |
| train/                  |             |
|    approx_kl            | 0.008359492 |
|    clip_fraction        | 0.0637      |
|    clip_range           | 0.2         |
|    entropy_loss         | -2.97       |
|    explained_variance   | 0.212       |
|    learning_rate        | 0.0003      |
|    loss                 | -0.038      |
|    n_updates            | 1790        |
|    policy_gradient_loss | -0.00555    |
|    std                  | 1.08        |
|    value_loss           | 0.00197     |
-----------------------------------------
----------------------------------------
| rollout/                |            |
|    ep_len_mean          | 118        |
|    ep_rew_mean          | -0.724     |
| time/                   |            |
|    fps                  | 121        |
|    iterations           | 24         |
|    time_elapsed         | 50         |
|    total_timesteps      | 46336      |
| train/                  |            |
|    approx_kl            | 0.00826311 |
|    clip_fraction        | 0.0492     |
|    clip_range           | 0.2        |
|    entropy_loss         | -2.97      |
|    explained_variance   | -0.359     |
|    learning_rate        | 0.0003     |
|    loss                 | -0.0297    |
|    n_updates            | 1800       |
|    policy_gradient_loss | -0.00385   |
|    std                  | 1.07       |
|    value_loss           | 0.00631    |
----------------------------------------
-----------------------------------------
| rollout/                |             |
|    ep_len_mean          | 118         |
|    ep_rew_mean          | -0.732      |
| time/                   |             |
|    fps                  | 121         |
|    iterations           | 25          |
|    time_elapsed         | 52          |
|    total_timesteps      | 46592       |
| train/                  |             |
|    approx_kl            | 0.008205048 |
|    clip_fraction        | 0.0805      |
|    clip_range           | 0.2         |
|    entropy_loss         | -2.97       |
|    explained_variance   | -0.158      |
|    learning_rate        | 0.0003      |
|    loss                 | -0.0302     |
|    n_updates            | 1810        |
|    policy_gradient_loss | -0.00721    |
|    std                  | 1.08        |
|    value_loss           | 0.00266     |
-----------------------------------------
-----------------------------------------
| rollout/                |             |
|    ep_len_mean          | 119         |
|    ep_rew_mean          | -0.928      |
| time/                   |             |
|    fps                  | 121         |
|    iterations           | 26          |
|    time_elapsed         | 54          |
|    total_timesteps      | 46848       |
| train/                  |             |
|    approx_kl            | 0.010250688 |
|    clip_fraction        | 0.131       |
|    clip_range           | 0.2         |
|    entropy_loss         | -2.98       |
|    explained_variance   | -0.17       |
|    learning_rate        | 0.0003      |
|    loss                 | -0.0214     |
|    n_updates            | 1820        |
|    policy_gradient_loss | -0.0142     |
|    std                  | 1.08        |
|    value_loss           | 0.00361     |
-----------------------------------------
-----------------------------------------
| rollout/                |             |
|    ep_len_mean          | 119         |
|    ep_rew_mean          | -0.926      |
| time/                   |             |
|    fps                  | 121         |
|    iterations           | 27          |
|    time_elapsed         | 56          |
|    total_timesteps      | 47104       |
| train/                  |             |
|    approx_kl            | 0.008919283 |
|    clip_fraction        | 0.0996      |
|    clip_range           | 0.2         |
|    entropy_loss         | -2.98       |
|    explained_variance   | -0.189      |
|    learning_rate        | 0.0003      |
|    loss                 | -0.0391     |
|    n_updates            | 1830        |
|    policy_gradient_loss | -0.0129     |
|    std                  | 1.08        |
|    value_loss           | 0.00242     |
-----------------------------------------
-----------------------------------------
| rollout/                |             |
|    ep_len_mean          | 118         |
|    ep_rew_mean          | -0.721      |
| time/                   |             |
|    fps                  | 122         |
|    iterations           | 28          |
|    time_elapsed         | 58          |
|    total_timesteps      | 47360       |
| train/                  |             |
|    approx_kl            | 0.005491348 |
|    clip_fraction        | 0.0422      |
|    clip_range           | 0.2         |
|    entropy_loss         | -2.97       |
|    explained_variance   | 0.301       |
|    learning_rate        | 0.0003      |
|    loss                 | -0.0338     |
|    n_updates            | 1840        |
|    policy_gradient_loss | -0.00395    |
|    std                  | 1.08        |
|    value_loss           | 0.00454     |
-----------------------------------------
-------------------------------------------
| rollout/                |               |
|    ep_len_mean          | 118           |
|    ep_rew_mean          | -0.746        |
| time/                   |               |
|    fps                  | 122           |
|    iterations           | 29            |
|    time_elapsed         | 60            |
|    total_timesteps      | 47616         |
| train/                  |               |
|    approx_kl            | 0.00012356858 |
|    clip_fraction        | 0             |
|    clip_range           | 0.2           |
|    entropy_loss         | -2.97         |
|    explained_variance   | 0.00245       |
|    learning_rate        | 0.0003        |
|    loss                 | -0.0268       |
|    n_updates            | 1850          |
|    policy_gradient_loss | 0.000211      |
|    std                  | 1.08          |
|    value_loss           | 1.72          |
-------------------------------------------
-----------------------------------------
| rollout/                |             |
|    ep_len_mean          | 118         |
|    ep_rew_mean          | -0.742      |
| time/                   |             |
|    fps                  | 122         |
|    iterations           | 30          |
|    time_elapsed         | 62          |
|    total_timesteps      | 47872       |
| train/                  |             |
|    approx_kl            | 0.006382617 |
|    clip_fraction        | 0.05        |
|    clip_range           | 0.2         |
|    entropy_loss         | -2.98       |
|    explained_variance   | 0.0226      |
|    learning_rate        | 0.0003      |
|    loss                 | -0.0298     |
|    n_updates            | 1860        |
|    policy_gradient_loss | -0.00545    |
|    std                  | 1.08        |
|    value_loss           | 0.00804     |
-----------------------------------------
-----------------------------------------
| rollout/                |             |
|    ep_len_mean          | 119         |
|    ep_rew_mean          | -0.948      |
| time/                   |             |
|    fps                  | 122         |
|    iterations           | 31          |
|    time_elapsed         | 65          |
|    total_timesteps      | 48128       |
| train/                  |             |
|    approx_kl            | 0.005008034 |
|    clip_fraction        | 0.066       |
|    clip_range           | 0.2         |
|    entropy_loss         | -2.98       |
|    explained_variance   | -0.189      |
|    learning_rate        | 0.0003      |
|    loss                 | -0.0516     |
|    n_updates            | 1870        |
|    policy_gradient_loss | -0.00581    |
|    std                  | 1.08        |
|    value_loss           | 0.00481     |
-----------------------------------------
------------------------------------------
| rollout/                |              |
|    ep_len_mean          | 119          |
|    ep_rew_mean          | -0.974       |
| time/                   |              |
|    fps                  | 122          |
|    iterations           | 32           |
|    time_elapsed         | 67           |
|    total_timesteps      | 48384        |
| train/                  |              |
|    approx_kl            | 0.0053904466 |
|    clip_fraction        | 0.0102       |
|    clip_range           | 0.2          |
|    entropy_loss         | -2.97        |
|    explained_variance   | -0.143       |
|    learning_rate        | 0.0003       |
|    loss                 | -0.025       |
|    n_updates            | 1880         |
|    policy_gradient_loss | 4.02e-05     |
|    std                  | 1.08         |
|    value_loss           | 0.00632      |
------------------------------------------
------------------------------------------
| rollout/                |              |
|    ep_len_mean          | 119          |
|    ep_rew_mean          | -0.968       |
| time/                   |              |
|    fps                  | 122          |
|    iterations           | 33           |
|    time_elapsed         | 69           |
|    total_timesteps      | 48640        |
| train/                  |              |
|    approx_kl            | 0.0048819585 |
|    clip_fraction        | 0.0145       |
|    clip_range           | 0.2          |
|    entropy_loss         | -2.98        |
|    explained_variance   | 0.274        |
|    learning_rate        | 0.0003       |
|    loss                 | -0.042       |
|    n_updates            | 1890         |
|    policy_gradient_loss | -0.00114     |
|    std                  | 1.08         |
|    value_loss           | 0.00582      |
------------------------------------------
------------------------------------------
| rollout/                |              |
|    ep_len_mean          | 119          |
|    ep_rew_mean          | -0.99        |
| time/                   |              |
|    fps                  | 122          |
|    iterations           | 34           |
|    time_elapsed         | 71           |
|    total_timesteps      | 48896        |
| train/                  |              |
|    approx_kl            | 0.0037225948 |
|    clip_fraction        | 0.0355       |
|    clip_range           | 0.2          |
|    entropy_loss         | -2.98        |
|    explained_variance   | 0.439        |
|    learning_rate        | 0.0003       |
|    loss                 | -0.0291      |
|    n_updates            | 1900         |
|    policy_gradient_loss | -0.00349     |
|    std                  | 1.08         |
|    value_loss           | 0.0059       |
------------------------------------------
-----------------------------------------
| rollout/                |             |
|    ep_len_mean          | 119         |
|    ep_rew_mean          | -1          |
| time/                   |             |
|    fps                  | 121         |
|    iterations           | 35          |
|    time_elapsed         | 73          |
|    total_timesteps      | 49152       |
| train/                  |             |
|    approx_kl            | 0.010328116 |
|    clip_fraction        | 0.0898      |
|    clip_range           | 0.2         |
|    entropy_loss         | -2.97       |
|    explained_variance   | 0.425       |
|    learning_rate        | 0.0003      |
|    loss                 | -0.0377     |
|    n_updates            | 1910        |
|    policy_gradient_loss | -0.0092     |
|    std                  | 1.07        |
|    value_loss           | 0.00339     |
-----------------------------------------
-----------------------------------------
| rollout/                |             |
|    ep_len_mean          | 119         |
|    ep_rew_mean          | -1.01       |
| time/                   |             |
|    fps                  | 122         |
|    iterations           | 36          |
|    time_elapsed         | 75          |
|    total_timesteps      | 49408       |
| train/                  |             |
|    approx_kl            | 0.011976282 |
|    clip_fraction        | 0.152       |
|    clip_range           | 0.2         |
|    entropy_loss         | -2.96       |
|    explained_variance   | -0.37       |
|    learning_rate        | 0.0003      |
|    loss                 | -0.0677     |
|    n_updates            | 1920        |
|    policy_gradient_loss | -0.0149     |
|    std                  | 1.07        |
|    value_loss           | 0.00431     |
-----------------------------------------
----------------------------------------
| rollout/                |            |
|    ep_len_mean          | 119        |
|    ep_rew_mean          | -1.01      |
| time/                   |            |
|    fps                  | 122        |
|    iterations           | 37         |
|    time_elapsed         | 77         |
|    total_timesteps      | 49664      |
| train/                  |            |
|    approx_kl            | 0.00536542 |
|    clip_fraction        | 0.0844     |
|    clip_range           | 0.2        |
|    entropy_loss         | -2.97      |
|    explained_variance   | 0.418      |
|    learning_rate        | 0.0003     |
|    loss                 | -0.0284    |
|    n_updates            | 1930       |
|    policy_gradient_loss | -0.00849   |
|    std                  | 1.07       |
|    value_loss           | 0.00537    |
----------------------------------------
------------------------------------------
| rollout/                |              |
|    ep_len_mean          | 119          |
|    ep_rew_mean          | -0.992       |
| time/                   |              |
|    fps                  | 122          |
|    iterations           | 38           |
|    time_elapsed         | 79           |
|    total_timesteps      | 49920        |
| train/                  |              |
|    approx_kl            | 0.0013496205 |
|    clip_fraction        | 0            |
|    clip_range           | 0.2          |
|    entropy_loss         | -2.96        |
|    explained_variance   | 0.00186      |
|    learning_rate        | 0.0003       |
|    loss                 | -0.03        |
|    n_updates            | 1940         |
|    policy_gradient_loss | -0.000775    |
|    std                  | 1.07         |
|    value_loss           | 0.0044       |
------------------------------------------
------------------------------------------
| rollout/                |              |
|    ep_len_mean          | 119          |
|    ep_rew_mean          | -0.986       |
| time/                   |              |
|    fps                  | 122          |
|    iterations           | 39           |
|    time_elapsed         | 81           |
|    total_timesteps      | 50176        |
| train/                  |              |
|    approx_kl            | 0.0077822087 |
|    clip_fraction        | 0.0391       |
|    clip_range           | 0.2          |
|    entropy_loss         | -2.96        |
|    explained_variance   | 0.14         |
|    learning_rate        | 0.0003       |
|    loss                 | -0.0314      |
|    n_updates            | 1950         |
|    policy_gradient_loss | -0.00156     |
|    std                  | 1.07         |
|    value_loss           | 0.00645      |
------------------------------------------
----------------------------------------
| rollout/                |            |
|    ep_len_mean          | 119        |
|    ep_rew_mean          | -0.983     |
| time/                   |            |
|    fps                  | 122        |
|    iterations           | 40         |
|    time_elapsed         | 83         |
|    total_timesteps      | 50432      |
| train/                  |            |
|    approx_kl            | 0.00695607 |
|    clip_fraction        | 0.0391     |
|    clip_range           | 0.2        |
|    entropy_loss         | -2.96      |
|    explained_variance   | -0.578     |
|    learning_rate        | 0.0003     |
|    loss                 | -0.035     |
|    n_updates            | 1960       |
|    policy_gradient_loss | -0.00207   |
|    std                  | 1.07       |
|    value_loss           | 0.00431    |
----------------------------------------
------------------------------------------
| rollout/                |              |
|    ep_len_mean          | 119          |
|    ep_rew_mean          | -0.972       |
| time/                   |              |
|    fps                  | 122          |
|    iterations           | 41           |
|    time_elapsed         | 86           |
|    total_timesteps      | 50688        |
| train/                  |              |
|    approx_kl            | 0.0065353652 |
|    clip_fraction        | 0.0914       |
|    clip_range           | 0.2          |
|    entropy_loss         | -2.96        |
|    explained_variance   | -0.111       |
|    learning_rate        | 0.0003       |
|    loss                 | -0.0428      |
|    n_updates            | 1970         |
|    policy_gradient_loss | -0.00851     |
|    std                  | 1.07         |
|    value_loss           | 0.00685      |
------------------------------------------
------------------------------------------
| rollout/                |              |
|    ep_len_mean          | 119          |
|    ep_rew_mean          | -0.967       |
| time/                   |              |
|    fps                  | 121          |
|    iterations           | 42           |
|    time_elapsed         | 88           |
|    total_timesteps      | 50944        |
| train/                  |              |
|    approx_kl            | 0.0092382515 |
|    clip_fraction        | 0.111        |
|    clip_range           | 0.2          |
|    entropy_loss         | -2.96        |
|    explained_variance   | -0.0758      |
|    learning_rate        | 0.0003       |
|    loss                 | -0.0384      |
|    n_updates            | 1980         |
|    policy_gradient_loss | -0.00603     |
|    std                  | 1.07         |
|    value_loss           | 0.00413      |
------------------------------------------
------------------------------------------
| rollout/                |              |
|    ep_len_mean          | 119          |
|    ep_rew_mean          | -0.956       |
| time/                   |              |
|    fps                  | 122          |
|    iterations           | 43           |
|    time_elapsed         | 90           |
|    total_timesteps      | 51200        |
| train/                  |              |
|    approx_kl            | 0.0071904054 |
|    clip_fraction        | 0.0953       |
|    clip_range           | 0.2          |
|    entropy_loss         | -2.97        |
|    explained_variance   | -0.0142      |
|    learning_rate        | 0.0003       |
|    loss                 | -0.0484      |
|    n_updates            | 1990         |
|    policy_gradient_loss | -0.00874     |
|    std                  | 1.07         |
|    value_loss           | 0.0052       |
------------------------------------------
------------------------------------------
| rollout/                |              |
|    ep_len_mean          | 119          |
|    ep_rew_mean          | -0.97        |
| time/                   |              |
|    fps                  | 121          |
|    iterations           | 44           |
|    time_elapsed         | 92           |
|    total_timesteps      | 51456        |
| train/                  |              |
|    approx_kl            | 0.0055009015 |
|    clip_fraction        | 0.0437       |
|    clip_range           | 0.2          |
|    entropy_loss         | -2.97        |
|    explained_variance   | -0.00374     |
|    learning_rate        | 0.0003       |
|    loss                 | -0.0465      |
|    n_updates            | 2000         |
|    policy_gradient_loss | -0.00309     |
|    std                  | 1.08         |
|    value_loss           | 0.00268      |
------------------------------------------
-----------------------------------------
| rollout/                |             |
|    ep_len_mean          | 119         |
|    ep_rew_mean          | -0.965      |
| time/                   |             |
|    fps                  | 121         |
|    iterations           | 45          |
|    time_elapsed         | 94          |
|    total_timesteps      | 51712       |
| train/                  |             |
|    approx_kl            | 0.008723993 |
|    clip_fraction        | 0.109       |
|    clip_range           | 0.2         |
|    entropy_loss         | -2.98       |
|    explained_variance   | 0.00197     |
|    learning_rate        | 0.0003      |
|    loss                 | -0.000278   |
|    n_updates            | 2010        |
|    policy_gradient_loss | -0.00753    |
|    std                  | 1.08        |
|    value_loss           | 0.00485     |
-----------------------------------------
------------------------------------------
| rollout/                |              |
|    ep_len_mean          | 119          |
|    ep_rew_mean          | -0.976       |
| time/                   |              |
|    fps                  | 121          |
|    iterations           | 46           |
|    time_elapsed         | 96           |
|    total_timesteps      | 51968        |
| train/                  |              |
|    approx_kl            | 0.0039927773 |
|    clip_fraction        | 0.0137       |
|    clip_range           | 0.2          |
|    entropy_loss         | -2.97        |
|    explained_variance   | -0.162       |
|    learning_rate        | 0.0003       |
|    loss                 | -0.0106      |
|    n_updates            | 2020         |
|    policy_gradient_loss | -0.000813    |
|    std                  | 1.08         |
|    value_loss           | 0.00519      |
------------------------------------------
-----------------------------------------
| rollout/                |             |
|    ep_len_mean          | 119         |
|    ep_rew_mean          | -0.976      |
| time/                   |             |
|    fps                  | 121         |
|    iterations           | 47          |
|    time_elapsed         | 98          |
|    total_timesteps      | 52224       |
| train/                  |             |
|    approx_kl            | 0.008569263 |
|    clip_fraction        | 0.0602      |
|    clip_range           | 0.2         |
|    entropy_loss         | -2.97       |
|    explained_variance   | 0.257       |
|    learning_rate        | 0.0003      |
|    loss                 | -0.00624    |
|    n_updates            | 2030        |
|    policy_gradient_loss | -0.00456    |
|    std                  | 1.07        |
|    value_loss           | 0.00303     |
-----------------------------------------
-----------------------------------------
| rollout/                |             |
|    ep_len_mean          | 119         |
|    ep_rew_mean          | -0.968      |
| time/                   |             |
|    fps                  | 121         |
|    iterations           | 48          |
|    time_elapsed         | 100         |
|    total_timesteps      | 52480       |
| train/                  |             |
|    approx_kl            | 0.004739072 |
|    clip_fraction        | 0.0508      |
|    clip_range           | 0.2         |
|    entropy_loss         | -2.97       |
|    explained_variance   | 0.122       |
|    learning_rate        | 0.0003      |
|    loss                 | -0.0275     |
|    n_updates            | 2040        |
|    policy_gradient_loss | -0.00711    |
|    std                  | 1.07        |
|    value_loss           | 0.00184     |
-----------------------------------------
------------------------------------------
| rollout/                |              |
|    ep_len_mean          | 119          |
|    ep_rew_mean          | -0.981       |
| time/                   |              |
|    fps                  | 121          |
|    iterations           | 49           |
|    time_elapsed         | 102          |
|    total_timesteps      | 52736        |
| train/                  |              |
|    approx_kl            | 0.0032242879 |
|    clip_fraction        | 0.0355       |
|    clip_range           | 0.2          |
|    entropy_loss         | -2.96        |
|    explained_variance   | 0.0693       |
|    learning_rate        | 0.0003       |
|    loss                 | -0.0173      |
|    n_updates            | 2050         |
|    policy_gradient_loss | -0.00327     |
|    std                  | 1.07         |
|    value_loss           | 0.00343      |
------------------------------------------
-----------------------------------------
| rollout/                |             |
|    ep_len_mean          | 119         |
|    ep_rew_mean          | -0.994      |
| time/                   |             |
|    fps                  | 121         |
|    iterations           | 50          |
|    time_elapsed         | 104         |
|    total_timesteps      | 52992       |
| train/                  |             |
|    approx_kl            | 0.005712509 |
|    clip_fraction        | 0.0375      |
|    clip_range           | 0.2         |
|    entropy_loss         | -2.95       |
|    explained_variance   | 0.0851      |
|    learning_rate        | 0.0003      |
|    loss                 | -0.0333     |
|    n_updates            | 2060        |
|    policy_gradient_loss | -0.00321    |
|    std                  | 1.06        |
|    value_loss           | 0.00354     |
-----------------------------------------
------------------------------------------
| rollout/                |              |
|    ep_len_mean          | 119          |
|    ep_rew_mean          | -0.987       |
| time/                   |              |
|    fps                  | 121          |
|    iterations           | 51           |
|    time_elapsed         | 107          |
|    total_timesteps      | 53248        |
| train/                  |              |
|    approx_kl            | 0.0046744654 |
|    clip_fraction        | 0.0742       |
|    clip_range           | 0.2          |
|    entropy_loss         | -2.94        |
|    explained_variance   | -0.0563      |
|    learning_rate        | 0.0003       |
|    loss                 | -0.032       |
|    n_updates            | 2070         |
|    policy_gradient_loss | -0.00756     |
|    std                  | 1.06         |
|    value_loss           | 0.00894      |
------------------------------------------
----------------------------------------
| rollout/                |            |
|    ep_len_mean          | 119        |
|    ep_rew_mean          | -0.99      |
| time/                   |            |
|    fps                  | 121        |
|    iterations           | 52         |
|    time_elapsed         | 109        |
|    total_timesteps      | 53504      |
| train/                  |            |
|    approx_kl            | 0.01716982 |
|    clip_fraction        | 0.236      |
|    clip_range           | 0.2        |
|    entropy_loss         | -2.93      |
|    explained_variance   | -0.131     |
|    learning_rate        | 0.0003     |
|    loss                 | -0.0734    |
|    n_updates            | 2080       |
|    policy_gradient_loss | -0.0236    |
|    std                  | 1.06       |
|    value_loss           | 0.00583    |
----------------------------------------
------------------------------------------
| rollout/                |              |
|    ep_len_mean          | 119          |
|    ep_rew_mean          | -1.01        |
| time/                   |              |
|    fps                  | 121          |
|    iterations           | 53           |
|    time_elapsed         | 111          |
|    total_timesteps      | 53760        |
| train/                  |              |
|    approx_kl            | 0.0040004263 |
|    clip_fraction        | 0.0262       |
|    clip_range           | 0.2          |
|    entropy_loss         | -2.94        |
|    explained_variance   | 0.0263       |
|    learning_rate        | 0.0003       |
|    loss                 | -0.0193      |
|    n_updates            | 2090         |
|    policy_gradient_loss | -0.00223     |
|    std                  | 1.06         |
|    value_loss           | 0.00518      |
------------------------------------------
-----------------------------------------
| rollout/                |             |
|    ep_len_mean          | 119         |
|    ep_rew_mean          | -1.01       |
| time/                   |             |
|    fps                  | 121         |
|    iterations           | 54          |
|    time_elapsed         | 113         |
|    total_timesteps      | 54016       |
| train/                  |             |
|    approx_kl            | 0.004910902 |
|    clip_fraction        | 0.0539      |
|    clip_range           | 0.2         |
|    entropy_loss         | -2.94       |
|    explained_variance   | 0.102       |
|    learning_rate        | 0.0003      |
|    loss                 | -0.0288     |
|    n_updates            | 2100        |
|    policy_gradient_loss | -0.00571    |
|    std                  | 1.07        |
|    value_loss           | 0.00702     |
-----------------------------------------
-----------------------------------------
| rollout/                |             |
|    ep_len_mean          | 119         |
|    ep_rew_mean          | -1.01       |
| time/                   |             |
|    fps                  | 121         |
|    iterations           | 55          |
|    time_elapsed         | 115         |
|    total_timesteps      | 54272       |
| train/                  |             |
|    approx_kl            | 0.006037243 |
|    clip_fraction        | 0.0918      |
|    clip_range           | 0.2         |
|    entropy_loss         | -2.95       |
|    explained_variance   | -0.0213     |
|    learning_rate        | 0.0003      |
|    loss                 | -0.0405     |
|    n_updates            | 2110        |
|    policy_gradient_loss | -0.0096     |
|    std                  | 1.06        |
|    value_loss           | 0.00524     |
-----------------------------------------
------------------------------------------
| rollout/                |              |
|    ep_len_mean          | 119          |
|    ep_rew_mean          | -1           |
| time/                   |              |
|    fps                  | 121          |
|    iterations           | 56           |
|    time_elapsed         | 117          |
|    total_timesteps      | 54528        |
| train/                  |              |
|    approx_kl            | 0.0063171135 |
|    clip_fraction        | 0.0656       |
|    clip_range           | 0.2          |
|    entropy_loss         | -2.95        |
|    explained_variance   | 0.212        |
|    learning_rate        | 0.0003       |
|    loss                 | -0.0158      |
|    n_updates            | 2120         |
|    policy_gradient_loss | -0.00743     |
|    std                  | 1.06         |
|    value_loss           | 0.00512      |
------------------------------------------
-----------------------------------------
| rollout/                |             |
|    ep_len_mean          | 119         |
|    ep_rew_mean          | -1.01       |
| time/                   |             |
|    fps                  | 121         |
|    iterations           | 57          |
|    time_elapsed         | 119         |
|    total_timesteps      | 54784       |
| train/                  |             |
|    approx_kl            | 0.012633317 |
|    clip_fraction        | 0.136       |
|    clip_range           | 0.2         |
|    entropy_loss         | -2.94       |
|    explained_variance   | -0.0827     |
|    learning_rate        | 0.0003      |
|    loss                 | -0.0619     |
|    n_updates            | 2130        |
|    policy_gradient_loss | -0.0115     |
|    std                  | 1.06        |
|    value_loss           | 0.00633     |
-----------------------------------------
-----------------------------------------
| rollout/                |             |
|    ep_len_mean          | 119         |
|    ep_rew_mean          | -1          |
| time/                   |             |
|    fps                  | 121         |
|    iterations           | 58          |
|    time_elapsed         | 121         |
|    total_timesteps      | 55040       |
| train/                  |             |
|    approx_kl            | 0.007912102 |
|    clip_fraction        | 0.108       |
|    clip_range           | 0.2         |
|    entropy_loss         | -2.94       |
|    explained_variance   | 0.0115      |
|    learning_rate        | 0.0003      |
|    loss                 | -0.02       |
|    n_updates            | 2140        |
|    policy_gradient_loss | -0.00727    |
|    std                  | 1.06        |
|    value_loss           | 0.00581     |
-----------------------------------------
-----------------------------------------
| rollout/                |             |
|    ep_len_mean          | 119         |
|    ep_rew_mean          | -0.99       |
| time/                   |             |
|    fps                  | 121         |
|    iterations           | 59          |
|    time_elapsed         | 123         |
|    total_timesteps      | 55296       |
| train/                  |             |
|    approx_kl            | 0.008253898 |
|    clip_fraction        | 0.0617      |
|    clip_range           | 0.2         |
|    entropy_loss         | -2.93       |
|    explained_variance   | -0.25       |
|    learning_rate        | 0.0003      |
|    loss                 | -0.0439     |
|    n_updates            | 2150        |
|    policy_gradient_loss | -0.00588    |
|    std                  | 1.06        |
|    value_loss           | 0.00787     |
-----------------------------------------
------------------------------------------
| rollout/                |              |
|    ep_len_mean          | 119          |
|    ep_rew_mean          | -1           |
| time/                   |              |
|    fps                  | 121          |
|    iterations           | 60           |
|    time_elapsed         | 125          |
|    total_timesteps      | 55552        |
| train/                  |              |
|    approx_kl            | 0.0070112552 |
|    clip_fraction        | 0.0656       |
|    clip_range           | 0.2          |
|    entropy_loss         | -2.94        |
|    explained_variance   | -0.561       |
|    learning_rate        | 0.0003       |
|    loss                 | -0.0443      |
|    n_updates            | 2160         |
|    policy_gradient_loss | -0.00403     |
|    std                  | 1.06         |
|    value_loss           | 0.00255      |
------------------------------------------
------------------------------------------
| rollout/                |              |
|    ep_len_mean          | 119          |
|    ep_rew_mean          | -0.976       |
| time/                   |              |
|    fps                  | 121          |
|    iterations           | 61           |
|    time_elapsed         | 128          |
|    total_timesteps      | 55808        |
| train/                  |              |
|    approx_kl            | 0.0016098039 |
|    clip_fraction        | 0            |
|    clip_range           | 0.2          |
|    entropy_loss         | -2.94        |
|    explained_variance   | 0.317        |
|    learning_rate        | 0.0003       |
|    loss                 | -0.0277      |
|    n_updates            | 2170         |
|    policy_gradient_loss | -0.000134    |
|    std                  | 1.06         |
|    value_loss           | 0.00513      |
------------------------------------------
-----------------------------------------
| rollout/                |             |
|    ep_len_mean          | 119         |
|    ep_rew_mean          | -0.972      |
| time/                   |             |
|    fps                  | 121         |
|    iterations           | 62          |
|    time_elapsed         | 130         |
|    total_timesteps      | 56064       |
| train/                  |             |
|    approx_kl            | 0.008604633 |
|    clip_fraction        | 0.105       |
|    clip_range           | 0.2         |
|    entropy_loss         | -2.94       |
|    explained_variance   | 0.0626      |
|    learning_rate        | 0.0003      |
|    loss                 | -0.0324     |
|    n_updates            | 2180        |
|    policy_gradient_loss | -0.00537    |
|    std                  | 1.06        |
|    value_loss           | 0.00608     |
-----------------------------------------
------------------------------------------
| rollout/                |              |
|    ep_len_mean          | 119          |
|    ep_rew_mean          | -0.99        |
| time/                   |              |
|    fps                  | 121          |
|    iterations           | 63           |
|    time_elapsed         | 132          |
|    total_timesteps      | 56320        |
| train/                  |              |
|    approx_kl            | 0.0075845486 |
|    clip_fraction        | 0.0891       |
|    clip_range           | 0.2          |
|    entropy_loss         | -2.94        |
|    explained_variance   | 0.204        |
|    learning_rate        | 0.0003       |
|    loss                 | -0.043       |
|    n_updates            | 2190         |
|    policy_gradient_loss | -0.0105      |
|    std                  | 1.06         |
|    value_loss           | 0.00492      |
------------------------------------------
-----------------------------------------
| rollout/                |             |
|    ep_len_mean          | 119         |
|    ep_rew_mean          | -0.982      |
| time/                   |             |
|    fps                  | 121         |
|    iterations           | 64          |
|    time_elapsed         | 134         |
|    total_timesteps      | 56576       |
| train/                  |             |
|    approx_kl            | 0.003792881 |
|    clip_fraction        | 0.0215      |
|    clip_range           | 0.2         |
|    entropy_loss         | -2.94       |
|    explained_variance   | 0.678       |
|    learning_rate        | 0.0003      |
|    loss                 | -0.0342     |
|    n_updates            | 2200        |
|    policy_gradient_loss | -0.00303    |
|    std                  | 1.06        |
|    value_loss           | 0.00479     |
-----------------------------------------
-----------------------------------------
| rollout/                |             |
|    ep_len_mean          | 119         |
|    ep_rew_mean          | -0.999      |
| time/                   |             |
|    fps                  | 121         |
|    iterations           | 65          |
|    time_elapsed         | 136         |
|    total_timesteps      | 56832       |
| train/                  |             |
|    approx_kl            | 0.008355001 |
|    clip_fraction        | 0.0809      |
|    clip_range           | 0.2         |
|    entropy_loss         | -2.93       |
|    explained_variance   | 0.0399      |
|    learning_rate        | 0.0003      |
|    loss                 | -0.00903    |
|    n_updates            | 2210        |
|    policy_gradient_loss | -0.00645    |
|    std                  | 1.05        |
|    value_loss           | 0.00719     |
-----------------------------------------
------------------------------------------
| rollout/                |              |
|    ep_len_mean          | 119          |
|    ep_rew_mean          | -0.995       |
| time/                   |              |
|    fps                  | 121          |
|    iterations           | 66           |
|    time_elapsed         | 138          |
|    total_timesteps      | 57088        |
| train/                  |              |
|    approx_kl            | 0.0067783566 |
|    clip_fraction        | 0.0703       |
|    clip_range           | 0.2          |
|    entropy_loss         | -2.93        |
|    explained_variance   | 0.73         |
|    learning_rate        | 0.0003       |
|    loss                 | -0.0493      |
|    n_updates            | 2220         |
|    policy_gradient_loss | -0.00654     |
|    std                  | 1.05         |
|    value_loss           | 0.00423      |
------------------------------------------
------------------------------------------
| rollout/                |              |
|    ep_len_mean          | 119          |
|    ep_rew_mean          | -1.01        |
| time/                   |              |
|    fps                  | 121          |
|    iterations           | 67           |
|    time_elapsed         | 140          |
|    total_timesteps      | 57344        |
| train/                  |              |
|    approx_kl            | 0.0049035484 |
|    clip_fraction        | 0.0496       |
|    clip_range           | 0.2          |
|    entropy_loss         | -2.93        |
|    explained_variance   | 0.458        |
|    learning_rate        | 0.0003       |
|    loss                 | 0.00377      |
|    n_updates            | 2230         |
|    policy_gradient_loss | -0.00359     |
|    std                  | 1.06         |
|    value_loss           | 0.00433      |
------------------------------------------
-----------------------------------------
| rollout/                |             |
|    ep_len_mean          | 119         |
|    ep_rew_mean          | -1.02       |
| time/                   |             |
|    fps                  | 121         |
|    iterations           | 68          |
|    time_elapsed         | 142         |
|    total_timesteps      | 57600       |
| train/                  |             |
|    approx_kl            | 0.004691146 |
|    clip_fraction        | 0.0613      |
|    clip_range           | 0.2         |
|    entropy_loss         | -2.94       |
|    explained_variance   | 0.272       |
|    learning_rate        | 0.0003      |
|    loss                 | -0.0188     |
|    n_updates            | 2240        |
|    policy_gradient_loss | -0.00425    |
|    std                  | 1.06        |
|    value_loss           | 0.00766     |
-----------------------------------------
------------------------------------------
| rollout/                |              |
|    ep_len_mean          | 119          |
|    ep_rew_mean          | -1.03        |
| time/                   |              |
|    fps                  | 121          |
|    iterations           | 69           |
|    time_elapsed         | 144          |
|    total_timesteps      | 57856        |
| train/                  |              |
|    approx_kl            | 0.0068537593 |
|    clip_fraction        | 0.0738       |
|    clip_range           | 0.2          |
|    entropy_loss         | -2.93        |
|    explained_variance   | 0.0687       |
|    learning_rate        | 0.0003       |
|    loss                 | -0.0317      |
|    n_updates            | 2250         |
|    policy_gradient_loss | -0.004       |
|    std                  | 1.06         |
|    value_loss           | 0.00462      |
------------------------------------------
----------------------------------------
| rollout/                |            |
|    ep_len_mean          | 119        |
|    ep_rew_mean          | -1.02      |
| time/                   |            |
|    fps                  | 121        |
|    iterations           | 70         |
|    time_elapsed         | 147        |
|    total_timesteps      | 58112      |
| train/                  |            |
|    approx_kl            | 0.00527352 |
|    clip_fraction        | 0.0508     |
|    clip_range           | 0.2        |
|    entropy_loss         | -2.92      |
|    explained_variance   | 0.181      |
|    learning_rate        | 0.0003     |
|    loss                 | -0.0283    |
|    n_updates            | 2260       |
|    policy_gradient_loss | -0.00447   |
|    std                  | 1.05       |
|    value_loss           | 0.00647    |
----------------------------------------
-----------------------------------------
| rollout/                |             |
|    ep_len_mean          | 119         |
|    ep_rew_mean          | -1.02       |
| time/                   |             |
|    fps                  | 121         |
|    iterations           | 71          |
|    time_elapsed         | 149         |
|    total_timesteps      | 58368       |
| train/                  |             |
|    approx_kl            | 0.004779095 |
|    clip_fraction        | 0.116       |
|    clip_range           | 0.2         |
|    entropy_loss         | -2.92       |
|    explained_variance   | 0.596       |
|    learning_rate        | 0.0003      |
|    loss                 | -0.043      |
|    n_updates            | 2270        |
|    policy_gradient_loss | -0.00922    |
|    std                  | 1.05        |
|    value_loss           | 0.00371     |
-----------------------------------------
------------------------------------------
| rollout/                |              |
|    ep_len_mean          | 119          |
|    ep_rew_mean          | -1.03        |
| time/                   |              |
|    fps                  | 121          |
|    iterations           | 72           |
|    time_elapsed         | 151          |
|    total_timesteps      | 58624        |
| train/                  |              |
|    approx_kl            | 0.0061262543 |
|    clip_fraction        | 0.0484       |
|    clip_range           | 0.2          |
|    entropy_loss         | -2.92        |
|    explained_variance   | 0.456        |
|    learning_rate        | 0.0003       |
|    loss                 | -0.0403      |
|    n_updates            | 2280         |
|    policy_gradient_loss | -0.00629     |
|    std                  | 1.05         |
|    value_loss           | 0.00428      |
------------------------------------------
------------------------------------------
| rollout/                |              |
|    ep_len_mean          | 119          |
|    ep_rew_mean          | -1.04        |
| time/                   |              |
|    fps                  | 121          |
|    iterations           | 73           |
|    time_elapsed         | 153          |
|    total_timesteps      | 58880        |
| train/                  |              |
|    approx_kl            | 0.0048599616 |
|    clip_fraction        | 0.0387       |
|    clip_range           | 0.2          |
|    entropy_loss         | -2.92        |
|    explained_variance   | 0.751        |
|    learning_rate        | 0.0003       |
|    loss                 | -0.0276      |
|    n_updates            | 2290         |
|    policy_gradient_loss | -0.00273     |
|    std                  | 1.05         |
|    value_loss           | 0.00872      |
------------------------------------------
------------------------------------------
| rollout/                |              |
|    ep_len_mean          | 119          |
|    ep_rew_mean          | -1.03        |
| time/                   |              |
|    fps                  | 121          |
|    iterations           | 74           |
|    time_elapsed         | 155          |
|    total_timesteps      | 59136        |
| train/                  |              |
|    approx_kl            | 0.0078045772 |
|    clip_fraction        | 0.114        |
|    clip_range           | 0.2          |
|    entropy_loss         | -2.92        |
|    explained_variance   | -0.072       |
|    learning_rate        | 0.0003       |
|    loss                 | -0.0607      |
|    n_updates            | 2300         |
|    policy_gradient_loss | -0.0146      |
|    std                  | 1.05         |
|    value_loss           | 0.0083       |
------------------------------------------
------------------------------------------
| rollout/                |              |
|    ep_len_mean          | 120          |
|    ep_rew_mean          | -1.22        |
| time/                   |              |
|    fps                  | 121          |
|    iterations           | 75           |
|    time_elapsed         | 157          |
|    total_timesteps      | 59392        |
| train/                  |              |
|    approx_kl            | 0.0065214313 |
|    clip_fraction        | 0.027        |
|    clip_range           | 0.2          |
|    entropy_loss         | -2.91        |
|    explained_variance   | -0.307       |
|    learning_rate        | 0.0003       |
|    loss                 | -0.0575      |
|    n_updates            | 2310         |
|    policy_gradient_loss | -0.00279     |
|    std                  | 1.04         |
|    value_loss           | 0.00467      |
------------------------------------------
------------------------------------------
| rollout/                |              |
|    ep_len_mean          | 120          |
|    ep_rew_mean          | -1.23        |
| time/                   |              |
|    fps                  | 121          |
|    iterations           | 76           |
|    time_elapsed         | 159          |
|    total_timesteps      | 59648        |
| train/                  |              |
|    approx_kl            | 0.0058887405 |
|    clip_fraction        | 0.0172       |
|    clip_range           | 0.2          |
|    entropy_loss         | -2.9         |
|    explained_variance   | 0.326        |
|    learning_rate        | 0.0003       |
|    loss                 | -0.0419      |
|    n_updates            | 2320         |
|    policy_gradient_loss | -0.000862    |
|    std                  | 1.04         |
|    value_loss           | 0.0042       |
------------------------------------------
-----------------------------------------
| rollout/                |             |
|    ep_len_mean          | 120         |
|    ep_rew_mean          | -1.24       |
| time/                   |             |
|    fps                  | 121         |
|    iterations           | 77          |
|    time_elapsed         | 161         |
|    total_timesteps      | 59904       |
| train/                  |             |
|    approx_kl            | 0.008079937 |
|    clip_fraction        | 0.0918      |
|    clip_range           | 0.2         |
|    entropy_loss         | -2.9        |
|    explained_variance   | 0.0728      |
|    learning_rate        | 0.0003      |
|    loss                 | -0.0446     |
|    n_updates            | 2330        |
|    policy_gradient_loss | -0.00946    |
|    std                  | 1.04        |
|    value_loss           | 0.00203     |
-----------------------------------------
-----------------------------------------
| rollout/                |             |
|    ep_len_mean          | 120         |
|    ep_rew_mean          | -1.24       |
| time/                   |             |
|    fps                  | 121         |
|    iterations           | 78          |
|    time_elapsed         | 163         |
|    total_timesteps      | 60160       |
| train/                  |             |
|    approx_kl            | 0.005252855 |
|    clip_fraction        | 0.059       |
|    clip_range           | 0.2         |
|    entropy_loss         | -2.9        |
|    explained_variance   | 0.285       |
|    learning_rate        | 0.0003      |
|    loss                 | -0.035      |
|    n_updates            | 2340        |
|    policy_gradient_loss | -0.00515    |
|    std                  | 1.05        |
|    value_loss           | 0.00214     |
-----------------------------------------
------------------------------------------
| rollout/                |              |
|    ep_len_mean          | 120          |
|    ep_rew_mean          | -1.22        |
| time/                   |              |
|    fps                  | 121          |
|    iterations           | 79           |
|    time_elapsed         | 165          |
|    total_timesteps      | 60416        |
| train/                  |              |
|    approx_kl            | 0.0059854547 |
|    clip_fraction        | 0.0563       |
|    clip_range           | 0.2          |
|    entropy_loss         | -2.91        |
|    explained_variance   | 0.821        |
|    learning_rate        | 0.0003       |
|    loss                 | -0.0143      |
|    n_updates            | 2350         |
|    policy_gradient_loss | -0.0055      |
|    std                  | 1.05         |
|    value_loss           | 0.00331      |
------------------------------------------
------------------------------------------
| rollout/                |              |
|    ep_len_mean          | 120          |
|    ep_rew_mean          | -1.24        |
| time/                   |              |
|    fps                  | 121          |
|    iterations           | 80           |
|    time_elapsed         | 168          |
|    total_timesteps      | 60672        |
| train/                  |              |
|    approx_kl            | 0.0073486115 |
|    clip_fraction        | 0.0527       |
|    clip_range           | 0.2          |
|    entropy_loss         | -2.91        |
|    explained_variance   | -0.477       |
|    learning_rate        | 0.0003       |
|    loss                 | -0.0501      |
|    n_updates            | 2360         |
|    policy_gradient_loss | -0.00317     |
|    std                  | 1.05         |
|    value_loss           | 0.00545      |
------------------------------------------
------------------------------------------
| rollout/                |              |
|    ep_len_mean          | 120          |
|    ep_rew_mean          | -1.22        |
| time/                   |              |
|    fps                  | 121          |
|    iterations           | 81           |
|    time_elapsed         | 170          |
|    total_timesteps      | 60928        |
| train/                  |              |
|    approx_kl            | 0.0048781936 |
|    clip_fraction        | 0.0766       |
|    clip_range           | 0.2          |
|    entropy_loss         | -2.91        |
|    explained_variance   | -0.473       |
|    learning_rate        | 0.0003       |
|    loss                 | -0.0416      |
|    n_updates            | 2370         |
|    policy_gradient_loss | -0.00609     |
|    std                  | 1.05         |
|    value_loss           | 0.00212      |
------------------------------------------
-----------------------------------------
| rollout/                |             |
|    ep_len_mean          | 120         |
|    ep_rew_mean          | -1.22       |
| time/                   |             |
|    fps                  | 121         |
|    iterations           | 82          |
|    time_elapsed         | 172         |
|    total_timesteps      | 61184       |
| train/                  |             |
|    approx_kl            | 0.006850519 |
|    clip_fraction        | 0.0609      |
|    clip_range           | 0.2         |
|    entropy_loss         | -2.91       |
|    explained_variance   | -0.241      |
|    learning_rate        | 0.0003      |
|    loss                 | -0.0424     |
|    n_updates            | 2380        |
|    policy_gradient_loss | -0.00878    |
|    std                  | 1.05        |
|    value_loss           | 0.00351     |
-----------------------------------------
------------------------------------------
| rollout/                |              |
|    ep_len_mean          | 120          |
|    ep_rew_mean          | -1.22        |
| time/                   |              |
|    fps                  | 121          |
|    iterations           | 83           |
|    time_elapsed         | 174          |
|    total_timesteps      | 61440        |
| train/                  |              |
|    approx_kl            | 0.0062458245 |
|    clip_fraction        | 0.0484       |
|    clip_range           | 0.2          |
|    entropy_loss         | -2.91        |
|    explained_variance   | 0.223        |
|    learning_rate        | 0.0003       |
|    loss                 | -0.0142      |
|    n_updates            | 2390         |
|    policy_gradient_loss | -0.00256     |
|    std                  | 1.05         |
|    value_loss           | 0.00282      |
------------------------------------------
------------------------------------------
| rollout/                |              |
|    ep_len_mean          | 120          |
|    ep_rew_mean          | -1.22        |
| time/                   |              |
|    fps                  | 121          |
|    iterations           | 84           |
|    time_elapsed         | 176          |
|    total_timesteps      | 61696        |
| train/                  |              |
|    approx_kl            | 0.0051511517 |
|    clip_fraction        | 0.0594       |
|    clip_range           | 0.2          |
|    entropy_loss         | -2.9         |
|    explained_variance   | -0.161       |
|    learning_rate        | 0.0003       |
|    loss                 | -0.0313      |
|    n_updates            | 2400         |
|    policy_gradient_loss | -0.00767     |
|    std                  | 1.04         |
|    value_loss           | 0.00758      |
------------------------------------------
-----------------------------------------
| rollout/                |             |
|    ep_len_mean          | 120         |
|    ep_rew_mean          | -1.21       |
| time/                   |             |
|    fps                  | 121         |
|    iterations           | 85          |
|    time_elapsed         | 178         |
|    total_timesteps      | 61952       |
| train/                  |             |
|    approx_kl            | 0.009898852 |
|    clip_fraction        | 0.0793      |
|    clip_range           | 0.2         |
|    entropy_loss         | -2.9        |
|    explained_variance   | 0.503       |
|    learning_rate        | 0.0003      |
|    loss                 | -0.0584     |
|    n_updates            | 2410        |
|    policy_gradient_loss | -0.00808    |
|    std                  | 1.04        |
|    value_loss           | 0.00223     |
-----------------------------------------
------------------------------------------
| rollout/                |              |
|    ep_len_mean          | 120          |
|    ep_rew_mean          | -1.2         |
| time/                   |              |
|    fps                  | 121          |
|    iterations           | 86           |
|    time_elapsed         | 180          |
|    total_timesteps      | 62208        |
| train/                  |              |
|    approx_kl            | 0.0047838115 |
|    clip_fraction        | 0.00859      |
|    clip_range           | 0.2          |
|    entropy_loss         | -2.9         |
|    explained_variance   | 0.442        |
|    learning_rate        | 0.0003       |
|    loss                 | -0.0282      |
|    n_updates            | 2420         |
|    policy_gradient_loss | -0.00124     |
|    std                  | 1.04         |
|    value_loss           | 0.0027       |
------------------------------------------
-----------------------------------------
| rollout/                |             |
|    ep_len_mean          | 120         |
|    ep_rew_mean          | -1.21       |
| time/                   |             |
|    fps                  | 121         |
|    iterations           | 87          |
|    time_elapsed         | 182         |
|    total_timesteps      | 62464       |
| train/                  |             |
|    approx_kl            | 0.005644582 |
|    clip_fraction        | 0.111       |
|    clip_range           | 0.2         |
|    entropy_loss         | -2.9        |
|    explained_variance   | 0.133       |
|    learning_rate        | 0.0003      |
|    loss                 | -0.0445     |
|    n_updates            | 2430        |
|    policy_gradient_loss | -0.00765    |
|    std                  | 1.05        |
|    value_loss           | 0.000688    |
-----------------------------------------
----------------------------------------
| rollout/                |            |
|    ep_len_mean          | 120        |
|    ep_rew_mean          | -1.22      |
| time/                   |            |
|    fps                  | 121        |
|    iterations           | 88         |
|    time_elapsed         | 184        |
|    total_timesteps      | 62720      |
| train/                  |            |
|    approx_kl            | 0.00619465 |
|    clip_fraction        | 0.0473     |
|    clip_range           | 0.2        |
|    entropy_loss         | -2.91      |
|    explained_variance   | -0.358     |
|    learning_rate        | 0.0003     |
|    loss                 | -0.0374    |
|    n_updates            | 2440       |
|    policy_gradient_loss | -0.00292   |
|    std                  | 1.05       |
|    value_loss           | 0.00416    |
----------------------------------------
------------------------------------------
| rollout/                |              |
|    ep_len_mean          | 120          |
|    ep_rew_mean          | -1.22        |
| time/                   |              |
|    fps                  | 121          |
|    iterations           | 89           |
|    time_elapsed         | 186          |
|    total_timesteps      | 62976        |
| train/                  |              |
|    approx_kl            | 0.0074110636 |
|    clip_fraction        | 0.0168       |
|    clip_range           | 0.2          |
|    entropy_loss         | -2.91        |
|    explained_variance   | 0.194        |
|    learning_rate        | 0.0003       |
|    loss                 | -0.0184      |
|    n_updates            | 2450         |
|    policy_gradient_loss | -0.00111     |
|    std                  | 1.05         |
|    value_loss           | 0.0042       |
------------------------------------------
-----------------------------------------
| rollout/                |             |
|    ep_len_mean          | 120         |
|    ep_rew_mean          | -1.21       |
| time/                   |             |
|    fps                  | 121         |
|    iterations           | 90          |
|    time_elapsed         | 189         |
|    total_timesteps      | 63232       |
| train/                  |             |
|    approx_kl            | 0.004749312 |
|    clip_fraction        | 0.0648      |
|    clip_range           | 0.2         |
|    entropy_loss         | -2.92       |
|    explained_variance   | 0.505       |
|    learning_rate        | 0.0003      |
|    loss                 | -0.0391     |
|    n_updates            | 2460        |
|    policy_gradient_loss | -0.00543    |
|    std                  | 1.06        |
|    value_loss           | 0.00298     |
-----------------------------------------
------------------------------------------
| rollout/                |              |
|    ep_len_mean          | 120          |
|    ep_rew_mean          | -1.22        |
| time/                   |              |
|    fps                  | 121          |
|    iterations           | 91           |
|    time_elapsed         | 191          |
|    total_timesteps      | 63488        |
| train/                  |              |
|    approx_kl            | 0.0068155304 |
|    clip_fraction        | 0.0434       |
|    clip_range           | 0.2          |
|    entropy_loss         | -2.92        |
|    explained_variance   | -0.0762      |
|    learning_rate        | 0.0003       |
|    loss                 | -0.0416      |
|    n_updates            | 2470         |
|    policy_gradient_loss | -0.00542     |
|    std                  | 1.05         |
|    value_loss           | 0.00201      |
------------------------------------------
-----------------------------------------
| rollout/                |             |
|    ep_len_mean          | 120         |
|    ep_rew_mean          | -1.21       |
| time/                   |             |
|    fps                  | 121         |
|    iterations           | 92          |
|    time_elapsed         | 193         |
|    total_timesteps      | 63744       |
| train/                  |             |
|    approx_kl            | 0.003060782 |
|    clip_fraction        | 0.00391     |
|    clip_range           | 0.2         |
|    entropy_loss         | -2.91       |
|    explained_variance   | 0.279       |
|    learning_rate        | 0.0003      |
|    loss                 | -0.0195     |
|    n_updates            | 2480        |
|    policy_gradient_loss | -0.00224    |
|    std                  | 1.05        |
|    value_loss           | 0.00569     |
-----------------------------------------
-----------------------------------------
| rollout/                |             |
|    ep_len_mean          | 120         |
|    ep_rew_mean          | -1.21       |
| time/                   |             |
|    fps                  | 121         |
|    iterations           | 93          |
|    time_elapsed         | 195         |
|    total_timesteps      | 64000       |
| train/                  |             |
|    approx_kl            | 0.002816303 |
|    clip_fraction        | 0.0477      |
|    clip_range           | 0.2         |
|    entropy_loss         | -2.92       |
|    explained_variance   | 0.666       |
|    learning_rate        | 0.0003      |
|    loss                 | -0.0284     |
|    n_updates            | 2490        |
|    policy_gradient_loss | -0.00369    |
|    std                  | 1.05        |
|    value_loss           | 0.00182     |
-----------------------------------------
-----------------------------------------
| rollout/                |             |
|    ep_len_mean          | 120         |
|    ep_rew_mean          | -1.2        |
| time/                   |             |
|    fps                  | 121         |
|    iterations           | 94          |
|    time_elapsed         | 197         |
|    total_timesteps      | 64256       |
| train/                  |             |
|    approx_kl            | 0.008633007 |
|    clip_fraction        | 0.113       |
|    clip_range           | 0.2         |
|    entropy_loss         | -2.92       |
|    explained_variance   | 0.132       |
|    learning_rate        | 0.0003      |
|    loss                 | -0.0335     |
|    n_updates            | 2500        |
|    policy_gradient_loss | -0.00849    |
|    std                  | 1.05        |
|    value_loss           | 0.00356     |
-----------------------------------------
-----------------------------------------
| rollout/                |             |
|    ep_len_mean          | 120         |
|    ep_rew_mean          | -1.19       |
| time/                   |             |
|    fps                  | 121         |
|    iterations           | 95          |
|    time_elapsed         | 199         |
|    total_timesteps      | 64512       |
| train/                  |             |
|    approx_kl            | 0.010556645 |
|    clip_fraction        | 0.175       |
|    clip_range           | 0.2         |
|    entropy_loss         | -2.92       |
|    explained_variance   | 0.528       |
|    learning_rate        | 0.0003      |
|    loss                 | -0.0612     |
|    n_updates            | 2510        |
|    policy_gradient_loss | -0.0191     |
|    std                  | 1.05        |
|    value_loss           | 0.0018      |
-----------------------------------------
------------------------------------------
| rollout/                |              |
|    ep_len_mean          | 120          |
|    ep_rew_mean          | -1.18        |
| time/                   |              |
|    fps                  | 121          |
|    iterations           | 96           |
|    time_elapsed         | 201          |
|    total_timesteps      | 64768        |
| train/                  |              |
|    approx_kl            | 0.0060302867 |
|    clip_fraction        | 0.0477       |
|    clip_range           | 0.2          |
|    entropy_loss         | -2.92        |
|    explained_variance   | 0.519        |
|    learning_rate        | 0.0003       |
|    loss                 | -0.0177      |
|    n_updates            | 2520         |
|    policy_gradient_loss | -0.00284     |
|    std                  | 1.05         |
|    value_loss           | 0.00608      |
------------------------------------------
----------------------------------------
| rollout/                |            |
|    ep_len_mean          | 120        |
|    ep_rew_mean          | -1.18      |
| time/                   |            |
|    fps                  | 121        |
|    iterations           | 97         |
|    time_elapsed         | 203        |
|    total_timesteps      | 65024      |
| train/                  |            |
|    approx_kl            | 0.00769319 |
|    clip_fraction        | 0.0375     |
|    clip_range           | 0.2        |
|    entropy_loss         | -2.92      |
|    explained_variance   | -0.0692    |
|    learning_rate        | 0.0003     |
|    loss                 | -0.0386    |
|    n_updates            | 2530       |
|    policy_gradient_loss | -0.00316   |
|    std                  | 1.05       |
|    value_loss           | 0.00621    |
----------------------------------------
------------------------------------------
| rollout/                |              |
|    ep_len_mean          | 120          |
|    ep_rew_mean          | -1.19        |
| time/                   |              |
|    fps                  | 121          |
|    iterations           | 98           |
|    time_elapsed         | 205          |
|    total_timesteps      | 65280        |
| train/                  |              |
|    approx_kl            | 0.0072763953 |
|    clip_fraction        | 0.059        |
|    clip_range           | 0.2          |
|    entropy_loss         | -2.92        |
|    explained_variance   | -0.0961      |
|    learning_rate        | 0.0003       |
|    loss                 | -0.0324      |
|    n_updates            | 2540         |
|    policy_gradient_loss | -0.00447     |
|    std                  | 1.05         |
|    value_loss           | 0.00352      |
------------------------------------------
------------------------------------------
| rollout/                |              |
|    ep_len_mean          | 120          |
|    ep_rew_mean          | -1.19        |
| time/                   |              |
|    fps                  | 121          |
|    iterations           | 99           |
|    time_elapsed         | 208          |
|    total_timesteps      | 65536        |
| train/                  |              |
|    approx_kl            | 0.0013965992 |
|    clip_fraction        | 0.0254       |
|    clip_range           | 0.2          |
|    entropy_loss         | -2.91        |
|    explained_variance   | -3.38        |
|    learning_rate        | 0.0003       |
|    loss                 | -0.035       |
|    n_updates            | 2550         |
|    policy_gradient_loss | -0.00289     |
|    std                  | 1.05         |
|    value_loss           | 0.00372      |
------------------------------------------
------------------------------------------
| rollout/                |              |
|    ep_len_mean          | 120          |
|    ep_rew_mean          | -1.18        |
| time/                   |              |
|    fps                  | 121          |
|    iterations           | 100          |
|    time_elapsed         | 210          |
|    total_timesteps      | 65792        |
| train/                  |              |
|    approx_kl            | 0.0034078336 |
|    clip_fraction        | 0.0453       |
|    clip_range           | 0.2          |
|    entropy_loss         | -2.91        |
|    explained_variance   | 0.253        |
|    learning_rate        | 0.0003       |
|    loss                 | -0.0487      |
|    n_updates            | 2560         |
|    policy_gradient_loss | -0.00397     |
|    std                  | 1.05         |
|    value_loss           | 0.00402      |
------------------------------------------
------------------------------------------
| rollout/                |              |
|    ep_len_mean          | 119          |
|    ep_rew_mean          | -0.983       |
| time/                   |              |
|    fps                  | 121          |
|    iterations           | 101          |
|    time_elapsed         | 212          |
|    total_timesteps      | 66048        |
| train/                  |              |
|    approx_kl            | 0.0058452627 |
|    clip_fraction        | 0.0113       |
|    clip_range           | 0.2          |
|    entropy_loss         | -2.92        |
|    explained_variance   | -0.398       |
|    learning_rate        | 0.0003       |
|    loss                 | -0.0384      |
|    n_updates            | 2570         |
|    policy_gradient_loss | -0.00139     |
|    std                  | 1.05         |
|    value_loss           | 0.00128      |
------------------------------------------
-----------------------------------------
| rollout/                |             |
|    ep_len_mean          | 119         |
|    ep_rew_mean          | -0.975      |
| time/                   |             |
|    fps                  | 121         |
|    iterations           | 102         |
|    time_elapsed         | 214         |
|    total_timesteps      | 66304       |
| train/                  |             |
|    approx_kl            | 0.008004457 |
|    clip_fraction        | 0.132       |
|    clip_range           | 0.2         |
|    entropy_loss         | -2.93       |
|    explained_variance   | 0.000543    |
|    learning_rate        | 0.0003      |
|    loss                 | 3.37        |
|    n_updates            | 2580        |
|    policy_gradient_loss | -0.0127     |
|    std                  | 1.06        |
|    value_loss           | 1.72        |
-----------------------------------------
-----------------------------------------
| rollout/                |             |
|    ep_len_mean          | 118         |
|    ep_rew_mean          | -0.767      |
| time/                   |             |
|    fps                  | 121         |
|    iterations           | 103         |
|    time_elapsed         | 216         |
|    total_timesteps      | 66560       |
| train/                  |             |
|    approx_kl            | 0.007432771 |
|    clip_fraction        | 0.0836      |
|    clip_range           | 0.2         |
|    entropy_loss         | -2.93       |
|    explained_variance   | -0.166      |
|    learning_rate        | 0.0003      |
|    loss                 | -0.0184     |
|    n_updates            | 2590        |
|    policy_gradient_loss | -0.0098     |
|    std                  | 1.06        |
|    value_loss           | 0.00476     |
-----------------------------------------
-----------------------------------------
| rollout/                |             |
|    ep_len_mean          | 118         |
|    ep_rew_mean          | -0.765      |
| time/                   |             |
|    fps                  | 121         |
|    iterations           | 104         |
|    time_elapsed         | 218         |
|    total_timesteps      | 66816       |
| train/                  |             |
|    approx_kl            | 0.009801487 |
|    clip_fraction        | 0.0934      |
|    clip_range           | 0.2         |
|    entropy_loss         | -2.94       |
|    explained_variance   | 0.00175     |
|    learning_rate        | 0.0003      |
|    loss                 | -0.0281     |
|    n_updates            | 2600        |
|    policy_gradient_loss | -0.00971    |
|    std                  | 1.06        |
|    value_loss           | 1.71        |
-----------------------------------------
------------------------------------------
| rollout/                |              |
|    ep_len_mean          | 118          |
|    ep_rew_mean          | -0.78        |
| time/                   |              |
|    fps                  | 121          |
|    iterations           | 105          |
|    time_elapsed         | 220          |
|    total_timesteps      | 67072        |
| train/                  |              |
|    approx_kl            | 0.0025074831 |
|    clip_fraction        | 0.00273      |
|    clip_range           | 0.2          |
|    entropy_loss         | -2.94        |
|    explained_variance   | 0.189        |
|    learning_rate        | 0.0003       |
|    loss                 | -0.0424      |
|    n_updates            | 2610         |
|    policy_gradient_loss | -0.00103     |
|    std                  | 1.06         |
|    value_loss           | 0.00322      |
------------------------------------------
-----------------------------------------
| rollout/                |             |
|    ep_len_mean          | 118         |
|    ep_rew_mean          | -0.819      |
| time/                   |             |
|    fps                  | 121         |
|    iterations           | 106         |
|    time_elapsed         | 222         |
|    total_timesteps      | 67328       |
| train/                  |             |
|    approx_kl            | 0.004639335 |
|    clip_fraction        | 0.0336      |
|    clip_range           | 0.2         |
|    entropy_loss         | -2.95       |
|    explained_variance   | 0.235       |
|    learning_rate        | 0.0003      |
|    loss                 | -0.0162     |
|    n_updates            | 2620        |
|    policy_gradient_loss | -0.00191    |
|    std                  | 1.07        |
|    value_loss           | 0.00222     |
-----------------------------------------
-----------------------------------------
| rollout/                |             |
|    ep_len_mean          | 118         |
|    ep_rew_mean          | -0.814      |
| time/                   |             |
|    fps                  | 121         |
|    iterations           | 107         |
|    time_elapsed         | 224         |
|    total_timesteps      | 67584       |
| train/                  |             |
|    approx_kl            | 0.004580428 |
|    clip_fraction        | 0.0254      |
|    clip_range           | 0.2         |
|    entropy_loss         | -2.95       |
|    explained_variance   | -0.195      |
|    learning_rate        | 0.0003      |
|    loss                 | -0.0361     |
|    n_updates            | 2630        |
|    policy_gradient_loss | -0.00153    |
|    std                  | 1.07        |
|    value_loss           | 0.00278     |
-----------------------------------------
-----------------------------------------
| rollout/                |             |
|    ep_len_mean          | 117         |
|    ep_rew_mean          | -0.605      |
| time/                   |             |
|    fps                  | 121         |
|    iterations           | 108         |
|    time_elapsed         | 226         |
|    total_timesteps      | 67840       |
| train/                  |             |
|    approx_kl            | 0.008264266 |
|    clip_fraction        | 0.0266      |
|    clip_range           | 0.2         |
|    entropy_loss         | -2.95       |
|    explained_variance   | 0.126       |
|    learning_rate        | 0.0003      |
|    loss                 | -0.0459     |
|    n_updates            | 2640        |
|    policy_gradient_loss | -0.0019     |
|    std                  | 1.07        |
|    value_loss           | 0.00258     |
-----------------------------------------
------------------------------------------
| rollout/                |              |
|    ep_len_mean          | 117          |
|    ep_rew_mean          | -0.599       |
| time/                   |              |
|    fps                  | 121          |
|    iterations           | 109          |
|    time_elapsed         | 228          |
|    total_timesteps      | 68096        |
| train/                  |              |
|    approx_kl            | 0.0012744146 |
|    clip_fraction        | 0            |
|    clip_range           | 0.2          |
|    entropy_loss         | -2.95        |
|    explained_variance   | 0.0031       |
|    learning_rate        | 0.0003       |
|    loss                 | 9.49         |
|    n_updates            | 2650         |
|    policy_gradient_loss | -9.91e-06    |
|    std                  | 1.07         |
|    value_loss           | 13.7         |
------------------------------------------
-----------------------------------------
| rollout/                |             |
|    ep_len_mean          | 117         |
|    ep_rew_mean          | -0.6        |
| time/                   |             |
|    fps                  | 121         |
|    iterations           | 110         |
|    time_elapsed         | 231         |
|    total_timesteps      | 68352       |
| train/                  |             |
|    approx_kl            | 0.004466434 |
|    clip_fraction        | 0.00664     |
|    clip_range           | 0.2         |
|    entropy_loss         | -2.95       |
|    explained_variance   | 0.206       |
|    learning_rate        | 0.0003      |
|    loss                 | -0.013      |
|    n_updates            | 2660        |
|    policy_gradient_loss | -0.00136    |
|    std                  | 1.06        |
|    value_loss           | 0.0196      |
-----------------------------------------
-----------------------------------------
| rollout/                |             |
|    ep_len_mean          | 117         |
|    ep_rew_mean          | -0.586      |
| time/                   |             |
|    fps                  | 121         |
|    iterations           | 111         |
|    time_elapsed         | 233         |
|    total_timesteps      | 68608       |
| train/                  |             |
|    approx_kl            | 0.010056244 |
|    clip_fraction        | 0.154       |
|    clip_range           | 0.2         |
|    entropy_loss         | -2.94       |
|    explained_variance   | 0.543       |
|    learning_rate        | 0.0003      |
|    loss                 | -0.0597     |
|    n_updates            | 2670        |
|    policy_gradient_loss | -0.0167     |
|    std                  | 1.06        |
|    value_loss           | 0.0135      |
-----------------------------------------
-----------------------------------------
| rollout/                |             |
|    ep_len_mean          | 117         |
|    ep_rew_mean          | -0.586      |
| time/                   |             |
|    fps                  | 121         |
|    iterations           | 112         |
|    time_elapsed         | 235         |
|    total_timesteps      | 68864       |
| train/                  |             |
|    approx_kl            | 0.008294249 |
|    clip_fraction        | 0.0582      |
|    clip_range           | 0.2         |
|    entropy_loss         | -2.95       |
|    explained_variance   | 0.732       |
|    learning_rate        | 0.0003      |
|    loss                 | -0.0262     |
|    n_updates            | 2680        |
|    policy_gradient_loss | -0.0033     |
|    std                  | 1.07        |
|    value_loss           | 0.00522     |
-----------------------------------------
-----------------------------------------
| rollout/                |             |
|    ep_len_mean          | 117         |
|    ep_rew_mean          | -0.589      |
| time/                   |             |
|    fps                  | 121         |
|    iterations           | 113         |
|    time_elapsed         | 237         |
|    total_timesteps      | 69120       |
| train/                  |             |
|    approx_kl            | 0.005102032 |
|    clip_fraction        | 0.0668      |
|    clip_range           | 0.2         |
|    entropy_loss         | -2.96       |
|    explained_variance   | -1.17       |
|    learning_rate        | 0.0003      |
|    loss                 | -0.0384     |
|    n_updates            | 2690        |
|    policy_gradient_loss | -0.00325    |
|    std                  | 1.07        |
|    value_loss           | 0.00363     |
-----------------------------------------
-----------------------------------------
| rollout/                |             |
|    ep_len_mean          | 117         |
|    ep_rew_mean          | -0.598      |
| time/                   |             |
|    fps                  | 121         |
|    iterations           | 114         |
|    time_elapsed         | 239         |
|    total_timesteps      | 69376       |
| train/                  |             |
|    approx_kl            | 0.005783838 |
|    clip_fraction        | 0.00859     |
|    clip_range           | 0.2         |
|    entropy_loss         | -2.96       |
|    explained_variance   | 0.437       |
|    learning_rate        | 0.0003      |
|    loss                 | -0.0307     |
|    n_updates            | 2700        |
|    policy_gradient_loss | -0.00114    |
|    std                  | 1.07        |
|    value_loss           | 0.00869     |
-----------------------------------------
------------------------------------------
| rollout/                |              |
|    ep_len_mean          | 117          |
|    ep_rew_mean          | -0.59        |
| time/                   |              |
|    fps                  | 121          |
|    iterations           | 115          |
|    time_elapsed         | 241          |
|    total_timesteps      | 69632        |
| train/                  |              |
|    approx_kl            | 0.0075376807 |
|    clip_fraction        | 0.114        |
|    clip_range           | 0.2          |
|    entropy_loss         | -2.96        |
|    explained_variance   | -0.128       |
|    learning_rate        | 0.0003       |
|    loss                 | -0.0407      |
|    n_updates            | 2710         |
|    policy_gradient_loss | -0.0109      |
|    std                  | 1.07         |
|    value_loss           | 0.00705      |
------------------------------------------
------------------------------------------
| rollout/                |              |
|    ep_len_mean          | 117          |
|    ep_rew_mean          | -0.605       |
| time/                   |              |
|    fps                  | 121          |
|    iterations           | 116          |
|    time_elapsed         | 243          |
|    total_timesteps      | 69888        |
| train/                  |              |
|    approx_kl            | 0.0036245636 |
|    clip_fraction        | 0.0414       |
|    clip_range           | 0.2          |
|    entropy_loss         | -2.96        |
|    explained_variance   | 0.307        |
|    learning_rate        | 0.0003       |
|    loss                 | -0.0317      |
|    n_updates            | 2720         |
|    policy_gradient_loss | -0.00522     |
|    std                  | 1.07         |
|    value_loss           | 0.00574      |
------------------------------------------
----------------------------------------
| rollout/                |            |
|    ep_len_mean          | 117        |
|    ep_rew_mean          | -0.596     |
| time/                   |            |
|    fps                  | 121        |
|    iterations           | 117        |
|    time_elapsed         | 245        |
|    total_timesteps      | 70144      |
| train/                  |            |
|    approx_kl            | 0.00441135 |
|    clip_fraction        | 0.0613     |
|    clip_range           | 0.2        |
|    entropy_loss         | -2.97      |
|    explained_variance   | 0.487      |
|    learning_rate        | 0.0003     |
|    loss                 | -0.0314    |
|    n_updates            | 2730       |
|    policy_gradient_loss | -0.00675   |
|    std                  | 1.07       |
|    value_loss           | 0.0102     |
----------------------------------------
-----------------------------------------
| rollout/                |             |
|    ep_len_mean          | 117         |
|    ep_rew_mean          | -0.598      |
| time/                   |             |
|    fps                  | 121         |
|    iterations           | 118         |
|    time_elapsed         | 247         |
|    total_timesteps      | 70400       |
| train/                  |             |
|    approx_kl            | 0.004892129 |
|    clip_fraction        | 0.0723      |
|    clip_range           | 0.2         |
|    entropy_loss         | -2.97       |
|    explained_variance   | 0.138       |
|    learning_rate        | 0.0003      |
|    loss                 | -0.047      |
|    n_updates            | 2740        |
|    policy_gradient_loss | -0.00623    |
|    std                  | 1.07        |
|    value_loss           | 0.00674     |
-----------------------------------------
-----------------------------------------
| rollout/                |             |
|    ep_len_mean          | 117         |
|    ep_rew_mean          | -0.596      |
| time/                   |             |
|    fps                  | 121         |
|    iterations           | 119         |
|    time_elapsed         | 249         |
|    total_timesteps      | 70656       |
| train/                  |             |
|    approx_kl            | 0.005786033 |
|    clip_fraction        | 0.0508      |
|    clip_range           | 0.2         |
|    entropy_loss         | -2.97       |
|    explained_variance   | 0.0611      |
|    learning_rate        | 0.0003      |
|    loss                 | -0.0427     |
|    n_updates            | 2750        |
|    policy_gradient_loss | -0.00364    |
|    std                  | 1.07        |
|    value_loss           | 0.00686     |
-----------------------------------------
-----------------------------------------
| rollout/                |             |
|    ep_len_mean          | 117         |
|    ep_rew_mean          | -0.597      |
| time/                   |             |
|    fps                  | 121         |
|    iterations           | 120         |
|    time_elapsed         | 252         |
|    total_timesteps      | 70912       |
| train/                  |             |
|    approx_kl            | 0.003072169 |
|    clip_fraction        | 0.00195     |
|    clip_range           | 0.2         |
|    entropy_loss         | -2.97       |
|    explained_variance   | 0.4         |
|    learning_rate        | 0.0003      |
|    loss                 | -0.0205     |
|    n_updates            | 2760        |
|    policy_gradient_loss | -0.000499   |
|    std                  | 1.08        |
|    value_loss           | 0.00471     |
-----------------------------------------
------------------------------------------
| rollout/                |              |
|    ep_len_mean          | 117          |
|    ep_rew_mean          | -0.601       |
| time/                   |              |
|    fps                  | 121          |
|    iterations           | 121          |
|    time_elapsed         | 254          |
|    total_timesteps      | 71168        |
| train/                  |              |
|    approx_kl            | 0.0056940415 |
|    clip_fraction        | 0.0594       |
|    clip_range           | 0.2          |
|    entropy_loss         | -2.97        |
|    explained_variance   | 0.833        |
|    learning_rate        | 0.0003       |
|    loss                 | -0.0302      |
|    n_updates            | 2770         |
|    policy_gradient_loss | -0.00695     |
|    std                  | 1.08         |
|    value_loss           | 0.00364      |
------------------------------------------
-----------------------------------------
| rollout/                |             |
|    ep_len_mean          | 117         |
|    ep_rew_mean          | -0.603      |
| time/                   |             |
|    fps                  | 121         |
|    iterations           | 122         |
|    time_elapsed         | 256         |
|    total_timesteps      | 71424       |
| train/                  |             |
|    approx_kl            | 0.008346774 |
|    clip_fraction        | 0.0609      |
|    clip_range           | 0.2         |
|    entropy_loss         | -2.97       |
|    explained_variance   | 0.884       |
|    learning_rate        | 0.0003      |
|    loss                 | -0.0322     |
|    n_updates            | 2780        |
|    policy_gradient_loss | -0.00481    |
|    std                  | 1.08        |
|    value_loss           | 0.00488     |
-----------------------------------------
-----------------------------------------
| rollout/                |             |
|    ep_len_mean          | 117         |
|    ep_rew_mean          | -0.583      |
| time/                   |             |
|    fps                  | 121         |
|    iterations           | 123         |
|    time_elapsed         | 258         |
|    total_timesteps      | 71680       |
| train/                  |             |
|    approx_kl            | 0.008483564 |
|    clip_fraction        | 0.091       |
|    clip_range           | 0.2         |
|    entropy_loss         | -2.97       |
|    explained_variance   | 0.722       |
|    learning_rate        | 0.0003      |
|    loss                 | -0.037      |
|    n_updates            | 2790        |
|    policy_gradient_loss | -0.00626    |
|    std                  | 1.08        |
|    value_loss           | 0.00725     |
-----------------------------------------
------------------------------------------
| rollout/                |              |
|    ep_len_mean          | 117          |
|    ep_rew_mean          | -0.593       |
| time/                   |              |
|    fps                  | 121          |
|    iterations           | 124          |
|    time_elapsed         | 260          |
|    total_timesteps      | 71936        |
| train/                  |              |
|    approx_kl            | 0.0056064464 |
|    clip_fraction        | 0.0766       |
|    clip_range           | 0.2          |
|    entropy_loss         | -2.97        |
|    explained_variance   | -0.212       |
|    learning_rate        | 0.0003       |
|    loss                 | -0.0216      |
|    n_updates            | 2800         |
|    policy_gradient_loss | -0.00627     |
|    std                  | 1.08         |
|    value_loss           | 0.00798      |
------------------------------------------
------------------------------------------
| rollout/                |              |
|    ep_len_mean          | 117          |
|    ep_rew_mean          | -0.593       |
| time/                   |              |
|    fps                  | 121          |
|    iterations           | 125          |
|    time_elapsed         | 262          |
|    total_timesteps      | 72192        |
| train/                  |              |
|    approx_kl            | 0.0068221446 |
|    clip_fraction        | 0.0707       |
|    clip_range           | 0.2          |
|    entropy_loss         | -2.97        |
|    explained_variance   | -0.73        |
|    learning_rate        | 0.0003       |
|    loss                 | -0.0295      |
|    n_updates            | 2810         |
|    policy_gradient_loss | -0.00487     |
|    std                  | 1.08         |
|    value_loss           | 0.00667      |
------------------------------------------
-----------------------------------------
| rollout/                |             |
|    ep_len_mean          | 117         |
|    ep_rew_mean          | -0.58       |
| time/                   |             |
|    fps                  | 121         |
|    iterations           | 126         |
|    time_elapsed         | 264         |
|    total_timesteps      | 72448       |
| train/                  |             |
|    approx_kl            | 0.006500721 |
|    clip_fraction        | 0.0852      |
|    clip_range           | 0.2         |
|    entropy_loss         | -2.97       |
|    explained_variance   | 0.909       |
|    learning_rate        | 0.0003      |
|    loss                 | -0.0282     |
|    n_updates            | 2820        |
|    policy_gradient_loss | -0.00717    |
|    std                  | 1.08        |
|    value_loss           | 0.00337     |
-----------------------------------------
------------------------------------------
| rollout/                |              |
|    ep_len_mean          | 117          |
|    ep_rew_mean          | -0.584       |
| time/                   |              |
|    fps                  | 121          |
|    iterations           | 127          |
|    time_elapsed         | 266          |
|    total_timesteps      | 72704        |
| train/                  |              |
|    approx_kl            | 0.0057669627 |
|    clip_fraction        | 0.104        |
|    clip_range           | 0.2          |
|    entropy_loss         | -2.98        |
|    explained_variance   | 0.888        |
|    learning_rate        | 0.0003       |
|    loss                 | -0.0316      |
|    n_updates            | 2830         |
|    policy_gradient_loss | -0.00882     |
|    std                  | 1.08         |
|    value_loss           | 0.00414      |
------------------------------------------
------------------------------------------
| rollout/                |              |
|    ep_len_mean          | 117          |
|    ep_rew_mean          | -0.577       |
| time/                   |              |
|    fps                  | 121          |
|    iterations           | 128          |
|    time_elapsed         | 268          |
|    total_timesteps      | 72960        |
| train/                  |              |
|    approx_kl            | 0.0049191285 |
|    clip_fraction        | 0.0336       |
|    clip_range           | 0.2          |
|    entropy_loss         | -2.98        |
|    explained_variance   | -1.62        |
|    learning_rate        | 0.0003       |
|    loss                 | -0.0323      |
|    n_updates            | 2840         |
|    policy_gradient_loss | -0.00269     |
|    std                  | 1.08         |
|    value_loss           | 0.00546      |
------------------------------------------
------------------------------------------
| rollout/                |              |
|    ep_len_mean          | 117          |
|    ep_rew_mean          | -0.58        |
| time/                   |              |
|    fps                  | 121          |
|    iterations           | 129          |
|    time_elapsed         | 270          |
|    total_timesteps      | 73216        |
| train/                  |              |
|    approx_kl            | 0.0060174386 |
|    clip_fraction        | 0.0383       |
|    clip_range           | 0.2          |
|    entropy_loss         | -2.99        |
|    explained_variance   | 0.621        |
|    learning_rate        | 0.0003       |
|    loss                 | -0.0537      |
|    n_updates            | 2850         |
|    policy_gradient_loss | -0.00418     |
|    std                  | 1.09         |
|    value_loss           | 0.00718      |
------------------------------------------
-----------------------------------------
| rollout/                |             |
|    ep_len_mean          | 117         |
|    ep_rew_mean          | -0.571      |
| time/                   |             |
|    fps                  | 121         |
|    iterations           | 130         |
|    time_elapsed         | 273         |
|    total_timesteps      | 73472       |
| train/                  |             |
|    approx_kl            | 0.007387818 |
|    clip_fraction        | 0.0777      |
|    clip_range           | 0.2         |
|    entropy_loss         | -2.99       |
|    explained_variance   | -0.712      |
|    learning_rate        | 0.0003      |
|    loss                 | -0.0353     |
|    n_updates            | 2860        |
|    policy_gradient_loss | -0.00583    |
|    std                  | 1.09        |
|    value_loss           | 0.00587     |
-----------------------------------------
-----------------------------------------
| rollout/                |             |
|    ep_len_mean          | 117         |
|    ep_rew_mean          | -0.594      |
| time/                   |             |
|    fps                  | 121         |
|    iterations           | 131         |
|    time_elapsed         | 275         |
|    total_timesteps      | 73728       |
| train/                  |             |
|    approx_kl            | 0.009423645 |
|    clip_fraction        | 0.134       |
|    clip_range           | 0.2         |
|    entropy_loss         | -2.99       |
|    explained_variance   | -0.4        |
|    learning_rate        | 0.0003      |
|    loss                 | -0.0468     |
|    n_updates            | 2870        |
|    policy_gradient_loss | -0.0129     |
|    std                  | 1.09        |
|    value_loss           | 0.00508     |
-----------------------------------------
-----------------------------------------
| rollout/                |             |
|    ep_len_mean          | 117         |
|    ep_rew_mean          | -0.585      |
| time/                   |             |
|    fps                  | 121         |
|    iterations           | 132         |
|    time_elapsed         | 277         |
|    total_timesteps      | 73984       |
| train/                  |             |
|    approx_kl            | 0.007558076 |
|    clip_fraction        | 0.0914      |
|    clip_range           | 0.2         |
|    entropy_loss         | -2.99       |
|    explained_variance   | -1.57       |
|    learning_rate        | 0.0003      |
|    loss                 | -0.0368     |
|    n_updates            | 2880        |
|    policy_gradient_loss | -0.0084     |
|    std                  | 1.09        |
|    value_loss           | 0.00828     |
-----------------------------------------
-----------------------------------------
| rollout/                |             |
|    ep_len_mean          | 117         |
|    ep_rew_mean          | -0.568      |
| time/                   |             |
|    fps                  | 121         |
|    iterations           | 133         |
|    time_elapsed         | 279         |
|    total_timesteps      | 74240       |
| train/                  |             |
|    approx_kl            | 0.008701948 |
|    clip_fraction        | 0.107       |
|    clip_range           | 0.2         |
|    entropy_loss         | -2.99       |
|    explained_variance   | -0.0753     |
|    learning_rate        | 0.0003      |
|    loss                 | -0.0431     |
|    n_updates            | 2890        |
|    policy_gradient_loss | -0.0108     |
|    std                  | 1.09        |
|    value_loss           | 0.00661     |
-----------------------------------------
-----------------------------------------
| rollout/                |             |
|    ep_len_mean          | 117         |
|    ep_rew_mean          | -0.57       |
| time/                   |             |
|    fps                  | 121         |
|    iterations           | 134         |
|    time_elapsed         | 281         |
|    total_timesteps      | 74496       |
| train/                  |             |
|    approx_kl            | 0.006258238 |
|    clip_fraction        | 0.0543      |
|    clip_range           | 0.2         |
|    entropy_loss         | -3          |
|    explained_variance   | 0.267       |
|    learning_rate        | 0.0003      |
|    loss                 | -0.0237     |
|    n_updates            | 2900        |
|    policy_gradient_loss | -0.00504    |
|    std                  | 1.1         |
|    value_loss           | 0.00441     |
-----------------------------------------
-----------------------------------------
| rollout/                |             |
|    ep_len_mean          | 117         |
|    ep_rew_mean          | -0.587      |
| time/                   |             |
|    fps                  | 121         |
|    iterations           | 135         |
|    time_elapsed         | 283         |
|    total_timesteps      | 74752       |
| train/                  |             |
|    approx_kl            | 0.009322325 |
|    clip_fraction        | 0.159       |
|    clip_range           | 0.2         |
|    entropy_loss         | -3.02       |
|    explained_variance   | 0.211       |
|    learning_rate        | 0.0003      |
|    loss                 | -0.0442     |
|    n_updates            | 2910        |
|    policy_gradient_loss | -0.0139     |
|    std                  | 1.1         |
|    value_loss           | 0.00207     |
-----------------------------------------
------------------------------------------
| rollout/                |              |
|    ep_len_mean          | 117          |
|    ep_rew_mean          | -0.602       |
| time/                   |              |
|    fps                  | 121          |
|    iterations           | 136          |
|    time_elapsed         | 285          |
|    total_timesteps      | 75008        |
| train/                  |              |
|    approx_kl            | 0.0048896144 |
|    clip_fraction        | 0.0516       |
|    clip_range           | 0.2          |
|    entropy_loss         | -3.02        |
|    explained_variance   | -0.153       |
|    learning_rate        | 0.0003       |
|    loss                 | -0.0259      |
|    n_updates            | 2920         |
|    policy_gradient_loss | -0.00396     |
|    std                  | 1.1          |
|    value_loss           | 0.00644      |
------------------------------------------
------------------------------------------
| rollout/                |              |
|    ep_len_mean          | 117          |
|    ep_rew_mean          | -0.588       |
| time/                   |              |
|    fps                  | 121          |
|    iterations           | 137          |
|    time_elapsed         | 287          |
|    total_timesteps      | 75264        |
| train/                  |              |
|    approx_kl            | 0.0037100532 |
|    clip_fraction        | 0.0375       |
|    clip_range           | 0.2          |
|    entropy_loss         | -3.02        |
|    explained_variance   | 0.0837       |
|    learning_rate        | 0.0003       |
|    loss                 | -0.023       |
|    n_updates            | 2930         |
|    policy_gradient_loss | -0.00225     |
|    std                  | 1.1          |
|    value_loss           | 0.0043       |
------------------------------------------
------------------------------------------
| rollout/                |              |
|    ep_len_mean          | 117          |
|    ep_rew_mean          | -0.6         |
| time/                   |              |
|    fps                  | 121          |
|    iterations           | 138          |
|    time_elapsed         | 289          |
|    total_timesteps      | 75520        |
| train/                  |              |
|    approx_kl            | 0.0066671725 |
|    clip_fraction        | 0.0809       |
|    clip_range           | 0.2          |
|    entropy_loss         | -3.01        |
|    explained_variance   | -0.0648      |
|    learning_rate        | 0.0003       |
|    loss                 | -0.0569      |
|    n_updates            | 2940         |
|    policy_gradient_loss | -0.00776     |
|    std                  | 1.1          |
|    value_loss           | 0.00612      |
------------------------------------------
-----------------------------------------
| rollout/                |             |
|    ep_len_mean          | 117         |
|    ep_rew_mean          | -0.603      |
| time/                   |             |
|    fps                  | 121         |
|    iterations           | 139         |
|    time_elapsed         | 292         |
|    total_timesteps      | 75776       |
| train/                  |             |
|    approx_kl            | 0.006638645 |
|    clip_fraction        | 0.0699      |
|    clip_range           | 0.2         |
|    entropy_loss         | -3.02       |
|    explained_variance   | -0.0385     |
|    learning_rate        | 0.0003      |
|    loss                 | -0.0233     |
|    n_updates            | 2950        |
|    policy_gradient_loss | -0.00644    |
|    std                  | 1.1         |
|    value_loss           | 0.00588     |
-----------------------------------------
------------------------------------------
| rollout/                |              |
|    ep_len_mean          | 117          |
|    ep_rew_mean          | -0.611       |
| time/                   |              |
|    fps                  | 121          |
|    iterations           | 140          |
|    time_elapsed         | 294          |
|    total_timesteps      | 76032        |
| train/                  |              |
|    approx_kl            | 0.0046939263 |
|    clip_fraction        | 0.0809       |
|    clip_range           | 0.2          |
|    entropy_loss         | -3.02        |
|    explained_variance   | 0.0402       |
|    learning_rate        | 0.0003       |
|    loss                 | -0.0193      |
|    n_updates            | 2960         |
|    policy_gradient_loss | -0.00893     |
|    std                  | 1.1          |
|    value_loss           | 0.0053       |
------------------------------------------
------------------------------------------
| rollout/                |              |
|    ep_len_mean          | 117          |
|    ep_rew_mean          | -0.615       |
| time/                   |              |
|    fps                  | 121          |
|    iterations           | 141          |
|    time_elapsed         | 296          |
|    total_timesteps      | 76288        |
| train/                  |              |
|    approx_kl            | 0.0050626257 |
|    clip_fraction        | 0.0766       |
|    clip_range           | 0.2          |
|    entropy_loss         | -3.02        |
|    explained_variance   | 0.0149       |
|    learning_rate        | 0.0003       |
|    loss                 | -0.0422      |
|    n_updates            | 2970         |
|    policy_gradient_loss | -0.00704     |
|    std                  | 1.1          |
|    value_loss           | 0.00584      |
------------------------------------------
------------------------------------------
| rollout/                |              |
|    ep_len_mean          | 117          |
|    ep_rew_mean          | -0.616       |
| time/                   |              |
|    fps                  | 121          |
|    iterations           | 142          |
|    time_elapsed         | 298          |
|    total_timesteps      | 76544        |
| train/                  |              |
|    approx_kl            | 0.0041095056 |
|    clip_fraction        | 0.0621       |
|    clip_range           | 0.2          |
|    entropy_loss         | -3.02        |
|    explained_variance   | -0.042       |
|    learning_rate        | 0.0003       |
|    loss                 | -0.047       |
|    n_updates            | 2980         |
|    policy_gradient_loss | -0.00575     |
|    std                  | 1.1          |
|    value_loss           | 0.00478      |
------------------------------------------
------------------------------------------
| rollout/                |              |
|    ep_len_mean          | 117          |
|    ep_rew_mean          | -0.608       |
| time/                   |              |
|    fps                  | 121          |
|    iterations           | 143          |
|    time_elapsed         | 300          |
|    total_timesteps      | 76800        |
| train/                  |              |
|    approx_kl            | 0.0045219697 |
|    clip_fraction        | 0.0258       |
|    clip_range           | 0.2          |
|    entropy_loss         | -3.02        |
|    explained_variance   | 0.152        |
|    learning_rate        | 0.0003       |
|    loss                 | -0.0258      |
|    n_updates            | 2990         |
|    policy_gradient_loss | -0.00341     |
|    std                  | 1.1          |
|    value_loss           | 0.00724      |
------------------------------------------
-----------------------------------------
| rollout/                |             |
|    ep_len_mean          | 117         |
|    ep_rew_mean          | -0.617      |
| time/                   |             |
|    fps                  | 121         |
|    iterations           | 144         |
|    time_elapsed         | 302         |
|    total_timesteps      | 77056       |
| train/                  |             |
|    approx_kl            | 0.005303531 |
|    clip_fraction        | 0.0816      |
|    clip_range           | 0.2         |
|    entropy_loss         | -3.02       |
|    explained_variance   | -0.197      |
|    learning_rate        | 0.0003      |
|    loss                 | -0.0316     |
|    n_updates            | 3000        |
|    policy_gradient_loss | -0.0101     |
|    std                  | 1.1         |
|    value_loss           | 0.00766     |
-----------------------------------------
-----------------------------------------
| rollout/                |             |
|    ep_len_mean          | 117         |
|    ep_rew_mean          | -0.605      |
| time/                   |             |
|    fps                  | 121         |
|    iterations           | 145         |
|    time_elapsed         | 304         |
|    total_timesteps      | 77312       |
| train/                  |             |
|    approx_kl            | 0.004755914 |
|    clip_fraction        | 0.0285      |
|    clip_range           | 0.2         |
|    entropy_loss         | -3.01       |
|    explained_variance   | -0.161      |
|    learning_rate        | 0.0003      |
|    loss                 | -0.028      |
|    n_updates            | 3010        |
|    policy_gradient_loss | -0.0029     |
|    std                  | 1.09        |
|    value_loss           | 0.00467     |
-----------------------------------------
-----------------------------------------
| rollout/                |             |
|    ep_len_mean          | 117         |
|    ep_rew_mean          | -0.612      |
| time/                   |             |
|    fps                  | 121         |
|    iterations           | 146         |
|    time_elapsed         | 306         |
|    total_timesteps      | 77568       |
| train/                  |             |
|    approx_kl            | 0.009567447 |
|    clip_fraction        | 0.103       |
|    clip_range           | 0.2         |
|    entropy_loss         | -3          |
|    explained_variance   | -0.0283     |
|    learning_rate        | 0.0003      |
|    loss                 | -0.046      |
|    n_updates            | 3020        |
|    policy_gradient_loss | -0.0118     |
|    std                  | 1.09        |
|    value_loss           | 0.00702     |
-----------------------------------------
-----------------------------------------
| rollout/                |             |
|    ep_len_mean          | 118         |
|    ep_rew_mean          | -0.814      |
| time/                   |             |
|    fps                  | 121         |
|    iterations           | 147         |
|    time_elapsed         | 308         |
|    total_timesteps      | 77824       |
| train/                  |             |
|    approx_kl            | 0.005385452 |
|    clip_fraction        | 0.0555      |
|    clip_range           | 0.2         |
|    entropy_loss         | -3          |
|    explained_variance   | 0.0443      |
|    learning_rate        | 0.0003      |
|    loss                 | -0.0215     |
|    n_updates            | 3030        |
|    policy_gradient_loss | -0.00364    |
|    std                  | 1.09        |
|    value_loss           | 0.0076      |
-----------------------------------------
-----------------------------------------
| rollout/                |             |
|    ep_len_mean          | 118         |
|    ep_rew_mean          | -0.815      |
| time/                   |             |
|    fps                  | 121         |
|    iterations           | 148         |
|    time_elapsed         | 310         |
|    total_timesteps      | 78080       |
| train/                  |             |
|    approx_kl            | 0.008683863 |
|    clip_fraction        | 0.0805      |
|    clip_range           | 0.2         |
|    entropy_loss         | -3          |
|    explained_variance   | 0.0339      |
|    learning_rate        | 0.0003      |
|    loss                 | -0.0548     |
|    n_updates            | 3040        |
|    policy_gradient_loss | -0.00848    |
|    std                  | 1.09        |
|    value_loss           | 0.00563     |
-----------------------------------------
------------------------------------------
| rollout/                |              |
|    ep_len_mean          | 118          |
|    ep_rew_mean          | -0.818       |
| time/                   |              |
|    fps                  | 121          |
|    iterations           | 149          |
|    time_elapsed         | 312          |
|    total_timesteps      | 78336        |
| train/                  |              |
|    approx_kl            | 0.0052633593 |
|    clip_fraction        | 0.0305       |
|    clip_range           | 0.2          |
|    entropy_loss         | -3           |
|    explained_variance   | 0.14         |
|    learning_rate        | 0.0003       |
|    loss                 | -0.0385      |
|    n_updates            | 3050         |
|    policy_gradient_loss | -0.00281     |
|    std                  | 1.09         |
|    value_loss           | 0.00452      |
------------------------------------------
------------------------------------------
| rollout/                |              |
|    ep_len_mean          | 119          |
|    ep_rew_mean          | -1.03        |
| time/                   |              |
|    fps                  | 121          |
|    iterations           | 150          |
|    time_elapsed         | 315          |
|    total_timesteps      | 78592        |
| train/                  |              |
|    approx_kl            | 0.0032615166 |
|    clip_fraction        | 0.00273      |
|    clip_range           | 0.2          |
|    entropy_loss         | -2.99        |
|    explained_variance   | 0.347        |
|    learning_rate        | 0.0003       |
|    loss                 | -0.0313      |
|    n_updates            | 3060         |
|    policy_gradient_loss | -0.000297    |
|    std                  | 1.09         |
|    value_loss           | 0.00644      |
------------------------------------------
-----------------------------------------
| rollout/                |             |
|    ep_len_mean          | 119         |
|    ep_rew_mean          | -1.02       |
| time/                   |             |
|    fps                  | 121         |
|    iterations           | 151         |
|    time_elapsed         | 317         |
|    total_timesteps      | 78848       |
| train/                  |             |
|    approx_kl            | 0.010394181 |
|    clip_fraction        | 0.143       |
|    clip_range           | 0.2         |
|    entropy_loss         | -2.99       |
|    explained_variance   | 0.084       |
|    learning_rate        | 0.0003      |
|    loss                 | -0.0233     |
|    n_updates            | 3070        |
|    policy_gradient_loss | -0.0114     |
|    std                  | 1.09        |
|    value_loss           | 0.00622     |
-----------------------------------------
-----------------------------------------
| rollout/                |             |
|    ep_len_mean          | 119         |
|    ep_rew_mean          | -1          |
| time/                   |             |
|    fps                  | 121         |
|    iterations           | 152         |
|    time_elapsed         | 319         |
|    total_timesteps      | 79104       |
| train/                  |             |
|    approx_kl            | 0.004521279 |
|    clip_fraction        | 0.00664     |
|    clip_range           | 0.2         |
|    entropy_loss         | -2.99       |
|    explained_variance   | -0.348      |
|    learning_rate        | 0.0003      |
|    loss                 | -0.0263     |
|    n_updates            | 3080        |
|    policy_gradient_loss | -0.00212    |
|    std                  | 1.09        |
|    value_loss           | 0.007       |
-----------------------------------------
------------------------------------------
| rollout/                |              |
|    ep_len_mean          | 119          |
|    ep_rew_mean          | -0.978       |
| time/                   |              |
|    fps                  | 121          |
|    iterations           | 153          |
|    time_elapsed         | 321          |
|    total_timesteps      | 79360        |
| train/                  |              |
|    approx_kl            | 0.0044186907 |
|    clip_fraction        | 0.00547      |
|    clip_range           | 0.2          |
|    entropy_loss         | -2.99        |
|    explained_variance   | -0.0361      |
|    learning_rate        | 0.0003       |
|    loss                 | -0.0309      |
|    n_updates            | 3090         |
|    policy_gradient_loss | -0.00108     |
|    std                  | 1.09         |
|    value_loss           | 0.00589      |
------------------------------------------
-----------------------------------------
| rollout/                |             |
|    ep_len_mean          | 120         |
|    ep_rew_mean          | -1.21       |
| time/                   |             |
|    fps                  | 121         |
|    iterations           | 154         |
|    time_elapsed         | 323         |
|    total_timesteps      | 79616       |
| train/                  |             |
|    approx_kl            | 0.005471866 |
|    clip_fraction        | 0.0406      |
|    clip_range           | 0.2         |
|    entropy_loss         | -2.99       |
|    explained_variance   | -0.0921     |
|    learning_rate        | 0.0003      |
|    loss                 | -0.0354     |
|    n_updates            | 3100        |
|    policy_gradient_loss | -0.00361    |
|    std                  | 1.09        |
|    value_loss           | 0.00675     |
-----------------------------------------
-----------------------------------------
| rollout/                |             |
|    ep_len_mean          | 120         |
|    ep_rew_mean          | -1.2        |
| time/                   |             |
|    fps                  | 121         |
|    iterations           | 155         |
|    time_elapsed         | 325         |
|    total_timesteps      | 79872       |
| train/                  |             |
|    approx_kl            | 0.008682299 |
|    clip_fraction        | 0.128       |
|    clip_range           | 0.2         |
|    entropy_loss         | -2.98       |
|    explained_variance   | -0.115      |
|    learning_rate        | 0.0003      |
|    loss                 | -0.0273     |
|    n_updates            | 3110        |
|    policy_gradient_loss | -0.0127     |
|    std                  | 1.08        |
|    value_loss           | 0.00627     |
-----------------------------------------
-----------------------------------------
| rollout/                |             |
|    ep_len_mean          | 120         |
|    ep_rew_mean          | -1.19       |
| time/                   |             |
|    fps                  | 121         |
|    iterations           | 156         |
|    time_elapsed         | 327         |
|    total_timesteps      | 80128       |
| train/                  |             |
|    approx_kl            | 0.004411534 |
|    clip_fraction        | 0.0215      |
|    clip_range           | 0.2         |
|    entropy_loss         | -2.98       |
|    explained_variance   | 0.0561      |
|    learning_rate        | 0.0003      |
|    loss                 | -0.0398     |
|    n_updates            | 3120        |
|    policy_gradient_loss | -0.00173    |
|    std                  | 1.08        |
|    value_loss           | 0.00687     |
-----------------------------------------
------------------------------------------
| rollout/                |              |
|    ep_len_mean          | 120          |
|    ep_rew_mean          | -1.19        |
| time/                   |              |
|    fps                  | 121          |
|    iterations           | 157          |
|    time_elapsed         | 329          |
|    total_timesteps      | 80384        |
| train/                  |              |
|    approx_kl            | 0.0055693043 |
|    clip_fraction        | 0.0207       |
|    clip_range           | 0.2          |
|    entropy_loss         | -2.98        |
|    explained_variance   | 0.147        |
|    learning_rate        | 0.0003       |
|    loss                 | -0.0344      |
|    n_updates            | 3130         |
|    policy_gradient_loss | -0.00253     |
|    std                  | 1.08         |
|    value_loss           | 0.00493      |
------------------------------------------
------------------------------------------
| rollout/                |              |
|    ep_len_mean          | 120          |
|    ep_rew_mean          | -1.2         |
| time/                   |              |
|    fps                  | 121          |
|    iterations           | 158          |
|    time_elapsed         | 331          |
|    total_timesteps      | 80640        |
| train/                  |              |
|    approx_kl            | 0.0076916437 |
|    clip_fraction        | 0.106        |
|    clip_range           | 0.2          |
|    entropy_loss         | -2.97        |
|    explained_variance   | -0.00451     |
|    learning_rate        | 0.0003       |
|    loss                 | -0.0321      |
|    n_updates            | 3140         |
|    policy_gradient_loss | -0.0103      |
|    std                  | 1.08         |
|    value_loss           | 0.00535      |
------------------------------------------
-----------------------------------------
| rollout/                |             |
|    ep_len_mean          | 120         |
|    ep_rew_mean          | -1.22       |
| time/                   |             |
|    fps                  | 121         |
|    iterations           | 159         |
|    time_elapsed         | 334         |
|    total_timesteps      | 80896       |
| train/                  |             |
|    approx_kl            | 0.008102332 |
|    clip_fraction        | 0.0242      |
|    clip_range           | 0.2         |
|    entropy_loss         | -2.97       |
|    explained_variance   | -0.0856     |
|    learning_rate        | 0.0003      |
|    loss                 | -0.02       |
|    n_updates            | 3150        |
|    policy_gradient_loss | -0.00352    |
|    std                  | 1.08        |
|    value_loss           | 0.00569     |
-----------------------------------------
-----------------------------------------
| rollout/                |             |
|    ep_len_mean          | 120         |
|    ep_rew_mean          | -1.21       |
| time/                   |             |
|    fps                  | 121         |
|    iterations           | 160         |
|    time_elapsed         | 336         |
|    total_timesteps      | 81152       |
| train/                  |             |
|    approx_kl            | 0.009936797 |
|    clip_fraction        | 0.122       |
|    clip_range           | 0.2         |
|    entropy_loss         | -2.98       |
|    explained_variance   | -0.0692     |
|    learning_rate        | 0.0003      |
|    loss                 | -0.0351     |
|    n_updates            | 3160        |
|    policy_gradient_loss | -0.0137     |
|    std                  | 1.08        |
|    value_loss           | 0.00457     |
-----------------------------------------
------------------------------------------
| rollout/                |              |
|    ep_len_mean          | 120          |
|    ep_rew_mean          | -1.2         |
| time/                   |              |
|    fps                  | 121          |
|    iterations           | 161          |
|    time_elapsed         | 338          |
|    total_timesteps      | 81408        |
| train/                  |              |
|    approx_kl            | 0.0051210197 |
|    clip_fraction        | 0.0375       |
|    clip_range           | 0.2          |
|    entropy_loss         | -2.97        |
|    explained_variance   | 0.0951       |
|    learning_rate        | 0.0003       |
|    loss                 | -0.0451      |
|    n_updates            | 3170         |
|    policy_gradient_loss | -0.00399     |
|    std                  | 1.07         |
|    value_loss           | 0.0043       |
------------------------------------------
------------------------------------------
| rollout/                |              |
|    ep_len_mean          | 120          |
|    ep_rew_mean          | -1.19        |
| time/                   |              |
|    fps                  | 121          |
|    iterations           | 162          |
|    time_elapsed         | 340          |
|    total_timesteps      | 81664        |
| train/                  |              |
|    approx_kl            | 0.0023533846 |
|    clip_fraction        | 0.00117      |
|    clip_range           | 0.2          |
|    entropy_loss         | -2.97        |
|    explained_variance   | -0.0369      |
|    learning_rate        | 0.0003       |
|    loss                 | -0.038       |
|    n_updates            | 3180         |
|    policy_gradient_loss | -0.00047     |
|    std                  | 1.08         |
|    value_loss           | 0.00532      |
------------------------------------------
------------------------------------------
| rollout/                |              |
|    ep_len_mean          | 120          |
|    ep_rew_mean          | -1.19        |
| time/                   |              |
|    fps                  | 121          |
|    iterations           | 163          |
|    time_elapsed         | 342          |
|    total_timesteps      | 81920        |
| train/                  |              |
|    approx_kl            | 0.0051707625 |
|    clip_fraction        | 0.0559       |
|    clip_range           | 0.2          |
|    entropy_loss         | -2.97        |
|    explained_variance   | 0.0607       |
|    learning_rate        | 0.0003       |
|    loss                 | -0.0357      |
|    n_updates            | 3190         |
|    policy_gradient_loss | -0.00441     |
|    std                  | 1.07         |
|    value_loss           | 0.00445      |
------------------------------------------
-----------------------------------------
| rollout/                |             |
|    ep_len_mean          | 120         |
|    ep_rew_mean          | -1.19       |
| time/                   |             |
|    fps                  | 121         |
|    iterations           | 164         |
|    time_elapsed         | 344         |
|    total_timesteps      | 82176       |
| train/                  |             |
|    approx_kl            | 0.008868594 |
|    clip_fraction        | 0.125       |
|    clip_range           | 0.2         |
|    entropy_loss         | -2.97       |
|    explained_variance   | -0.0688     |
|    learning_rate        | 0.0003      |
|    loss                 | -0.047      |
|    n_updates            | 3200        |
|    policy_gradient_loss | -0.0114     |
|    std                  | 1.08        |
|    value_loss           | 0.00509     |
-----------------------------------------
------------------------------------------
| rollout/                |              |
|    ep_len_mean          | 120          |
|    ep_rew_mean          | -1.2         |
| time/                   |              |
|    fps                  | 121          |
|    iterations           | 165          |
|    time_elapsed         | 346          |
|    total_timesteps      | 82432        |
| train/                  |              |
|    approx_kl            | 0.0058142506 |
|    clip_fraction        | 0.0629       |
|    clip_range           | 0.2          |
|    entropy_loss         | -2.98        |
|    explained_variance   | -0.0598      |
|    learning_rate        | 0.0003       |
|    loss                 | -0.0373      |
|    n_updates            | 3210         |
|    policy_gradient_loss | -0.00546     |
|    std                  | 1.08         |
|    value_loss           | 0.00353      |
------------------------------------------
------------------------------------------
| rollout/                |              |
|    ep_len_mean          | 120          |
|    ep_rew_mean          | -1.2         |
| time/                   |              |
|    fps                  | 121          |
|    iterations           | 166          |
|    time_elapsed         | 348          |
|    total_timesteps      | 82688        |
| train/                  |              |
|    approx_kl            | 0.0034367992 |
|    clip_fraction        | 0.0457       |
|    clip_range           | 0.2          |
|    entropy_loss         | -2.98        |
|    explained_variance   | 0.0705       |
|    learning_rate        | 0.0003       |
|    loss                 | -0.0328      |
|    n_updates            | 3220         |
|    policy_gradient_loss | -0.00343     |
|    std                  | 1.09         |
|    value_loss           | 0.00454      |
------------------------------------------
------------------------------------------
| rollout/                |              |
|    ep_len_mean          | 120          |
|    ep_rew_mean          | -1.2         |
| time/                   |              |
|    fps                  | 121          |
|    iterations           | 167          |
|    time_elapsed         | 350          |
|    total_timesteps      | 82944        |
| train/                  |              |
|    approx_kl            | 0.0050964365 |
|    clip_fraction        | 0.0531       |
|    clip_range           | 0.2          |
|    entropy_loss         | -2.98        |
|    explained_variance   | 0.0159       |
|    learning_rate        | 0.0003       |
|    loss                 | -0.04        |
|    n_updates            | 3230         |
|    policy_gradient_loss | -0.00649     |
|    std                  | 1.08         |
|    value_loss           | 0.00435      |
------------------------------------------
-----------------------------------------
| rollout/                |             |
|    ep_len_mean          | 120         |
|    ep_rew_mean          | -1.19       |
| time/                   |             |
|    fps                  | 121         |
|    iterations           | 168         |
|    time_elapsed         | 352         |
|    total_timesteps      | 83200       |
| train/                  |             |
|    approx_kl            | 0.006520482 |
|    clip_fraction        | 0.0676      |
|    clip_range           | 0.2         |
|    entropy_loss         | -2.97       |
|    explained_variance   | 0.000192    |
|    learning_rate        | 0.0003      |
|    loss                 | -0.0253     |
|    n_updates            | 3240        |
|    policy_gradient_loss | -0.00656    |
|    std                  | 1.07        |
|    value_loss           | 0.00617     |
-----------------------------------------
------------------------------------------
| rollout/                |              |
|    ep_len_mean          | 120          |
|    ep_rew_mean          | -1.19        |
| time/                   |              |
|    fps                  | 121          |
|    iterations           | 169          |
|    time_elapsed         | 355          |
|    total_timesteps      | 83456        |
| train/                  |              |
|    approx_kl            | 0.0042007137 |
|    clip_fraction        | 0.0363       |
|    clip_range           | 0.2          |
|    entropy_loss         | -2.96        |
|    explained_variance   | 0.00839      |
|    learning_rate        | 0.0003       |
|    loss                 | -0.0249      |
|    n_updates            | 3250         |
|    policy_gradient_loss | -0.00515     |
|    std                  | 1.07         |
|    value_loss           | 0.00482      |
------------------------------------------
-----------------------------------------
| rollout/                |             |
|    ep_len_mean          | 120         |
|    ep_rew_mean          | -1.19       |
| time/                   |             |
|    fps                  | 121         |
|    iterations           | 170         |
|    time_elapsed         | 357         |
|    total_timesteps      | 83712       |
| train/                  |             |
|    approx_kl            | 0.004497261 |
|    clip_fraction        | 0.027       |
|    clip_range           | 0.2         |
|    entropy_loss         | -2.95       |
|    explained_variance   | -0.0234     |
|    learning_rate        | 0.0003      |
|    loss                 | -0.0508     |
|    n_updates            | 3260        |
|    policy_gradient_loss | -0.00288    |
|    std                  | 1.07        |
|    value_loss           | 0.00598     |
-----------------------------------------
---------------------------------------
| rollout/                |           |
|    ep_len_mean          | 120       |
|    ep_rew_mean          | -1.19     |
| time/                   |           |
|    fps                  | 121       |
|    iterations           | 171       |
|    time_elapsed         | 359       |
|    total_timesteps      | 83968     |
| train/                  |           |
|    approx_kl            | 0.0041043 |
|    clip_fraction        | 0.0289    |
|    clip_range           | 0.2       |
|    entropy_loss         | -2.95     |
|    explained_variance   | 0.0152    |
|    learning_rate        | 0.0003    |
|    loss                 | -0.0412   |
|    n_updates            | 3270      |
|    policy_gradient_loss | -0.00218  |
|    std                  | 1.06      |
|    value_loss           | 0.00441   |
---------------------------------------
------------------------------------------
| rollout/                |              |
|    ep_len_mean          | 119          |
|    ep_rew_mean          | -0.985       |
| time/                   |              |
|    fps                  | 121          |
|    iterations           | 172          |
|    time_elapsed         | 361          |
|    total_timesteps      | 84224        |
| train/                  |              |
|    approx_kl            | 0.0076347943 |
|    clip_fraction        | 0.12         |
|    clip_range           | 0.2          |
|    entropy_loss         | -2.94        |
|    explained_variance   | 0.00182      |
|    learning_rate        | 0.0003       |
|    loss                 | -0.0247      |
|    n_updates            | 3280         |
|    policy_gradient_loss | -0.0103      |
|    std                  | 1.06         |
|    value_loss           | 0.00454      |
------------------------------------------
------------------------------------------
| rollout/                |              |
|    ep_len_mean          | 119          |
|    ep_rew_mean          | -0.988       |
| time/                   |              |
|    fps                  | 121          |
|    iterations           | 173          |
|    time_elapsed         | 363          |
|    total_timesteps      | 84480        |
| train/                  |              |
|    approx_kl            | 0.0073181875 |
|    clip_fraction        | 0.0242       |
|    clip_range           | 0.2          |
|    entropy_loss         | -2.93        |
|    explained_variance   | -0.00151     |
|    learning_rate        | 0.0003       |
|    loss                 | 3.02         |
|    n_updates            | 3290         |
|    policy_gradient_loss | -0.0015      |
|    std                  | 1.06         |
|    value_loss           | 9.68         |
------------------------------------------
------------------------------------------
| rollout/                |              |
|    ep_len_mean          | 119          |
|    ep_rew_mean          | -1           |
| time/                   |              |
|    fps                  | 121          |
|    iterations           | 174          |
|    time_elapsed         | 365          |
|    total_timesteps      | 84736        |
| train/                  |              |
|    approx_kl            | 0.0051423553 |
|    clip_fraction        | 0.0418       |
|    clip_range           | 0.2          |
|    entropy_loss         | -2.94        |
|    explained_variance   | -0.0777      |
|    learning_rate        | 0.0003       |
|    loss                 | -0.0198      |
|    n_updates            | 3300         |
|    policy_gradient_loss | -0.00388     |
|    std                  | 1.06         |
|    value_loss           | 0.00862      |
------------------------------------------
------------------------------------------
| rollout/                |              |
|    ep_len_mean          | 119          |
|    ep_rew_mean          | -0.991       |
| time/                   |              |
|    fps                  | 121          |
|    iterations           | 175          |
|    time_elapsed         | 367          |
|    total_timesteps      | 84992        |
| train/                  |              |
|    approx_kl            | 0.0044369884 |
|    clip_fraction        | 0.00547      |
|    clip_range           | 0.2          |
|    entropy_loss         | -2.95        |
|    explained_variance   | 0.121        |
|    learning_rate        | 0.0003       |
|    loss                 | -0.0273      |
|    n_updates            | 3310         |
|    policy_gradient_loss | -0.00124     |
|    std                  | 1.07         |
|    value_loss           | 0.00752      |
------------------------------------------
-----------------------------------------
| rollout/                |             |
|    ep_len_mean          | 119         |
|    ep_rew_mean          | -0.995      |
| time/                   |             |
|    fps                  | 121         |
|    iterations           | 176         |
|    time_elapsed         | 369         |
|    total_timesteps      | 85248       |
| train/                  |             |
|    approx_kl            | 0.005956235 |
|    clip_fraction        | 0.059       |
|    clip_range           | 0.2         |
|    entropy_loss         | -2.96       |
|    explained_variance   | 0.318       |
|    learning_rate        | 0.0003      |
|    loss                 | -0.0341     |
|    n_updates            | 3320        |
|    policy_gradient_loss | -0.00469    |
|    std                  | 1.07        |
|    value_loss           | 0.00509     |
-----------------------------------------
------------------------------------------
| rollout/                |              |
|    ep_len_mean          | 119          |
|    ep_rew_mean          | -0.996       |
| time/                   |              |
|    fps                  | 121          |
|    iterations           | 177          |
|    time_elapsed         | 371          |
|    total_timesteps      | 85504        |
| train/                  |              |
|    approx_kl            | 0.0073847114 |
|    clip_fraction        | 0.0477       |
|    clip_range           | 0.2          |
|    entropy_loss         | -2.96        |
|    explained_variance   | 0.479        |
|    learning_rate        | 0.0003       |
|    loss                 | -0.0368      |
|    n_updates            | 3330         |
|    policy_gradient_loss | -0.00535     |
|    std                  | 1.07         |
|    value_loss           | 0.00427      |
------------------------------------------
------------------------------------------
| rollout/                |              |
|    ep_len_mean          | 119          |
|    ep_rew_mean          | -0.993       |
| time/                   |              |
|    fps                  | 121          |
|    iterations           | 178          |
|    time_elapsed         | 373          |
|    total_timesteps      | 85760        |
| train/                  |              |
|    approx_kl            | 0.0040654773 |
|    clip_fraction        | 0.0305       |
|    clip_range           | 0.2          |
|    entropy_loss         | -2.96        |
|    explained_variance   | -0.0721      |
|    learning_rate        | 0.0003       |
|    loss                 | -0.0501      |
|    n_updates            | 3340         |
|    policy_gradient_loss | -0.00444     |
|    std                  | 1.07         |
|    value_loss           | 0.00479      |
------------------------------------------
-----------------------------------------
| rollout/                |             |
|    ep_len_mean          | 119         |
|    ep_rew_mean          | -0.999      |
| time/                   |             |
|    fps                  | 121         |
|    iterations           | 179         |
|    time_elapsed         | 375         |
|    total_timesteps      | 86016       |
| train/                  |             |
|    approx_kl            | 0.003483153 |
|    clip_fraction        | 0.0578      |
|    clip_range           | 0.2         |
|    entropy_loss         | -2.95       |
|    explained_variance   | -0.0804     |
|    learning_rate        | 0.0003      |
|    loss                 | -0.0288     |
|    n_updates            | 3350        |
|    policy_gradient_loss | -0.00336    |
|    std                  | 1.07        |
|    value_loss           | 0.00672     |
-----------------------------------------
------------------------------------------
| rollout/                |              |
|    ep_len_mean          | 119          |
|    ep_rew_mean          | -0.998       |
| time/                   |              |
|    fps                  | 121          |
|    iterations           | 180          |
|    time_elapsed         | 378          |
|    total_timesteps      | 86272        |
| train/                  |              |
|    approx_kl            | 0.0032559598 |
|    clip_fraction        | 0.0441       |
|    clip_range           | 0.2          |
|    entropy_loss         | -2.96        |
|    explained_variance   | -0.15        |
|    learning_rate        | 0.0003       |
|    loss                 | -0.0375      |
|    n_updates            | 3360         |
|    policy_gradient_loss | -0.00592     |
|    std                  | 1.07         |
|    value_loss           | 0.00457      |
------------------------------------------
------------------------------------------
| rollout/                |              |
|    ep_len_mean          | 119          |
|    ep_rew_mean          | -0.999       |
| time/                   |              |
|    fps                  | 121          |
|    iterations           | 181          |
|    time_elapsed         | 380          |
|    total_timesteps      | 86528        |
| train/                  |              |
|    approx_kl            | 0.0065565156 |
|    clip_fraction        | 0.0855       |
|    clip_range           | 0.2          |
|    entropy_loss         | -2.97        |
|    explained_variance   | 0.148        |
|    learning_rate        | 0.0003       |
|    loss                 | -0.0238      |
|    n_updates            | 3370         |
|    policy_gradient_loss | -0.00681     |
|    std                  | 1.08         |
|    value_loss           | 0.00438      |
------------------------------------------
-----------------------------------------
| rollout/                |             |
|    ep_len_mean          | 119         |
|    ep_rew_mean          | -1          |
| time/                   |             |
|    fps                  | 121         |
|    iterations           | 182         |
|    time_elapsed         | 382         |
|    total_timesteps      | 86784       |
| train/                  |             |
|    approx_kl            | 0.003936286 |
|    clip_fraction        | 0.075       |
|    clip_range           | 0.2         |
|    entropy_loss         | -2.97       |
|    explained_variance   | 0.0133      |
|    learning_rate        | 0.0003      |
|    loss                 | -0.0257     |
|    n_updates            | 3380        |
|    policy_gradient_loss | -0.00538    |
|    std                  | 1.08        |
|    value_loss           | 0.00494     |
-----------------------------------------
------------------------------------------
| rollout/                |              |
|    ep_len_mean          | 119          |
|    ep_rew_mean          | -0.998       |
| time/                   |              |
|    fps                  | 121          |
|    iterations           | 183          |
|    time_elapsed         | 384          |
|    total_timesteps      | 87040        |
| train/                  |              |
|    approx_kl            | 0.0045107473 |
|    clip_fraction        | 0.0203       |
|    clip_range           | 0.2          |
|    entropy_loss         | -2.97        |
|    explained_variance   | -0.182       |
|    learning_rate        | 0.0003       |
|    loss                 | -0.0251      |
|    n_updates            | 3390         |
|    policy_gradient_loss | -0.00103     |
|    std                  | 1.08         |
|    value_loss           | 0.00555      |
------------------------------------------
-----------------------------------------
| rollout/                |             |
|    ep_len_mean          | 119         |
|    ep_rew_mean          | -1          |
| time/                   |             |
|    fps                  | 121         |
|    iterations           | 184         |
|    time_elapsed         | 386         |
|    total_timesteps      | 87296       |
| train/                  |             |
|    approx_kl            | 0.005084792 |
|    clip_fraction        | 0.00586     |
|    clip_range           | 0.2         |
|    entropy_loss         | -2.97       |
|    explained_variance   | -0.0246     |
|    learning_rate        | 0.0003      |
|    loss                 | -0.0293     |
|    n_updates            | 3400        |
|    policy_gradient_loss | -0.00134    |
|    std                  | 1.07        |
|    value_loss           | 0.00582     |
-----------------------------------------
-----------------------------------------
| rollout/                |             |
|    ep_len_mean          | 119         |
|    ep_rew_mean          | -0.996      |
| time/                   |             |
|    fps                  | 121         |
|    iterations           | 185         |
|    time_elapsed         | 388         |
|    total_timesteps      | 87552       |
| train/                  |             |
|    approx_kl            | 0.008076502 |
|    clip_fraction        | 0.0988      |
|    clip_range           | 0.2         |
|    entropy_loss         | -2.97       |
|    explained_variance   | -0.0606     |
|    learning_rate        | 0.0003      |
|    loss                 | -0.0402     |
|    n_updates            | 3410        |
|    policy_gradient_loss | -0.00661    |
|    std                  | 1.07        |
|    value_loss           | 0.0067      |
-----------------------------------------
------------------------------------------
| rollout/                |              |
|    ep_len_mean          | 119          |
|    ep_rew_mean          | -1           |
| time/                   |              |
|    fps                  | 121          |
|    iterations           | 186          |
|    time_elapsed         | 390          |
|    total_timesteps      | 87808        |
| train/                  |              |
|    approx_kl            | 0.0066954866 |
|    clip_fraction        | 0.0434       |
|    clip_range           | 0.2          |
|    entropy_loss         | -2.97        |
|    explained_variance   | -0.15        |
|    learning_rate        | 0.0003       |
|    loss                 | -0.0522      |
|    n_updates            | 3420         |
|    policy_gradient_loss | -0.00483     |
|    std                  | 1.08         |
|    value_loss           | 0.00642      |
------------------------------------------
------------------------------------------
| rollout/                |              |
|    ep_len_mean          | 119          |
|    ep_rew_mean          | -1.01        |
| time/                   |              |
|    fps                  | 121          |
|    iterations           | 187          |
|    time_elapsed         | 392          |
|    total_timesteps      | 88064        |
| train/                  |              |
|    approx_kl            | 0.0035974635 |
|    clip_fraction        | 0.0426       |
|    clip_range           | 0.2          |
|    entropy_loss         | -2.98        |
|    explained_variance   | 0.116        |
|    learning_rate        | 0.0003       |
|    loss                 | -0.0394      |
|    n_updates            | 3430         |
|    policy_gradient_loss | -0.00335     |
|    std                  | 1.08         |
|    value_loss           | 0.00468      |
------------------------------------------
------------------------------------------
| rollout/                |              |
|    ep_len_mean          | 119          |
|    ep_rew_mean          | -1           |
| time/                   |              |
|    fps                  | 121          |
|    iterations           | 188          |
|    time_elapsed         | 394          |
|    total_timesteps      | 88320        |
| train/                  |              |
|    approx_kl            | 0.0050832042 |
|    clip_fraction        | 0.0711       |
|    clip_range           | 0.2          |
|    entropy_loss         | -2.98        |
|    explained_variance   | 0.00631      |
|    learning_rate        | 0.0003       |
|    loss                 | -0.0412      |
|    n_updates            | 3440         |
|    policy_gradient_loss | -0.00647     |
|    std                  | 1.08         |
|    value_loss           | 0.00539      |
------------------------------------------
-----------------------------------------
| rollout/                |             |
|    ep_len_mean          | 119         |
|    ep_rew_mean          | -1          |
| time/                   |             |
|    fps                  | 121         |
|    iterations           | 189         |
|    time_elapsed         | 396         |
|    total_timesteps      | 88576       |
| train/                  |             |
|    approx_kl            | 0.005789201 |
|    clip_fraction        | 0.0492      |
|    clip_range           | 0.2         |
|    entropy_loss         | -2.97       |
|    explained_variance   | -0.0161     |
|    learning_rate        | 0.0003      |
|    loss                 | -0.0373     |
|    n_updates            | 3450        |
|    policy_gradient_loss | -0.00447    |
|    std                  | 1.07        |
|    value_loss           | 0.00545     |
-----------------------------------------
-----------------------------------------
| rollout/                |             |
|    ep_len_mean          | 119         |
|    ep_rew_mean          | -1          |
| time/                   |             |
|    fps                  | 121         |
|    iterations           | 190         |
|    time_elapsed         | 398         |
|    total_timesteps      | 88832       |
| train/                  |             |
|    approx_kl            | 0.008240929 |
|    clip_fraction        | 0.0555      |
|    clip_range           | 0.2         |
|    entropy_loss         | -2.97       |
|    explained_variance   | 0.0835      |
|    learning_rate        | 0.0003      |
|    loss                 | -0.0323     |
|    n_updates            | 3460        |
|    policy_gradient_loss | -0.00227    |
|    std                  | 1.07        |
|    value_loss           | 0.00537     |
-----------------------------------------
-----------------------------------------
| rollout/                |             |
|    ep_len_mean          | 119         |
|    ep_rew_mean          | -1.01       |
| time/                   |             |
|    fps                  | 121         |
|    iterations           | 191         |
|    time_elapsed         | 400         |
|    total_timesteps      | 89088       |
| train/                  |             |
|    approx_kl            | 0.006154381 |
|    clip_fraction        | 0.025       |
|    clip_range           | 0.2         |
|    entropy_loss         | -2.97       |
|    explained_variance   | -0.0327     |
|    learning_rate        | 0.0003      |
|    loss                 | -0.0347     |
|    n_updates            | 3470        |
|    policy_gradient_loss | -0.00129    |
|    std                  | 1.07        |
|    value_loss           | 0.00485     |
-----------------------------------------
------------------------------------------
| rollout/                |              |
|    ep_len_mean          | 119          |
|    ep_rew_mean          | -1.02        |
| time/                   |              |
|    fps                  | 121          |
|    iterations           | 192          |
|    time_elapsed         | 403          |
|    total_timesteps      | 89344        |
| train/                  |              |
|    approx_kl            | 0.0045815306 |
|    clip_fraction        | 0.0719       |
|    clip_range           | 0.2          |
|    entropy_loss         | -2.97        |
|    explained_variance   | 0.107        |
|    learning_rate        | 0.0003       |
|    loss                 | -0.0405      |
|    n_updates            | 3480         |
|    policy_gradient_loss | -0.00853     |
|    std                  | 1.07         |
|    value_loss           | 0.00405      |
------------------------------------------
-----------------------------------------
| rollout/                |             |
|    ep_len_mean          | 119         |
|    ep_rew_mean          | -1.01       |
| time/                   |             |
|    fps                  | 121         |
|    iterations           | 193         |
|    time_elapsed         | 405         |
|    total_timesteps      | 89600       |
| train/                  |             |
|    approx_kl            | 0.010788787 |
|    clip_fraction        | 0.16        |
|    clip_range           | 0.2         |
|    entropy_loss         | -2.97       |
|    explained_variance   | -0.0289     |
|    learning_rate        | 0.0003      |
|    loss                 | -0.0394     |
|    n_updates            | 3490        |
|    policy_gradient_loss | -0.0175     |
|    std                  | 1.07        |
|    value_loss           | 0.00549     |
-----------------------------------------
------------------------------------------
| rollout/                |              |
|    ep_len_mean          | 119          |
|    ep_rew_mean          | -1.01        |
| time/                   |              |
|    fps                  | 121          |
|    iterations           | 194          |
|    time_elapsed         | 407          |
|    total_timesteps      | 89856        |
| train/                  |              |
|    approx_kl            | 0.0065991967 |
|    clip_fraction        | 0.102        |
|    clip_range           | 0.2          |
|    entropy_loss         | -2.97        |
|    explained_variance   | -0.0705      |
|    learning_rate        | 0.0003       |
|    loss                 | -0.0414      |
|    n_updates            | 3500         |
|    policy_gradient_loss | -0.0108      |
|    std                  | 1.08         |
|    value_loss           | 0.00495      |
------------------------------------------
-----------------------------------------
| rollout/                |             |
|    ep_len_mean          | 119         |
|    ep_rew_mean          | -1          |
| time/                   |             |
|    fps                  | 121         |
|    iterations           | 195         |
|    time_elapsed         | 409         |
|    total_timesteps      | 90112       |
| train/                  |             |
|    approx_kl            | 0.003984018 |
|    clip_fraction        | 0.00547     |
|    clip_range           | 0.2         |
|    entropy_loss         | -2.97       |
|    explained_variance   | 0.047       |
|    learning_rate        | 0.0003      |
|    loss                 | -0.0206     |
|    n_updates            | 3510        |
|    policy_gradient_loss | -0.000804   |
|    std                  | 1.08        |
|    value_loss           | 0.00338     |
-----------------------------------------
---------------------------------------
| rollout/                |           |
|    ep_len_mean          | 119       |
|    ep_rew_mean          | -1.01     |
| time/                   |           |
|    fps                  | 121       |
|    iterations           | 196       |
|    time_elapsed         | 411       |
|    total_timesteps      | 90368     |
| train/                  |           |
|    approx_kl            | 0.0099958 |
|    clip_fraction        | 0.0602    |
|    clip_range           | 0.2       |
|    entropy_loss         | -2.98     |
|    explained_variance   | 0.0153    |
|    learning_rate        | 0.0003    |
|    loss                 | -0.014    |
|    n_updates            | 3520      |
|    policy_gradient_loss | -0.00505  |
|    std                  | 1.08      |
|    value_loss           | 0.00483   |
---------------------------------------
------------------------------------------
| rollout/                |              |
|    ep_len_mean          | 119          |
|    ep_rew_mean          | -1.02        |
| time/                   |              |
|    fps                  | 121          |
|    iterations           | 197          |
|    time_elapsed         | 413          |
|    total_timesteps      | 90624        |
| train/                  |              |
|    approx_kl            | 0.0059881075 |
|    clip_fraction        | 0.0145       |
|    clip_range           | 0.2          |
|    entropy_loss         | -2.97        |
|    explained_variance   | -0.15        |
|    learning_rate        | 0.0003       |
|    loss                 | -0.027       |
|    n_updates            | 3530         |
|    policy_gradient_loss | -0.000973    |
|    std                  | 1.08         |
|    value_loss           | 0.00445      |
------------------------------------------
------------------------------------------
| rollout/                |              |
|    ep_len_mean          | 119          |
|    ep_rew_mean          | -1.01        |
| time/                   |              |
|    fps                  | 121          |
|    iterations           | 198          |
|    time_elapsed         | 415          |
|    total_timesteps      | 90880        |
| train/                  |              |
|    approx_kl            | 0.0063039837 |
|    clip_fraction        | 0.0453       |
|    clip_range           | 0.2          |
|    entropy_loss         | -2.97        |
|    explained_variance   | -0.0327      |
|    learning_rate        | 0.0003       |
|    loss                 | -0.0276      |
|    n_updates            | 3540         |
|    policy_gradient_loss | -0.00445     |
|    std                  | 1.08         |
|    value_loss           | 0.00437      |
------------------------------------------
------------------------------------------
| rollout/                |              |
|    ep_len_mean          | 119          |
|    ep_rew_mean          | -1.01        |
| time/                   |              |
|    fps                  | 121          |
|    iterations           | 199          |
|    time_elapsed         | 417          |
|    total_timesteps      | 91136        |
| train/                  |              |
|    approx_kl            | 0.0020183783 |
|    clip_fraction        | 0            |
|    clip_range           | 0.2          |
|    entropy_loss         | -2.97        |
|    explained_variance   | -0.0551      |
|    learning_rate        | 0.0003       |
|    loss                 | -0.0303      |
|    n_updates            | 3550         |
|    policy_gradient_loss | -0.000273    |
|    std                  | 1.07         |
|    value_loss           | 0.00427      |
------------------------------------------
------------------------------------------
| rollout/                |              |
|    ep_len_mean          | 119          |
|    ep_rew_mean          | -1.01        |
| time/                   |              |
|    fps                  | 121          |
|    iterations           | 200          |
|    time_elapsed         | 419          |
|    total_timesteps      | 91392        |
| train/                  |              |
|    approx_kl            | 0.0039428584 |
|    clip_fraction        | 0.0359       |
|    clip_range           | 0.2          |
|    entropy_loss         | -2.96        |
|    explained_variance   | -0.24        |
|    learning_rate        | 0.0003       |
|    loss                 | -0.0298      |
|    n_updates            | 3560         |
|    policy_gradient_loss | -0.00127     |
|    std                  | 1.07         |
|    value_loss           | 0.00439      |
------------------------------------------
------------------------------------------
| rollout/                |              |
|    ep_len_mean          | 119          |
|    ep_rew_mean          | -1.01        |
| time/                   |              |
|    fps                  | 121          |
|    iterations           | 201          |
|    time_elapsed         | 422          |
|    total_timesteps      | 91648        |
| train/                  |              |
|    approx_kl            | 0.0044949367 |
|    clip_fraction        | 0.0652       |
|    clip_range           | 0.2          |
|    entropy_loss         | -2.96        |
|    explained_variance   | 0.0482       |
|    learning_rate        | 0.0003       |
|    loss                 | -0.049       |
|    n_updates            | 3570         |
|    policy_gradient_loss | -0.00934     |
|    std                  | 1.07         |
|    value_loss           | 0.00457      |
------------------------------------------
------------------------------------------
| rollout/                |              |
|    ep_len_mean          | 119          |
|    ep_rew_mean          | -1.01        |
| time/                   |              |
|    fps                  | 121          |
|    iterations           | 202          |
|    time_elapsed         | 424          |
|    total_timesteps      | 91904        |
| train/                  |              |
|    approx_kl            | 0.0038896948 |
|    clip_fraction        | 0.0656       |
|    clip_range           | 0.2          |
|    entropy_loss         | -2.96        |
|    explained_variance   | 0.0293       |
|    learning_rate        | 0.0003       |
|    loss                 | -0.0392      |
|    n_updates            | 3580         |
|    policy_gradient_loss | -0.00638     |
|    std                  | 1.06         |
|    value_loss           | 0.00396      |
------------------------------------------
-----------------------------------------
| rollout/                |             |
|    ep_len_mean          | 119         |
|    ep_rew_mean          | -1.01       |
| time/                   |             |
|    fps                  | 121         |
|    iterations           | 203         |
|    time_elapsed         | 426         |
|    total_timesteps      | 92160       |
| train/                  |             |
|    approx_kl            | 0.005106224 |
|    clip_fraction        | 0.0348      |
|    clip_range           | 0.2         |
|    entropy_loss         | -2.95       |
|    explained_variance   | -0.00244    |
|    learning_rate        | 0.0003      |
|    loss                 | -0.0258     |
|    n_updates            | 3590        |
|    policy_gradient_loss | -0.00248    |
|    std                  | 1.06        |
|    value_loss           | 0.00348     |
-----------------------------------------
------------------------------------------
| rollout/                |              |
|    ep_len_mean          | 119          |
|    ep_rew_mean          | -1           |
| time/                   |              |
|    fps                  | 121          |
|    iterations           | 204          |
|    time_elapsed         | 428          |
|    total_timesteps      | 92416        |
| train/                  |              |
|    approx_kl            | 0.0055983933 |
|    clip_fraction        | 0.0336       |
|    clip_range           | 0.2          |
|    entropy_loss         | -2.95        |
|    explained_variance   | 0.0893       |
|    learning_rate        | 0.0003       |
|    loss                 | -0.035       |
|    n_updates            | 3600         |
|    policy_gradient_loss | -0.00332     |
|    std                  | 1.07         |
|    value_loss           | 0.00374      |
------------------------------------------
-----------------------------------------
| rollout/                |             |
|    ep_len_mean          | 119         |
|    ep_rew_mean          | -1          |
| time/                   |             |
|    fps                  | 121         |
|    iterations           | 205         |
|    time_elapsed         | 430         |
|    total_timesteps      | 92672       |
| train/                  |             |
|    approx_kl            | 0.006117643 |
|    clip_fraction        | 0.0699      |
|    clip_range           | 0.2         |
|    entropy_loss         | -2.95       |
|    explained_variance   | 0.102       |
|    learning_rate        | 0.0003      |
|    loss                 | -0.0351     |
|    n_updates            | 3610        |
|    policy_gradient_loss | -0.00571    |
|    std                  | 1.06        |
|    value_loss           | 0.00407     |
-----------------------------------------
-----------------------------------------
| rollout/                |             |
|    ep_len_mean          | 119         |
|    ep_rew_mean          | -0.999      |
| time/                   |             |
|    fps                  | 121         |
|    iterations           | 206         |
|    time_elapsed         | 432         |
|    total_timesteps      | 92928       |
| train/                  |             |
|    approx_kl            | 0.006127015 |
|    clip_fraction        | 0.0988      |
|    clip_range           | 0.2         |
|    entropy_loss         | -2.95       |
|    explained_variance   | 0.109       |
|    learning_rate        | 0.0003      |
|    loss                 | -0.0349     |
|    n_updates            | 3620        |
|    policy_gradient_loss | -0.0105     |
|    std                  | 1.06        |
|    value_loss           | 0.00415     |
-----------------------------------------
-----------------------------------------
| rollout/                |             |
|    ep_len_mean          | 119         |
|    ep_rew_mean          | -1          |
| time/                   |             |
|    fps                  | 121         |
|    iterations           | 207         |
|    time_elapsed         | 434         |
|    total_timesteps      | 93184       |
| train/                  |             |
|    approx_kl            | 0.009720764 |
|    clip_fraction        | 0.0543      |
|    clip_range           | 0.2         |
|    entropy_loss         | -2.95       |
|    explained_variance   | 0.107       |
|    learning_rate        | 0.0003      |
|    loss                 | -0.0243     |
|    n_updates            | 3630        |
|    policy_gradient_loss | -0.00218    |
|    std                  | 1.06        |
|    value_loss           | 0.00417     |
-----------------------------------------
---------------------------------------
| rollout/                |           |
|    ep_len_mean          | 119       |
|    ep_rew_mean          | -1        |
| time/                   |           |
|    fps                  | 121       |
|    iterations           | 208       |
|    time_elapsed         | 436       |
|    total_timesteps      | 93440     |
| train/                  |           |
|    approx_kl            | 0.0081997 |
|    clip_fraction        | 0.0187    |
|    clip_range           | 0.2       |
|    entropy_loss         | -2.95     |
|    explained_variance   | 0.0524    |
|    learning_rate        | 0.0003    |
|    loss                 | -0.0476   |
|    n_updates            | 3640      |
|    policy_gradient_loss | -0.000673 |
|    std                  | 1.07      |
|    value_loss           | 0.00554   |
---------------------------------------
------------------------------------------
| rollout/                |              |
|    ep_len_mean          | 119          |
|    ep_rew_mean          | -0.998       |
| time/                   |              |
|    fps                  | 121          |
|    iterations           | 209          |
|    time_elapsed         | 438          |
|    total_timesteps      | 93696        |
| train/                  |              |
|    approx_kl            | 0.0055619944 |
|    clip_fraction        | 0.0578       |
|    clip_range           | 0.2          |
|    entropy_loss         | -2.96        |
|    explained_variance   | -0.00323     |
|    learning_rate        | 0.0003       |
|    loss                 | -0.0321      |
|    n_updates            | 3650         |
|    policy_gradient_loss | -0.00406     |
|    std                  | 1.07         |
|    value_loss           | 0.00382      |
------------------------------------------
-----------------------------------------
| rollout/                |             |
|    ep_len_mean          | 119         |
|    ep_rew_mean          | -0.997      |
| time/                   |             |
|    fps                  | 121         |
|    iterations           | 210         |
|    time_elapsed         | 440         |
|    total_timesteps      | 93952       |
| train/                  |             |
|    approx_kl            | 0.005960961 |
|    clip_fraction        | 0.0324      |
|    clip_range           | 0.2         |
|    entropy_loss         | -2.96       |
|    explained_variance   | -0.0213     |
|    learning_rate        | 0.0003      |
|    loss                 | -0.0387     |
|    n_updates            | 3660        |
|    policy_gradient_loss | -0.00288    |
|    std                  | 1.07        |
|    value_loss           | 0.00498     |
-----------------------------------------
-----------------------------------------
| rollout/                |             |
|    ep_len_mean          | 119         |
|    ep_rew_mean          | -0.996      |
| time/                   |             |
|    fps                  | 121         |
|    iterations           | 211         |
|    time_elapsed         | 443         |
|    total_timesteps      | 94208       |
| train/                  |             |
|    approx_kl            | 0.007863611 |
|    clip_fraction        | 0.0789      |
|    clip_range           | 0.2         |
|    entropy_loss         | -2.96       |
|    explained_variance   | -0.0377     |
|    learning_rate        | 0.0003      |
|    loss                 | -0.0402     |
|    n_updates            | 3670        |
|    policy_gradient_loss | -0.00468    |
|    std                  | 1.07        |
|    value_loss           | 0.00433     |
-----------------------------------------
------------------------------------------
| rollout/                |              |
|    ep_len_mean          | 119          |
|    ep_rew_mean          | -0.996       |
| time/                   |              |
|    fps                  | 121          |
|    iterations           | 212          |
|    time_elapsed         | 445          |
|    total_timesteps      | 94464        |
| train/                  |              |
|    approx_kl            | 0.0024523023 |
|    clip_fraction        | 0.000391     |
|    clip_range           | 0.2          |
|    entropy_loss         | -2.96        |
|    explained_variance   | 0.102        |
|    learning_rate        | 0.0003       |
|    loss                 | -0.0309      |
|    n_updates            | 3680         |
|    policy_gradient_loss | -0.00106     |
|    std                  | 1.07         |
|    value_loss           | 0.00534      |
------------------------------------------
-------------------------------------------
| rollout/                |               |
|    ep_len_mean          | 119           |
|    ep_rew_mean          | -0.996        |
| time/                   |               |
|    fps                  | 121           |
|    iterations           | 213           |
|    time_elapsed         | 447           |
|    total_timesteps      | 94720         |
| train/                  |               |
|    approx_kl            | 0.00034812256 |
|    clip_fraction        | 0             |
|    clip_range           | 0.2           |
|    entropy_loss         | -2.96         |
|    explained_variance   | 0.153         |
|    learning_rate        | 0.0003        |
|    loss                 | -0.0274       |
|    n_updates            | 3690          |
|    policy_gradient_loss | 0.000143      |
|    std                  | 1.07          |
|    value_loss           | 0.00419       |
-------------------------------------------
------------------------------------------
| rollout/                |              |
|    ep_len_mean          | 119          |
|    ep_rew_mean          | -0.998       |
| time/                   |              |
|    fps                  | 121          |
|    iterations           | 214          |
|    time_elapsed         | 449          |
|    total_timesteps      | 94976        |
| train/                  |              |
|    approx_kl            | 0.0072235325 |
|    clip_fraction        | 0.0176       |
|    clip_range           | 0.2          |
|    entropy_loss         | -2.96        |
|    explained_variance   | -0.0803      |
|    learning_rate        | 0.0003       |
|    loss                 | -0.0222      |
|    n_updates            | 3700         |
|    policy_gradient_loss | -0.00263     |
|    std                  | 1.07         |
|    value_loss           | 0.00539      |
------------------------------------------
------------------------------------------
| rollout/                |              |
|    ep_len_mean          | 119          |
|    ep_rew_mean          | -1           |
| time/                   |              |
|    fps                  | 121          |
|    iterations           | 215          |
|    time_elapsed         | 451          |
|    total_timesteps      | 95232        |
| train/                  |              |
|    approx_kl            | 0.0058004856 |
|    clip_fraction        | 0.0504       |
|    clip_range           | 0.2          |
|    entropy_loss         | -2.96        |
|    explained_variance   | 0.189        |
|    learning_rate        | 0.0003       |
|    loss                 | -0.044       |
|    n_updates            | 3710         |
|    policy_gradient_loss | -0.00408     |
|    std                  | 1.06         |
|    value_loss           | 0.0045       |
------------------------------------------
------------------------------------------
| rollout/                |              |
|    ep_len_mean          | 119          |
|    ep_rew_mean          | -1.01        |
| time/                   |              |
|    fps                  | 121          |
|    iterations           | 216          |
|    time_elapsed         | 453          |
|    total_timesteps      | 95488        |
| train/                  |              |
|    approx_kl            | 0.0064983424 |
|    clip_fraction        | 0.0734       |
|    clip_range           | 0.2          |
|    entropy_loss         | -2.95        |
|    explained_variance   | 0.17         |
|    learning_rate        | 0.0003       |
|    loss                 | -0.0167      |
|    n_updates            | 3720         |
|    policy_gradient_loss | -0.00878     |
|    std                  | 1.06         |
|    value_loss           | 0.00353      |
------------------------------------------
------------------------------------------
| rollout/                |              |
|    ep_len_mean          | 119          |
|    ep_rew_mean          | -1.01        |
| time/                   |              |
|    fps                  | 121          |
|    iterations           | 217          |
|    time_elapsed         | 455          |
|    total_timesteps      | 95744        |
| train/                  |              |
|    approx_kl            | 0.0036343972 |
|    clip_fraction        | 0.0227       |
|    clip_range           | 0.2          |
|    entropy_loss         | -2.95        |
|    explained_variance   | 0.114        |
|    learning_rate        | 0.0003       |
|    loss                 | -0.0234      |
|    n_updates            | 3730         |
|    policy_gradient_loss | -0.00307     |
|    std                  | 1.06         |
|    value_loss           | 0.00359      |
------------------------------------------
-----------------------------------------
| rollout/                |             |
|    ep_len_mean          | 120         |
|    ep_rew_mean          | -1.22       |
| time/                   |             |
|    fps                  | 121         |
|    iterations           | 218         |
|    time_elapsed         | 457         |
|    total_timesteps      | 96000       |
| train/                  |             |
|    approx_kl            | 0.006059273 |
|    clip_fraction        | 0.0719      |
|    clip_range           | 0.2         |
|    entropy_loss         | -2.95       |
|    explained_variance   | -0.108      |
|    learning_rate        | 0.0003      |
|    loss                 | -0.0451     |
|    n_updates            | 3740        |
|    policy_gradient_loss | -0.00524    |
|    std                  | 1.06        |
|    value_loss           | 0.00416     |
-----------------------------------------
------------------------------------------
| rollout/                |              |
|    ep_len_mean          | 120          |
|    ep_rew_mean          | -1.22        |
| time/                   |              |
|    fps                  | 121          |
|    iterations           | 219          |
|    time_elapsed         | 459          |
|    total_timesteps      | 96256        |
| train/                  |              |
|    approx_kl            | 0.0033696068 |
|    clip_fraction        | 0.00313      |
|    clip_range           | 0.2          |
|    entropy_loss         | -2.95        |
|    explained_variance   | 0.0936       |
|    learning_rate        | 0.0003       |
|    loss                 | -0.0317      |
|    n_updates            | 3750         |
|    policy_gradient_loss | -0.000295    |
|    std                  | 1.06         |
|    value_loss           | 0.00345      |
------------------------------------------
-----------------------------------------
| rollout/                |             |
|    ep_len_mean          | 120         |
|    ep_rew_mean          | -1.22       |
| time/                   |             |
|    fps                  | 121         |
|    iterations           | 220         |
|    time_elapsed         | 462         |
|    total_timesteps      | 96512       |
| train/                  |             |
|    approx_kl            | 0.005524965 |
|    clip_fraction        | 0.0746      |
|    clip_range           | 0.2         |
|    entropy_loss         | -2.95       |
|    explained_variance   | 0.125       |
|    learning_rate        | 0.0003      |
|    loss                 | -0.0294     |
|    n_updates            | 3760        |
|    policy_gradient_loss | -0.00275    |
|    std                  | 1.06        |
|    value_loss           | 0.00391     |
-----------------------------------------
-----------------------------------------
| rollout/                |             |
|    ep_len_mean          | 120         |
|    ep_rew_mean          | -1.22       |
| time/                   |             |
|    fps                  | 121         |
|    iterations           | 221         |
|    time_elapsed         | 464         |
|    total_timesteps      | 96768       |
| train/                  |             |
|    approx_kl            | 0.001369209 |
|    clip_fraction        | 0.0219      |
|    clip_range           | 0.2         |
|    entropy_loss         | -2.94       |
|    explained_variance   | -0.278      |
|    learning_rate        | 0.0003      |
|    loss                 | -0.0254     |
|    n_updates            | 3770        |
|    policy_gradient_loss | -0.00309    |
|    std                  | 1.06        |
|    value_loss           | 0.00497     |
-----------------------------------------
------------------------------------------
| rollout/                |              |
|    ep_len_mean          | 120          |
|    ep_rew_mean          | -1.22        |
| time/                   |              |
|    fps                  | 121          |
|    iterations           | 222          |
|    time_elapsed         | 466          |
|    total_timesteps      | 97024        |
| train/                  |              |
|    approx_kl            | 0.0013839575 |
|    clip_fraction        | 0            |
|    clip_range           | 0.2          |
|    entropy_loss         | -2.94        |
|    explained_variance   | -0.0116      |
|    learning_rate        | 0.0003       |
|    loss                 | -0.0382      |
|    n_updates            | 3780         |
|    policy_gradient_loss | -0.000393    |
|    std                  | 1.06         |
|    value_loss           | 0.00361      |
------------------------------------------
-----------------------------------------
| rollout/                |             |
|    ep_len_mean          | 120         |
|    ep_rew_mean          | -1.22       |
| time/                   |             |
|    fps                  | 121         |
|    iterations           | 223         |
|    time_elapsed         | 468         |
|    total_timesteps      | 97280       |
| train/                  |             |
|    approx_kl            | 0.003019883 |
|    clip_fraction        | 0.0172      |
|    clip_range           | 0.2         |
|    entropy_loss         | -2.94       |
|    explained_variance   | -0.0595     |
|    learning_rate        | 0.0003      |
|    loss                 | -0.0366     |
|    n_updates            | 3790        |
|    policy_gradient_loss | -0.00243    |
|    std                  | 1.06        |
|    value_loss           | 0.00403     |
-----------------------------------------
------------------------------------------
| rollout/                |              |
|    ep_len_mean          | 120          |
|    ep_rew_mean          | -1.22        |
| time/                   |              |
|    fps                  | 121          |
|    iterations           | 224          |
|    time_elapsed         | 470          |
|    total_timesteps      | 97536        |
| train/                  |              |
|    approx_kl            | 0.0045686485 |
|    clip_fraction        | 0.00547      |
|    clip_range           | 0.2          |
|    entropy_loss         | -2.94        |
|    explained_variance   | 0.0337       |
|    learning_rate        | 0.0003       |
|    loss                 | -0.0229      |
|    n_updates            | 3800         |
|    policy_gradient_loss | -0.00121     |
|    std                  | 1.05         |
|    value_loss           | 0.00364      |
------------------------------------------
-----------------------------------------
| rollout/                |             |
|    ep_len_mean          | 120         |
|    ep_rew_mean          | -1.22       |
| time/                   |             |
|    fps                  | 121         |
|    iterations           | 225         |
|    time_elapsed         | 472         |
|    total_timesteps      | 97792       |
| train/                  |             |
|    approx_kl            | 0.007370441 |
|    clip_fraction        | 0.0414      |
|    clip_range           | 0.2         |
|    entropy_loss         | -2.93       |
|    explained_variance   | -0.0437     |
|    learning_rate        | 0.0003      |
|    loss                 | -0.013      |
|    n_updates            | 3810        |
|    policy_gradient_loss | -0.00137    |
|    std                  | 1.05        |
|    value_loss           | 0.00394     |
-----------------------------------------
------------------------------------------
| rollout/                |              |
|    ep_len_mean          | 120          |
|    ep_rew_mean          | -1.22        |
| time/                   |              |
|    fps                  | 121          |
|    iterations           | 226          |
|    time_elapsed         | 474          |
|    total_timesteps      | 98048        |
| train/                  |              |
|    approx_kl            | 0.0075480426 |
|    clip_fraction        | 0.093        |
|    clip_range           | 0.2          |
|    entropy_loss         | -2.93        |
|    explained_variance   | 0.00346      |
|    learning_rate        | 0.0003       |
|    loss                 | -0.0374      |
|    n_updates            | 3820         |
|    policy_gradient_loss | -0.00889     |
|    std                  | 1.05         |
|    value_loss           | 0.00417      |
------------------------------------------
------------------------------------------
| rollout/                |              |
|    ep_len_mean          | 120          |
|    ep_rew_mean          | -1.22        |
| time/                   |              |
|    fps                  | 121          |
|    iterations           | 227          |
|    time_elapsed         | 476          |
|    total_timesteps      | 98304        |
| train/                  |              |
|    approx_kl            | 0.0053521385 |
|    clip_fraction        | 0.00937      |
|    clip_range           | 0.2          |
|    entropy_loss         | -2.93        |
|    explained_variance   | 0.00089      |
|    learning_rate        | 0.0003       |
|    loss                 | -0.0574      |
|    n_updates            | 3830         |
|    policy_gradient_loss | -0.00123     |
|    std                  | 1.05         |
|    value_loss           | 0.00445      |
------------------------------------------
------------------------------------------
| rollout/                |              |
|    ep_len_mean          | 120          |
|    ep_rew_mean          | -1.22        |
| time/                   |              |
|    fps                  | 121          |
|    iterations           | 228          |
|    time_elapsed         | 478          |
|    total_timesteps      | 98560        |
| train/                  |              |
|    approx_kl            | 0.0024882683 |
|    clip_fraction        | 0.00195      |
|    clip_range           | 0.2          |
|    entropy_loss         | -2.93        |
|    explained_variance   | 0.0285       |
|    learning_rate        | 0.0003       |
|    loss                 | -0.0312      |
|    n_updates            | 3840         |
|    policy_gradient_loss | -0.000629    |
|    std                  | 1.05         |
|    value_loss           | 0.00441      |
------------------------------------------
-----------------------------------------
| rollout/                |             |
|    ep_len_mean          | 120         |
|    ep_rew_mean          | -1.21       |
| time/                   |             |
|    fps                  | 121         |
|    iterations           | 229         |
|    time_elapsed         | 480         |
|    total_timesteps      | 98816       |
| train/                  |             |
|    approx_kl            | 0.004014458 |
|    clip_fraction        | 0.0406      |
|    clip_range           | 0.2         |
|    entropy_loss         | -2.93       |
|    explained_variance   | -0.0271     |
|    learning_rate        | 0.0003      |
|    loss                 | -0.032      |
|    n_updates            | 3850        |
|    policy_gradient_loss | -0.00408    |
|    std                  | 1.05        |
|    value_loss           | 0.00512     |
-----------------------------------------
------------------------------------------
| rollout/                |              |
|    ep_len_mean          | 120          |
|    ep_rew_mean          | -1.21        |
| time/                   |              |
|    fps                  | 121          |
|    iterations           | 230          |
|    time_elapsed         | 482          |
|    total_timesteps      | 99072        |
| train/                  |              |
|    approx_kl            | 0.0027676753 |
|    clip_fraction        | 0.0227       |
|    clip_range           | 0.2          |
|    entropy_loss         | -2.93        |
|    explained_variance   | 0.0248       |
|    learning_rate        | 0.0003       |
|    loss                 | -0.0338      |
|    n_updates            | 3860         |
|    policy_gradient_loss | -0.00365     |
|    std                  | 1.05         |
|    value_loss           | 0.00489      |
------------------------------------------
------------------------------------------
| rollout/                |              |
|    ep_len_mean          | 120          |
|    ep_rew_mean          | -1.21        |
| time/                   |              |
|    fps                  | 121          |
|    iterations           | 231          |
|    time_elapsed         | 484          |
|    total_timesteps      | 99328        |
| train/                  |              |
|    approx_kl            | 0.0072562676 |
|    clip_fraction        | 0.0539       |
|    clip_range           | 0.2          |
|    entropy_loss         | -2.92        |
|    explained_variance   | 0.0164       |
|    learning_rate        | 0.0003       |
|    loss                 | -0.0375      |
|    n_updates            | 3870         |
|    policy_gradient_loss | -0.00377     |
|    std                  | 1.05         |
|    value_loss           | 0.00559      |
------------------------------------------
-----------------------------------------
| rollout/                |             |
|    ep_len_mean          | 120         |
|    ep_rew_mean          | -1.21       |
| time/                   |             |
|    fps                  | 121         |
|    iterations           | 232         |
|    time_elapsed         | 486         |
|    total_timesteps      | 99584       |
| train/                  |             |
|    approx_kl            | 0.007972844 |
|    clip_fraction        | 0.0355      |
|    clip_range           | 0.2         |
|    entropy_loss         | -2.92       |
|    explained_variance   | 0.141       |
|    learning_rate        | 0.0003      |
|    loss                 | -0.0212     |
|    n_updates            | 3880        |
|    policy_gradient_loss | -0.00356    |
|    std                  | 1.05        |
|    value_loss           | 0.00616     |
-----------------------------------------
------------------------------------------
| rollout/                |              |
|    ep_len_mean          | 120          |
|    ep_rew_mean          | -1.2         |
| time/                   |              |
|    fps                  | 121          |
|    iterations           | 233          |
|    time_elapsed         | 489          |
|    total_timesteps      | 99840        |
| train/                  |              |
|    approx_kl            | 0.0055439333 |
|    clip_fraction        | 0.0863       |
|    clip_range           | 0.2          |
|    entropy_loss         | -2.93        |
|    explained_variance   | -0.0335      |
|    learning_rate        | 0.0003       |
|    loss                 | -0.0155      |
|    n_updates            | 3890         |
|    policy_gradient_loss | -0.00299     |
|    std                  | 1.05         |
|    value_loss           | 0.00528      |
------------------------------------------
------------------------------------------
| rollout/                |              |
|    ep_len_mean          | 120          |
|    ep_rew_mean          | -1.2         |
| time/                   |              |
|    fps                  | 121          |
|    iterations           | 234          |
|    time_elapsed         | 491          |
|    total_timesteps      | 100096       |
| train/                  |              |
|    approx_kl            | 0.0056228265 |
|    clip_fraction        | 0.0785       |
|    clip_range           | 0.2          |
|    entropy_loss         | -2.93        |
|    explained_variance   | -0.0507      |
|    learning_rate        | 0.0003       |
|    loss                 | -0.05        |
|    n_updates            | 3900         |
|    policy_gradient_loss | -0.00863     |
|    std                  | 1.05         |
|    value_loss           | 0.0063       |
------------------------------------------
-----------------------------------------
| rollout/                |             |
|    ep_len_mean          | 120         |
|    ep_rew_mean          | -1.21       |
| time/                   |             |
|    fps                  | 121         |
|    iterations           | 235         |
|    time_elapsed         | 493         |
|    total_timesteps      | 100352      |
| train/                  |             |
|    approx_kl            | 0.003325344 |
|    clip_fraction        | 0.00156     |
|    clip_range           | 0.2         |
|    entropy_loss         | -2.93       |
|    explained_variance   | 0.0536      |
|    learning_rate        | 0.0003      |
|    loss                 | -0.0149     |
|    n_updates            | 3910        |
|    policy_gradient_loss | 0.00033     |
|    std                  | 1.05        |
|    value_loss           | 0.00614     |
-----------------------------------------
-----------------------------------------
| rollout/                |             |
|    ep_len_mean          | 120         |
|    ep_rew_mean          | -1.2        |
| time/                   |             |
|    fps                  | 121         |
|    iterations           | 236         |
|    time_elapsed         | 495         |
|    total_timesteps      | 100608      |
| train/                  |             |
|    approx_kl            | 0.004403538 |
|    clip_fraction        | 0.0191      |
|    clip_range           | 0.2         |
|    entropy_loss         | -2.92       |
|    explained_variance   | 0.085       |
|    learning_rate        | 0.0003      |
|    loss                 | -0.0206     |
|    n_updates            | 3920        |
|    policy_gradient_loss | -0.00175    |
|    std                  | 1.05        |
|    value_loss           | 0.00691     |
-----------------------------------------
-----------------------------------------
| rollout/                |             |
|    ep_len_mean          | 120         |
|    ep_rew_mean          | -1.2        |
| time/                   |             |
|    fps                  | 121         |
|    iterations           | 237         |
|    time_elapsed         | 497         |
|    total_timesteps      | 100864      |
| train/                  |             |
|    approx_kl            | 0.006289215 |
|    clip_fraction        | 0.0496      |
|    clip_range           | 0.2         |
|    entropy_loss         | -2.93       |
|    explained_variance   | 0.0442      |
|    learning_rate        | 0.0003      |
|    loss                 | -0.0283     |
|    n_updates            | 3930        |
|    policy_gradient_loss | -0.00432    |
|    std                  | 1.05        |
|    value_loss           | 0.00519     |
-----------------------------------------
------------------------------------------
| rollout/                |              |
|    ep_len_mean          | 120          |
|    ep_rew_mean          | -1.2         |
| time/                   |              |
|    fps                  | 121          |
|    iterations           | 238          |
|    time_elapsed         | 499          |
|    total_timesteps      | 101120       |
| train/                  |              |
|    approx_kl            | 0.0054927664 |
|    clip_fraction        | 0.0609       |
|    clip_range           | 0.2          |
|    entropy_loss         | -2.93        |
|    explained_variance   | -0.139       |
|    learning_rate        | 0.0003       |
|    loss                 | -0.0469      |
|    n_updates            | 3940         |
|    policy_gradient_loss | -0.00377     |
|    std                  | 1.05         |
|    value_loss           | 0.00524      |
------------------------------------------
-----------------------------------------
| rollout/                |             |
|    ep_len_mean          | 120         |
|    ep_rew_mean          | -1.21       |
| time/                   |             |
|    fps                  | 121         |
|    iterations           | 239         |
|    time_elapsed         | 501         |
|    total_timesteps      | 101376      |
| train/                  |             |
|    approx_kl            | 0.013689636 |
|    clip_fraction        | 0.132       |
|    clip_range           | 0.2         |
|    entropy_loss         | -2.93       |
|    explained_variance   | 0.0401      |
|    learning_rate        | 0.0003      |
|    loss                 | -0.0498     |
|    n_updates            | 3950        |
|    policy_gradient_loss | -0.0164     |
|    std                  | 1.05        |
|    value_loss           | 0.00545     |
-----------------------------------------
-----------------------------------------
| rollout/                |             |
|    ep_len_mean          | 120         |
|    ep_rew_mean          | -1.21       |
| time/                   |             |
|    fps                  | 121         |
|    iterations           | 240         |
|    time_elapsed         | 503         |
|    total_timesteps      | 101632      |
| train/                  |             |
|    approx_kl            | 0.006280126 |
|    clip_fraction        | 0.0215      |
|    clip_range           | 0.2         |
|    entropy_loss         | -2.93       |
|    explained_variance   | -0.0691     |
|    learning_rate        | 0.0003      |
|    loss                 | -0.0412     |
|    n_updates            | 3960        |
|    policy_gradient_loss | -0.001      |
|    std                  | 1.05        |
|    value_loss           | 0.00482     |
-----------------------------------------
------------------------------------------
| rollout/                |              |
|    ep_len_mean          | 120          |
|    ep_rew_mean          | -1.21        |
| time/                   |              |
|    fps                  | 121          |
|    iterations           | 241          |
|    time_elapsed         | 505          |
|    total_timesteps      | 101888       |
| train/                  |              |
|    approx_kl            | 0.0041964753 |
|    clip_fraction        | 0.0293       |
|    clip_range           | 0.2          |
|    entropy_loss         | -2.92        |
|    explained_variance   | 0.0833       |
|    learning_rate        | 0.0003       |
|    loss                 | -0.0324      |
|    n_updates            | 3970         |
|    policy_gradient_loss | -0.003       |
|    std                  | 1.04         |
|    value_loss           | 0.00372      |
------------------------------------------
------------------------------------------
| rollout/                |              |
|    ep_len_mean          | 120          |
|    ep_rew_mean          | -1.2         |
| time/                   |              |
|    fps                  | 121          |
|    iterations           | 242          |
|    time_elapsed         | 507          |
|    total_timesteps      | 102144       |
| train/                  |              |
|    approx_kl            | 0.0055346964 |
|    clip_fraction        | 0.0402       |
|    clip_range           | 0.2          |
|    entropy_loss         | -2.91        |
|    explained_variance   | 0.0949       |
|    learning_rate        | 0.0003       |
|    loss                 | -0.0463      |
|    n_updates            | 3980         |
|    policy_gradient_loss | -0.00443     |
|    std                  | 1.04         |
|    value_loss           | 0.00387      |
------------------------------------------
------------------------------------------
| rollout/                |              |
|    ep_len_mean          | 120          |
|    ep_rew_mean          | -1.2         |
| time/                   |              |
|    fps                  | 121          |
|    iterations           | 243          |
|    time_elapsed         | 510          |
|    total_timesteps      | 102400       |
| train/                  |              |
|    approx_kl            | 0.0031741536 |
|    clip_fraction        | 0.0117       |
|    clip_range           | 0.2          |
|    entropy_loss         | -2.92        |
|    explained_variance   | 0.0137       |
|    learning_rate        | 0.0003       |
|    loss                 | -0.0187      |
|    n_updates            | 3990         |
|    policy_gradient_loss | -0.00251     |
|    std                  | 1.05         |
|    value_loss           | 0.00424      |
------------------------------------------
------------------------------------------
| rollout/                |              |
|    ep_len_mean          | 120          |
|    ep_rew_mean          | -1.2         |
| time/                   |              |
|    fps                  | 121          |
|    iterations           | 244          |
|    time_elapsed         | 512          |
|    total_timesteps      | 102656       |
| train/                  |              |
|    approx_kl            | 0.0068605007 |
|    clip_fraction        | 0.0797       |
|    clip_range           | 0.2          |
|    entropy_loss         | -2.93        |
|    explained_variance   | 0.0455       |
|    learning_rate        | 0.0003       |
|    loss                 | -0.0466      |
|    n_updates            | 4000         |
|    policy_gradient_loss | -0.00912     |
|    std                  | 1.06         |
|    value_loss           | 0.00373      |
------------------------------------------
------------------------------------------
| rollout/                |              |
|    ep_len_mean          | 120          |
|    ep_rew_mean          | -1.21        |
| time/                   |              |
|    fps                  | 121          |
|    iterations           | 245          |
|    time_elapsed         | 514          |
|    total_timesteps      | 102912       |
| train/                  |              |
|    approx_kl            | 0.0058819493 |
|    clip_fraction        | 0.0816       |
|    clip_range           | 0.2          |
|    entropy_loss         | -2.93        |
|    explained_variance   | -0.0353      |
|    learning_rate        | 0.0003       |
|    loss                 | -0.0494      |
|    n_updates            | 4010         |
|    policy_gradient_loss | -0.00858     |
|    std                  | 1.05         |
|    value_loss           | 0.00567      |
------------------------------------------
-----------------------------------------
| rollout/                |             |
|    ep_len_mean          | 120         |
|    ep_rew_mean          | -1.21       |
| time/                   |             |
|    fps                  | 121         |
|    iterations           | 246         |
|    time_elapsed         | 516         |
|    total_timesteps      | 103168      |
| train/                  |             |
|    approx_kl            | 0.006105544 |
|    clip_fraction        | 0.107       |
|    clip_range           | 0.2         |
|    entropy_loss         | -2.93       |
|    explained_variance   | 0.0234      |
|    learning_rate        | 0.0003      |
|    loss                 | -0.0416     |
|    n_updates            | 4020        |
|    policy_gradient_loss | -0.00758    |
|    std                  | 1.05        |
|    value_loss           | 0.00496     |
-----------------------------------------
------------------------------------------
| rollout/                |              |
|    ep_len_mean          | 120          |
|    ep_rew_mean          | -1.21        |
| time/                   |              |
|    fps                  | 121          |
|    iterations           | 247          |
|    time_elapsed         | 518          |
|    total_timesteps      | 103424       |
| train/                  |              |
|    approx_kl            | 0.0068264864 |
|    clip_fraction        | 0.0609       |
|    clip_range           | 0.2          |
|    entropy_loss         | -2.93        |
|    explained_variance   | -0.0236      |
|    learning_rate        | 0.0003       |
|    loss                 | -0.038       |
|    n_updates            | 4030         |
|    policy_gradient_loss | -0.00719     |
|    std                  | 1.05         |
|    value_loss           | 0.00508      |
------------------------------------------
------------------------------------------
| rollout/                |              |
|    ep_len_mean          | 120          |
|    ep_rew_mean          | -1.21        |
| time/                   |              |
|    fps                  | 121          |
|    iterations           | 248          |
|    time_elapsed         | 520          |
|    total_timesteps      | 103680       |
| train/                  |              |
|    approx_kl            | 0.0039811735 |
|    clip_fraction        | 0.0461       |
|    clip_range           | 0.2          |
|    entropy_loss         | -2.92        |
|    explained_variance   | 0.0167       |
|    learning_rate        | 0.0003       |
|    loss                 | -0.0498      |
|    n_updates            | 4040         |
|    policy_gradient_loss | -0.0062      |
|    std                  | 1.05         |
|    value_loss           | 0.00526      |
------------------------------------------
------------------------------------------
| rollout/                |              |
|    ep_len_mean          | 120          |
|    ep_rew_mean          | -1.2         |
| time/                   |              |
|    fps                  | 121          |
|    iterations           | 249          |
|    time_elapsed         | 522          |
|    total_timesteps      | 103936       |
| train/                  |              |
|    approx_kl            | 0.0050790375 |
|    clip_fraction        | 0.0637       |
|    clip_range           | 0.2          |
|    entropy_loss         | -2.93        |
|    explained_variance   | -0.0143      |
|    learning_rate        | 0.0003       |
|    loss                 | -0.0273      |
|    n_updates            | 4050         |
|    policy_gradient_loss | -0.00497     |
|    std                  | 1.05         |
|    value_loss           | 0.00494      |
------------------------------------------
-----------------------------------------
| rollout/                |             |
|    ep_len_mean          | 120         |
|    ep_rew_mean          | -1.2        |
| time/                   |             |
|    fps                  | 121         |
|    iterations           | 250         |
|    time_elapsed         | 524         |
|    total_timesteps      | 104192      |
| train/                  |             |
|    approx_kl            | 0.006443079 |
|    clip_fraction        | 0.0207      |
|    clip_range           | 0.2         |
|    entropy_loss         | -2.94       |
|    explained_variance   | -0.0877     |
|    learning_rate        | 0.0003      |
|    loss                 | -0.0254     |
|    n_updates            | 4060        |
|    policy_gradient_loss | -0.00166    |
|    std                  | 1.05        |
|    value_loss           | 0.00572     |
-----------------------------------------
-----------------------------------------
| rollout/                |             |
|    ep_len_mean          | 120         |
|    ep_rew_mean          | -1.2        |
| time/                   |             |
|    fps                  | 121         |
|    iterations           | 251         |
|    time_elapsed         | 526         |
|    total_timesteps      | 104448      |
| train/                  |             |
|    approx_kl            | 0.003094391 |
|    clip_fraction        | 0.0305      |
|    clip_range           | 0.2         |
|    entropy_loss         | -2.93       |
|    explained_variance   | 0.178       |
|    learning_rate        | 0.0003      |
|    loss                 | -0.035      |
|    n_updates            | 4070        |
|    policy_gradient_loss | -0.00418    |
|    std                  | 1.05        |
|    value_loss           | 0.00531     |
-----------------------------------------
------------------------------------------
| rollout/                |              |
|    ep_len_mean          | 120          |
|    ep_rew_mean          | -1.2         |
| time/                   |              |
|    fps                  | 122          |
|    iterations           | 252          |
|    time_elapsed         | 528          |
|    total_timesteps      | 104704       |
| train/                  |              |
|    approx_kl            | 0.0060771354 |
|    clip_fraction        | 0.0246       |
|    clip_range           | 0.2          |
|    entropy_loss         | -2.93        |
|    explained_variance   | 0.349        |
|    learning_rate        | 0.0003       |
|    loss                 | -0.0422      |
|    n_updates            | 4080         |
|    policy_gradient_loss | -0.00317     |
|    std                  | 1.05         |
|    value_loss           | 0.00435      |
------------------------------------------
------------------------------------------
| rollout/                |              |
|    ep_len_mean          | 120          |
|    ep_rew_mean          | -1.2         |
| time/                   |              |
|    fps                  | 122          |
|    iterations           | 253          |
|    time_elapsed         | 530          |
|    total_timesteps      | 104960       |
| train/                  |              |
|    approx_kl            | 0.0053581716 |
|    clip_fraction        | 0.057        |
|    clip_range           | 0.2          |
|    entropy_loss         | -2.94        |
|    explained_variance   | -0.243       |
|    learning_rate        | 0.0003       |
|    loss                 | -0.0155      |
|    n_updates            | 4090         |
|    policy_gradient_loss | -0.00553     |
|    std                  | 1.06         |
|    value_loss           | 0.00637      |
------------------------------------------
------------------------------------------
| rollout/                |              |
|    ep_len_mean          | 120          |
|    ep_rew_mean          | -1.2         |
| time/                   |              |
|    fps                  | 122          |
|    iterations           | 254          |
|    time_elapsed         | 532          |
|    total_timesteps      | 105216       |
| train/                  |              |
|    approx_kl            | 0.0058915084 |
|    clip_fraction        | 0.0559       |
|    clip_range           | 0.2          |
|    entropy_loss         | -2.94        |
|    explained_variance   | 0.161        |
|    learning_rate        | 0.0003       |
|    loss                 | -0.021       |
|    n_updates            | 4100         |
|    policy_gradient_loss | -0.00456     |
|    std                  | 1.05         |
|    value_loss           | 0.00403      |
------------------------------------------
------------------------------------------
| rollout/                |              |
|    ep_len_mean          | 120          |
|    ep_rew_mean          | -1.21        |
| time/                   |              |
|    fps                  | 122          |
|    iterations           | 255          |
|    time_elapsed         | 535          |
|    total_timesteps      | 105472       |
| train/                  |              |
|    approx_kl            | 0.0034075896 |
|    clip_fraction        | 0.00273      |
|    clip_range           | 0.2          |
|    entropy_loss         | -2.93        |
|    explained_variance   | 0.043        |
|    learning_rate        | 0.0003       |
|    loss                 | -0.0416      |
|    n_updates            | 4110         |
|    policy_gradient_loss | -0.0017      |
|    std                  | 1.05         |
|    value_loss           | 0.00458      |
------------------------------------------
------------------------------------------
| rollout/                |              |
|    ep_len_mean          | 120          |
|    ep_rew_mean          | -1.2         |
| time/                   |              |
|    fps                  | 121          |
|    iterations           | 256          |
|    time_elapsed         | 537          |
|    total_timesteps      | 105728       |
| train/                  |              |
|    approx_kl            | 0.0028786121 |
|    clip_fraction        | 0.0238       |
|    clip_range           | 0.2          |
|    entropy_loss         | -2.93        |
|    explained_variance   | -0.118       |
|    learning_rate        | 0.0003       |
|    loss                 | -0.0272      |
|    n_updates            | 4120         |
|    policy_gradient_loss | -0.00333     |
|    std                  | 1.05         |
|    value_loss           | 0.00563      |
------------------------------------------
-----------------------------------------
| rollout/                |             |
|    ep_len_mean          | 120         |
|    ep_rew_mean          | -1.2        |
| time/                   |             |
|    fps                  | 121         |
|    iterations           | 257         |
|    time_elapsed         | 539         |
|    total_timesteps      | 105984      |
| train/                  |             |
|    approx_kl            | 0.005376147 |
|    clip_fraction        | 0.052       |
|    clip_range           | 0.2         |
|    entropy_loss         | -2.94       |
|    explained_variance   | -0.0261     |
|    learning_rate        | 0.0003      |
|    loss                 | -0.0159     |
|    n_updates            | 4130        |
|    policy_gradient_loss | -0.00369    |
|    std                  | 1.05        |
|    value_loss           | 0.00604     |
-----------------------------------------
-----------------------------------------
| rollout/                |             |
|    ep_len_mean          | 120         |
|    ep_rew_mean          | -1.21       |
| time/                   |             |
|    fps                  | 122         |
|    iterations           | 258         |
|    time_elapsed         | 541         |
|    total_timesteps      | 106240      |
| train/                  |             |
|    approx_kl            | 0.005451892 |
|    clip_fraction        | 0.0707      |
|    clip_range           | 0.2         |
|    entropy_loss         | -2.94       |
|    explained_variance   | -0.0178     |
|    learning_rate        | 0.0003      |
|    loss                 | -0.0305     |
|    n_updates            | 4140        |
|    policy_gradient_loss | -0.00639    |
|    std                  | 1.05        |
|    value_loss           | 0.00526     |
-----------------------------------------
------------------------------------------
| rollout/                |              |
|    ep_len_mean          | 120          |
|    ep_rew_mean          | -1.2         |
| time/                   |              |
|    fps                  | 122          |
|    iterations           | 259          |
|    time_elapsed         | 543          |
|    total_timesteps      | 106496       |
| train/                  |              |
|    approx_kl            | 0.0042748097 |
|    clip_fraction        | 0.0336       |
|    clip_range           | 0.2          |
|    entropy_loss         | -2.94        |
|    explained_variance   | 0.00289      |
|    learning_rate        | 0.0003       |
|    loss                 | -0.0412      |
|    n_updates            | 4150         |
|    policy_gradient_loss | -0.00305     |
|    std                  | 1.06         |
|    value_loss           | 0.00425      |
------------------------------------------
------------------------------------------
| rollout/                |              |
|    ep_len_mean          | 120          |
|    ep_rew_mean          | -1.2         |
| time/                   |              |
|    fps                  | 122          |
|    iterations           | 260          |
|    time_elapsed         | 545          |
|    total_timesteps      | 106752       |
| train/                  |              |
|    approx_kl            | 0.0064084027 |
|    clip_fraction        | 0.0195       |
|    clip_range           | 0.2          |
|    entropy_loss         | -2.94        |
|    explained_variance   | 0.0397       |
|    learning_rate        | 0.0003       |
|    loss                 | -0.0308      |
|    n_updates            | 4160         |
|    policy_gradient_loss | -0.00145     |
|    std                  | 1.06         |
|    value_loss           | 0.00429      |
------------------------------------------
------------------------------------------
| rollout/                |              |
|    ep_len_mean          | 120          |
|    ep_rew_mean          | -1.2         |
| time/                   |              |
|    fps                  | 122          |
|    iterations           | 261          |
|    time_elapsed         | 547          |
|    total_timesteps      | 107008       |
| train/                  |              |
|    approx_kl            | 0.0114363935 |
|    clip_fraction        | 0.146        |
|    clip_range           | 0.2          |
|    entropy_loss         | -2.94        |
|    explained_variance   | 0.0804       |
|    learning_rate        | 0.0003       |
|    loss                 | -0.0341      |
|    n_updates            | 4170         |
|    policy_gradient_loss | -0.0189      |
|    std                  | 1.06         |
|    value_loss           | 0.00527      |
------------------------------------------
-----------------------------------------
| rollout/                |             |
|    ep_len_mean          | 120         |
|    ep_rew_mean          | -1.19       |
| time/                   |             |
|    fps                  | 122         |
|    iterations           | 262         |
|    time_elapsed         | 549         |
|    total_timesteps      | 107264      |
| train/                  |             |
|    approx_kl            | 0.004246203 |
|    clip_fraction        | 0.0426      |
|    clip_range           | 0.2         |
|    entropy_loss         | -2.94       |
|    explained_variance   | 0.0103      |
|    learning_rate        | 0.0003      |
|    loss                 | -0.0418     |
|    n_updates            | 4180        |
|    policy_gradient_loss | -0.00136    |
|    std                  | 1.06        |
|    value_loss           | 0.0055      |
-----------------------------------------
-----------------------------------------
| rollout/                |             |
|    ep_len_mean          | 120         |
|    ep_rew_mean          | -1.2        |
| time/                   |             |
|    fps                  | 122         |
|    iterations           | 263         |
|    time_elapsed         | 551         |
|    total_timesteps      | 107520      |
| train/                  |             |
|    approx_kl            | 0.007374602 |
|    clip_fraction        | 0.0723      |
|    clip_range           | 0.2         |
|    entropy_loss         | -2.94       |
|    explained_variance   | 0.0309      |
|    learning_rate        | 0.0003      |
|    loss                 | -0.0533     |
|    n_updates            | 4190        |
|    policy_gradient_loss | -0.00813    |
|    std                  | 1.06        |
|    value_loss           | 0.00489     |
-----------------------------------------
------------------------------------------
| rollout/                |              |
|    ep_len_mean          | 120          |
|    ep_rew_mean          | -1.19        |
| time/                   |              |
|    fps                  | 122          |
|    iterations           | 264          |
|    time_elapsed         | 553          |
|    total_timesteps      | 107776       |
| train/                  |              |
|    approx_kl            | 0.0038005358 |
|    clip_fraction        | 0.027        |
|    clip_range           | 0.2          |
|    entropy_loss         | -2.94        |
|    explained_variance   | -0.067       |
|    learning_rate        | 0.0003       |
|    loss                 | -0.0408      |
|    n_updates            | 4200         |
|    policy_gradient_loss | -0.00249     |
|    std                  | 1.05         |
|    value_loss           | 0.00561      |
------------------------------------------
-----------------------------------------
| rollout/                |             |
|    ep_len_mean          | 120         |
|    ep_rew_mean          | -1.19       |
| time/                   |             |
|    fps                  | 122         |
|    iterations           | 265         |
|    time_elapsed         | 555         |
|    total_timesteps      | 108032      |
| train/                  |             |
|    approx_kl            | 0.004217597 |
|    clip_fraction        | 0.0227      |
|    clip_range           | 0.2         |
|    entropy_loss         | -2.93       |
|    explained_variance   | 0.0117      |
|    learning_rate        | 0.0003      |
|    loss                 | -0.0136     |
|    n_updates            | 4210        |
|    policy_gradient_loss | -0.00266    |
|    std                  | 1.05        |
|    value_loss           | 0.00486     |
-----------------------------------------
------------------------------------------
| rollout/                |              |
|    ep_len_mean          | 120          |
|    ep_rew_mean          | -1.19        |
| time/                   |              |
|    fps                  | 122          |
|    iterations           | 266          |
|    time_elapsed         | 558          |
|    total_timesteps      | 108288       |
| train/                  |              |
|    approx_kl            | 0.0059062922 |
|    clip_fraction        | 0.0703       |
|    clip_range           | 0.2          |
|    entropy_loss         | -2.93        |
|    explained_variance   | 0.0197       |
|    learning_rate        | 0.0003       |
|    loss                 | -0.0477      |
|    n_updates            | 4220         |
|    policy_gradient_loss | -0.00293     |
|    std                  | 1.05         |
|    value_loss           | 0.00532      |
------------------------------------------
------------------------------------------
| rollout/                |              |
|    ep_len_mean          | 120          |
|    ep_rew_mean          | -1.19        |
| time/                   |              |
|    fps                  | 122          |
|    iterations           | 267          |
|    time_elapsed         | 560          |
|    total_timesteps      | 108544       |
| train/                  |              |
|    approx_kl            | 0.0049720146 |
|    clip_fraction        | 0.0207       |
|    clip_range           | 0.2          |
|    entropy_loss         | -2.93        |
|    explained_variance   | 0.0759       |
|    learning_rate        | 0.0003       |
|    loss                 | -0.0407      |
|    n_updates            | 4230         |
|    policy_gradient_loss | -0.00149     |
|    std                  | 1.05         |
|    value_loss           | 0.0044       |
------------------------------------------
-----------------------------------------
| rollout/                |             |
|    ep_len_mean          | 120         |
|    ep_rew_mean          | -1.19       |
| time/                   |             |
|    fps                  | 122         |
|    iterations           | 268         |
|    time_elapsed         | 562         |
|    total_timesteps      | 108800      |
| train/                  |             |
|    approx_kl            | 0.008900592 |
|    clip_fraction        | 0.102       |
|    clip_range           | 0.2         |
|    entropy_loss         | -2.93       |
|    explained_variance   | -0.00224    |
|    learning_rate        | 0.0003      |
|    loss                 | -0.0519     |
|    n_updates            | 4240        |
|    policy_gradient_loss | -0.0119     |
|    std                  | 1.05        |
|    value_loss           | 0.00472     |
-----------------------------------------
------------------------------------------
| rollout/                |              |
|    ep_len_mean          | 120          |
|    ep_rew_mean          | -1.19        |
| time/                   |              |
|    fps                  | 122          |
|    iterations           | 269          |
|    time_elapsed         | 564          |
|    total_timesteps      | 109056       |
| train/                  |              |
|    approx_kl            | 0.0039931727 |
|    clip_fraction        | 0.00937      |
|    clip_range           | 0.2          |
|    entropy_loss         | -2.93        |
|    explained_variance   | 0.0439       |
|    learning_rate        | 0.0003       |
|    loss                 | -0.0289      |
|    n_updates            | 4250         |
|    policy_gradient_loss | -0.000524    |
|    std                  | 1.05         |
|    value_loss           | 0.00589      |
------------------------------------------
-----------------------------------------
| rollout/                |             |
|    ep_len_mean          | 120         |
|    ep_rew_mean          | -1.19       |
| time/                   |             |
|    fps                  | 122         |
|    iterations           | 270         |
|    time_elapsed         | 566         |
|    total_timesteps      | 109312      |
| train/                  |             |
|    approx_kl            | 0.006927171 |
|    clip_fraction        | 0.0816      |
|    clip_range           | 0.2         |
|    entropy_loss         | -2.93       |
|    explained_variance   | -0.0102     |
|    learning_rate        | 0.0003      |
|    loss                 | -0.0177     |
|    n_updates            | 4260        |
|    policy_gradient_loss | -0.00527    |
|    std                  | 1.05        |
|    value_loss           | 0.0057      |
-----------------------------------------
------------------------------------------
| rollout/                |              |
|    ep_len_mean          | 120          |
|    ep_rew_mean          | -1.2         |
| time/                   |              |
|    fps                  | 122          |
|    iterations           | 271          |
|    time_elapsed         | 568          |
|    total_timesteps      | 109568       |
| train/                  |              |
|    approx_kl            | 0.0050921394 |
|    clip_fraction        | 0.0141       |
|    clip_range           | 0.2          |
|    entropy_loss         | -2.94        |
|    explained_variance   | 0.0251       |
|    learning_rate        | 0.0003       |
|    loss                 | -0.0277      |
|    n_updates            | 4270         |
|    policy_gradient_loss | -0.00217     |
|    std                  | 1.06         |
|    value_loss           | 0.00536      |
------------------------------------------
------------------------------------------
| rollout/                |              |
|    ep_len_mean          | 120          |
|    ep_rew_mean          | -1.19        |
| time/                   |              |
|    fps                  | 122          |
|    iterations           | 272          |
|    time_elapsed         | 570          |
|    total_timesteps      | 109824       |
| train/                  |              |
|    approx_kl            | 0.0052767494 |
|    clip_fraction        | 0.00859      |
|    clip_range           | 0.2          |
|    entropy_loss         | -2.94        |
|    explained_variance   | 0.0428       |
|    learning_rate        | 0.0003       |
|    loss                 | -0.0192      |
|    n_updates            | 4280         |
|    policy_gradient_loss | -0.00136     |
|    std                  | 1.06         |
|    value_loss           | 0.00532      |
------------------------------------------
------------------------------------------
| rollout/                |              |
|    ep_len_mean          | 120          |
|    ep_rew_mean          | -1.2         |
| time/                   |              |
|    fps                  | 122          |
|    iterations           | 273          |
|    time_elapsed         | 572          |
|    total_timesteps      | 110080       |
| train/                  |              |
|    approx_kl            | 0.0042567514 |
|    clip_fraction        | 0.0414       |
|    clip_range           | 0.2          |
|    entropy_loss         | -2.94        |
|    explained_variance   | -0.112       |
|    learning_rate        | 0.0003       |
|    loss                 | -0.0293      |
|    n_updates            | 4290         |
|    policy_gradient_loss | -0.00355     |
|    std                  | 1.06         |
|    value_loss           | 0.00612      |
------------------------------------------
------------------------------------------
| rollout/                |              |
|    ep_len_mean          | 120          |
|    ep_rew_mean          | -1.19        |
| time/                   |              |
|    fps                  | 122          |
|    iterations           | 274          |
|    time_elapsed         | 574          |
|    total_timesteps      | 110336       |
| train/                  |              |
|    approx_kl            | 0.0029140543 |
|    clip_fraction        | 0.0137       |
|    clip_range           | 0.2          |
|    entropy_loss         | -2.95        |
|    explained_variance   | 0.0272       |
|    learning_rate        | 0.0003       |
|    loss                 | -0.0239      |
|    n_updates            | 4300         |
|    policy_gradient_loss | -0.00145     |
|    std                  | 1.06         |
|    value_loss           | 0.00602      |
------------------------------------------
------------------------------------------
| rollout/                |              |
|    ep_len_mean          | 120          |
|    ep_rew_mean          | -1.19        |
| time/                   |              |
|    fps                  | 122          |
|    iterations           | 275          |
|    time_elapsed         | 576          |
|    total_timesteps      | 110592       |
| train/                  |              |
|    approx_kl            | 0.0073577436 |
|    clip_fraction        | 0.0633       |
|    clip_range           | 0.2          |
|    entropy_loss         | -2.95        |
|    explained_variance   | 0.0512       |
|    learning_rate        | 0.0003       |
|    loss                 | -0.0548      |
|    n_updates            | 4310         |
|    policy_gradient_loss | -0.00664     |
|    std                  | 1.06         |
|    value_loss           | 0.00599      |
------------------------------------------
-----------------------------------------
| rollout/                |             |
|    ep_len_mean          | 120         |
|    ep_rew_mean          | -1.19       |
| time/                   |             |
|    fps                  | 122         |
|    iterations           | 276         |
|    time_elapsed         | 578         |
|    total_timesteps      | 110848      |
| train/                  |             |
|    approx_kl            | 0.008468556 |
|    clip_fraction        | 0.138       |
|    clip_range           | 0.2         |
|    entropy_loss         | -2.96       |
|    explained_variance   | 0.265       |
|    learning_rate        | 0.0003      |
|    loss                 | -0.0451     |
|    n_updates            | 4320        |
|    policy_gradient_loss | -0.0121     |
|    std                  | 1.07        |
|    value_loss           | 0.00459     |
-----------------------------------------
------------------------------------------
| rollout/                |              |
|    ep_len_mean          | 120          |
|    ep_rew_mean          | -1.19        |
| time/                   |              |
|    fps                  | 122          |
|    iterations           | 277          |
|    time_elapsed         | 581          |
|    total_timesteps      | 111104       |
| train/                  |              |
|    approx_kl            | 0.0058632037 |
|    clip_fraction        | 0.052        |
|    clip_range           | 0.2          |
|    entropy_loss         | -2.96        |
|    explained_variance   | 0.145        |
|    learning_rate        | 0.0003       |
|    loss                 | -0.0214      |
|    n_updates            | 4330         |
|    policy_gradient_loss | -0.00524     |
|    std                  | 1.07         |
|    value_loss           | 0.00691      |
------------------------------------------
------------------------------------------
| rollout/                |              |
|    ep_len_mean          | 120          |
|    ep_rew_mean          | -1.18        |
| time/                   |              |
|    fps                  | 122          |
|    iterations           | 278          |
|    time_elapsed         | 583          |
|    total_timesteps      | 111360       |
| train/                  |              |
|    approx_kl            | 0.0043833544 |
|    clip_fraction        | 0.068        |
|    clip_range           | 0.2          |
|    entropy_loss         | -2.96        |
|    explained_variance   | 0.0896       |
|    learning_rate        | 0.0003       |
|    loss                 | -0.0567      |
|    n_updates            | 4340         |
|    policy_gradient_loss | -0.00818     |
|    std                  | 1.07         |
|    value_loss           | 0.00553      |
------------------------------------------
----------------------------------------
| rollout/                |            |
|    ep_len_mean          | 120        |
|    ep_rew_mean          | -1.19      |
| time/                   |            |
|    fps                  | 122        |
|    iterations           | 279        |
|    time_elapsed         | 585        |
|    total_timesteps      | 111616     |
| train/                  |            |
|    approx_kl            | 0.00599979 |
|    clip_fraction        | 0.0711     |
|    clip_range           | 0.2        |
|    entropy_loss         | -2.96      |
|    explained_variance   | -0.192     |
|    learning_rate        | 0.0003     |
|    loss                 | -0.0357    |
|    n_updates            | 4350       |
|    policy_gradient_loss | -0.00393   |
|    std                  | 1.07       |
|    value_loss           | 0.00634    |
----------------------------------------
-----------------------------------------
| rollout/                |             |
|    ep_len_mean          | 119         |
|    ep_rew_mean          | -0.976      |
| time/                   |             |
|    fps                  | 122         |
|    iterations           | 280         |
|    time_elapsed         | 587         |
|    total_timesteps      | 111872      |
| train/                  |             |
|    approx_kl            | 0.010086424 |
|    clip_fraction        | 0.106       |
|    clip_range           | 0.2         |
|    entropy_loss         | -2.96       |
|    explained_variance   | 0.0841      |
|    learning_rate        | 0.0003      |
|    loss                 | -0.0574     |
|    n_updates            | 4360        |
|    policy_gradient_loss | -0.00927    |
|    std                  | 1.07        |
|    value_loss           | 0.00825     |
-----------------------------------------
------------------------------------------
| rollout/                |              |
|    ep_len_mean          | 119          |
|    ep_rew_mean          | -0.973       |
| time/                   |              |
|    fps                  | 122          |
|    iterations           | 281          |
|    time_elapsed         | 589          |
|    total_timesteps      | 112128       |
| train/                  |              |
|    approx_kl            | 0.0048638647 |
|    clip_fraction        | 0.034        |
|    clip_range           | 0.2          |
|    entropy_loss         | -2.95        |
|    explained_variance   | -0.00313     |
|    learning_rate        | 0.0003       |
|    loss                 | -0.0375      |
|    n_updates            | 4370         |
|    policy_gradient_loss | -0.00403     |
|    std                  | 1.06         |
|    value_loss           | 1.73         |
------------------------------------------
------------------------------------------
| rollout/                |              |
|    ep_len_mean          | 119          |
|    ep_rew_mean          | -0.973       |
| time/                   |              |
|    fps                  | 122          |
|    iterations           | 282          |
|    time_elapsed         | 591          |
|    total_timesteps      | 112384       |
| train/                  |              |
|    approx_kl            | 0.0007949928 |
|    clip_fraction        | 0            |
|    clip_range           | 0.2          |
|    entropy_loss         | -2.95        |
|    explained_variance   | 0.0203       |
|    learning_rate        | 0.0003       |
|    loss                 | -0.0212      |
|    n_updates            | 4380         |
|    policy_gradient_loss | -0.000394    |
|    std                  | 1.06         |
|    value_loss           | 0.00612      |
------------------------------------------
-----------------------------------------
| rollout/                |             |
|    ep_len_mean          | 119         |
|    ep_rew_mean          | -0.975      |
| time/                   |             |
|    fps                  | 122         |
|    iterations           | 283         |
|    time_elapsed         | 593         |
|    total_timesteps      | 112640      |
| train/                  |             |
|    approx_kl            | 0.007871599 |
|    clip_fraction        | 0.0566      |
|    clip_range           | 0.2         |
|    entropy_loss         | -2.96       |
|    explained_variance   | 0.156       |
|    learning_rate        | 0.0003      |
|    loss                 | -0.0183     |
|    n_updates            | 4390        |
|    policy_gradient_loss | -0.00382    |
|    std                  | 1.06        |
|    value_loss           | 0.0041      |
-----------------------------------------
-----------------------------------------
| rollout/                |             |
|    ep_len_mean          | 119         |
|    ep_rew_mean          | -0.971      |
| time/                   |             |
|    fps                  | 122         |
|    iterations           | 284         |
|    time_elapsed         | 595         |
|    total_timesteps      | 112896      |
| train/                  |             |
|    approx_kl            | 0.004594572 |
|    clip_fraction        | 0.0184      |
|    clip_range           | 0.2         |
|    entropy_loss         | -2.96       |
|    explained_variance   | 0.165       |
|    learning_rate        | 0.0003      |
|    loss                 | -0.0188     |
|    n_updates            | 4400        |
|    policy_gradient_loss | -0.00172    |
|    std                  | 1.07        |
|    value_loss           | 0.00562     |
-----------------------------------------
-----------------------------------------
| rollout/                |             |
|    ep_len_mean          | 119         |
|    ep_rew_mean          | -0.961      |
| time/                   |             |
|    fps                  | 122         |
|    iterations           | 285         |
|    time_elapsed         | 597         |
|    total_timesteps      | 113152      |
| train/                  |             |
|    approx_kl            | 0.002218938 |
|    clip_fraction        | 0.00117     |
|    clip_range           | 0.2         |
|    entropy_loss         | -2.97       |
|    explained_variance   | 0.295       |
|    learning_rate        | 0.0003      |
|    loss                 | -0.0131     |
|    n_updates            | 4410        |
|    policy_gradient_loss | -3.96e-06   |
|    std                  | 1.07        |
|    value_loss           | 0.0047      |
-----------------------------------------
-----------------------------------------
| rollout/                |             |
|    ep_len_mean          | 119         |
|    ep_rew_mean          | -0.961      |
| time/                   |             |
|    fps                  | 122         |
|    iterations           | 286         |
|    time_elapsed         | 599         |
|    total_timesteps      | 113408      |
| train/                  |             |
|    approx_kl            | 0.005125681 |
|    clip_fraction        | 0.00742     |
|    clip_range           | 0.2         |
|    entropy_loss         | -2.98       |
|    explained_variance   | 0.0476      |
|    learning_rate        | 0.0003      |
|    loss                 | -0.0365     |
|    n_updates            | 4420        |
|    policy_gradient_loss | -0.00142    |
|    std                  | 1.08        |
|    value_loss           | 0.00599     |
-----------------------------------------
-----------------------------------------
| rollout/                |             |
|    ep_len_mean          | 116         |
|    ep_rew_mean          | -0.538      |
| time/                   |             |
|    fps                  | 122         |
|    iterations           | 287         |
|    time_elapsed         | 602         |
|    total_timesteps      | 113664      |
| train/                  |             |
|    approx_kl            | 0.004841734 |
|    clip_fraction        | 0.00352     |
|    clip_range           | 0.2         |
|    entropy_loss         | -2.98       |
|    explained_variance   | 0.284       |
|    learning_rate        | 0.0003      |
|    loss                 | -0.0321     |
|    n_updates            | 4430        |
|    policy_gradient_loss | -0.000832   |
|    std                  | 1.08        |
|    value_loss           | 0.00583     |
-----------------------------------------
-----------------------------------------
| rollout/                |             |
|    ep_len_mean          | 116         |
|    ep_rew_mean          | -0.542      |
| time/                   |             |
|    fps                  | 122         |
|    iterations           | 288         |
|    time_elapsed         | 604         |
|    total_timesteps      | 113920      |
| train/                  |             |
|    approx_kl            | 0.013357043 |
|    clip_fraction        | 0.171       |
|    clip_range           | 0.2         |
|    entropy_loss         | -2.99       |
|    explained_variance   | -0.0035     |
|    learning_rate        | 0.0003      |
|    loss                 | 0.0169      |
|    n_updates            | 4440        |
|    policy_gradient_loss | -0.00821    |
|    std                  | 1.08        |
|    value_loss           | 3.42        |
-----------------------------------------
-----------------------------------------
| rollout/                |             |
|    ep_len_mean          | 116         |
|    ep_rew_mean          | -0.545      |
| time/                   |             |
|    fps                  | 122         |
|    iterations           | 289         |
|    time_elapsed         | 606         |
|    total_timesteps      | 114176      |
| train/                  |             |
|    approx_kl            | 0.007113129 |
|    clip_fraction        | 0.0453      |
|    clip_range           | 0.2         |
|    entropy_loss         | -2.99       |
|    explained_variance   | 0.435       |
|    learning_rate        | 0.0003      |
|    loss                 | -0.0345     |
|    n_updates            | 4450        |
|    policy_gradient_loss | -0.005      |
|    std                  | 1.09        |
|    value_loss           | 0.00603     |
-----------------------------------------
-----------------------------------------
| rollout/                |             |
|    ep_len_mean          | 116         |
|    ep_rew_mean          | -0.541      |
| time/                   |             |
|    fps                  | 121         |
|    iterations           | 290         |
|    time_elapsed         | 608         |
|    total_timesteps      | 114432      |
| train/                  |             |
|    approx_kl            | 0.004268963 |
|    clip_fraction        | 0.0277      |
|    clip_range           | 0.2         |
|    entropy_loss         | -3          |
|    explained_variance   | 0.102       |
|    learning_rate        | 0.0003      |
|    loss                 | -0.0384     |
|    n_updates            | 4460        |
|    policy_gradient_loss | -0.00188    |
|    std                  | 1.09        |
|    value_loss           | 0.00658     |
-----------------------------------------
-----------------------------------------
| rollout/                |             |
|    ep_len_mean          | 116         |
|    ep_rew_mean          | -0.543      |
| time/                   |             |
|    fps                  | 121         |
|    iterations           | 291         |
|    time_elapsed         | 610         |
|    total_timesteps      | 114688      |
| train/                  |             |
|    approx_kl            | 0.005535726 |
|    clip_fraction        | 0.0473      |
|    clip_range           | 0.2         |
|    entropy_loss         | -3          |
|    explained_variance   | 0.249       |
|    learning_rate        | 0.0003      |
|    loss                 | -0.0359     |
|    n_updates            | 4470        |
|    policy_gradient_loss | -0.00399    |
|    std                  | 1.09        |
|    value_loss           | 0.00588     |
-----------------------------------------
------------------------------------------
| rollout/                |              |
|    ep_len_mean          | 116          |
|    ep_rew_mean          | -0.54        |
| time/                   |              |
|    fps                  | 121          |
|    iterations           | 292          |
|    time_elapsed         | 612          |
|    total_timesteps      | 114944       |
| train/                  |              |
|    approx_kl            | 0.0052344296 |
|    clip_fraction        | 0.0379       |
|    clip_range           | 0.2          |
|    entropy_loss         | -3           |
|    explained_variance   | -0.108       |
|    learning_rate        | 0.0003       |
|    loss                 | -0.0289      |
|    n_updates            | 4480         |
|    policy_gradient_loss | -0.0024      |
|    std                  | 1.09         |
|    value_loss           | 0.00519      |
------------------------------------------
